roundID,gameID,trialNum,playerID,text,director_msg
01M0WXAW67AMK0YYEW46DC6EDK,01M0WWQ74H7CSGCPAHPDSCJ0PV,14,01M0WX9MXH1SX7Q50079HW9F7E,Slanted white rectangle inside,TRUE
01M0WY8WTWNDACTY3MZE7T4XYQ,01M0WWQAZTRSENW9JN2FSQ4BA7,4,01M0WY0YPE1FGB7GNWHKCY08ZN,open box with diamond (partly cut off) coming our.,TRUE
01M0WY96A3GPNVM391ND45TTX8,01M0WWQAZPP7VBJF1WXDE2YKFW,7,01M0WXSYNRXCYGT80QAR430CBD,Whole shape is shaped like a tent. One jagged leaning piece on the right side. Three large triangles on the left side pointing left,TRUE
01M0WY96BJWW9VTCGB4KH2R567,01M0WWQAZPP7VBJF1WXDE2YKFW,12,01M0WY2T8PBZPVGKC7BWFHJ59J,"boat on its side on right, open rectangle in middle, 2 points facing left",TRUE
01M0WY8WTPASQX09WQQYSHK2YA,01M0WWQAZTRSENW9JN2FSQ4BA7,5,01M0WY09KXZQGZCXQXZTYFDW8C,seperate v shape at the bottom and a box above with legs coming out diagonally,TRUE
01M0WY4EW99C2WCPS74X0CDWHV,01M0WWQ9XVXJV1JR4118CY5W09,30,01M0WY0ENCGBGZ9MKY7CZKA71D,three shapes,TRUE
01M0WXAW566C7GT40FYFZ5EGM7,01M0WWQ74H7CSGCPAHPDSCJ0PV,37,01M0WX667JRE4461924BYZ6YJ1,black diamond on top,TRUE
01M0WY7GAMKJB55WG6VXTWZ105,01M0WWQ9XW83PGVA4HF3WT9HVR,44,01M0WY0ECEQWZG8FEZD72ENETD,diamond on top,TRUE
01M0WY7GAMKJB55WG6VXTWZ105,01M0WWQ9XW83PGVA4HF3WT9HVR,44,01M0WY0ECEQWZG8FEZD72ENETD,sitting on a total black base with a missing triangle under,TRUE
01M0WY8DBEGJ05JE8HYX7513CK,01M0WWQ9XT2Q7RF2RHNCTTRDNK,31,01M0WY1FH5WQS14DQ3V446M8AM,"triangle with a white triangle inside, the only one",TRUE
01M0WY8WR24CWTY5QYYJ9XKZHY,01M0WWQAZTRSENW9JN2FSQ4BA7,13,01M0WY09KXZQGZCXQXZTYFDW8C,slim neck and head with spikes at the back,TRUE
01M0WY7G7RGN6F6QM7ZGB4V9E7,01M0WWQ9XW83PGVA4HF3WT9HVR,26,01M0WXR5QX7RT0467EJCPJ9Y2Y,were good at this ahha,FALSE
01M0WY7G7RGN6F6QM7ZGB4V9E7,01M0WWQ9XW83PGVA4HF3WT9HVR,26,01M0WY0ECEQWZG8FEZD72ENETD,triangle with an open bottom,TRUE
01M0WY7G7RGN6F6QM7ZGB4V9E7,01M0WWQ9XW83PGVA4HF3WT9HVR,26,01M0WY0ECEQWZG8FEZD72ENETD,detached from the under,TRUE
01M0WY7G7RGN6F6QM7ZGB4V9E7,01M0WWQ9XW83PGVA4HF3WT9HVR,26,01M0WY0ECEQWZG8FEZD72ENETD,stairs to the left,TRUE
01M0WY8WNPQ4GF93XQJMPEHM24,01M0WWQAZTRSENW9JN2FSQ4BA7,35,01M0WY09KXZQGZCXQXZTYFDW8C,"ship shape, small square in the middle",TRUE
01M0WY8WSM8SQWNWYC00A6YT8V,01M0WWQAZTRSENW9JN2FSQ4BA7,7,01M0WY09KXZQGZCXQXZTYFDW8C,it looks like a dragon with a big eye facing right,TRUE
01M0WY967KFFZ44BK4KWFGHFXV,01M0WWQAZPP7VBJF1WXDE2YKFW,1,01M0WXSYNRXCYGT80QAR430CBD,the left side of the shape is a rectangle with sharp points on the top and bottom. The right side is a jagged slanted shape leaning into the first shape,TRUE
01M0WY4ESS8KA8ZFYYJRT5SGTC,01M0WWQ9XVXJV1JR4118CY5W09,8,01M0WY0ENCGBGZ9MKY7CZKA71D,looks a bit like a frog,TRUE
01M0WY4ESS8KA8ZFYYJRT5SGTC,01M0WWQ9XVXJV1JR4118CY5W09,8,01M0WY0ENCGBGZ9MKY7CZKA71D,5 sided shape in centre in white,TRUE
01M0WY8WREG2JRD2A6RTZMM5QW,01M0WWQAZTRSENW9JN2FSQ4BA7,10,01M0WY0YPE1FGB7GNWHKCY08ZN,upward pointing arrow at the top. lots of shapes stacked,TRUE
01M0WY8WRTZQNJ43TR31PZAT9M,01M0WWQAZTRSENW9JN2FSQ4BA7,9,01M0WY09KXZQGZCXQXZTYFDW8C,"shapes stacked on top of each other, a triangle at the top upside down triangle in the middle and bottom",TRUE
01M0WY96AQVVG3BCQPW1PBN2JW,01M0WWQAZPP7VBJF1WXDE2YKFW,20,01M0WY2T8PBZPVGKC7BWFHJ59J,open rectangle in middle,TRUE
01M0WY96AQVVG3BCQPW1PBN2JW,01M0WWQAZPP7VBJF1WXDE2YKFW,20,01M0WY2T8PBZPVGKC7BWFHJ59J,#corners cut away on right,TRUE
01M0WY96AQVVG3BCQPW1PBN2JW,01M0WWQAZPP7VBJF1WXDE2YKFW,20,01M0WXSYNRXCYGT80QAR430CBD,the one that pretty much fills the entire box?,FALSE
01M0WY96AQVVG3BCQPW1PBN2JW,01M0WWQAZPP7VBJF1WXDE2YKFW,20,01M0WY2T8PBZPVGKC7BWFHJ59J,just corners cut away,TRUE
01M0WY96ATB2ZTKVT0STTKFVYN,01M0WWQAZPP7VBJF1WXDE2YKFW,19,01M0WXSYNRXCYGT80QAR430CBD,upright rectangle that fills in the upper right corner. one small triangle pointing right in the bottom left corner.,TRUE
01M0WY4ESMX8T5F6KYZ2RXYX2B,01M0WWQ9XVXJV1JR4118CY5W09,6,01M0WY0ENCGBGZ9MKY7CZKA71D,"small diamond on top, wide base",TRUE
01M0WY8D72DD4F87WE6G0M40KR,01M0WWQ9XT2Q7RF2RHNCTTRDNK,45,01M0WY1FH5WQS14DQ3V446M8AM,triangle with white triangle inside,TRUE
01M0WY8D72DD4F87WE6G0M40KR,01M0WWQ9XT2Q7RF2RHNCTTRDNK,45,01M0WY1FH5WQS14DQ3V446M8AM,and its not diagonal its a diamond,TRUE
01M0WY8WMNKQ71N1JBZQNQ7G2A,01M0WWQAZTRSENW9JN2FSQ4BA7,40,01M0WY0YPE1FGB7GNWHKCY08ZN,"diamond top, rectangle middle",TRUE
01M0WXAWAZSZTCFGJNQP422T1V,01M0WWQ74H7CSGCPAHPDSCJ0PV,34,01M0WX9MXH1SX7Q50079HW9F7E,black diamond on top,TRUE
01M0WY8D4VDKTFJFASBRF3ZN0V,01M0WWQ9XT2Q7RF2RHNCTTRDNK,0,01M0WY1FH5WQS14DQ3V446M8AM,hi,FALSE
01M0WY8D4VDKTFJFASBRF3ZN0V,01M0WWQ9XT2Q7RF2RHNCTTRDNK,0,01M0WY1FH5WQS14DQ3V446M8AM,description?,FALSE
01M0WY7G7GK9TEDRG570PPNP15,01M0WWQ9XW83PGVA4HF3WT9HVR,23,01M0WXR5QX7RT0467EJCPJ9Y2Y,hallelujah hands,TRUE
01M0WY7G7GK9TEDRG570PPNP15,01M0WWQ9XW83PGVA4HF3WT9HVR,23,01M0WXR5QX7RT0467EJCPJ9Y2Y,stairs on bottom left,TRUE
01M0WY7G7GK9TEDRG570PPNP15,01M0WWQ9XW83PGVA4HF3WT9HVR,23,01M0WXR5QX7RT0467EJCPJ9Y2Y,boot bottom right,TRUE
01M0WY7G7GK9TEDRG570PPNP15,01M0WWQ9XW83PGVA4HF3WT9HVR,23,01M0WY0ECEQWZG8FEZD72ENETD,i love halleluyah hands lol,FALSE
01M0WY8D5PVFY1XD0GEJTFAJNT,01M0WWQ9XT2Q7RF2RHNCTTRDNK,35,01M0WY1FH5WQS14DQ3V446M8AM,white rectangle in the middle the only one,TRUE
01M0WY7G7KMZ1KFB3YZ13M3CHR,01M0WWQ9XW83PGVA4HF3WT9HVR,24,01M0WY0ECEQWZG8FEZD72ENETD,hat at the top,TRUE
01M0WY7G7KMZ1KFB3YZ13M3CHR,01M0WWQ9XW83PGVA4HF3WT9HVR,24,01M0WY0ECEQWZG8FEZD72ENETD,irregular figure in the middle white,TRUE
01M0WY7G7KMZ1KFB3YZ13M3CHR,01M0WWQ9XW83PGVA4HF3WT9HVR,24,01M0WY0ECEQWZG8FEZD72ENETD,sitting on a base with a missing triangle under,TRUE
01M0WY8D6MHAGF2EWM4MPRCFFS,01M0WWQ9XT2Q7RF2RHNCTTRDNK,40,01M0WY1V9QET0HYE5N0547967Y,little diagonal on hat,TRUE
01M0WY8WN35NN5290KDEZRC1PH,01M0WWQAZTRSENW9JN2FSQ4BA7,42,01M0WY0YPE1FGB7GNWHKCY08ZN,separate v at bottom,TRUE
01M0WY8WKQ5D7DN3FS1NPXR1ZG,01M0WWQAZTRSENW9JN2FSQ4BA7,19,01M0WY09KXZQGZCXQXZTYFDW8C,"chair with no legs, diamond at top and bottom",TRUE
01M0WY8WKTGB2T9BKGDPHG99HV,01M0WWQAZTRSENW9JN2FSQ4BA7,18,01M0WY0YPE1FGB7GNWHKCY08ZN,"stacked shapes - diamond on top, stop sign on the bottom",TRUE
01M0WY8WKTGB2T9BKGDPHG99HV,01M0WWQAZTRSENW9JN2FSQ4BA7,18,01M0WY0YPE1FGB7GNWHKCY08ZN,house in the middle,TRUE
01M0WXAW6CFMQ9G8V1TVNWMDSS,01M0WWQ74H7CSGCPAHPDSCJ0PV,12,01M0WX9MXH1SX7Q50079HW9F7E,The one with the legs facing towards the left,TRUE
01M0WY4ETEHHGKAXQ7QNKFC2DX,01M0WWQ9XVXJV1JR4118CY5W09,17,01M0WY0C090AZDG2K9X542KKDB,arrows above and below,TRUE
01M0WY96A9T7MD3P4WMT32ESKR,01M0WWQAZPP7VBJF1WXDE2YKFW,28,01M0WY2T8PBZPVGKC7BWFHJ59J,"boat on side, tree on its side, has an added brnch",TRUE
01M0WY96A9T7MD3P4WMT32ESKR,01M0WWQAZPP7VBJF1WXDE2YKFW,28,01M0WY2T8PBZPVGKC7BWFHJ59J,branch,TRUE
01M0WY96BC8A5X61KD8D9YXV86,01M0WWQAZPP7VBJF1WXDE2YKFW,13,01M0WXSYNRXCYGT80QAR430CBD,"one small triangle pointing to the right in the bottom left corner. Large rectangle with five visible sides, somewhat rounded on the right side.",TRUE
01M0WY8WR6J2H8B1N0P540ETRW,01M0WWQAZTRSENW9JN2FSQ4BA7,12,01M0WY0YPE1FGB7GNWHKCY08ZN,upwards pointing arrow at the top. diamond on the bottom,TRUE
01M0WY96A60KHB7VHW8ATRJMT6,01M0WWQAZPP7VBJF1WXDE2YKFW,29,01M0WXSYNRXCYGT80QAR430CBD,"large triangles pointing to the left. large solid, somewhat rounded shape on the right. NO boat.",TRUE
01M0WY96AMQ18K18ENJFV98XEW,01M0WWQAZPP7VBJF1WXDE2YKFW,21,01M0WXSYNRXCYGT80QAR430CBD,very jagged shape with one small triangle in the bottom left corner pointing right. The right shape is more squat. Not the tall one that goes from top to bottom of the box,TRUE
01M0WXAW6HBME2NMSG8ZSQ59CD,01M0WWQ74H7CSGCPAHPDSCJ0PV,6,01M0WX9MXH1SX7Q50079HW9F7E,At the bottom is what looks like a pair of legs facing left and on the top is a black diamond on its side,TRUE
01M0WY4EZ73EKYV5B8GXKY83R9,01M0WWQ9XVXJV1JR4118CY5W09,36,01M0WY0ENCGBGZ9MKY7CZKA71D,walking house,TRUE
01M0WY96ABBVKA646PMAYSBYW7,01M0WWQAZPP7VBJF1WXDE2YKFW,27,01M0WXSYNRXCYGT80QAR430CBD,multiple big triangles pointing to the left. boat leaning against it.,TRUE
01M0WY4F2CJVCKB4D7DEPC8XQM,01M0WWQ9XVXJV1JR4118CY5W09,45,01M0WY0C090AZDG2K9X542KKDB,spiky above space below,TRUE
01M0WXAW4Y49Y4HWK8ED0F12GC,01M0WWQ74H7CSGCPAHPDSCJ0PV,47,01M0WX667JRE4461924BYZ6YJ1,black diamond on top ... bye bro,TRUE
01M0WXAWB0BFNFZQZ26HYHDMBZ,01M0WWQ74H7CSGCPAHPDSCJ0PV,32,01M0WX9MXH1SX7Q50079HW9F7E,white triangle bottom,TRUE
01M0WXEB7H3CHXHKXA327EDM5J,01M0WWQ74M3NWYAJGQB0ESKAD2,7,01M0WWZBDJ6CA985ZGF4JYT3P6,Looks like a house with a triangle cut out the bottom of the shape,TRUE
01M0WXEB7H3CHXHKXA327EDM5J,01M0WWQ74M3NWYAJGQB0ESKAD2,7,01M0WWZBDJ6CA985ZGF4JYT3P6,hellooo,TRUE
01M0WY4ETJBKBM82P7HVNGHZE8,01M0WWQ9XVXJV1JR4118CY5W09,19,01M0WY0C090AZDG2K9X542KKDB,"arrow at the top, diamond beneath",TRUE
01M0WY4EV2BACJXYYT96EREWCA,01M0WWQ9XVXJV1JR4118CY5W09,26,01M0WY0ENCGBGZ9MKY7CZKA71D,small diamond at top wide base,TRUE
01M0WY96DXFG9608A53RPMX9SY,01M0WWQAZPP7VBJF1WXDE2YKFW,2,01M0WY2T8PBZPVGKC7BWFHJ59J,"a small trisngle bottom left, r=facing right. a5 sided rectangle on the right",TRUE
01M0WXAW6PTDV3M2086CCVR1DF,01M0WWQ74H7CSGCPAHPDSCJ0PV,19,01M0WX667JRE4461924BYZ6YJ1,legs facing left,TRUE
01M0WXGEFHS4NT121Q528VFY0T,01M0WWQ74ND1AHANTF309RNWJE,2,01M0WX0T78NE9YVPZSCJ5NTGX1,looks like creature 2,TRUE
01M0WXGEFHS4NT121Q528VFY0T,01M0WWQ74ND1AHANTF309RNWJE,2,01M0WX0T78NE9YVPZSCJ5NTGX1,legs,TRUE
01M0WY4ES7PX92A9597NZ7M58E,01M0WWQ9XVXJV1JR4118CY5W09,0,01M0WY0ENCGBGZ9MKY7CZKA71D,boat shape,TRUE
01M0WY8D87GKWVD0AFTQPK9B09,01M0WWQ9XT2Q7RF2RHNCTTRDNK,13,01M0WY1FH5WQS14DQ3V446M8AM,looks like a bullhorn with two wide legs at the bottom.,TRUE
01M0WY8D87GKWVD0AFTQPK9B09,01M0WWQ9XT2Q7RF2RHNCTTRDNK,13,01M0WY1V9QET0HYE5N0547967Y,you need read well pls,FALSE
01M0WY8D5KT14ENG7SJSK52P4K,01M0WWQ9XT2Q7RF2RHNCTTRDNK,1,01M0WY1FH5WQS14DQ3V446M8AM,looks like two legs with bull horns on top,TRUE
01M0WY96FK30TS85BWR7ZVG5E9,01M0WWQAZPP7VBJF1WXDE2YKFW,36,01M0WY2T8PBZPVGKC7BWFHJ59J,tree on its side,TRUE
01M0WY96FK30TS85BWR7ZVG5E9,01M0WWQAZPP7VBJF1WXDE2YKFW,36,01M0WY2T8PBZPVGKC7BWFHJ59J,pointing facing central,TRUE
01M0WXAW6JASYZN5773BMW2RT0,01M0WWQ74H7CSGCPAHPDSCJ0PV,4,01M0WX9MXH1SX7Q50079HW9F7E,There is a white triangle at the bottom and a black Diamond on its side at the top,TRUE
01M0WY4F1Z2P22052AFSXPAPVE,01M0WWQ9XVXJV1JR4118CY5W09,44,01M0WY0ENCGBGZ9MKY7CZKA71D,P with chimney,TRUE
01M0WY8WP8X35ATRH4ERPHZP37,01M0WWQAZTRSENW9JN2FSQ4BA7,32,01M0WY0YPE1FGB7GNWHKCY08ZN,stop sign bottom,TRUE
01M0WY8WSXSNF5FRNC4KEW1T4G,01M0WWQAZTRSENW9JN2FSQ4BA7,6,01M0WY0YPE1FGB7GNWHKCY08ZN,"small diamond on the top, wide rectangle in the middle (not the stop sign one)",TRUE
01M0WYEEV0DQVNVEF77K0V0M67,01M0WWQAZRRWZPK3N7VE24RFV2,0,01M0WYD27PCMGYRRX23HHYX14S,Sunglasses on its side with a hat.,TRUE
01M0WXAWAXBFKD0KXHS3Z0DKRM,01M0WWQ74H7CSGCPAHPDSCJ0PV,36,01M0WX9MXH1SX7Q50079HW9F7E,black pointy triangle on top with white bit underneath,TRUE
01M0WY7G4XNVATRXACH49P4VM2,01M0WWQ9XW83PGVA4HF3WT9HVR,0,01M0WXR5QX7RT0467EJCPJ9Y2Y,quick!,FALSE
01M0WY8WVSNJN2FR44XPSXYA80,01M0WWQAZTRSENW9JN2FSQ4BA7,1,01M0WY09KXZQGZCXQXZTYFDW8C,it looks like a house and its pointing to the left,TRUE
01M0WY96B3MFS9AT30KA8XQQ97,01M0WWQAZPP7VBJF1WXDE2YKFW,16,01M0WY2T8PBZPVGKC7BWFHJ59J,open rectangle in middle,TRUE
01M0WY96B3MFS9AT30KA8XQQ97,01M0WWQAZPP7VBJF1WXDE2YKFW,16,01M0WXSYNRXCYGT80QAR430CBD,boat on the right?,FALSE
01M0WY96B3MFS9AT30KA8XQQ97,01M0WWQAZPP7VBJF1WXDE2YKFW,16,01M0WY2T8PBZPVGKC7BWFHJ59J,right is a rectangle with corners cut away,TRUE
01M0WY96B3MFS9AT30KA8XQQ97,01M0WWQAZPP7VBJF1WXDE2YKFW,16,01M0WY2T8PBZPVGKC7BWFHJ59J,no boat,TRUE
01M0WXAW6MCBTQKKX5115PB283,01M0WWQ74H7CSGCPAHPDSCJ0PV,45,01M0WX667JRE4461924BYZ6YJ1,slanted white rectangle,TRUE
01M0WY4ESGQWQASYKCRNDT39H1,01M0WWQ9XVXJV1JR4118CY5W09,5,01M0WY0C090AZDG2K9X542KKDB,has like 2 horns,TRUE
01M0WY8D75MBZ2RD4XN9AGWAFJ,01M0WWQ9XT2Q7RF2RHNCTTRDNK,46,01M0WY1V9QET0HYE5N0547967Y,got a little diagonal on top,TRUE
01M0WXAW6JASYZN57723MQ4H3T,01M0WWQ74H7CSGCPAHPDSCJ0PV,26,01M0WX9MXH1SX7Q50079HW9F7E,legs facing left,TRUE
01M0WXAW4BB3B1AF8G7BC14NZD,01M0WWQ74H7CSGCPAHPDSCJ0PV,3,01M0WX9MXH1SX7Q50079HW9F7E,...,FALSE
01M0WXAW4BB3B1AF8G7BC14NZD,01M0WWQ74H7CSGCPAHPDSCJ0PV,3,01M0WX667JRE4461924BYZ6YJ1,at the bottom towards the right a space that looks like a triangle the bottom has like a rectangle yg,TRUE
01M0WXAW6NBMJ6BCMNQQ7HDMN9,01M0WWQ74H7CSGCPAHPDSCJ0PV,44,01M0WX9MXH1SX7Q50079HW9F7E,slanted white rectangle,TRUE
01M0WY7G4VMKY0JE3F94J4DGNW,01M0WWQ9XW83PGVA4HF3WT9HVR,47,01M0WXR5QX7RT0467EJCPJ9Y2Y,house with irregular white shape in,TRUE
01M0WY7G4VMKY0JE3F94J4DGNW,01M0WWQ9XW83PGVA4HF3WT9HVR,47,01M0WXR5QX7RT0467EJCPJ9Y2Y,on aledge,TRUE
01M0WY7G4VMKY0JE3F94J4DGNW,01M0WWQ9XW83PGVA4HF3WT9HVR,47,01M0WXR5QX7RT0467EJCPJ9Y2Y,with triangle facing left,TRUE
01M0WY7G7BZM645E8EPSE6F7VP,01M0WWQ9XW83PGVA4HF3WT9HVR,21,01M0WXR5QX7RT0467EJCPJ9Y2Y,diamond at the top,TRUE
01M0WY7G7BZM645E8EPSE6F7VP,01M0WWQ9XW83PGVA4HF3WT9HVR,21,01M0WXR5QX7RT0467EJCPJ9Y2Y,on top of a rectangle,TRUE
01M0WY7G7BZM645E8EPSE6F7VP,01M0WWQ9XW83PGVA4HF3WT9HVR,21,01M0WXR5QX7RT0467EJCPJ9Y2Y,on top of a house,TRUE
01M0WY7G7BZM645E8EPSE6F7VP,01M0WWQ9XW83PGVA4HF3WT9HVR,21,01M0WXR5QX7RT0467EJCPJ9Y2Y,no white inside the shape at all,TRUE
01M0WY8D68985QGBVHMW9C9612,01M0WWQ9XT2Q7RF2RHNCTTRDNK,37,01M0WY1FH5WQS14DQ3V446M8AM,house with an white triangle in middle the only one,TRUE
01M0WY4EYP0CXAH53AJ5SQAZYN,01M0WWQ9XVXJV1JR4118CY5W09,32,01M0WY0ENCGBGZ9MKY7CZKA71D,house frog thing,TRUE
01M0WY7G81P2MZ5KNYYR1R91G6,01M0WWQ9XW83PGVA4HF3WT9HVR,29,01M0WXR5QX7RT0467EJCPJ9Y2Y,diamond on top,TRUE
01M0WY7G81P2MZ5KNYYR1R91G6,01M0WWQ9XW83PGVA4HF3WT9HVR,29,01M0WXR5QX7RT0467EJCPJ9Y2Y,on a rectangle,TRUE
01M0WY7G81P2MZ5KNYYR1R91G6,01M0WWQ9XW83PGVA4HF3WT9HVR,29,01M0WXR5QX7RT0467EJCPJ9Y2Y,left has a point outwards,TRUE
01M0WY7G81P2MZ5KNYYR1R91G6,01M0WWQ9XW83PGVA4HF3WT9HVR,29,01M0WXR5QX7RT0467EJCPJ9Y2Y,white traingle inside base,TRUE
01M0WY7G81P2MZ5KNYYR1R91G6,01M0WWQ9XW83PGVA4HF3WT9HVR,29,01M0WXR5QX7RT0467EJCPJ9Y2Y,mainly dark image,TRUE
01M0WY7G9BC1DGBX7QZ76Z2FJD,01M0WWQ9XW83PGVA4HF3WT9HVR,37,01M0WXR5QX7RT0467EJCPJ9Y2Y,house with irreuglar shape,TRUE
01M0WY7G9BC1DGBX7QZ76Z2FJD,01M0WWQ9XW83PGVA4HF3WT9HVR,37,01M0WXR5QX7RT0467EJCPJ9Y2Y,underneath looks like a box,TRUE
01M0WY7G9BC1DGBX7QZ76Z2FJD,01M0WWQ9XW83PGVA4HF3WT9HVR,37,01M0WXR5QX7RT0467EJCPJ9Y2Y,completely black,TRUE
01M0WY8D6DKRASH2HYKQCNMVBH,01M0WWQ9XT2Q7RF2RHNCTTRDNK,33,01M0WY1FH5WQS14DQ3V446M8AM,white rectangle in the middle the onl one,TRUE
01M0WY8D7C4RHGYE0WT3A27X8X,01M0WWQ9XT2Q7RF2RHNCTTRDNK,8,01M0WY1FH5WQS14DQ3V446M8AM,?,FALSE
01M0WY8D7C4RHGYE0WT3A27X8X,01M0WWQ9XT2Q7RF2RHNCTTRDNK,8,01M0WY1V9QET0HYE5N0547967Y,has  awhite rectangle in the middle,TRUE
01M0WY96GCNYGCXZKBBNFTHQY1,01M0WWQAZPP7VBJF1WXDE2YKFW,47,01M0WXSYNRXCYGT80QAR430CBD,tree laying on its side. boat. (also great work! we did amazing),TRUE
01M0WY8DB8HVD0Z4J5R97AGQ1F,01M0WWQ9XT2Q7RF2RHNCTTRDNK,29,01M0WY1FH5WQS14DQ3V446M8AM,bull horns with a black triangle and diamond at left hand side,TRUE
01M0WY8DB8HVD0Z4J5R97AGQ1F,01M0WWQ9XT2Q7RF2RHNCTTRDNK,29,01M0WY1FH5WQS14DQ3V446M8AM,bottom,TRUE
01M0WY9688S44V0CKEM1E0Z0CG,01M0WWQAZPP7VBJF1WXDE2YKFW,25,01M0WXSYNRXCYGT80QAR430CBD,very jagged shape. one triangle in bottom left. NOT the one the fills in the top right corner.,TRUE
01M0WXAW6PTDV3M2088Z1XCY5N,01M0WWQ74H7CSGCPAHPDSCJ0PV,43,01M0WX667JRE4461924BYZ6YJ1,legs,TRUE
01M0WXAW6YYZQTD5X1XXN5NZ4K,01M0WWQ74H7CSGCPAHPDSCJ0PV,2,01M0WX9MXH1SX7Q50079HW9F7E,"On the bottom it looks like two legs facing left,",TRUE
01M0WXGEBVBSBERJS28AMCMGWM,01M0WWQ74ND1AHANTF309RNWJE,9,01M0WWVKKHKMSSWB9WS1N6GRNZ,"little white roof at bottom, white trianlge at the top as well",TRUE
01M0WY4EZ6R5AE8C9WPZ8V45HB,01M0WWQ9XVXJV1JR4118CY5W09,35,01M0WY0C090AZDG2K9X542KKDB,"white center, chimney above",TRUE
01M0WY7GA4FPC9GGZ9HZ3TZ5ZS,01M0WWQ9XW83PGVA4HF3WT9HVR,41,01M0WXR5QX7RT0467EJCPJ9Y2Y,traingle with a house in it,TRUE
01M0WY7GA4FPC9GGZ9HZ3TZ5ZS,01M0WWQ9XW83PGVA4HF3WT9HVR,41,01M0WXR5QX7RT0467EJCPJ9Y2Y,but a triangle pointing upwards,TRUE
01M0WY7GA4FPC9GGZ9HZ3TZ5ZS,01M0WWQ9XW83PGVA4HF3WT9HVR,41,01M0WXR5QX7RT0467EJCPJ9Y2Y,with stairs,TRUE
01M0WY7GA4FPC9GGZ9HZ3TZ5ZS,01M0WWQ9XW83PGVA4HF3WT9HVR,41,01M0WXR5QX7RT0467EJCPJ9Y2Y,n boot,TRUE
01M0WY7GA4FPC9GGZ9HZ3TZ5ZS,01M0WWQ9XW83PGVA4HF3WT9HVR,41,01M0WXR5QX7RT0467EJCPJ9Y2Y,quite open,TRUE
01M0WY7GA4FPC9GGZ9HZ3TZ5ZS,01M0WWQ9XW83PGVA4HF3WT9HVR,41,01M0WXR5QX7RT0467EJCPJ9Y2Y,lot of white,TRUE
01M0WXAW4TBKW0X3CPSVPSAWN1,01M0WWQ74H7CSGCPAHPDSCJ0PV,22,01M0WX9MXH1SX7Q50079HW9F7E,Black triangle and diamond at the bottom,TRUE
01M0WY4EZ5DRTYJZN8QAH74C6E,01M0WWQ9XVXJV1JR4118CY5W09,33,01M0WY0C090AZDG2K9X542KKDB,like a house white center,TRUE
01M0WY7G70RJ6BEM6PJX0VQ12E,01M0WWQ9XW83PGVA4HF3WT9HVR,17,01M0WXR5QX7RT0467EJCPJ9Y2Y,traingle with a shape that looks like a house inside of it,TRUE
01M0WY7G70RJ6BEM6PJX0VQ12E,01M0WWQ9XW83PGVA4HF3WT9HVR,17,01M0WXR5QX7RT0467EJCPJ9Y2Y,bottom has traingle facing left,TRUE
01M0WY7G70RJ6BEM6PJX0VQ12E,01M0WWQ9XW83PGVA4HF3WT9HVR,17,01M0WXR5QX7RT0467EJCPJ9Y2Y,and diamond attached,TRUE
01M0WY7G8DGN0TZWCM79P6TSFG,01M0WWQ9XW83PGVA4HF3WT9HVR,33,01M0WXR5QX7RT0467EJCPJ9Y2Y,hallelujah hands,TRUE
01M0WY7G8DGN0TZWCM79P6TSFG,01M0WWQ9XW83PGVA4HF3WT9HVR,33,01M0WXR5QX7RT0467EJCPJ9Y2Y,with stairs,TRUE
01M0WY7G8DGN0TZWCM79P6TSFG,01M0WWQ9XW83PGVA4HF3WT9HVR,33,01M0WXR5QX7RT0467EJCPJ9Y2Y,n boot,TRUE
01M0WY8D5H19JVCFN9TJ651611,01M0WWQ9XT2Q7RF2RHNCTTRDNK,32,01M0WY1V9QET0HYE5N0547967Y,the only one that has got white diagonal inside,TRUE
01M0WY8DAJMQJXVH4308ZTFPQB,01M0WWQ9XT2Q7RF2RHNCTTRDNK,24,01M0WY1V9QET0HYE5N0547967Y,a small diagonal on top of a hat,TRUE
01M0WY8WM14112NAT8NTJNDQ6G,01M0WWQAZTRSENW9JN2FSQ4BA7,23,01M0WY09KXZQGZCXQXZTYFDW8C,a separate v shape at the bottom and above a square with lines diagonally,TRUE
01M0WY968QT4TMW1TREP95C7BN,01M0WWQAZPP7VBJF1WXDE2YKFW,44,01M0WY2T8PBZPVGKC7BWFHJ59J,small triang;e on left,TRUE
01M0WY968QT4TMW1TREP95C7BN,01M0WWQAZPP7VBJF1WXDE2YKFW,44,01M0WY2T8PBZPVGKC7BWFHJ59J,arrow pointing top right,TRUE
01M0WXAW6DN75RG9NG85N56X3P,01M0WWQ74H7CSGCPAHPDSCJ0PV,30,01M0WX9MXH1SX7Q50079HW9F7E,Black triangle and diamond at the bottom,TRUE
01M0WY8WK6JZEK5ZFGZ5FY3RA6,01M0WWQAZTRSENW9JN2FSQ4BA7,26,01M0WY0YPE1FGB7GNWHKCY08ZN,"skinny neck, spikes on side of head",TRUE
01M0WY8WKWTYA67J66DD7SXRRT,01M0WWQAZTRSENW9JN2FSQ4BA7,17,01M0WY09KXZQGZCXQXZTYFDW8C,it looks like a ship with a small square on top,TRUE
01M0WY9680ZJQ90EFBQKN4G7W8,01M0WWQAZPP7VBJF1WXDE2YKFW,32,01M0WY2T8PBZPVGKC7BWFHJ59J,tree on its side,TRUE
01M0WY9680ZJQ90EFBQKN4G7W8,01M0WWQAZPP7VBJF1WXDE2YKFW,32,01M0WY2T8PBZPVGKC7BWFHJ59J,no boat,TRUE
01M0WXAW6K6PD99RSMBBF8RKQJ,01M0WWQ74H7CSGCPAHPDSCJ0PV,24,01M0WX9MXH1SX7Q50079HW9F7E,Black triangle and diamond at the bottom,TRUE
01M0WY4ETPFD8J4A8P750KZVTQ,01M0WWQ9XVXJV1JR4118CY5W09,20,01M0WY0ENCGBGZ9MKY7CZKA71D,diamond at top,TRUE
01M0WY8D8AH379GKWXX8X3CQDX,01M0WWQ9XT2Q7RF2RHNCTTRDNK,15,01M0WY1FH5WQS14DQ3V446M8AM,looks like a house with a black diamond on top,TRUE
01M0WY8D8B0J03X5MBCZMVMAG1,01M0WWQ9XT2Q7RF2RHNCTTRDNK,16,01M0WY1FH5WQS14DQ3V446M8AM,"your description are bad, not clear",FALSE
01M0WY8D8B0J03X5MBCZMVMAG1,01M0WWQ9XT2Q7RF2RHNCTTRDNK,16,01M0WY1V9QET0HYE5N0547967Y,got bull horn legs,TRUE
01M0WY8D8B0J03X5MBCZMVMAG1,01M0WWQ9XT2Q7RF2RHNCTTRDNK,16,01M0WY1FH5WQS14DQ3V446M8AM,write like me,FALSE
01M0WY96EMB252B3TTX6S57116,01M0WWQAZPP7VBJF1WXDE2YKFW,40,01M0WY2T8PBZPVGKC7BWFHJ59J,"boat on side, rectangle empty in middle",TRUE
01M0WXAW6MCBTQKKX4ZYX2R8K5,01M0WWQ74H7CSGCPAHPDSCJ0PV,21,01M0WX667JRE4461924BYZ6YJ1,black trinagle and diamond at the bottom,TRUE
01M0WXGEFK5YNZB7CGP5X48KHH,01M0WWQ74ND1AHANTF309RNWJE,1,01M0WWVKKHKMSSWB9WS1N6GRNZ,"Tower with white rectangle in the middle, 4 think spikes",TRUE
01M0WXGEFK5YNZB7CGP5X48KHH,01M0WWQ74ND1AHANTF309RNWJE,1,01M0WWVKKHKMSSWB9WS1N6GRNZ,thin,TRUE
01M0WY4ETWYENNFCR5XNMMRH7C,01M0WWQ9XVXJV1JR4118CY5W09,23,01M0WY0C090AZDG2K9X542KKDB,"white center, chimney above",TRUE
01M0WXAW4SBEDQEAEQAVM9PYEG,01M0WWQ74H7CSGCPAHPDSCJ0PV,23,01M0WX667JRE4461924BYZ6YJ1,legs facing left,TRUE
01M0WY4EZ80NY4XRCDT9Z9RDKV,01M0WWQ9XVXJV1JR4118CY5W09,37,01M0WY0C090AZDG2K9X542KKDB,like a boat or ship,TRUE
01M0WY968D2ZQRADCEPA37XRWD,01M0WWQAZPP7VBJF1WXDE2YKFW,45,01M0WXSYNRXCYGT80QAR430CBD,large triangles pointing to the left. arrow pointing to the top right corner.,TRUE
01M0WY4ESEDH7AFA6WZBYEBR58,01M0WWQ9XVXJV1JR4118CY5W09,4,01M0WY0ENCGBGZ9MKY7CZKA71D,noooo!,TRUE
01M0WY4ESEDH7AFA6WZBYEBR58,01M0WWQ9XVXJV1JR4118CY5W09,4,01M0WY0ENCGBGZ9MKY7CZKA71D,very spiky left side and top,TRUE
01M0WY4ESEDH7AFA6WZBYEBR58,01M0WWQ9XVXJV1JR4118CY5W09,4,01M0WY0ENCGBGZ9MKY7CZKA71D,no right side,TRUE
01M0WY4ESX3DVWYFYK6JHG1641,01M0WWQ9XVXJV1JR4118CY5W09,11,01M0WY0C090AZDG2K9X542KKDB,looks like a house,TRUE
01M0WY7G8ZDRHE68A7K27446RJ,01M0WWQ9XW83PGVA4HF3WT9HVR,36,01M0WY0ECEQWZG8FEZD72ENETD,house with irregular shapr inside,TRUE
01M0WY7G8ZDRHE68A7K27446RJ,01M0WWQ9XW83PGVA4HF3WT9HVR,36,01M0WY0ECEQWZG8FEZD72ENETD,missing triangle underneath,TRUE
01M0WXAW69HH2S9GRE62WAVKSW,01M0WWQ74H7CSGCPAHPDSCJ0PV,13,01M0WX667JRE4461924BYZ6YJ1,a black diamond at the verytop,TRUE
01M0WY4EZBF0X5NY62AAMPKJ2R,01M0WWQ9XVXJV1JR4118CY5W09,39,01M0WY0C090AZDG2K9X542KKDB,a crown at the top,TRUE
01M0WY8D789NK5J4X0VK3FQB46,01M0WWQ9XT2Q7RF2RHNCTTRDNK,7,01M0WY1FH5WQS14DQ3V446M8AM,has a white rectangle in the middle,TRUE
01M0WY96AHJMZZDGHS4CMS44NY,01M0WWQAZPP7VBJF1WXDE2YKFW,22,01M0WY2T8PBZPVGKC7BWFHJ59J,boat on its side,TRUE
01M0WY96AHJMZZDGHS4CMS44NY,01M0WWQAZPP7VBJF1WXDE2YKFW,22,01M0WY2T8PBZPVGKC7BWFHJ59J,up against a tree on its side,TRUE
01M0WY8D889CQGZGH8H6VD0EH7,01M0WWQ9XT2Q7RF2RHNCTTRDNK,14,01M0WY1V9QET0HYE5N0547967Y,two legs with bull horn,TRUE
01M0WY8WPVNJX6YDZ6HGBQ69GA,01M0WWQAZTRSENW9JN2FSQ4BA7,11,01M0WY09KXZQGZCXQXZTYFDW8C,"it looks like a chair without the legs, diamonds at the top and bottom",TRUE
01M0WY8D9V11HNG2QVX5S5H50E,01M0WWQ9XT2Q7RF2RHNCTTRDNK,21,01M0WY1V9QET0HYE5N0547967Y,are u reading at all mate,FALSE
01M0WY8D9V11HNG2QVX5S5H50E,01M0WWQ9XT2Q7RF2RHNCTTRDNK,21,01M0WY1FH5WQS14DQ3V446M8AM,your not typing the right thing.,TRUE
01M0WY8D9V11HNG2QVX5S5H50E,01M0WWQ9XT2Q7RF2RHNCTTRDNK,21,01M0WY1FH5WQS14DQ3V446M8AM,makes your stuff clear,TRUE
01M0WY8D9V11HNG2QVX5S5H50E,01M0WWQ9XT2Q7RF2RHNCTTRDNK,21,01M0WY1V9QET0HYE5N0547967Y,use ur descretion  this is descriptive,FALSE
01M0WY8D9V11HNG2QVX5S5H50E,01M0WWQ9XT2Q7RF2RHNCTTRDNK,21,01M0WY1FH5WQS14DQ3V446M8AM,two boxes with a white recttangle in the middle,TRUE
01M0WY8WV1PTPAWDQKDH6502CC,01M0WWQAZTRSENW9JN2FSQ4BA7,3,01M0WY09KXZQGZCXQXZTYFDW8C,slim neck and head with spikes at the back,TRUE
01M0WXAW6NBMJ6BCMNPETTFRJF,01M0WWQ74H7CSGCPAHPDSCJ0PV,20,01M0WX9MXH1SX7Q50079HW9F7E,white traingle at bottom black diamons on top,TRUE
01M0WXGEF24H1BXZR5KT83B2BD,01M0WWQ74ND1AHANTF309RNWJE,3,01M0WWVKKHKMSSWB9WS1N6GRNZ,house with a small white tent,TRUE
01M0WY8D6J79KCK2JKC9ZPQM2E,01M0WWQ9XT2Q7RF2RHNCTTRDNK,39,01M0WY1FH5WQS14DQ3V446M8AM,two wide legs with bull horns on top,TRUE
01M0WY4F19NPNWPEX7KZKSW48E,01M0WWQ9XVXJV1JR4118CY5W09,25,01M0WY0C090AZDG2K9X542KKDB,crown at the top,TRUE
01M0WY7G4ZG9WW043DZCA2E9CW,01M0WWQ9XW83PGVA4HF3WT9HVR,3,01M0WXR5QX7RT0467EJCPJ9Y2Y,top half looks like a diaomond shape wiht a traingle missing from it,TRUE
01M0WY7G4ZG9WW043DZCA2E9CW,01M0WWQ9XW83PGVA4HF3WT9HVR,3,01M0WXR5QX7RT0467EJCPJ9Y2Y,bottom has white triangle missning,TRUE
01M0WY7G4ZG9WW043DZCA2E9CW,01M0WWQ9XW83PGVA4HF3WT9HVR,3,01M0WXR5QX7RT0467EJCPJ9Y2Y,left side has a point,TRUE
01M0WY7G4ZG9WW043DZCA2E9CW,01M0WWQ9XW83PGVA4HF3WT9HVR,3,01M0WXR5QX7RT0467EJCPJ9Y2Y,right side is 90 degree,TRUE
01M0WY4EWM8K32A27QMN8F53EM,01M0WWQ9XVXJV1JR4118CY5W09,31,01M0WY0C090AZDG2K9X542KKDB,diamond above and beneath,TRUE
01M0WXAW6QACATDKGAYJK5RJNN,01M0WWQ74H7CSGCPAHPDSCJ0PV,42,01M0WX9MXH1SX7Q50079HW9F7E,Black triangle and diamond at the bottom],TRUE
01M0WY4EZCNQCX862V1SX8TT6Y,01M0WWQ9XVXJV1JR4118CY5W09,40,01M0WY0ENCGBGZ9MKY7CZKA71D,diamond top and bottom,TRUE
01M0WY7G556YRT5F46XMSCNWRP,01M0WWQ9XW83PGVA4HF3WT9HVR,6,01M0WY0ECEQWZG8FEZD72ENETD,triangle at the top with a house shaped inside of it,TRUE
01M0WY7G556YRT5F46XMSCNWRP,01M0WWQ9XW83PGVA4HF3WT9HVR,6,01M0WY0ECEQWZG8FEZD72ENETD,connected to a base that has like a v shaped figure,TRUE
01M0WY7G556YRT5F46XMSCNWRP,01M0WWQ9XW83PGVA4HF3WT9HVR,6,01M0WXR5QX7RT0467EJCPJ9Y2Y,bottom half fully black? or bottom half look like stairs?,FALSE
01M0WY7G556YRT5F46XMSCNWRP,01M0WWQ9XW83PGVA4HF3WT9HVR,6,01M0WY0ECEQWZG8FEZD72ENETD,they both connected,TRUE
01M0WY7G556YRT5F46XMSCNWRP,01M0WWQ9XW83PGVA4HF3WT9HVR,6,01M0WY0ECEQWZG8FEZD72ENETD,bottom half fully black,TRUE
01M0WY969P5W21WZ8RJNA2PYNH,01M0WWQAZPP7VBJF1WXDE2YKFW,30,01M0WY2T8PBZPVGKC7BWFHJ59J,"small triangle left, larger sold block on right",TRUE
01M0WY7G85HT9D6VVYB895KQA2,01M0WWQ9XW83PGVA4HF3WT9HVR,30,01M0WY0ECEQWZG8FEZD72ENETD,hat like top,TRUE
01M0WY7G85HT9D6VVYB895KQA2,01M0WWQ9XW83PGVA4HF3WT9HVR,30,01M0WY0ECEQWZG8FEZD72ENETD,irregular white inside,TRUE
01M0WY7G85HT9D6VVYB895KQA2,01M0WWQ9XW83PGVA4HF3WT9HVR,30,01M0WY0ECEQWZG8FEZD72ENETD,triangle to the left with diamond touching it,TRUE
01M0WY8DB1PNCPVCQXGARAY1MA,01M0WWQ9XT2Q7RF2RHNCTTRDNK,27,01M0WY1FH5WQS14DQ3V446M8AM,two wide tell with a bull horns on top,TRUE
01M0WY8DB1PNCPVCQXGARAY1MA,01M0WWQ9XT2Q7RF2RHNCTTRDNK,27,01M0WY1FH5WQS14DQ3V446M8AM,legs*,TRUE
01M0WXAWAYSZYQG2G9THW9WWJT,01M0WWQ74H7CSGCPAHPDSCJ0PV,35,01M0WX667JRE4461924BYZ6YJ1,white triagle nder,TRUE
01M0WY4ET7B155SZW64KC7HX0Z,01M0WWQ9XVXJV1JR4118CY5W09,13,01M0WY0C090AZDG2K9X542KKDB,looks like house,TRUE
01M0WY8D9BBVH6ZVBVHF01QYKG,01M0WWQ9XT2Q7RF2RHNCTTRDNK,20,01M0WY1V9QET0HYE5N0547967Y,two legs wide and a diagonal on top,TRUE
01M0WY7GA0S4SVXVQE8NTSZB66,01M0WWQ9XW83PGVA4HF3WT9HVR,40,01M0WY0ECEQWZG8FEZD72ENETD,hallelujah hands,TRUE
01M0WY7GA0S4SVXVQE8NTSZB66,01M0WWQ9XW83PGVA4HF3WT9HVR,40,01M0WY0ECEQWZG8FEZD72ENETD,missing triangle under,TRUE
01M0WY8D7TE4GERTY21PTPV18M,01M0WWQ9XT2Q7RF2RHNCTTRDNK,11,01M0WY1FH5WQS14DQ3V446M8AM,"looks like bull horns, with a black triangle and diamond at the bottom on the left side.",TRUE
01M0WXAW6HBME2NMSGA4MZ4Y89,01M0WWQ74H7CSGCPAHPDSCJ0PV,27,01M0WX667JRE4461924BYZ6YJ1,slanted white rectangle in middle,TRUE
01M0WY4ESA9SW9V250JZPK6QPR,01M0WWQ9XVXJV1JR4118CY5W09,2,01M0WY0ENCGBGZ9MKY7CZKA71D,smily face helmet thing,TRUE
01M0WY4ESA9SW9V250JZPK6QPR,01M0WWQ9XVXJV1JR4118CY5W09,2,01M0WY0ENCGBGZ9MKY7CZKA71D,pointy ears,TRUE
01M0WY4ETTFGH1H6QCCZSFB311,01M0WWQ9XVXJV1JR4118CY5W09,22,01M0WY0ENCGBGZ9MKY7CZKA71D,three shapes,TRUE
01M0WY7G7PYJ7VAR4QQT0Z1XFW,01M0WWQ9XW83PGVA4HF3WT9HVR,25,01M0WXR5QX7RT0467EJCPJ9Y2Y,diamond top,TRUE
01M0WY7G7PYJ7VAR4QQT0Z1XFW,01M0WWQ9XW83PGVA4HF3WT9HVR,25,01M0WXR5QX7RT0467EJCPJ9Y2Y,sitting on a hat,TRUE
01M0WY7G7PYJ7VAR4QQT0Z1XFW,01M0WWQ9XW83PGVA4HF3WT9HVR,25,01M0WXR5QX7RT0467EJCPJ9Y2Y,with stairs to left,TRUE
01M0WY7G7PYJ7VAR4QQT0Z1XFW,01M0WWQ9XW83PGVA4HF3WT9HVR,25,01M0WXR5QX7RT0467EJCPJ9Y2Y,and boot,TRUE
01M0WY7GAJWHSZPSVZAYPK0R0T,01M0WWQ9XW83PGVA4HF3WT9HVR,43,01M0WXR5QX7RT0467EJCPJ9Y2Y,hallelujah!!,TRUE
01M0WY7GAJWHSZPSVZAYPK0R0T,01M0WWQ9XW83PGVA4HF3WT9HVR,43,01M0WXR5QX7RT0467EJCPJ9Y2Y,stairs n boot,TRUE
01M0WY96F1R2FGM5H3C141BHP2,01M0WWQAZPP7VBJF1WXDE2YKFW,38,01M0WY2T8PBZPVGKC7BWFHJ59J,"small trianlge on left, corners cut on right",TRUE
01M0WXAW6X09PBCFMQCBVDHNDJ,01M0WWQ74H7CSGCPAHPDSCJ0PV,40,01M0WX9MXH1SX7Q50079HW9F7E,legs,TRUE
01M0WXGEDVF5PP6AEKQRG5W7YR,01M0WWQ74ND1AHANTF309RNWJE,6,01M0WX0T78NE9YVPZSCJ5NTGX1,black rectangle center pieces bottom,TRUE
01M0WY7G5JXAZG922G9S5RF400,01M0WWQ9XW83PGVA4HF3WT9HVR,10,01M0WY0ECEQWZG8FEZD72ENETD,top is opened like a,TRUE
01M0WY7G5JXAZG922G9S5RF400,01M0WWQ9XW83PGVA4HF3WT9HVR,10,01M0WY0ECEQWZG8FEZD72ENETD,with a triangle facing left,TRUE
01M0WY7G5JXAZG922G9S5RF400,01M0WWQ9XW83PGVA4HF3WT9HVR,10,01M0WY0ECEQWZG8FEZD72ENETD,but wait,TRUE
01M0WY7G5JXAZG922G9S5RF400,01M0WWQ9XW83PGVA4HF3WT9HVR,10,01M0WY0ECEQWZG8FEZD72ENETD,the top is opened,TRUE
01M0WY7G5JXAZG922G9S5RF400,01M0WWQ9XW83PGVA4HF3WT9HVR,10,01M0WY0ECEQWZG8FEZD72ENETD,is like your hands are saying hallelujay,TRUE
01M0WY7G5JXAZG922G9S5RF400,01M0WWQ9XW83PGVA4HF3WT9HVR,10,01M0WXR5QX7RT0467EJCPJ9Y2Y,is there a white triangle at the bottom half?,FALSE
01M0WY7G5JXAZG922G9S5RF400,01M0WWQ9XW83PGVA4HF3WT9HVR,10,01M0WY0ECEQWZG8FEZD72ENETD,no triangle facing left,TRUE
01M0WY8D7E2CHPZ2SVK65V1T81,01M0WWQ9XT2Q7RF2RHNCTTRDNK,9,01M0WY1FH5WQS14DQ3V446M8AM,"it look like two thick legs with a black diamond at the top, its the only one with something on top",TRUE
01M0WY96F8V60YXXVJCB8BNAN7,01M0WWQAZPP7VBJF1WXDE2YKFW,37,01M0WXSYNRXCYGT80QAR430CBD,tree on its side. No boat.,TRUE
01M0WY4ESC1D30B2D25JQG0XJV,01M0WWQ9XVXJV1JR4118CY5W09,3,01M0WY0C090AZDG2K9X542KKDB,has a chimney above,TRUE
01M0WY4ESZWJVWR2WT11D4SSJ5,01M0WWQ9XVXJV1JR4118CY5W09,12,01M0WY0ENCGBGZ9MKY7CZKA71D,smily face,TRUE
01M0WY4ESZWJVWR2WT11D4SSJ5,01M0WWQ9XVXJV1JR4118CY5W09,12,01M0WY0ENCGBGZ9MKY7CZKA71D,two horns,TRUE
01M0WY8WJW7Q08TEKTGGYZVHJM,01M0WWQAZTRSENW9JN2FSQ4BA7,0,01M0WY0YPE1FGB7GNWHKCY08ZN,mass to the left hand side with boat-like shape moving towards the right,TRUE
01M0WY4ETYRQKRH77TY2AKWYJF,01M0WWQ9XVXJV1JR4118CY5W09,24,01M0WY0ENCGBGZ9MKY7CZKA71D,symmetrical spiky,TRUE
01M0WY4F1CKP5GH2PSQZADS37G,01M0WWQ9XVXJV1JR4118CY5W09,42,01M0WY0ENCGBGZ9MKY7CZKA71D,three shapes,TRUE
01M0WY8D85S53DAVVZG58GE5PX,01M0WWQ9XT2Q7RF2RHNCTTRDNK,12,01M0WY1FH5WQS14DQ3V446M8AM,can you please type faster.,FALSE
01M0WY8D85S53DAVVZG58GE5PX,01M0WWQ9XT2Q7RF2RHNCTTRDNK,12,01M0WY1V9QET0HYE5N0547967Y,the only one that has got triangle on it,TRUE
01M0WY8WM7WEHDRGT8PSK8Y5P9,01M0WWQAZTRSENW9JN2FSQ4BA7,46,01M0WY0YPE1FGB7GNWHKCY08ZN,chair without legs,TRUE
01M0WY96C09N7THBA1J91CX1W9,01M0WWQAZPP7VBJF1WXDE2YKFW,11,01M0WXSYNRXCYGT80QAR430CBD,right facing sideways triangle in bottom left. Right side is upright rectangle that fills in the top right corner,TRUE
01M0WY7G58W97JXXHCMJ4EHV2T,01M0WWQ9XW83PGVA4HF3WT9HVR,7,01M0WXR5QX7RT0467EJCPJ9Y2Y,house at the top with distorted diamond inside it,TRUE
01M0WY7G58W97JXXHCMJ4EHV2T,01M0WWQ9XW83PGVA4HF3WT9HVR,7,01M0WXR5QX7RT0467EJCPJ9Y2Y,bottom half is black with white triangle,TRUE
01M0WY7G58W97JXXHCMJ4EHV2T,01M0WWQ9XW83PGVA4HF3WT9HVR,7,01M0WXR5QX7RT0467EJCPJ9Y2Y,left side has a point outwards,TRUE
01M0WY7G58W97JXXHCMJ4EHV2T,01M0WWQ9XW83PGVA4HF3WT9HVR,7,01M0WY0ECEQWZG8FEZD72ENETD,both has points outwards,FALSE
01M0WY7G58W97JXXHCMJ4EHV2T,01M0WWQ9XW83PGVA4HF3WT9HVR,7,01M0WY0ECEQWZG8FEZD72ENETD,give me something else,FALSE
01M0WY7G58W97JXXHCMJ4EHV2T,01M0WWQ9XW83PGVA4HF3WT9HVR,7,01M0WXR5QX7RT0467EJCPJ9Y2Y,top looks like a house,TRUE
01M0WY7GAXB13VCX42FZ0JW298,01M0WWQ9XW83PGVA4HF3WT9HVR,46,01M0WY0ECEQWZG8FEZD72ENETD,triangle with a house inside,TRUE
01M0WY7GAXB13VCX42FZ0JW298,01M0WWQ9XW83PGVA4HF3WT9HVR,46,01M0WY0ECEQWZG8FEZD72ENETD,all dark base,TRUE
01M0WXAW6R6ZR4FRNVKGYKB4PY,01M0WWQ74H7CSGCPAHPDSCJ0PV,17,01M0WX667JRE4461924BYZ6YJ1,black triangle and diamond at the bottom,TRUE
01M0WY7G5V7G5J4BYE8D12PFB5,01M0WWQ9XW83PGVA4HF3WT9HVR,1,01M0WXR5QX7RT0467EJCPJ9Y2Y,top half looks like a diaomng with half triangle missing from it,TRUE
01M0WY7G5V7G5J4BYE8D12PFB5,01M0WWQ9XW83PGVA4HF3WT9HVR,1,01M0WXR5QX7RT0467EJCPJ9Y2Y,bottom left looks like stairs,TRUE
01M0WXAW6PTDV3M2087SV2P2KX,01M0WWQ74H7CSGCPAHPDSCJ0PV,18,01M0WX9MXH1SX7Q50079HW9F7E,White triangle at the bottom and white slanted rectangle inside,TRUE
01M0WY7G8BBZSY2T67SBD55T8Q,01M0WWQ9XW83PGVA4HF3WT9HVR,32,01M0WY0ECEQWZG8FEZD72ENETD,halleluja hands,TRUE
01M0WY7G8BBZSY2T67SBD55T8Q,01M0WWQ9XW83PGVA4HF3WT9HVR,32,01M0WY0ECEQWZG8FEZD72ENETD,sitting on a ledge,TRUE
01M0WY7G8BBZSY2T67SBD55T8Q,01M0WWQ9XW83PGVA4HF3WT9HVR,32,01M0WY0ECEQWZG8FEZD72ENETD,triangle and diamond touching it,TRUE
01M0WXEB681AG80HWFZWMW2NE9,01M0WWQ74M3NWYAJGQB0ESKAD2,3,01M0WWZBDJ6CA985ZGF4JYT3P6,"The one that looks the sharpest, big triangle on top",TRUE
01M0WY8D8FMK9X35YHNJF3PRDK,01M0WWQ9XT2Q7RF2RHNCTTRDNK,18,01M0WY1V9QET0HYE5N0547967Y,the only one that has diamond  on top,TRUE
01M0WY8DA6G8W97KXS2YJKDA9G,01M0WWQ9XT2Q7RF2RHNCTTRDNK,22,01M0WY1FH5WQS14DQ3V446M8AM,"make it clear, use color, shpaes liek that",FALSE
01M0WY8DA6G8W97KXS2YJKDA9G,01M0WWQ9XT2Q7RF2RHNCTTRDNK,22,01M0WY1FH5WQS14DQ3V446M8AM,?,FALSE
01M0WY8DA6G8W97KXS2YJKDA9G,01M0WWQ9XT2Q7RF2RHNCTTRDNK,22,01M0WY1V9QET0HYE5N0547967Y,got arrow and a diagonal underneath,TRUE
01M0WY8WMQVDP7KSGDCTTJKJ60,01M0WWQAZTRSENW9JN2FSQ4BA7,39,01M0WY09KXZQGZCXQXZTYFDW8C,spikes at the back,TRUE
01M0WY8WN8ZCY5D90188SR8BTW,01M0WWQAZTRSENW9JN2FSQ4BA7,38,01M0WY0YPE1FGB7GNWHKCY08ZN,upward arrow,TRUE
01M0WXAW6S8WY2HBJ5AM7Q5M60,01M0WWQ74H7CSGCPAHPDSCJ0PV,41,01M0WX667JRE4461924BYZ6YJ1,white triangle under,TRUE
01M0WY8WS7VEECD9C1A844FR33,01M0WWQAZTRSENW9JN2FSQ4BA7,8,01M0WY0YPE1FGB7GNWHKCY08ZN,a house with a white shape in it. looks like it's on legs which are running,TRUE
01M0WY968W2G43X59ARWCBBCAK,01M0WWQAZPP7VBJF1WXDE2YKFW,23,01M0WXSYNRXCYGT80QAR430CBD,tree on its side. the one that does NOT have the boat.,TRUE
01M0WXEB6H3MJKE90FDCAQKB6Q,01M0WWQ74M3NWYAJGQB0ESKAD2,8,01M0WWZBDJ6CA985ZGF4JYT3P6,hi hi hi?,FALSE
01M0WXEB6H3MJKE90FDCAQKB6Q,01M0WWQ74M3NWYAJGQB0ESKAD2,8,01M0WWZBDJ6CA985ZGF4JYT3P6,U there?,FALSE
01M0WXEB7GWHEKNV2ZTV5MN9PV,01M0WWQ74M3NWYAJGQB0ESKAD2,6,01M0WWZBDJ6CA985ZGF4JYT3P6,U still there?,FALSE
01M0WXEB7GWHEKNV2ZTV5MN9PV,01M0WWQ74M3NWYAJGQB0ESKAD2,6,01M0WWZBDJ6CA985ZGF4JYT3P6,helloooo,FALSE
01M0WY8D8W235WCT4A4KAQPPJH,01M0WWQ9XT2Q7RF2RHNCTTRDNK,19,01M0WY1V9QET0HYE5N0547967Y,u need read well mate pls,FALSE
01M0WY8D8W235WCT4A4KAQPPJH,01M0WWQ9XT2Q7RF2RHNCTTRDNK,19,01M0WY1FH5WQS14DQ3V446M8AM,"no you need to type better,",TRUE
01M0WY8D8W235WCT4A4KAQPPJH,01M0WWQ9XT2Q7RF2RHNCTTRDNK,19,01M0WY1FH5WQS14DQ3V446M8AM,two legs with triangle on top,TRUE
01M0WY96B9H6C04PH6M8Y7FFBY,01M0WWQAZPP7VBJF1WXDE2YKFW,14,01M0WY2T8PBZPVGKC7BWFHJ59J,zagged edges on left rectangle type shape on right with corners cut away,TRUE
01M0WY4ESVVK5QXDYG6NDV7SP0,01M0WWQ9XVXJV1JR4118CY5W09,10,01M0WY0ENCGBGZ9MKY7CZKA71D,"three shapes staked, diamond on top",TRUE
01M0WY4ESVVK5QXDYG6NDV7SP0,01M0WWQ9XVXJV1JR4118CY5W09,10,01M0WY0ENCGBGZ9MKY7CZKA71D,stacked,TRUE
01M0WY8D4XQYGV5VP3FPQVA0EF,01M0WWQ9XT2Q7RF2RHNCTTRDNK,36,01M0WY1V9QET0HYE5N0547967Y,white rectangle in the middle,TRUE
01M0WY8WQ3Z500CTPRBKZ32SCH,01M0WWQAZTRSENW9JN2FSQ4BA7,15,01M0WY09KXZQGZCXQXZTYFDW8C,"has a house shape inside of it, looks like its pointing left",TRUE
01M0WXGECFBN6911HNC211VMYM,01M0WWQ74ND1AHANTF309RNWJE,4,01M0WX0T78NE9YVPZSCJ5NTGX1,house white shape black pieces,TRUE
01M0WY4EV4HS1QBF49PC63PVN1,01M0WWQ9XVXJV1JR4118CY5W09,27,01M0WY0C090AZDG2K9X542KKDB,"arrow at the top, diamond beneath",TRUE
01M0WY4EV4HS1QBF49PC63PVN1,01M0WWQ9XVXJV1JR4118CY5W09,27,01M0WY0ENCGBGZ9MKY7CZKA71D,something is going on you're picking the correct shape...,FALSE
01M0WY7G53Z5XZCC74W0W511X9,01M0WWQ9XW83PGVA4HF3WT9HVR,5,01M0WXR5QX7RT0467EJCPJ9Y2Y,triangle at the top,TRUE
01M0WY7G53Z5XZCC74W0W511X9,01M0WWQ9XW83PGVA4HF3WT9HVR,5,01M0WXR5QX7RT0467EJCPJ9Y2Y,with white part in middle that looks like a house,TRUE
01M0WY7G53Z5XZCC74W0W511X9,01M0WWQ9XW83PGVA4HF3WT9HVR,5,01M0WXR5QX7RT0467EJCPJ9Y2Y,botom has a triangle facing left,TRUE
01M0WY7G53Z5XZCC74W0W511X9,01M0WWQ9XW83PGVA4HF3WT9HVR,5,01M0WXR5QX7RT0467EJCPJ9Y2Y,with diamond attached to it,TRUE
01M0WY8D5BNZZJZ14AZBYDX0G3,01M0WWQ9XT2Q7RF2RHNCTTRDNK,6,01M0WY1FH5WQS14DQ3V446M8AM,?,FALSE
01M0WY8D5BNZZJZ14AZBYDX0G3,01M0WWQ9XT2Q7RF2RHNCTTRDNK,6,01M0WY1V9QET0HYE5N0547967Y,has a white triangle in the middle and got two legs,TRUE
01M0WY968359CBM5PXT1FK1EZC,01M0WWQAZPP7VBJF1WXDE2YKFW,46,01M0WY2T8PBZPVGKC7BWFHJ59J,empty rectangle in middle,TRUE
01M0WY968359CBM5PXT1FK1EZC,01M0WWQAZPP7VBJF1WXDE2YKFW,46,01M0WY2T8PBZPVGKC7BWFHJ59J,right cut away more,TRUE
01M0WY4ET9XSJQ8FYRMZBA3373,01M0WWQ9XVXJV1JR4118CY5W09,14,01M0WY0ENCGBGZ9MKY7CZKA71D,diamond top and bottom,TRUE
01M0WY8D4SGEVYPJ79ZQGNFSCF,01M0WWQ9XT2Q7RF2RHNCTTRDNK,47,01M0WY1FH5WQS14DQ3V446M8AM,white rectangle in middle,TRUE
01M0WY8D4ZT947G8DP8BX81P2B,01M0WWQ9XT2Q7RF2RHNCTTRDNK,4,01M0WY1FH5WQS14DQ3V446M8AM,?,FALSE
01M0WY8D4ZT947G8DP8BX81P2B,01M0WWQ9XT2Q7RF2RHNCTTRDNK,4,01M0WY1V9QET0HYE5N0547967Y,looks like bull horn on top two legs,TRUE
01M0WY8WP2K2Y85BBEHSPR9VAX,01M0WWQAZTRSENW9JN2FSQ4BA7,34,01M0WY0YPE1FGB7GNWHKCY08ZN,chair with no legs,TRUE
01M0WY968BGKQC5W9TRXM0YM9J,01M0WWQAZPP7VBJF1WXDE2YKFW,24,01M0WY2T8PBZPVGKC7BWFHJ59J,large point facing top right corner,TRUE
01M0WY968BGKQC5W9TRXM0YM9J,01M0WWQAZPP7VBJF1WXDE2YKFW,24,01M0WY2T8PBZPVGKC7BWFHJ59J,zagged edge on left,TRUE
01M0WXGEDTQ37XQEWXKSCFH54K,01M0WWQ74ND1AHANTF309RNWJE,7,01M0WWVKKHKMSSWB9WS1N6GRNZ,"house with wthite rectanlge, little roof at bottom in white",TRUE
01M0WY7G5QBES0Z4XWE68F0X2Z,01M0WWQ9XW83PGVA4HF3WT9HVR,11,01M0WXR5QX7RT0467EJCPJ9Y2Y,diamond at the very top,TRUE
01M0WY7G5QBES0Z4XWE68F0X2Z,01M0WWQ9XW83PGVA4HF3WT9HVR,11,01M0WXR5QX7RT0467EJCPJ9Y2Y,looks like a hat underneath the diamond,TRUE
01M0WY7G5QBES0Z4XWE68F0X2Z,01M0WWQ9XW83PGVA4HF3WT9HVR,11,01M0WXR5QX7RT0467EJCPJ9Y2Y,bottom half has stairs going to the left,TRUE
01M0WY7G5QBES0Z4XWE68F0X2Z,01M0WWQ9XW83PGVA4HF3WT9HVR,11,01M0WXR5QX7RT0467EJCPJ9Y2Y,and what looks like a boot on the bottom right,TRUE
01M0WY8WMC86GG67MW3WHK580Y,01M0WWQAZTRSENW9JN2FSQ4BA7,45,01M0WY09KXZQGZCXQXZTYFDW8C,house on legs,TRUE
01M0WY8WMJQGEZ29W55ZJNPFQD,01M0WWQAZTRSENW9JN2FSQ4BA7,43,01M0WY09KXZQGZCXQXZTYFDW8C,dragon,TRUE
01M0WY8WPPNCXXBRWK7P71PZFA,01M0WWQAZTRSENW9JN2FSQ4BA7,30,01M0WY0YPE1FGB7GNWHKCY08ZN,"dragon, big eye",TRUE
01M0WY96AX9ENT9126V73VAW9Q,01M0WWQAZPP7VBJF1WXDE2YKFW,18,01M0WY2T8PBZPVGKC7BWFHJ59J,boat on its side,TRUE
01M0WY96AX9ENT9126V73VAW9Q,01M0WWQAZPP7VBJF1WXDE2YKFW,18,01M0WXSYNRXCYGT80QAR430CBD,triangles on the left?,FALSE
01M0WY96AX9ENT9126V73VAW9Q,01M0WWQAZPP7VBJF1WXDE2YKFW,18,01M0WY2T8PBZPVGKC7BWFHJ59J,"zagged edges on left, multiple",TRUE
01M0WY8D6RN5YXJXVC45HEHZQG,01M0WWQ9XT2Q7RF2RHNCTTRDNK,41,01M0WY1FH5WQS14DQ3V446M8AM,two legs with a triangle that looks like arms,TRUE
01M0WY969KEV2DM5BT5SP2VR3S,01M0WWQAZPP7VBJF1WXDE2YKFW,31,01M0WXSYNRXCYGT80QAR430CBD,tree on its side. solid shape on the right. NO boat.,TRUE
01M0WY8D6TXSN714Q36JCSFFZQ,01M0WWQ9XT2Q7RF2RHNCTTRDNK,42,01M0WY1V9QET0HYE5N0547967Y,its got arrow underneat and little diagonal,TRUE
01M0WY8WK95VJKSVZC7YDQJMR4,01M0WWQAZTRSENW9JN2FSQ4BA7,25,01M0WY09KXZQGZCXQXZTYFDW8C,diamond at top rectangle in middle,TRUE
01M0WY8WKKWKRQN2XTXQ3GGJFR,01M0WWQAZTRSENW9JN2FSQ4BA7,21,01M0WY09KXZQGZCXQXZTYFDW8C,"stacked shapes, 3 triangles in it",TRUE
01M0WY96B0AYVN97RBTBSKAHBX,01M0WWQAZPP7VBJF1WXDE2YKFW,17,01M0WXSYNRXCYGT80QAR430CBD,long pointy triangles that look like fish fins. upright rectangle that fills in the upper right corner.,TRUE
01M0WXAW6FVETNVQHCQSM5JV0D,01M0WWQ74H7CSGCPAHPDSCJ0PV,29,01M0WX667JRE4461924BYZ6YJ1,black triangle and diamond under,TRUE
01M0WXGEFX338HKWMTS2HEQ33W,01M0WWQ74ND1AHANTF309RNWJE,5,01M0WWVKKHKMSSWB9WS1N6GRNZ,"Arch with legs, white tent in the middle",TRUE
01M0WY7G7DDBMXZMTCWPNSKPEY,01M0WWQ9XW83PGVA4HF3WT9HVR,22,01M0WY0ECEQWZG8FEZD72ENETD,triangle with a house inside of it detached from the base,TRUE
01M0WY7G7DDBMXZMTCWPNSKPEY,01M0WWQ9XW83PGVA4HF3WT9HVR,22,01M0WY0ECEQWZG8FEZD72ENETD,stairs to the left,TRUE
01M0WY7G7DDBMXZMTCWPNSKPEY,01M0WWQ9XW83PGVA4HF3WT9HVR,22,01M0WY0ECEQWZG8FEZD72ENETD,boot size to the right,TRUE
01M0WY96C9SQ6VW4E95XFRH4H5,01M0WWQAZPP7VBJF1WXDE2YKFW,10,01M0WY2T8PBZPVGKC7BWFHJ59J,"zagged edges on left, 2 ountain shapes, open rectangle in middle, boat shape resting on right side",TRUE
01M0WY96C9SQ6VW4E95XFRH4H5,01M0WWQAZPP7VBJF1WXDE2YKFW,10,01M0WY2T8PBZPVGKC7BWFHJ59J,mountain,TRUE
01M0WY4EVNS0TTCPC88VQX96J1,01M0WWQ9XVXJV1JR4118CY5W09,28,01M0WY0ENCGBGZ9MKY7CZKA71D,horns at top,TRUE
01M0WY7G78NSMCZ9931E1ABC0H,01M0WWQ9XW83PGVA4HF3WT9HVR,20,01M0WY0ECEQWZG8FEZD72ENETD,an open top all the way down to the base,TRUE
01M0WY7G78NSMCZ9931E1ABC0H,01M0WWQ9XW83PGVA4HF3WT9HVR,20,01M0WY0ECEQWZG8FEZD72ENETD,not sitting on a ledge,TRUE
01M0WY7G78NSMCZ9931E1ABC0H,01M0WWQ9XW83PGVA4HF3WT9HVR,20,01M0WY0ECEQWZG8FEZD72ENETD,it's like a full body down,TRUE
01M0WY7G78NSMCZ9931E1ABC0H,01M0WWQ9XW83PGVA4HF3WT9HVR,20,01M0WY0ECEQWZG8FEZD72ENETD,with pointy outwards to thr left,TRUE
01M0WY8WPHMKYESJBM86E941PE,01M0WWQAZTRSENW9JN2FSQ4BA7,33,01M0WY09KXZQGZCXQXZTYFDW8C,house on legs,TRUE
01M0WY4ETG61K7YQS20XXP0XDY,01M0WWQ9XVXJV1JR4118CY5W09,18,01M0WY0ENCGBGZ9MKY7CZKA71D,two horns at top,TRUE
01M0WY4ETSP0DQFN6KJ5H7TV9S,01M0WWQ9XVXJV1JR4118CY5W09,21,01M0WY0C090AZDG2K9X542KKDB,looks like a house white center,TRUE
01M0WY96DC5XZNWZYYVSYF8WR4,01M0WWQAZPP7VBJF1WXDE2YKFW,5,01M0WXSYNRXCYGT80QAR430CBD,The right side is half a hexagon (four visible sides). The left side is a jumble of jagged shapes. A right facing triangle on the bottom,TRUE
01M0WXAW5D7MAAM7NXGX6N8YWG,01M0WWQ74H7CSGCPAHPDSCJ0PV,10,01M0WX9MXH1SX7Q50079HW9F7E,On the bottom left there is a triangle facing left next to it there's a black diamond,TRUE
01M0WXAW62YXAS27YCTHC25QPB,01M0WWQ74H7CSGCPAHPDSCJ0PV,16,01M0WX9MXH1SX7Q50079HW9F7E,White triangle at the bottom,TRUE
01M0WXAW6X09PBCFMQDHYT7MS5,01M0WWQ74H7CSGCPAHPDSCJ0PV,39,01M0WX667JRE4461924BYZ6YJ1,black triangle and diamond at the bottom,TRUE
01M0WXAW6FVETNVQHCRWZR1G97,01M0WWQ74H7CSGCPAHPDSCJ0PV,9,01M0WX667JRE4461924BYZ6YJ1,at the bottom a black triangle facing the wrong direction with a diamond beside,TRUE
01M0WXAW6K6PD99RSMA3VP24MT,01M0WWQ74H7CSGCPAHPDSCJ0PV,25,01M0WX667JRE4461924BYZ6YJ1,legs facing lef,TRUE
01M0WY7G6ZDSX9D9EH232ZGYN7,01M0WWQ9XW83PGVA4HF3WT9HVR,15,01M0WXR5QX7RT0467EJCPJ9Y2Y,looks like a house at the top,TRUE
01M0WY7G6ZDSX9D9EH232ZGYN7,01M0WWQ9XW83PGVA4HF3WT9HVR,15,01M0WXR5QX7RT0467EJCPJ9Y2Y,bottom hs white triangle missing from mainly black bottom,TRUE
01M0WY7G6ZDSX9D9EH232ZGYN7,01M0WWQ9XW83PGVA4HF3WT9HVR,15,01M0WXR5QX7RT0467EJCPJ9Y2Y,left side has a point outwards,TRUE
01M0WY7G6ZDSX9D9EH232ZGYN7,01M0WWQ9XW83PGVA4HF3WT9HVR,15,01M0WXR5QX7RT0467EJCPJ9Y2Y,right side is 90 degree angle,TRUE
01M0WY7G7YHSBRT2PBMMW67GKX,01M0WWQ9XW83PGVA4HF3WT9HVR,28,01M0WY0ECEQWZG8FEZD72ENETD,triangle top with a house inside,TRUE
01M0WY7G7YHSBRT2PBMMW67GKX,01M0WWQ9XW83PGVA4HF3WT9HVR,28,01M0WY0ECEQWZG8FEZD72ENETD,with triangle to thr left and diamond beside it,TRUE
01M0WY7G7YHSBRT2PBMMW67GKX,01M0WWQ9XW83PGVA4HF3WT9HVR,28,01M0WY0ECEQWZG8FEZD72ENETD,triangle top,TRUE
01M0WY7G8SCEXTAGVA7N91EEPW,01M0WWQ9XW83PGVA4HF3WT9HVR,34,01M0WY0ECEQWZG8FEZD72ENETD,triangle with an inner opening attached to a black base,TRUE
01M0WY7G8SCEXTAGVA7N91EEPW,01M0WWQ9XW83PGVA4HF3WT9HVR,34,01M0WY0ECEQWZG8FEZD72ENETD,all total black base,TRUE
01M0WY7G8SCEXTAGVA7N91EEPW,01M0WWQ9XW83PGVA4HF3WT9HVR,34,01M0WY0ECEQWZG8FEZD72ENETD,triangle with a home inside,TRUE
01M0WY8D6GHA9HHZ21BTENMXZ6,01M0WWQ9XT2Q7RF2RHNCTTRDNK,38,01M0WY1V9QET0HYE5N0547967Y,two wide thin  legs,TRUE
01M0WXAW6JASYZN5770YG59JMJ,01M0WWQ74H7CSGCPAHPDSCJ0PV,5,01M0WX9MXH1SX7Q50079HW9F7E,...,FALSE
01M0WXAW6JASYZN5770YG59JMJ,01M0WWQ74H7CSGCPAHPDSCJ0PV,5,01M0WX667JRE4461924BYZ6YJ1,there is a black diamond at the very top,TRUE
01M0WXAW6G8CMRXJFX7SGCQ6MA,01M0WWQ74H7CSGCPAHPDSCJ0PV,28,01M0WX9MXH1SX7Q50079HW9F7E,white triangle at bottom,TRUE
01M0WY8D6F1DS9JXRVQ6PX1493,01M0WWQ9XT2Q7RF2RHNCTTRDNK,3,01M0WY1FH5WQS14DQ3V446M8AM,looks like a bulls horn on top of two legs,TRUE
01M0WXAW3NRDWKKHNXDDFPZ1DZ,01M0WWQ74H7CSGCPAHPDSCJ0PV,0,01M0WX9MXH1SX7Q50079HW9F7E,hello,TRUE
01M0WXAW3NRDWKKHNXDDFPZ1DZ,01M0WWQ74H7CSGCPAHPDSCJ0PV,0,01M0WX667JRE4461924BYZ6YJ1,hey what does it look like,FALSE
01M0WXAW3NRDWKKHNXDDFPZ1DZ,01M0WWQ74H7CSGCPAHPDSCJ0PV,0,01M0WX9MXH1SX7Q50079HW9F7E,It has a pointy triangle on the top,TRUE
01M0WY4F2FMHPXGEFSBDWB58AT,01M0WWQ9XVXJV1JR4118CY5W09,46,01M0WY0ENCGBGZ9MKY7CZKA71D,up top down below spiky,TRUE
01M0WY4F2FMHPXGEFSBDWB58AT,01M0WWQ9XVXJV1JR4118CY5W09,46,01M0WY0C090AZDG2K9X542KKDB,arrows?,FALSE
01M0WY4F2FMHPXGEFSBDWB58AT,01M0WWQ9XVXJV1JR4118CY5W09,46,01M0WY0ENCGBGZ9MKY7CZKA71D,no diamonds,TRUE
01M0WY4F2FMHPXGEFSBDWB58AT,01M0WWQ9XVXJV1JR4118CY5W09,46,01M0WY0ENCGBGZ9MKY7CZKA71D,arrows,TRUE
01M0WY4F2FMHPXGEFSBDWB58AT,01M0WWQ9XVXJV1JR4118CY5W09,46,01M0WY0ENCGBGZ9MKY7CZKA71D,yes,TRUE
01M0WY96G42TWQX2PKP81D6SRC,01M0WWQAZPP7VBJF1WXDE2YKFW,33,01M0WXSYNRXCYGT80QAR430CBD,Solid shape with the white rectangle within it. boat leaning against it.,TRUE
01M0WY7G51E1NB179WAGDESYCG,01M0WWQ9XW83PGVA4HF3WT9HVR,4,01M0WY0ECEQWZG8FEZD72ENETD,triangle at the top shaped,TRUE
01M0WY7G51E1NB179WAGDESYCG,01M0WWQ9XW83PGVA4HF3WT9HVR,4,01M0WY0ECEQWZG8FEZD72ENETD,and then another under it but not triangle,TRUE
01M0WY7G51E1NB179WAGDESYCG,01M0WWQ9XW83PGVA4HF3WT9HVR,4,01M0WY0ECEQWZG8FEZD72ENETD,both disconnected,TRUE
01M0WY7G51E1NB179WAGDESYCG,01M0WWQ9XW83PGVA4HF3WT9HVR,4,01M0WXR5QX7RT0467EJCPJ9Y2Y,look like stairs?,FALSE
01M0WY7G51E1NB179WAGDESYCG,01M0WWQ9XW83PGVA4HF3WT9HVR,4,01M0WY0ECEQWZG8FEZD72ENETD,not touching each other,TRUE
01M0WY7G51E1NB179WAGDESYCG,01M0WWQ9XW83PGVA4HF3WT9HVR,4,01M0WXR5QX7RT0467EJCPJ9Y2Y,on the left?,FALSE
01M0WY7G51E1NB179WAGDESYCG,01M0WWQ9XW83PGVA4HF3WT9HVR,4,01M0WY0ECEQWZG8FEZD72ENETD,yes like stairs  by the left,TRUE
01M0WY7G8XBD9V9ZYV0X0MKKMV,01M0WWQ9XW83PGVA4HF3WT9HVR,35,01M0WXR5QX7RT0467EJCPJ9Y2Y,house with irreuglar shape inside,TRUE
01M0WY7G8XBD9V9ZYV0X0MKKMV,01M0WWQ9XW83PGVA4HF3WT9HVR,35,01M0WXR5QX7RT0467EJCPJ9Y2Y,on a black box,TRUE
01M0WY7G8XBD9V9ZYV0X0MKKMV,01M0WWQ9XW83PGVA4HF3WT9HVR,35,01M0WXR5QX7RT0467EJCPJ9Y2Y,bottom is completely black,TRUE
01M0WY7G9D45EEKFK7KZNEZWJ5,01M0WWQ9XW83PGVA4HF3WT9HVR,38,01M0WY0ECEQWZG8FEZD72ENETD,hallelujah hands,TRUE
01M0WY7G9D45EEKFK7KZNEZWJ5,01M0WWQ9XW83PGVA4HF3WT9HVR,38,01M0WY0ECEQWZG8FEZD72ENETD,sitting on a ledge,TRUE
01M0WY8D6XRQ1FJY1X1AWMK4ZV,01M0WWQ9XT2Q7RF2RHNCTTRDNK,43,01M0WY1FH5WQS14DQ3V446M8AM,two legs with a hat top top with a black diamond on top the hat .,TRUE
01M0WY8D6XRQ1FJY1X1AWMK4ZV,01M0WWQ9XT2Q7RF2RHNCTTRDNK,43,01M0WY1FH5WQS14DQ3V446M8AM,only one w,TRUE
01M0WY9697GC8G95288JJA9DZG,01M0WWQAZPP7VBJF1WXDE2YKFW,42,01M0WY2T8PBZPVGKC7BWFHJ59J,"boat on its side, zagged edges on left",TRUE
01M0WY4EYM82EYN7VAQVYAYP8X,01M0WWQ9XVXJV1JR4118CY5W09,34,01M0WY0ENCGBGZ9MKY7CZKA71D,side boat,TRUE
01M0WY8DAEK9ZTS1YE2D57S3QA,01M0WWQ9XT2Q7RF2RHNCTTRDNK,23,01M0WY1FH5WQS14DQ3V446M8AM,"two legs walking, with a hat and a black diamond on top",TRUE
01M0WY96EVCAX7AKFRHK9Q6BVM,01M0WWQAZPP7VBJF1WXDE2YKFW,39,01M0WXSYNRXCYGT80QAR430CBD,solid shape that almost fills the whole box. white empty rectangle in the center. just corners cut from larger shape.,TRUE
01M0WY8WQXDTBH28CSF6S691WR,01M0WWQAZTRSENW9JN2FSQ4BA7,14,01M0WY0YPE1FGB7GNWHKCY08ZN,"little diamond on the top, wide rectangle in the middle",TRUE
01M0WXEB7D85C5EED9WBEDQSFF,01M0WWQ74M3NWYAJGQB0ESKAD2,5,01M0WWZBDJ6CA985ZGF4JYT3P6,Looks like a guy climbing into a box. Imagine his legs and butt sticking out the top as hes crawling in lol,TRUE
01M0WY7G5XCGCNWKGXBF7R5F2N,01M0WWQ9XW83PGVA4HF3WT9HVR,16,01M0WY0ECEQWZG8FEZD72ENETD,top is like a hat,TRUE
01M0WY7G5XCGCNWKGXBF7R5F2N,01M0WWQ9XW83PGVA4HF3WT9HVR,16,01M0WY0ECEQWZG8FEZD72ENETD,with a irregular shape inside of it,TRUE
01M0WY7G5XCGCNWKGXBF7R5F2N,01M0WWQ9XW83PGVA4HF3WT9HVR,16,01M0WY0ECEQWZG8FEZD72ENETD,both sides pointing outwards,TRUE
01M0WY7G5XCGCNWKGXBF7R5F2N,01M0WWQ9XW83PGVA4HF3WT9HVR,16,01M0WY0ECEQWZG8FEZD72ENETD,all dark the base,TRUE
01M0WY8WKG2ZBFW74X8VKABAZ5,01M0WWQAZTRSENW9JN2FSQ4BA7,22,01M0WY0YPE1FGB7GNWHKCY08ZN,open box with big diamond coming out (triangle inside the diamond),TRUE
01M0WY96DGR3JJT546F6N7TRKH,01M0WWQAZPP7VBJF1WXDE2YKFW,4,01M0WY2T8PBZPVGKC7BWFHJ59J,"a tree on its side, with a pointed right side facing the middle of the box",TRUE
01M0WXAW598VBCFKE1R3EBA066,01M0WWQ74H7CSGCPAHPDSCJ0PV,46,01M0WX9MXH1SX7Q50079HW9F7E,legs,TRUE
01M0WY96DK64QDG5CHMXZ4YKBE,01M0WWQAZPP7VBJF1WXDE2YKFW,3,01M0WXSYNRXCYGT80QAR430CBD,The right side of the shape is somewhat rounded. The left side of the shape is multiple sideways triangles pointing left.,TRUE
01M0WY7G5Z3P0M5TSNXAAVCTTW,01M0WWQ9XW83PGVA4HF3WT9HVR,14,01M0WY0ECEQWZG8FEZD72ENETD,okay so its a v shaped top,TRUE
01M0WY7G5Z3P0M5TSNXAAVCTTW,01M0WWQ9XW83PGVA4HF3WT9HVR,14,01M0WY0ECEQWZG8FEZD72ENETD,sitting on a stick or a ledge attached to it,TRUE
01M0WY7GAVMM0EF9WHVMXPMFED,01M0WWQ9XW83PGVA4HF3WT9HVR,45,01M0WXR5QX7RT0467EJCPJ9Y2Y,triangle facing uo,TRUE
01M0WY7GAVMM0EF9WHVMXPMFED,01M0WWQ9XW83PGVA4HF3WT9HVR,45,01M0WXR5QX7RT0467EJCPJ9Y2Y,with house inside,TRUE
01M0WY7GAVMM0EF9WHVMXPMFED,01M0WWQ9XW83PGVA4HF3WT9HVR,45,01M0WXR5QX7RT0467EJCPJ9Y2Y,triangle facing left at bottom,TRUE
01M0WY7GAVMM0EF9WHVMXPMFED,01M0WWQ9XW83PGVA4HF3WT9HVR,45,01M0WXR5QX7RT0467EJCPJ9Y2Y,with diamond attache,TRUE
01M0WY7GAVMM0EF9WHVMXPMFED,01M0WWQ9XW83PGVA4HF3WT9HVR,45,01M0WXR5QX7RT0467EJCPJ9Y2Y,bottom very white,TRUE
01M0WY7GAVMM0EF9WHVMXPMFED,01M0WWQ9XW83PGVA4HF3WT9HVR,45,01M0WY0ECEQWZG8FEZD72ENETD,how you mean facing up,FALSE
01M0WY7GAVMM0EF9WHVMXPMFED,01M0WWQ9XW83PGVA4HF3WT9HVR,45,01M0WXR5QX7RT0467EJCPJ9Y2Y,traingle facing up,TRUE
01M0WY7GAVMM0EF9WHVMXPMFED,01M0WWQ9XW83PGVA4HF3WT9HVR,45,01M0WXR5QX7RT0467EJCPJ9Y2Y,with house inside,TRUE
01M0WXAW57R2E5VZHPE3TNDKA0,01M0WWQ74H7CSGCPAHPDSCJ0PV,8,01M0WX9MXH1SX7Q50079HW9F7E,At the bottom is a pair of legs facing left and at the top is a black hollow triangle with a smaller triangle inside a bit like a White House,TRUE
01M0WY4F08M244E2T2DJGXC895,01M0WWQ9XVXJV1JR4118CY5W09,47,01M0WY0C090AZDG2K9X542KKDB,"small diamond above, flat base",TRUE
01M0WY4F08M244E2T2DJGXC895,01M0WWQ9XVXJV1JR4118CY5W09,47,01M0WY0ENCGBGZ9MKY7CZKA71D,nice playing with you!,FALSE
01M0WY4F08M244E2T2DJGXC895,01M0WWQ9XVXJV1JR4118CY5W09,47,01M0WY0C090AZDG2K9X542KKDB,same here,TRUE
01M0WY8WNA45QR5P73F4KCJX54,01M0WWQAZTRSENW9JN2FSQ4BA7,37,01M0WY09KXZQGZCXQXZTYFDW8C,stop sign,TRUE
01M0WY96CKBE2B2SVT0H2JRRSY,01M0WWQAZPP7VBJF1WXDE2YKFW,9,01M0WXSYNRXCYGT80QAR430CBD,Pointy long upright and down triangles on the left side. Right side is like an upright rectangle that fills in the top right corner,TRUE
01M0WY96FSKJQ9CGTXF52Y165A,01M0WWQAZPP7VBJF1WXDE2YKFW,35,01M0WXSYNRXCYGT80QAR430CBD,empty rectangle in the middle of shape. No boat.,TRUE
01M0WXAW6G8CMRXJFX6KBRKRDX,01M0WWQ74H7CSGCPAHPDSCJ0PV,7,01M0WX667JRE4461924BYZ6YJ1,at the bottom a black triangle facing the worng direction with a diamond beside,TRUE
01M0WY7G5SHQJJCQM9P78P79MA,01M0WWQ9XW83PGVA4HF3WT9HVR,12,01M0WY0ECEQWZG8FEZD72ENETD,diamond at the top,TRUE
01M0WY7G5SHQJJCQM9P78P79MA,01M0WWQ9XW83PGVA4HF3WT9HVR,12,01M0WY0ECEQWZG8FEZD72ENETD,looks like a hat,TRUE
01M0WY7G5SHQJJCQM9P78P79MA,01M0WWQ9XW83PGVA4HF3WT9HVR,12,01M0WY0ECEQWZG8FEZD72ENETD,stairs on the left,TRUE
01M0WY8D59S63V3JZJ0WZJWYYX,01M0WWQ9XT2Q7RF2RHNCTTRDNK,5,01M0WY1FH5WQS14DQ3V446M8AM,has a white rectangle in the middle its the only one like that,TRUE
01M0WXGEEDP89THXQTQRJ8KG49,01M0WWQ74ND1AHANTF309RNWJE,11,01M0WWVKKHKMSSWB9WS1N6GRNZ,"traingle and diamond at bottom, white tent shape in middle",TRUE
01M0WXAWB0BFNFZQZ25HW26B8S,01M0WWQ74H7CSGCPAHPDSCJ0PV,33,01M0WX667JRE4461924BYZ6YJ1,legs,TRUE
01M0WXEB65VN8VRR64C62KT2J2,01M0WWQ74M3NWYAJGQB0ESKAD2,1,01M0WWZBDJ6CA985ZGF4JYT3P6,Abstract shapes with what looks like a little house on top,TRUE
01M0WXEB66246Z08B0NAYCR3E8,01M0WWQ74M3NWYAJGQB0ESKAD2,2,01M0WX6P9Z1RRJ4EYT8244HGBW,the most solid figure,TRUE
01M0WY8WKNWA8H9629N5TNQQEG,01M0WWQAZTRSENW9JN2FSQ4BA7,20,01M0WY0YPE1FGB7GNWHKCY08ZN,dragon with big eye!,TRUE
01M0WXGEFNGENV5E5QDKK6HHW9,01M0WWQ74ND1AHANTF309RNWJE,0,01M0WX0T78NE9YVPZSCJ5NTGX1,house with legs,TRUE
01M0WY96E70T8WSBPJYRTRDJM4,01M0WWQAZPP7VBJF1WXDE2YKFW,43,01M0WXSYNRXCYGT80QAR430CBD,large triangles pointing to the left. Large solid shape with corners cut on the right.,TRUE
01M0WY7G5YZTZY1P0BASW26M84,01M0WWQ9XW83PGVA4HF3WT9HVR,13,01M0WXR5QX7RT0467EJCPJ9Y2Y,looks like a house,TRUE
01M0WY7G5YZTZY1P0BASW26M84,01M0WWQ9XW83PGVA4HF3WT9HVR,13,01M0WXR5QX7RT0467EJCPJ9Y2Y,bottom has triangle facing left,TRUE
01M0WY7G5YZTZY1P0BASW26M84,01M0WWQ9XW83PGVA4HF3WT9HVR,13,01M0WXR5QX7RT0467EJCPJ9Y2Y,with diamond attached to it,TRUE
01M0WY7G5YZTZY1P0BASW26M84,01M0WWQ9XW83PGVA4HF3WT9HVR,13,01M0WXR5QX7RT0467EJCPJ9Y2Y,top has inside white irregular diamond,TRUE
01M0WY7G5YZTZY1P0BASW26M84,01M0WWQ9XW83PGVA4HF3WT9HVR,13,01M0WY0ECEQWZG8FEZD72ENETD,house or hallelujah,FALSE
01M0WY7G5YZTZY1P0BASW26M84,01M0WWQ9XW83PGVA4HF3WT9HVR,13,01M0WXR5QX7RT0467EJCPJ9Y2Y,house,TRUE
01M0WY8D5RX4BP7N0N7SS59WTW,01M0WWQ9XT2Q7RF2RHNCTTRDNK,2,01M0WY1FH5WQS14DQ3V446M8AM,descirption,FALSE
01M0WY8D5RX4BP7N0N7SS59WTW,01M0WWQ9XT2Q7RF2RHNCTTRDNK,2,01M0WY1FH5WQS14DQ3V446M8AM,type here,FALSE
01M0WY8D5RX4BP7N0N7SS59WTW,01M0WWQ9XT2Q7RF2RHNCTTRDNK,2,01M0WY1FH5WQS14DQ3V446M8AM,????,FALSE
01M0WY8D5RX4BP7N0N7SS59WTW,01M0WWQ9XT2Q7RF2RHNCTTRDNK,2,01M0WY1V9QET0HYE5N0547967Y,has a triangle on it and arrow pointing left,TRUE
01M0WY96A1RYC0PTFPN9V3A6C1,01M0WWQAZPP7VBJF1WXDE2YKFW,41,01M0WXSYNRXCYGT80QAR430CBD,"one triangle in bottom left corner. jagged shape overall. more squat smaller shape on the right, not the tall larger one.",TRUE
01M0WY8WPZE8P2EF21XW7ZZYVR,01M0WWQAZTRSENW9JN2FSQ4BA7,29,01M0WY09KXZQGZCXQXZTYFDW8C,"house shape inside, pointing left",TRUE
01M0WXAW4SBEDQEAEQC25Z7MN2,01M0WWQ74H7CSGCPAHPDSCJ0PV,38,01M0WX9MXH1SX7Q50079HW9F7E,Black triangle and diamond at the bottom,TRUE
01M0WY8WMFCAQKYSFJYZ17TAKD,01M0WWQAZTRSENW9JN2FSQ4BA7,44,01M0WY0YPE1FGB7GNWHKCY08ZN,ship with square in middle,TRUE
01M0WXAW3J2XC27KW8X7V6AM2C,01M0WWQ74H7CSGCPAHPDSCJ0PV,1,01M0WX9MXH1SX7Q50079HW9F7E,not a lot of time,FALSE
01M0WXAW3J2XC27KW8X7V6AM2C,01M0WWQ74H7CSGCPAHPDSCJ0PV,1,01M0WX667JRE4461924BYZ6YJ1,has a space below that looks like a triangle,TRUE
01M0WXEB7CMEJCN6WCX1HM6RR8,01M0WWQ74M3NWYAJGQB0ESKAD2,4,01M0WWZBDJ6CA985ZGF4JYT3P6,hello!,FALSE
01M0WY8D8DRCA2WGC3NSTYZQDF,01M0WWQ9XT2Q7RF2RHNCTTRDNK,17,01M0WY1FH5WQS14DQ3V446M8AM,two wide legs with a black diamond on top,TRUE
01M0WY7G753XTA4DS4QMSCW520,01M0WWQ9XW83PGVA4HF3WT9HVR,19,01M0WXR5QX7RT0467EJCPJ9Y2Y,diamond at very top,TRUE
01M0WY7G753XTA4DS4QMSCW520,01M0WWQ9XW83PGVA4HF3WT9HVR,19,01M0WXR5QX7RT0467EJCPJ9Y2Y,on top of a rectangle,TRUE
01M0WY7G753XTA4DS4QMSCW520,01M0WWQ9XW83PGVA4HF3WT9HVR,19,01M0WXR5QX7RT0467EJCPJ9Y2Y,bottom has a white missing triangle,TRUE
01M0WY7G9JB725YS1652Q94YSF,01M0WWQ9XW83PGVA4HF3WT9HVR,39,01M0WXR5QX7RT0467EJCPJ9Y2Y,diamond on top,TRUE
01M0WY7G9JB725YS1652Q94YSF,01M0WWQ9XW83PGVA4HF3WT9HVR,39,01M0WXR5QX7RT0467EJCPJ9Y2Y,bottom stairs,TRUE
01M0WY7G9JB725YS1652Q94YSF,01M0WWQ9XW83PGVA4HF3WT9HVR,39,01M0WXR5QX7RT0467EJCPJ9Y2Y,and boot,TRUE
01M0WY8DAR54E31SRFCKX0798W,01M0WWQ9XT2Q7RF2RHNCTTRDNK,26,01M0WY1V9QET0HYE5N0547967Y,a small diagonal on the hat,TRUE
01M0WY9685FVDBXV7N2ERWS941,01M0WWQAZPP7VBJF1WXDE2YKFW,0,01M0WY2T8PBZPVGKC7BWFHJ59J,"2 triangles on its side facing left. an empty rectangle in the middle, a single point facing right",TRUE
01M0WY7G7WXH77PJDAZW8GT0HH,01M0WWQ9XW83PGVA4HF3WT9HVR,27,01M0WXR5QX7RT0467EJCPJ9Y2Y,diamond top,TRUE
01M0WY7G7WXH77PJDAZW8GT0HH,01M0WWQ9XW83PGVA4HF3WT9HVR,27,01M0WXR5QX7RT0467EJCPJ9Y2Y,on top of rectangle,TRUE
01M0WY7G7WXH77PJDAZW8GT0HH,01M0WWQ9XW83PGVA4HF3WT9HVR,27,01M0WXR5QX7RT0467EJCPJ9Y2Y,on a house,TRUE
01M0WY7G7WXH77PJDAZW8GT0HH,01M0WWQ9XW83PGVA4HF3WT9HVR,27,01M0WXR5QX7RT0467EJCPJ9Y2Y,all black,TRUE
01M0WY7G7WXH77PJDAZW8GT0HH,01M0WWQ9XW83PGVA4HF3WT9HVR,27,01M0WXR5QX7RT0467EJCPJ9Y2Y,no white gaps,TRUE
01M0WY4ETBS2PPZDN6FT6561A3,01M0WWQ9XVXJV1JR4118CY5W09,15,01M0WY0C090AZDG2K9X542KKDB,has a crown at the top,TRUE
01M0WY4EV8AY1EX1X5PGYBR0RS,01M0WWQ9XVXJV1JR4118CY5W09,9,01M0WY0C090AZDG2K9X542KKDB,"an arrow at the top, diamond beneath",TRUE
01M0WXEB613R883BP7CRQQ1YFM,01M0WWQ74M3NWYAJGQB0ESKAD2,0,01M0WX6P9Z1RRJ4EYT8244HGBW,kind of resembles a water fountain,TRUE
01M0WY8D6ZG6SVDWRW7EP6GRJP,01M0WWQ9XT2Q7RF2RHNCTTRDNK,44,01M0WY1V9QET0HYE5N0547967Y,arrow underneath with a little diagonal,TRUE
01M0WY8WPFP15DB2YBHAGAF95J,01M0WWQAZTRSENW9JN2FSQ4BA7,31,01M0WY09KXZQGZCXQXZTYFDW8C,3 triangles,TRUE
01M0WY4EW4PXHS83RR3E0WHHAP,01M0WWQ9XVXJV1JR4118CY5W09,29,01M0WY0C090AZDG2K9X542KKDB,spiky above,TRUE
01M0WY7G87NZFSD1GS4H01E6AV,01M0WWQ9XW83PGVA4HF3WT9HVR,31,01M0WXR5QX7RT0467EJCPJ9Y2Y,hallelujah hands,TRUE
01M0WY7G87NZFSD1GS4H01E6AV,01M0WWQ9XW83PGVA4HF3WT9HVR,31,01M0WXR5QX7RT0467EJCPJ9Y2Y,balck bas with triangle pointin left,TRUE
01M0WY7G87NZFSD1GS4H01E6AV,01M0WWQ9XW83PGVA4HF3WT9HVR,31,01M0WXR5QX7RT0467EJCPJ9Y2Y,NOT STAIR ONE!,TRUE
01M0WY7G87NZFSD1GS4H01E6AV,01M0WWQ9XW83PGVA4HF3WT9HVR,31,01M0WXR5QX7RT0467EJCPJ9Y2Y,white triangle in bottom,TRUE
01M0WY8WK2PQ29JX6CJ3H0PSHR,01M0WWQAZTRSENW9JN2FSQ4BA7,27,01M0WY09KXZQGZCXQXZTYFDW8C,v shape and square with diagonal lines,TRUE
01M0WY4EZ9GG2NZRGYB3R0ZCT3,01M0WWQ9XVXJV1JR4118CY5W09,38,01M0WY0ENCGBGZ9MKY7CZKA71D,very spiky,TRUE
01M0WY4EZ9GG2NZRGYB3R0ZCT3,01M0WWQ9XVXJV1JR4118CY5W09,38,01M0WY0ENCGBGZ9MKY7CZKA71D,arrow,TRUE
01M0WY4EZ9GG2NZRGYB3R0ZCT3,01M0WWQ9XVXJV1JR4118CY5W09,38,01M0WY0ENCGBGZ9MKY7CZKA71D,diamond below,TRUE
01M0WY7G5CRHN1S2W9HVNF4PX3,01M0WWQ9XW83PGVA4HF3WT9HVR,8,01M0WY0ECEQWZG8FEZD72ENETD,so its a house shaped top,TRUE
01M0WY7G5CRHN1S2W9HVNF4PX3,01M0WWQ9XW83PGVA4HF3WT9HVR,8,01M0WY0ECEQWZG8FEZD72ENETD,with an irregular shaped diamond inside,TRUE
01M0WY7G5CRHN1S2W9HVNF4PX3,01M0WWQ9XW83PGVA4HF3WT9HVR,8,01M0WY0ECEQWZG8FEZD72ENETD,triangle to the left,TRUE
01M0WY7G5CRHN1S2W9HVNF4PX3,01M0WWQ9XW83PGVA4HF3WT9HVR,8,01M0WY0ECEQWZG8FEZD72ENETD,diamond touching the triangle,TRUE
01M0WY8WVDH75AK6D1W39JHEJ0,01M0WWQAZTRSENW9JN2FSQ4BA7,2,01M0WY0YPE1FGB7GNWHKCY08ZN,"stop sign with a roof on it at the bottom, diamond at the top, a house shape in the middle",TRUE
01M0WXAW64FY1CGPWHBFFM7P4X,01M0WWQ74H7CSGCPAHPDSCJ0PV,15,01M0WX667JRE4461924BYZ6YJ1,lokks like a big triangle like shape with a space in it of the same shapre and the uder is box ike,TRUE
01M0WY4ETD41E6R78QNNYKWMSC,01M0WWQ9XVXJV1JR4118CY5W09,16,01M0WY0ENCGBGZ9MKY7CZKA71D,chimney on left,TRUE
01M0WY4ETD41E6R78QNNYKWMSC,01M0WWQ9XVXJV1JR4118CY5W09,16,01M0WY0ENCGBGZ9MKY7CZKA71D,bit like a boat from the side,TRUE
01M0WY7G4DA9ETP6XQ259BR0SD,01M0WWQ9XW83PGVA4HF3WT9HVR,2,01M0WY0ECEQWZG8FEZD72ENETD,top looks like a diamond on it,TRUE
01M0WY7G4DA9ETP6XQ259BR0SD,01M0WWQ9XW83PGVA4HF3WT9HVR,2,01M0WXR5QX7RT0467EJCPJ9Y2Y,is the bottome fully black or no,FALSE
01M0WY7G4DA9ETP6XQ259BR0SD,01M0WWQ9XW83PGVA4HF3WT9HVR,2,01M0WY0ECEQWZG8FEZD72ENETD,body looks rectangular,TRUE
01M0WY7G4DA9ETP6XQ259BR0SD,01M0WWQ9XW83PGVA4HF3WT9HVR,2,01M0WY0ECEQWZG8FEZD72ENETD,with two legs by the side,TRUE
01M0WY7G4DA9ETP6XQ259BR0SD,01M0WWQ9XW83PGVA4HF3WT9HVR,2,01M0WXR5QX7RT0467EJCPJ9Y2Y,triangle in white ?,FALSE
01M0WY8DB5E5GRZ0C0W70SQVFJ,01M0WWQ9XT2Q7RF2RHNCTTRDNK,28,01M0WY1FH5WQS14DQ3V446M8AM,?,FALSE
01M0WY8DB5E5GRZ0C0W70SQVFJ,01M0WWQ9XT2Q7RF2RHNCTTRDNK,28,01M0WY1V9QET0HYE5N0547967Y,two thin legs  wide witha triangle on top,TRUE
01M0WY8D5NGYYKGTV1JP84TW5Z,01M0WWQ9XT2Q7RF2RHNCTTRDNK,34,01M0WY1V9QET0HYE5N0547967Y,got a little diagonal on top,TRUE
01M0WY8WQ1X78VV8NE687CA56V,01M0WWQAZTRSENW9JN2FSQ4BA7,28,01M0WY0YPE1FGB7GNWHKCY08ZN,open box with diamond/triangle coming out,TRUE
01M0WXAWAYSZYQG2G9VK5QTMW6,01M0WWQ74H7CSGCPAHPDSCJ0PV,31,01M0WX667JRE4461924BYZ6YJ1,shape with the same shape in it and box like under,TRUE
01M0WY4EZN76KEWCDRXE0BCXH5,01M0WWQ9XVXJV1JR4118CY5W09,41,01M0WY0C090AZDG2K9X542KKDB,2 horns,TRUE
01M0WY8DANEE04SZP2WVVS33FX,01M0WWQ9XT2Q7RF2RHNCTTRDNK,25,01M0WY1FH5WQS14DQ3V446M8AM,"a box with a triangle roof with a white triangle in the middle, its the only one",TRUE
01M0WXAW5D7MAAM7NXFQA14XN6,01M0WWQ74H7CSGCPAHPDSCJ0PV,11,01M0WX667JRE4461924BYZ6YJ1,in the middle there is a space that looks like a rectangle that is bent,TRUE
01M0WY7G5FQ4V999YEMXXH0VQC,01M0WWQ9XW83PGVA4HF3WT9HVR,9,01M0WXR5QX7RT0467EJCPJ9Y2Y,bottom half looks llike an open box,TRUE
01M0WY7G5FQ4V999YEMXXH0VQC,01M0WWQ9XW83PGVA4HF3WT9HVR,9,01M0WXR5QX7RT0467EJCPJ9Y2Y,top half looks like a house,TRUE
01M0WY7G5FQ4V999YEMXXH0VQC,01M0WWQ9XW83PGVA4HF3WT9HVR,9,01M0WXR5QX7RT0467EJCPJ9Y2Y,with irregular shape diamond inside,TRUE
01M0WY7G5FQ4V999YEMXXH0VQC,01M0WWQ9XW83PGVA4HF3WT9HVR,9,01M0WXR5QX7RT0467EJCPJ9Y2Y,"top of the ""house"" has a rectangle",TRUE
01M0WY7G5FQ4V999YEMXXH0VQC,01M0WWQ9XW83PGVA4HF3WT9HVR,9,01M0WXR5QX7RT0467EJCPJ9Y2Y,bottom half is comleteley black,TRUE
01M0WY7G5FQ4V999YEMXXH0VQC,01M0WWQ9XW83PGVA4HF3WT9HVR,9,01M0WY0ECEQWZG8FEZD72ENETD,okay,FALSE
01M0WY8WKZP9NH429E385K1ZHC,01M0WWQAZTRSENW9JN2FSQ4BA7,16,01M0WY0YPE1FGB7GNWHKCY08ZN,"house on legs, running left",TRUE
01M0WY8WM32FNG2JE202Q6ZZEJ,01M0WWQAZTRSENW9JN2FSQ4BA7,47,01M0WY09KXZQGZCXQXZTYFDW8C,house shape inside of it,TRUE
01M0WY8WN5RB5JF4N3A57Q34HN,01M0WWQAZTRSENW9JN2FSQ4BA7,41,01M0WY09KXZQGZCXQXZTYFDW8C,3 triangles,TRUE
01M0WY4ES8D179KPZE1JQP1T8H,01M0WWQ9XVXJV1JR4118CY5W09,1,01M0WY0C090AZDG2K9X542KKDB,both pointed ends,TRUE
01M0WY4ES8D179KPZE1JQP1T8H,01M0WWQ9XVXJV1JR4118CY5W09,1,01M0WY0ENCGBGZ9MKY7CZKA71D,hello,FALSE
01M0WY8D7NQT3GYWF5VQ9NSEAZ,01M0WWQ9XT2Q7RF2RHNCTTRDNK,10,01M0WY1FH5WQS14DQ3V446M8AM,?,FALSE
01M0WY8D7NQT3GYWF5VQ9NSEAZ,01M0WWQ9XT2Q7RF2RHNCTTRDNK,10,01M0WY1FH5WQS14DQ3V446M8AM,??,FALSE
01M0WY8D7NQT3GYWF5VQ9NSEAZ,01M0WWQ9XT2Q7RF2RHNCTTRDNK,10,01M0WY1V9QET0HYE5N0547967Y,it looks like a roof house and same shape inside,TRUE
01M0WY96B6Q147131RRXXMS6GX,01M0WWQAZPP7VBJF1WXDE2YKFW,15,01M0WXSYNRXCYGT80QAR430CBD,left side is multiple large triangles pointing left. the right side is an upright rectangle that fills in the top right corner,TRUE
01M0WY4ESQ2BRVNFPKJ7QCJHK7,01M0WWQ9XVXJV1JR4118CY5W09,7,01M0WY0C090AZDG2K9X542KKDB,"2 diamonds, top and bottom",TRUE
01M0WY4F1WVFXEQV1KS1MTXDJ5,01M0WWQ9XVXJV1JR4118CY5W09,43,01M0WY0C090AZDG2K9X542KKDB,"a house, white center",TRUE
01M0WY968MG2PG96FZXNBECRM2,01M0WWQAZPP7VBJF1WXDE2YKFW,8,01M0WY2T8PBZPVGKC7BWFHJ59J,a sold shape with a rectabgle hole on the middle. right side is a bit like a hexagon,TRUE
01M0WY96CP8T2PX10CHC9S92HB,01M0WWQAZPP7VBJF1WXDE2YKFW,6,01M0WY2T8PBZPVGKC7BWFHJ59J,"left is a zagged shape with 2 triangles, right has a triangle pointing to top right corner",TRUE
01M0WY96G0GQ1X6T2J8TQ7EEGT,01M0WWQAZPP7VBJF1WXDE2YKFW,34,01M0WY2T8PBZPVGKC7BWFHJ59J,empty rectangle in middle,TRUE
01M0WY96G0GQ1X6T2J8TQ7EEGT,01M0WWQAZPP7VBJF1WXDE2YKFW,34,01M0WY2T8PBZPVGKC7BWFHJ59J,no boat,TRUE
01M0WY7GAC3SF2HT8D1YF5T90E,01M0WWQ9XW83PGVA4HF3WT9HVR,42,01M0WY0ECEQWZG8FEZD72ENETD,diamond on top,TRUE
01M0WY7GAC3SF2HT8D1YF5T90E,01M0WWQ9XW83PGVA4HF3WT9HVR,42,01M0WY0ECEQWZG8FEZD72ENETD,sitting on a total black base with outward points,TRUE
01M0WY8DBB24GYE3D4A0VKQRPW,01M0WWQ9XT2Q7RF2RHNCTTRDNK,30,01M0WY1V9QET0HYE5N0547967Y,two this wide legs with a bull horn,TRUE
01M0WY96AERDK30AXYN9V8TM7C,01M0WWQAZPP7VBJF1WXDE2YKFW,26,01M0WY2T8PBZPVGKC7BWFHJ59J,small triangle bottom left,TRUE
01M0WY96AERDK30AXYN9V8TM7C,01M0WWQAZPP7VBJF1WXDE2YKFW,26,01M0WY2T8PBZPVGKC7BWFHJ59J,large traingle pointing to top right,TRUE
01M0WY7G723ER3P6A4X3C5NTQN,01M0WWQ9XW83PGVA4HF3WT9HVR,18,01M0WY0ECEQWZG8FEZD72ENETD,triangle that looks like a house is inside of it,TRUE
01M0WY7G723ER3P6A4X3C5NTQN,01M0WWQ9XW83PGVA4HF3WT9HVR,18,01M0WY0ECEQWZG8FEZD72ENETD,but this time the base is all dark,TRUE
01M0WY8WKDCE3EJGCZB8H1YRVN,01M0WWQAZTRSENW9JN2FSQ4BA7,24,01M0WY0YPE1FGB7GNWHKCY08ZN,"upwards pointing arrow at top, small diamond on the bottom",TRUE
01M0WY8WNKP86N08919QZ7NSTT,01M0WWQAZTRSENW9JN2FSQ4BA7,36,01M0WY0YPE1FGB7GNWHKCY08ZN,open box,TRUE
