id,config,configLastChangedAt,endedReason,endedReasonLastChangedAt,initialized,initializedLastChangedAt,lobbyConfig,lobbyConfigLastChangedAt,status,statusLastChangedAt
01JH9SGKR50W5ED7CXSG3TQF7R,"{""kind"":""complete"",""config"":{""treatments"":[{""treatment"":{""name"":""full-comp-within"",""factors"":{""contextSize"":4,""contextStructure"":""comp-within"",""feedbackDuration"":3,""maxTimeout"":5,""numRepetitionsWithPartner"":4,""playerCount"":2,""selectionDuration"":60,""showNegativeFeedback"":1}},""count"":1}]}}",2025-01-11T04:21:18.213122084Z,all games finished,2025-01-11T05:14:35.176175063Z,true,2025-01-11T04:21:18.221839745Z,"{""name"":""3m individual kick"",""kind"":""individual"",""duration"":180000000000,""strategy"":""ignore""}",2025-01-11T04:21:18.213122084Z,ended,2025-01-11T05:14:35.176175063Z
01JH9SGM9Y88X030VM49TRMRVS,"{""kind"":""complete"",""config"":{""treatments"":[{""treatment"":{""name"":""full-comp-within"",""factors"":{""contextSize"":4,""contextStructure"":""comp-within"",""feedbackDuration"":3,""maxTimeout"":5,""numRepetitionsWithPartner"":4,""playerCount"":2,""selectionDuration"":60,""showNegativeFeedback"":1}},""count"":1}]}}",2025-01-11T04:21:18.782748322Z,all games finished,2025-01-11T05:29:49.135538909Z,true,2025-01-11T04:21:18.790562931Z,"{""name"":""3m individual kick"",""kind"":""individual"",""duration"":180000000000,""strategy"":""ignore""}",2025-01-11T04:21:18.782748322Z,ended,2025-01-11T05:29:49.135538909Z
01JH9SGB85HG90JC6PW00MFPF5,"{""kind"":""complete"",""config"":{""treatments"":[{""treatment"":{""name"":""full-comp-within"",""factors"":{""contextSize"":4,""contextStructure"":""comp-within"",""feedbackDuration"":3,""maxTimeout"":5,""numRepetitionsWithPartner"":4,""playerCount"":2,""selectionDuration"":60,""showNegativeFeedback"":1}},""count"":1}]}}",2025-01-11T04:21:09.509670684Z,all games finished,2025-01-11T05:10:38.657382728Z,true,2025-01-11T04:21:09.51837338Z,"{""name"":""3m individual kick"",""kind"":""individual"",""duration"":180000000000,""strategy"":""ignore""}",2025-01-11T04:21:09.509670684Z,ended,2025-01-11T05:10:38.657382728Z
01JH9SGE6MZ80HYJT5W4D3K43Z,"{""kind"":""complete"",""config"":{""treatments"":[{""treatment"":{""name"":""full-comp-within"",""factors"":{""contextSize"":4,""contextStructure"":""comp-within"",""feedbackDuration"":3,""maxTimeout"":5,""numRepetitionsWithPartner"":4,""playerCount"":2,""selectionDuration"":60,""showNegativeFeedback"":1}},""count"":1}]}}",2025-01-11T04:21:12.532076543Z,all games finished,2025-01-11T05:29:21.117307612Z,true,2025-01-11T04:21:12.539849945Z,"{""name"":""3m individual kick"",""kind"":""individual"",""duration"":180000000000,""strategy"":""ignore""}",2025-01-11T04:21:12.532076543Z,ended,2025-01-11T05:29:21.117307612Z
01JH9SGAXPRX1SN1DJE6R807K5,"{""kind"":""complete"",""config"":{""treatments"":[{""treatment"":{""name"":""full-comp-within"",""factors"":{""contextSize"":4,""contextStructure"":""comp-within"",""feedbackDuration"":3,""maxTimeout"":5,""numRepetitionsWithPartner"":4,""playerCount"":2,""selectionDuration"":60,""showNegativeFeedback"":1}},""count"":1}]}}",2025-01-11T04:21:09.174743692Z,all games finished,2025-01-11T05:18:00.227612101Z,true,2025-01-11T04:21:09.182713384Z,"{""name"":""3m individual kick"",""kind"":""individual"",""duration"":180000000000,""strategy"":""ignore""}",2025-01-11T04:21:09.174743692Z,ended,2025-01-11T05:18:00.227612101Z
01JH9SGDKV1EQ95V1SDDJNDQ5X,"{""kind"":""complete"",""config"":{""treatments"":[{""treatment"":{""name"":""full-comp-within"",""factors"":{""contextSize"":4,""contextStructure"":""comp-within"",""feedbackDuration"":3,""maxTimeout"":5,""numRepetitionsWithPartner"":4,""playerCount"":2,""selectionDuration"":60,""showNegativeFeedback"":1}},""count"":1}]}}",2025-01-11T04:21:11.931521917Z,all games finished,2025-01-11T05:14:06.38186097Z,true,2025-01-11T04:21:11.93872774Z,"{""name"":""3m individual kick"",""kind"":""individual"",""duration"":180000000000,""strategy"":""ignore""}",2025-01-11T04:21:11.931521917Z,ended,2025-01-11T05:14:06.38186097Z
01JH9SGKF7EQ1XC0PDNHES0FBJ,"{""kind"":""complete"",""config"":{""treatments"":[{""treatment"":{""name"":""full-comp-within"",""factors"":{""contextSize"":4,""contextStructure"":""comp-within"",""feedbackDuration"":3,""maxTimeout"":5,""numRepetitionsWithPartner"":4,""playerCount"":2,""selectionDuration"":60,""showNegativeFeedback"":1}},""count"":1}]}}",2025-01-11T04:21:17.927666974Z,all games finished,2025-01-11T04:44:06.500378756Z,true,2025-01-11T04:21:17.93511684Z,"{""name"":""3m individual kick"",""kind"":""individual"",""duration"":180000000000,""strategy"":""ignore""}",2025-01-11T04:21:17.927666974Z,ended,2025-01-11T04:44:06.500378756Z
01JH9VBFB1QZKZMY6PQC7WNTKS,"{""kind"":""complete"",""config"":{""treatments"":[{""treatment"":{""name"":""full-comp-within"",""factors"":{""contextSize"":4,""contextStructure"":""comp-within"",""feedbackDuration"":3,""maxTimeout"":5,""numRepetitionsWithPartner"":4,""playerCount"":2,""selectionDuration"":60,""showNegativeFeedback"":1}},""count"":1}]}}",2025-01-11T04:53:27.009215633Z,all games finished,2025-01-11T05:33:09.005069729Z,true,2025-01-11T04:53:27.11087114Z,"{""name"":""3m individual kick"",""kind"":""individual"",""duration"":180000000000,""strategy"":""ignore""}",2025-01-11T04:53:27.009215633Z,ended,2025-01-11T05:33:09.005069729Z
01JH9VMBD4Z5STDMYH967P5RSE,"{""kind"":""complete"",""config"":{""treatments"":[{""treatment"":{""name"":""full-comp-within"",""factors"":{""contextSize"":4,""contextStructure"":""comp-within"",""feedbackDuration"":3,""maxTimeout"":5,""numRepetitionsWithPartner"":4,""playerCount"":2,""selectionDuration"":60,""showNegativeFeedback"":1}},""count"":1}]}}",2025-01-11T04:58:17.892254186Z,,,true,2025-01-11T04:58:44.100314878Z,"{""name"":""3m individual kick"",""kind"":""individual"",""duration"":180000000000,""strategy"":""ignore""}",2025-01-11T04:58:17.892254186Z,terminated,2025-01-11T05:41:45.963623411Z
01JH9VNZG27AKVHG14PPGHEAWQ,"{""kind"":""complete"",""config"":{""treatments"":[{""treatment"":{""name"":""full-comp-within"",""factors"":{""contextSize"":4,""contextStructure"":""comp-within"",""feedbackDuration"":3,""maxTimeout"":5,""numRepetitionsWithPartner"":4,""playerCount"":2,""selectionDuration"":60,""showNegativeFeedback"":1}},""count"":1}]}}",2025-01-11T04:59:11.234854881Z,,,true,2025-01-11T04:59:33.759636633Z,"{""name"":""3m individual kick"",""kind"":""individual"",""duration"":180000000000,""strategy"":""ignore""}",2025-01-11T04:59:11.234854881Z,terminated,2025-01-11T05:41:44.084940504Z
01JH9SG4YAC4R7FD4NWSNE5X2F,"{""kind"":""complete"",""config"":{""treatments"":[{""treatment"":{""name"":""full-comp-within"",""factors"":{""contextSize"":4,""contextStructure"":""comp-within"",""feedbackDuration"":3,""maxTimeout"":5,""numRepetitionsWithPartner"":4,""playerCount"":2,""selectionDuration"":60,""showNegativeFeedback"":1}},""count"":1}]}}",2025-01-11T04:21:03.050193924Z,,,true,2025-01-11T04:21:03.063275218Z,"{""name"":""3m individual kick"",""kind"":""individual"",""duration"":180000000000,""strategy"":""ignore""}",2025-01-11T04:21:03.050193924Z,terminated,2025-01-11T04:53:33.043609297Z
01JH9SG5ST2WM6WFVR52F3X3Q2,"{""kind"":""complete"",""config"":{""treatments"":[{""treatment"":{""name"":""full-comp-within"",""factors"":{""contextSize"":4,""contextStructure"":""comp-within"",""feedbackDuration"":3,""maxTimeout"":5,""numRepetitionsWithPartner"":4,""playerCount"":2,""selectionDuration"":60,""showNegativeFeedback"":1}},""count"":1}]}}",2025-01-11T04:21:03.930275786Z,all games finished,2025-01-11T05:38:16.257999753Z,true,2025-01-11T04:21:03.941482257Z,"{""name"":""3m individual kick"",""kind"":""individual"",""duration"":180000000000,""strategy"":""ignore""}",2025-01-11T04:21:03.930275786Z,ended,2025-01-11T05:38:16.257999753Z
01JH9SGD26GHVCQ7ZSKNSPCJTH,"{""kind"":""complete"",""config"":{""treatments"":[{""treatment"":{""name"":""full-comp-within"",""factors"":{""contextSize"":4,""contextStructure"":""comp-within"",""feedbackDuration"":3,""maxTimeout"":5,""numRepetitionsWithPartner"":4,""playerCount"":2,""selectionDuration"":60,""showNegativeFeedback"":1}},""count"":1}]}}",2025-01-11T04:21:11.366223418Z,all games finished,2025-01-11T05:08:04.189319701Z,true,2025-01-11T04:21:11.373104175Z,"{""name"":""3m individual kick"",""kind"":""individual"",""duration"":180000000000,""strategy"":""ignore""}",2025-01-11T04:21:11.366223418Z,ended,2025-01-11T05:08:04.189319701Z
01JH9SGDB0AS17H3YKH5SZFYHW,"{""kind"":""complete"",""config"":{""treatments"":[{""treatment"":{""name"":""full-comp-within"",""factors"":{""contextSize"":4,""contextStructure"":""comp-within"",""feedbackDuration"":3,""maxTimeout"":5,""numRepetitionsWithPartner"":4,""playerCount"":2,""selectionDuration"":60,""showNegativeFeedback"":1}},""count"":1}]}}",2025-01-11T04:21:11.648577521Z,all games finished,2025-01-11T04:34:02.262963477Z,true,2025-01-11T04:21:11.655188517Z,"{""name"":""3m individual kick"",""kind"":""individual"",""duration"":180000000000,""strategy"":""ignore""}",2025-01-11T04:21:11.648577521Z,ended,2025-01-11T04:34:02.262963477Z
01JH9SGDWB70FZC6HETBPTKBNQ,"{""kind"":""complete"",""config"":{""treatments"":[{""treatment"":{""name"":""full-comp-within"",""factors"":{""contextSize"":4,""contextStructure"":""comp-within"",""feedbackDuration"":3,""maxTimeout"":5,""numRepetitionsWithPartner"":4,""playerCount"":2,""selectionDuration"":60,""showNegativeFeedback"":1}},""count"":1}]}}",2025-01-11T04:21:12.203282368Z,all games finished,2025-01-11T05:05:31.5429709Z,true,2025-01-11T04:21:12.219237375Z,"{""name"":""3m individual kick"",""kind"":""individual"",""duration"":180000000000,""strategy"":""ignore""}",2025-01-11T04:21:12.203282368Z,ended,2025-01-11T05:05:31.5429709Z
01JH9SGGED7AN10ZCDRBGS8N1C,"{""kind"":""complete"",""config"":{""treatments"":[{""treatment"":{""name"":""full-comp-within"",""factors"":{""contextSize"":4,""contextStructure"":""comp-within"",""feedbackDuration"":3,""maxTimeout"":5,""numRepetitionsWithPartner"":4,""playerCount"":2,""selectionDuration"":60,""showNegativeFeedback"":1}},""count"":1}]}}",2025-01-11T04:21:14.82950842Z,all games finished,2025-01-11T05:11:13.147771172Z,true,2025-01-11T04:21:14.838256121Z,"{""name"":""3m individual kick"",""kind"":""individual"",""duration"":180000000000,""strategy"":""ignore""}",2025-01-11T04:21:14.82950842Z,ended,2025-01-11T05:11:13.147771172Z
01JH9SGM0CQS8NB7HSS37C4DA6,"{""kind"":""complete"",""config"":{""treatments"":[{""treatment"":{""name"":""full-comp-within"",""factors"":{""contextSize"":4,""contextStructure"":""comp-within"",""feedbackDuration"":3,""maxTimeout"":5,""numRepetitionsWithPartner"":4,""playerCount"":2,""selectionDuration"":60,""showNegativeFeedback"":1}},""count"":1}]}}",2025-01-11T04:21:18.476335537Z,all games finished,2025-01-11T05:17:29.908240141Z,true,2025-01-11T04:21:18.485740501Z,"{""name"":""3m individual kick"",""kind"":""individual"",""duration"":180000000000,""strategy"":""ignore""}",2025-01-11T04:21:18.476335537Z,ended,2025-01-11T05:17:29.908240141Z
01JH9SG391E07A9V3SEEEDHWFZ,"{""kind"":""complete"",""config"":{""treatments"":[{""treatment"":{""name"":""full-comp-within"",""factors"":{""contextSize"":4,""contextStructure"":""comp-within"",""feedbackDuration"":3,""maxTimeout"":5,""numRepetitionsWithPartner"":4,""playerCount"":2,""selectionDuration"":60,""showNegativeFeedback"":1}},""count"":1}]}}",2025-01-11T04:21:01.34507267Z,all games finished,2025-01-11T05:34:00.925506371Z,true,2025-01-11T04:21:01.362496232Z,"{""name"":""3m individual kick"",""kind"":""individual"",""duration"":180000000000,""strategy"":""ignore""}",2025-01-11T04:21:01.34507267Z,ended,2025-01-11T05:34:00.925506371Z
01JH9SG789Q3JDWPWFKY4MDQWJ,"{""kind"":""complete"",""config"":{""treatments"":[{""treatment"":{""name"":""full-comp-within"",""factors"":{""contextSize"":4,""contextStructure"":""comp-within"",""feedbackDuration"":3,""maxTimeout"":5,""numRepetitionsWithPartner"":4,""playerCount"":2,""selectionDuration"":60,""showNegativeFeedback"":1}},""count"":1}]}}",2025-01-11T04:21:05.417079202Z,all games finished,2025-01-11T05:21:28.774188228Z,true,2025-01-11T04:21:05.425728209Z,"{""name"":""3m individual kick"",""kind"":""individual"",""duration"":180000000000,""strategy"":""ignore""}",2025-01-11T04:21:05.417079202Z,ended,2025-01-11T05:21:28.774188228Z
01JH9SGAA0WCVGJ2BK8MK3A0V0,"{""kind"":""complete"",""config"":{""treatments"":[{""treatment"":{""name"":""full-comp-within"",""factors"":{""contextSize"":4,""contextStructure"":""comp-within"",""feedbackDuration"":3,""maxTimeout"":5,""numRepetitionsWithPartner"":4,""playerCount"":2,""selectionDuration"":60,""showNegativeFeedback"":1}},""count"":1}]}}",2025-01-11T04:21:08.544083056Z,all games finished,2025-01-11T05:30:23.871824527Z,true,2025-01-11T04:21:08.551184243Z,"{""name"":""3m individual kick"",""kind"":""individual"",""duration"":180000000000,""strategy"":""ignore""}",2025-01-11T04:21:08.544083056Z,ended,2025-01-11T05:30:23.871824527Z
01JH9SGAN912NK76VBK4YZ59G5,"{""kind"":""complete"",""config"":{""treatments"":[{""treatment"":{""name"":""full-comp-within"",""factors"":{""contextSize"":4,""contextStructure"":""comp-within"",""feedbackDuration"":3,""maxTimeout"":5,""numRepetitionsWithPartner"":4,""playerCount"":2,""selectionDuration"":60,""showNegativeFeedback"":1}},""count"":1}]}}",2025-01-11T04:21:08.905631919Z,all games finished,2025-01-11T05:20:39.301229972Z,true,2025-01-11T04:21:08.913519308Z,"{""name"":""3m individual kick"",""kind"":""individual"",""duration"":180000000000,""strategy"":""ignore""}",2025-01-11T04:21:08.905631919Z,ended,2025-01-11T05:20:39.301229972Z
01JH9SG6RF4C9BZ8Z35HR73T5T,"{""kind"":""complete"",""config"":{""treatments"":[{""treatment"":{""name"":""full-comp-within"",""factors"":{""contextSize"":4,""contextStructure"":""comp-within"",""feedbackDuration"":3,""maxTimeout"":5,""numRepetitionsWithPartner"":4,""playerCount"":2,""selectionDuration"":60,""showNegativeFeedback"":1}},""count"":1}]}}",2025-01-11T04:21:04.911223945Z,all games finished,2025-01-11T05:35:13.471793464Z,true,2025-01-11T04:21:04.919282499Z,"{""name"":""3m individual kick"",""kind"":""individual"",""duration"":180000000000,""strategy"":""ignore""}",2025-01-11T04:21:04.911223945Z,ended,2025-01-11T05:35:13.471793464Z
01JH9SGA08620GRHXTCW7C21NW,"{""kind"":""complete"",""config"":{""treatments"":[{""treatment"":{""name"":""full-comp-within"",""factors"":{""contextSize"":4,""contextStructure"":""comp-within"",""feedbackDuration"":3,""maxTimeout"":5,""numRepetitionsWithPartner"":4,""playerCount"":2,""selectionDuration"":60,""showNegativeFeedback"":1}},""count"":1}]}}",2025-01-11T04:21:08.232423312Z,all games finished,2025-01-11T04:59:37.467009415Z,true,2025-01-11T04:21:08.239899686Z,"{""name"":""3m individual kick"",""kind"":""individual"",""duration"":180000000000,""strategy"":""ignore""}",2025-01-11T04:21:08.232423312Z,ended,2025-01-11T04:59:37.467009415Z
