id,actualPlayerCount,actualPlayerCountLastChangedAt,batchID,batchIDLastChangedAt,bottomTangrams,bottomTangramsLastChangedAt,contextSize,contextSizeLastChangedAt,contextStructure,contextStructureLastChangedAt,ended,endedLastChangedAt,endedInactive,endedInactiveLastChangedAt,endedReason,endedReasonLastChangedAt,groupID,groupIDLastChangedAt,justStarted,justStartedLastChangedAt,maxTimeout,maxTimeoutLastChangedAt,numRoundsInactive,numRoundsInactiveLastChangedAt,rotation,rotationLastChangedAt,roundIndex,roundIndexLastChangedAt,showNegativeFeedback,showNegativeFeedbackLastChangedAt,stageID,stageIDLastChangedAt,start,startLastChangedAt,starting,startingLastChangedAt,status,statusLastChangedAt,targets,targetsLastChangedAt,topTangrams,topTangramsLastChangedAt,treatment,treatmentLastChangedAt,treatmentName,treatmentNameLastChangedAt
01JH9SGAA658NFPWXGCTEHJ41E,2,2025-01-11T04:47:06.562250017Z,01JH9SGAA0WCVGJ2BK8MK3A0V0,2025-01-11T04:21:08.550678492Z,"[221,361,22,331]",2025-01-11T04:47:07.736378352Z,4,2025-01-11T04:47:06.646571526Z,comp-within,2025-01-11T04:47:06.646571526Z,true,2025-01-11T05:30:23.408476475Z,false,2025-01-11T04:47:06.646571526Z,end of game,2025-01-11T05:30:23.799889988Z,01JH9SGAAJGBVHP349RBEHGT74,2025-01-11T04:21:08.56430412Z,false,2025-01-11T04:47:29.534356745Z,5,2025-01-11T04:47:06.646571526Z,0,2025-01-11T05:07:43.955540235Z,0,2025-01-11T04:47:06.646571526Z,63,2025-01-11T04:47:07.736378352Z,1,2025-01-11T04:47:06.646571526Z,null,2025-01-11T05:30:23.408476475Z,true,2025-01-11T04:47:06.562250017Z,true,2025-01-11T04:47:06.562250017Z,ended,2025-01-11T05:30:23.799889988Z,"[[266,221],[266,361],[266,22],[266,331],[293,221],[293,361],[293,22],[293,331],[341,221],[341,361],[341,22],[341,331],[283,221],[283,361],[283,22],[283,331]]",2025-01-11T04:47:07.736378352Z,"[266,293,341,283]",2025-01-11T04:47:07.736378352Z,"{""contextSize"":4,""contextStructure"":""comp-within"",""feedbackDuration"":3,""maxTimeout"":5,""numRepetitionsWithPartner"":4,""playerCount"":2,""selectionDuration"":60,""showNegativeFeedback"":1}",2025-01-11T04:21:08.550678492Z,full-comp-within,2025-01-11T04:21:08.550678492Z
01JH9SGAXY80Q61E4V3J2PWF19,2,2025-01-11T04:35:55.036293927Z,01JH9SGAXPRX1SN1DJE6R807K5,2025-01-11T04:21:09.182443249Z,"[187,456,284,463]",2025-01-11T04:35:55.627636816Z,4,2025-01-11T04:35:55.08351397Z,comp-within,2025-01-11T04:35:55.08351397Z,true,2025-01-11T05:17:59.954961155Z,false,2025-01-11T04:35:55.08351397Z,end of game,2025-01-11T05:18:00.154603705Z,01JH9SGAYAAYB5901NZVBR41MF,2025-01-11T04:21:09.196050702Z,false,2025-01-11T04:36:04.979424359Z,5,2025-01-11T04:35:55.08351397Z,0,2025-01-11T04:37:59.160215221Z,0,2025-01-11T04:35:55.08351397Z,63,2025-01-11T04:35:55.627636816Z,1,2025-01-11T04:35:55.08351397Z,null,2025-01-11T05:17:59.954961155Z,true,2025-01-11T04:35:55.036293927Z,true,2025-01-11T04:35:55.036293927Z,ended,2025-01-11T05:18:00.154603705Z,"[[367,187],[367,456],[367,284],[367,463],[117,187],[117,456],[117,284],[117,463],[461,187],[461,456],[461,284],[461,463],[165,187],[165,456],[165,284],[165,463]]",2025-01-11T04:35:55.627636816Z,"[367,117,461,165]",2025-01-11T04:35:55.627636816Z,"{""contextSize"":4,""contextStructure"":""comp-within"",""feedbackDuration"":3,""maxTimeout"":5,""numRepetitionsWithPartner"":4,""playerCount"":2,""selectionDuration"":60,""showNegativeFeedback"":1}",2025-01-11T04:21:09.182443249Z,full-comp-within,2025-01-11T04:21:09.182443249Z
01JH9SGKFEJ4J3SWDMRZA4QK72,2,2025-01-11T04:38:35.795756901Z,01JH9SGKF7EQ1XC0PDNHES0FBJ,2025-01-11T04:21:17.934072893Z,"[331,294,296,108]",2025-01-11T04:38:36.694505313Z,4,2025-01-11T04:38:35.849939184Z,comp-within,2025-01-11T04:38:35.849939184Z,true,2025-01-11T04:44:06.484531962Z,true,2025-01-11T04:44:06.468439594Z,timeOut,2025-01-11T04:44:06.468439594Z,01JH9SGKFSG5CMJ7KCM526WCKP,2025-01-11T04:21:17.946524767Z,false,2025-01-11T04:38:49.264226521Z,5,2025-01-11T04:38:35.849939184Z,5,2025-01-11T04:44:06.468439594Z,180,2025-01-11T04:38:35.849939184Z,63,2025-01-11T04:38:36.694505313Z,1,2025-01-11T04:38:35.849939184Z,null,2025-01-11T04:44:06.484531962Z,true,2025-01-11T04:38:35.795756901Z,true,2025-01-11T04:38:35.795756901Z,ended,2025-01-11T04:44:06.468439594Z,"[[74,331],[74,294],[74,296],[74,108],[143,331],[143,294],[143,296],[143,108],[436,331],[436,294],[436,296],[436,108],[48,331],[48,294],[48,296],[48,108]]",2025-01-11T04:38:36.694505313Z,"[74,143,436,48]",2025-01-11T04:38:36.694505313Z,"{""contextSize"":4,""contextStructure"":""comp-within"",""feedbackDuration"":3,""maxTimeout"":5,""numRepetitionsWithPartner"":4,""playerCount"":2,""selectionDuration"":60,""showNegativeFeedback"":1}",2025-01-11T04:21:17.934072893Z,full-comp-within,2025-01-11T04:21:17.934072893Z
01JH9SGKRECV5BXRCS4MDYERV4,2,2025-01-11T04:40:28.308144738Z,01JH9SGKR50W5ED7CXSG3TQF7R,2025-01-11T04:21:18.222035472Z,"[70,431,187,467]",2025-01-11T04:40:29.275305577Z,4,2025-01-11T04:40:28.381764873Z,comp-within,2025-01-11T04:40:28.381764873Z,true,2025-01-11T05:14:34.28218586Z,false,2025-01-11T04:40:28.381764873Z,end of game,2025-01-11T05:14:34.832694051Z,01JH9SGKRRRAXRARM141QWQGYY,2025-01-11T04:21:18.233877607Z,false,2025-01-11T04:40:43.478664867Z,5,2025-01-11T04:40:28.381764873Z,0,2025-01-11T04:40:28.381764873Z,0,2025-01-11T04:40:28.381764873Z,63,2025-01-11T04:40:29.275305577Z,1,2025-01-11T04:40:28.381764873Z,null,2025-01-11T05:14:34.28218586Z,true,2025-01-11T04:40:28.308144738Z,true,2025-01-11T04:40:28.308144738Z,ended,2025-01-11T05:14:34.832694051Z,"[[34,70],[34,431],[34,187],[34,467],[267,70],[267,431],[267,187],[267,467],[376,70],[376,431],[376,187],[376,467],[158,70],[158,431],[158,187],[158,467]]",2025-01-11T04:40:29.275305577Z,"[34,267,376,158]",2025-01-11T04:40:29.275305577Z,"{""contextSize"":4,""contextStructure"":""comp-within"",""feedbackDuration"":3,""maxTimeout"":5,""numRepetitionsWithPartner"":4,""playerCount"":2,""selectionDuration"":60,""showNegativeFeedback"":1}",2025-01-11T04:21:18.222035472Z,full-comp-within,2025-01-11T04:21:18.222035472Z
01JH9SGM0KF2XWB034M9GS3AGQ,2,2025-01-11T04:43:39.604541571Z,01JH9SGM0CQS8NB7HSS37C4DA6,2025-01-11T04:21:18.483464034Z,"[270,52,183,258]",2025-01-11T04:43:40.845431651Z,4,2025-01-11T04:43:39.689764111Z,comp-within,2025-01-11T04:43:39.689764111Z,true,2025-01-11T05:17:29.743333407Z,false,2025-01-11T04:43:39.689764111Z,end of game,2025-01-11T05:17:29.849109873Z,01JH9SGM12J999MNVYFNSJKFGJ,2025-01-11T04:21:18.499471897Z,false,2025-01-11T04:43:58.607050564Z,5,2025-01-11T04:43:39.689764111Z,0,2025-01-11T04:46:55.93208334Z,180,2025-01-11T04:43:39.689764111Z,63,2025-01-11T04:43:40.845431651Z,1,2025-01-11T04:43:39.689764111Z,null,2025-01-11T05:17:29.743333407Z,true,2025-01-11T04:43:39.604541571Z,true,2025-01-11T04:43:39.604541571Z,ended,2025-01-11T05:17:29.849109873Z,"[[103,270],[103,52],[103,183],[103,258],[425,270],[425,52],[425,183],[425,258],[385,270],[385,52],[385,183],[385,258],[327,270],[327,52],[327,183],[327,258]]",2025-01-11T04:43:40.845431651Z,"[103,425,385,327]",2025-01-11T04:43:40.845431651Z,"{""contextSize"":4,""contextStructure"":""comp-within"",""feedbackDuration"":3,""maxTimeout"":5,""numRepetitionsWithPartner"":4,""playerCount"":2,""selectionDuration"":60,""showNegativeFeedback"":1}",2025-01-11T04:21:18.483464034Z,full-comp-within,2025-01-11T04:21:18.483464034Z
01JH9SG78HVVRSBRB5PATQ33NW,2,2025-01-11T04:51:42.993660872Z,01JH9SG789Q3JDWPWFKY4MDQWJ,2025-01-11T04:21:05.425875198Z,"[193,433,196,329]",2025-01-11T04:51:44.841044823Z,4,2025-01-11T04:51:43.210721203Z,comp-within,2025-01-11T04:51:43.210721203Z,true,2025-01-11T05:21:28.602930166Z,false,2025-01-11T04:51:43.210721203Z,end of game,2025-01-11T05:21:28.713515487Z,01JH9SG78YHDY77ZDXP30YCCXT,2025-01-11T04:21:05.44013293Z,false,2025-01-11T04:52:11.264924909Z,5,2025-01-11T04:51:43.210721203Z,0,2025-01-11T04:51:43.210721203Z,0,2025-01-11T04:51:43.210721203Z,63,2025-01-11T04:51:44.841044823Z,1,2025-01-11T04:51:43.210721203Z,null,2025-01-11T05:21:28.602930166Z,true,2025-01-11T04:51:42.993660872Z,true,2025-01-11T04:51:42.993660872Z,ended,2025-01-11T05:21:28.713515487Z,"[[127,193],[127,433],[127,196],[127,329],[25,193],[25,433],[25,196],[25,329],[311,193],[311,433],[311,196],[311,329],[452,193],[452,433],[452,196],[452,329]]",2025-01-11T04:51:44.841044823Z,"[127,25,311,452]",2025-01-11T04:51:44.841044823Z,"{""contextSize"":4,""contextStructure"":""comp-within"",""feedbackDuration"":3,""maxTimeout"":5,""numRepetitionsWithPartner"":4,""playerCount"":2,""selectionDuration"":60,""showNegativeFeedback"":1}",2025-01-11T04:21:05.425875198Z,full-comp-within,2025-01-11T04:21:05.425875198Z
01JH9SGDM23MYAYE14PAZBTC0A,2,2025-01-11T04:31:10.774985302Z,01JH9SGDKV1EQ95V1SDDJNDQ5X,2025-01-11T04:21:11.938486991Z,"[165,202,348,7]",2025-01-11T04:31:11.031590887Z,4,2025-01-11T04:31:10.796780443Z,comp-within,2025-01-11T04:31:10.796780443Z,true,2025-01-11T05:14:06.186833601Z,false,2025-01-11T04:31:10.796780443Z,end of game,2025-01-11T05:14:06.328145097Z,01JH9SGDMDCRVNY4BAMCXEH3JZ,2025-01-11T04:21:11.950551751Z,false,2025-01-11T04:31:13.225772937Z,5,2025-01-11T04:31:10.796780443Z,0,2025-01-11T04:32:59.747082724Z,180,2025-01-11T04:31:10.796780443Z,63,2025-01-11T04:31:11.031590887Z,1,2025-01-11T04:31:10.796780443Z,null,2025-01-11T05:14:06.186833601Z,true,2025-01-11T04:31:10.774985302Z,true,2025-01-11T04:31:10.774985302Z,ended,2025-01-11T05:14:06.328145097Z,"[[24,165],[24,202],[24,348],[24,7],[356,165],[356,202],[356,348],[356,7],[326,165],[326,202],[326,348],[326,7],[362,165],[362,202],[362,348],[362,7]]",2025-01-11T04:31:11.031590887Z,"[24,356,326,362]",2025-01-11T04:31:11.031590887Z,"{""contextSize"":4,""contextStructure"":""comp-within"",""feedbackDuration"":3,""maxTimeout"":5,""numRepetitionsWithPartner"":4,""playerCount"":2,""selectionDuration"":60,""showNegativeFeedback"":1}",2025-01-11T04:21:11.938486991Z,full-comp-within,2025-01-11T04:21:11.938486991Z
01JH9SGDWVBQGVH0A8WK0YXR7R,2,2025-01-11T04:32:01.375612683Z,01JH9SGDWB70FZC6HETBPTKBNQ,2025-01-11T04:21:12.219105874Z,"[128,384,46,274]",2025-01-11T04:32:01.648744558Z,4,2025-01-11T04:32:01.402002473Z,comp-within,2025-01-11T04:32:01.402002473Z,true,2025-01-11T05:05:31.382388331Z,false,2025-01-11T04:32:01.402002473Z,end of game,2025-01-11T05:05:31.484949084Z,01JH9SGDX84BQDWRBTE27EFSZC,2025-01-11T04:21:12.233715397Z,false,2025-01-11T04:32:06.643286677Z,5,2025-01-11T04:32:01.402002473Z,0,2025-01-11T04:32:01.402002473Z,180,2025-01-11T04:32:01.402002473Z,63,2025-01-11T04:32:01.648744558Z,1,2025-01-11T04:32:01.402002473Z,null,2025-01-11T05:05:31.382388331Z,true,2025-01-11T04:32:01.375612683Z,true,2025-01-11T04:32:01.375612683Z,ended,2025-01-11T05:05:31.484949084Z,"[[449,128],[449,384],[449,46],[449,274],[93,128],[93,384],[93,46],[93,274],[215,128],[215,384],[215,46],[215,274],[268,128],[268,384],[268,46],[268,274]]",2025-01-11T04:32:01.648744558Z,"[449,93,215,268]",2025-01-11T04:32:01.648744558Z,"{""contextSize"":4,""contextStructure"":""comp-within"",""feedbackDuration"":3,""maxTimeout"":5,""numRepetitionsWithPartner"":4,""playerCount"":2,""selectionDuration"":60,""showNegativeFeedback"":1}",2025-01-11T04:21:12.219105874Z,full-comp-within,2025-01-11T04:21:12.219105874Z
01JH9SGE6WNQGJ9QXAAXMXB1KM,2,2025-01-11T04:34:29.577252304Z,01JH9SGE6MZ80HYJT5W4D3K43Z,2025-01-11T04:21:12.540135795Z,"[469,372,245,375]",2025-01-11T04:34:29.955528188Z,4,2025-01-11T04:34:29.611698076Z,comp-within,2025-01-11T04:34:29.611698076Z,true,2025-01-11T05:29:20.926748566Z,false,2025-01-11T04:34:29.611698076Z,end of game,2025-01-11T05:29:21.051056528Z,01JH9SGE770EKGZ719TY7JA039,2025-01-11T04:21:12.5526496Z,false,2025-01-11T04:34:36.341707328Z,5,2025-01-11T04:34:29.611698076Z,0,2025-01-11T05:24:24.958680725Z,90,2025-01-11T04:34:29.611698076Z,63,2025-01-11T04:34:29.955528188Z,1,2025-01-11T04:34:29.611698076Z,null,2025-01-11T05:29:20.926748566Z,true,2025-01-11T04:34:29.577252304Z,true,2025-01-11T04:34:29.577252304Z,ended,2025-01-11T05:29:21.051056528Z,"[[378,469],[378,372],[378,245],[378,375],[458,469],[458,372],[458,245],[458,375],[151,469],[151,372],[151,245],[151,375],[384,469],[384,372],[384,245],[384,375]]",2025-01-11T04:34:29.955528188Z,"[378,458,151,384]",2025-01-11T04:34:29.955528188Z,"{""contextSize"":4,""contextStructure"":""comp-within"",""feedbackDuration"":3,""maxTimeout"":5,""numRepetitionsWithPartner"":4,""playerCount"":2,""selectionDuration"":60,""showNegativeFeedback"":1}",2025-01-11T04:21:12.540135795Z,full-comp-within,2025-01-11T04:21:12.540135795Z
01JH9SGMA5SQW06Q2RHZM566J9,2,2025-01-11T04:45:00.235344633Z,01JH9SGM9Y88X030VM49TRMRVS,2025-01-11T04:21:18.78955555Z,"[464,276,136,144]",2025-01-11T04:45:01.43294625Z,4,2025-01-11T04:45:00.320012221Z,comp-within,2025-01-11T04:45:00.320012221Z,true,2025-01-11T05:29:48.933005232Z,false,2025-01-11T04:45:00.320012221Z,end of game,2025-01-11T05:29:49.07113437Z,01JH9SGMAGJ32Y4EPKN5ZYQES3,2025-01-11T04:21:18.802064604Z,false,2025-01-11T04:45:21.122484112Z,5,2025-01-11T04:45:00.320012221Z,0,2025-01-11T05:02:02.97380218Z,180,2025-01-11T04:45:00.320012221Z,63,2025-01-11T04:45:01.43294625Z,1,2025-01-11T04:45:00.320012221Z,null,2025-01-11T05:29:48.933005232Z,true,2025-01-11T04:45:00.235344633Z,true,2025-01-11T04:45:00.235344633Z,ended,2025-01-11T05:29:49.07113437Z,"[[332,464],[332,276],[332,136],[332,144],[440,464],[440,276],[440,136],[440,144],[361,464],[361,276],[361,136],[361,144],[77,464],[77,276],[77,136],[77,144]]",2025-01-11T04:45:01.43294625Z,"[332,440,361,77]",2025-01-11T04:45:01.43294625Z,"{""contextSize"":4,""contextStructure"":""comp-within"",""feedbackDuration"":3,""maxTimeout"":5,""numRepetitionsWithPartner"":4,""playerCount"":2,""selectionDuration"":60,""showNegativeFeedback"":1}",2025-01-11T04:21:18.78955555Z,full-comp-within,2025-01-11T04:21:18.78955555Z
01JH9VN50YWG54N7E5XRD63T32,,,01JH9VMBD4Z5STDMYH967P5RSE,2025-01-11T04:58:44.12633317Z,,,,,,,false,2025-01-11T04:58:44.12633317Z,,,batch ended,2025-01-11T05:41:46.028062152Z,01JH9VNFTWA5WHXNX8APBNWKX1,2025-01-11T04:58:55.199331992Z,,,,,,,,,,,,,,,false,2025-01-11T04:58:44.12633317Z,,,terminated,2025-01-11T05:41:46.028062152Z,,,,,"{""contextSize"":4,""contextStructure"":""comp-within"",""feedbackDuration"":3,""maxTimeout"":5,""numRepetitionsWithPartner"":4,""playerCount"":2,""selectionDuration"":60,""showNegativeFeedback"":1}",2025-01-11T04:58:44.12633317Z,full-comp-within,2025-01-11T04:58:44.12633317Z
01JH9VBFDGM47W1W3QSJ9HDKW9,2,2025-01-11T04:58:01.05536854Z,01JH9VBFB1QZKZMY6PQC7WNTKS,2025-01-11T04:53:27.088219279Z,"[15,44,293,98]",2025-01-11T04:58:03.664196338Z,4,2025-01-11T04:58:01.264580494Z,comp-within,2025-01-11T04:58:01.264580494Z,true,2025-01-11T05:33:08.821000216Z,false,2025-01-11T04:58:01.264580494Z,end of game,2025-01-11T05:33:08.940142895Z,01JH9VBFJQRJ7HTCA5Y3ZCJSNJ,2025-01-11T04:53:27.26054508Z,false,2025-01-11T04:58:55.856974664Z,5,2025-01-11T04:58:01.264580494Z,0,2025-01-11T05:03:21.901831694Z,270,2025-01-11T04:58:01.264580494Z,63,2025-01-11T04:58:03.664196338Z,1,2025-01-11T04:58:01.264580494Z,null,2025-01-11T05:33:08.821000216Z,true,2025-01-11T04:58:01.05536854Z,true,2025-01-11T04:58:01.05536854Z,ended,2025-01-11T05:33:08.940142895Z,"[[367,15],[367,44],[367,293],[367,98],[315,15],[315,44],[315,293],[315,98],[250,15],[250,44],[250,293],[250,98],[420,15],[420,44],[420,293],[420,98]]",2025-01-11T04:58:03.664196338Z,"[367,315,250,420]",2025-01-11T04:58:03.664196338Z,"{""contextSize"":4,""contextStructure"":""comp-within"",""feedbackDuration"":3,""maxTimeout"":5,""numRepetitionsWithPartner"":4,""playerCount"":2,""selectionDuration"":60,""showNegativeFeedback"":1}",2025-01-11T04:53:27.088219279Z,full-comp-within,2025-01-11T04:53:27.088219279Z
01JH9VPNF0NXTPQFRM4RTSZ4XG,,,01JH9VNZG27AKVHG14PPGHEAWQ,2025-01-11T04:59:33.728876381Z,,,,,,,false,2025-01-11T04:59:33.728876381Z,,,batch ended,2025-01-11T05:41:44.148920193Z,01JH9VPPWEXDZN3FCAVK9FYRYF,2025-01-11T04:59:35.189544697Z,,,,,,,,,,,,,,,false,2025-01-11T04:59:33.728876381Z,,,terminated,2025-01-11T05:41:44.148920193Z,,,,,"{""contextSize"":4,""contextStructure"":""comp-within"",""feedbackDuration"":3,""maxTimeout"":5,""numRepetitionsWithPartner"":4,""playerCount"":2,""selectionDuration"":60,""showNegativeFeedback"":1}",2025-01-11T04:59:33.728876381Z,full-comp-within,2025-01-11T04:59:33.728876381Z
01JH9SG39H578XJ3P04Z8MFRKQ,2,2025-01-11T04:58:43.903049285Z,01JH9SG391E07A9V3SEEEDHWFZ,2025-01-11T04:21:01.361803022Z,"[164,450,379,149]",2025-01-11T04:58:47.367566027Z,4,2025-01-11T04:58:44.980047957Z,comp-within,2025-01-11T04:58:44.980047957Z,true,2025-01-11T05:34:00.725152579Z,false,2025-01-11T04:58:44.980047957Z,end of game,2025-01-11T05:34:00.852785275Z,01JH9SG3A4ZSRZ1F1VKBCVND1D,2025-01-11T04:21:01.383943142Z,false,2025-01-11T04:59:35.069362961Z,5,2025-01-11T04:58:44.980047957Z,0,2025-01-11T05:01:10.501949832Z,90,2025-01-11T04:58:44.980047957Z,63,2025-01-11T04:58:47.367566027Z,1,2025-01-11T04:58:44.980047957Z,null,2025-01-11T05:34:00.725152579Z,true,2025-01-11T04:58:43.903049285Z,true,2025-01-11T04:58:43.903049285Z,ended,2025-01-11T05:34:00.852785275Z,"[[17,164],[17,450],[17,379],[17,149],[195,164],[195,450],[195,379],[195,149],[224,164],[224,450],[224,379],[224,149],[374,164],[374,450],[374,379],[374,149]]",2025-01-11T04:58:47.367566027Z,"[17,195,224,374]",2025-01-11T04:58:47.367566027Z,"{""contextSize"":4,""contextStructure"":""comp-within"",""feedbackDuration"":3,""maxTimeout"":5,""numRepetitionsWithPartner"":4,""playerCount"":2,""selectionDuration"":60,""showNegativeFeedback"":1}",2025-01-11T04:21:01.361803022Z,full-comp-within,2025-01-11T04:21:01.361803022Z
01JH9SG4YP5K3Y5SZVF6JH64VG,,,01JH9SG4YAC4R7FD4NWSNE5X2F,2025-01-11T04:21:03.062675558Z,,,,,,,false,2025-01-11T04:21:03.062675558Z,,,batch ended,2025-01-11T04:53:33.074003529Z,01JH9SG4Z67916DP88X09A7K9Y,2025-01-11T04:21:03.08027576Z,,,,,,,,,,,,,,,false,2025-01-11T04:21:03.062675558Z,,,terminated,2025-01-11T04:53:33.074003529Z,,,,,"{""contextSize"":4,""contextStructure"":""comp-within"",""feedbackDuration"":3,""maxTimeout"":5,""numRepetitionsWithPartner"":4,""playerCount"":2,""selectionDuration"":60,""showNegativeFeedback"":1}",2025-01-11T04:21:03.062675558Z,full-comp-within,2025-01-11T04:21:03.062675558Z
01JH9SG6RQ5PT1CRXPH2DDTEVN,2,2025-01-11T04:52:41.211115689Z,01JH9SG6RF4C9BZ8Z35HR73T5T,2025-01-11T04:21:04.91946283Z,"[336,354,344,292]",2025-01-11T04:52:43.831173232Z,4,2025-01-11T04:52:42.128121795Z,comp-within,2025-01-11T04:52:42.128121795Z,true,2025-01-11T05:35:13.284810935Z,false,2025-01-11T04:52:42.128121795Z,end of game,2025-01-11T05:35:13.406990201Z,01JH9SG6S31J87NYTN4DGPQW16,2025-01-11T04:21:04.933234717Z,false,2025-01-11T04:53:14.793394503Z,5,2025-01-11T04:52:42.128121795Z,0,2025-01-11T05:03:18.603254621Z,90,2025-01-11T04:52:42.128121795Z,63,2025-01-11T04:52:43.831173232Z,1,2025-01-11T04:52:42.128121795Z,null,2025-01-11T05:35:13.284810935Z,true,2025-01-11T04:52:41.211115689Z,true,2025-01-11T04:52:41.211115689Z,ended,2025-01-11T05:35:13.406990201Z,"[[137,336],[137,354],[137,344],[137,292],[213,336],[213,354],[213,344],[213,292],[205,336],[205,354],[205,344],[205,292],[258,336],[258,354],[258,344],[258,292]]",2025-01-11T04:52:43.831173232Z,"[137,213,205,258]",2025-01-11T04:52:43.831173232Z,"{""contextSize"":4,""contextStructure"":""comp-within"",""feedbackDuration"":3,""maxTimeout"":5,""numRepetitionsWithPartner"":4,""playerCount"":2,""selectionDuration"":60,""showNegativeFeedback"":1}",2025-01-11T04:21:04.91946283Z,full-comp-within,2025-01-11T04:21:04.91946283Z
01JH9SGA0GSBG31D368JKMWKZT,2,2025-01-11T04:52:10.814934467Z,01JH9SGA08620GRHXTCW7C21NW,2025-01-11T04:21:08.240060043Z,"[404,240,232,277]",2025-01-11T04:52:12.837841833Z,4,2025-01-11T04:52:11.212412916Z,comp-within,2025-01-11T04:52:11.212412916Z,true,2025-01-11T04:59:36.500452308Z,true,2025-01-11T04:59:36.459510689Z,timeOut,2025-01-11T04:59:36.459510689Z,01JH9SGA0TZT910PHQDVG4D8ZF,2025-01-11T04:21:08.252349713Z,false,2025-01-11T04:52:43.744057982Z,5,2025-01-11T04:52:11.212412916Z,5,2025-01-11T04:59:36.459510689Z,180,2025-01-11T04:52:11.212412916Z,63,2025-01-11T04:52:12.837841833Z,1,2025-01-11T04:52:11.212412916Z,null,2025-01-11T04:59:36.500452308Z,true,2025-01-11T04:52:10.814934467Z,true,2025-01-11T04:52:10.814934467Z,ended,2025-01-11T04:59:36.459510689Z,"[[22,404],[22,240],[22,232],[22,277],[336,404],[336,240],[336,232],[336,277],[188,404],[188,240],[188,232],[188,277],[461,404],[461,240],[461,232],[461,277]]",2025-01-11T04:52:12.837841833Z,"[22,336,188,461]",2025-01-11T04:52:12.837841833Z,"{""contextSize"":4,""contextStructure"":""comp-within"",""feedbackDuration"":3,""maxTimeout"":5,""numRepetitionsWithPartner"":4,""playerCount"":2,""selectionDuration"":60,""showNegativeFeedback"":1}",2025-01-11T04:21:08.240060043Z,full-comp-within,2025-01-11T04:21:08.240060043Z
01JH9SGB8DR3ZQBTE62666YJ37,2,2025-01-11T04:37:12.452538019Z,01JH9SGB85HG90JC6PW00MFPF5,2025-01-11T04:21:09.517328444Z,"[400,157,410,404]",2025-01-11T04:37:13.140054167Z,4,2025-01-11T04:37:12.506813027Z,comp-within,2025-01-11T04:37:12.506813027Z,true,2025-01-11T05:10:38.364482526Z,false,2025-01-11T04:37:12.506813027Z,end of game,2025-01-11T05:10:38.591367244Z,01JH9SGB8V493WPZWZDR2VNJ4Q,2025-01-11T04:21:09.532297727Z,false,2025-01-11T04:37:23.570631605Z,5,2025-01-11T04:37:12.506813027Z,0,2025-01-11T04:37:12.506813027Z,270,2025-01-11T04:37:12.506813027Z,63,2025-01-11T04:37:13.140054167Z,1,2025-01-11T04:37:12.506813027Z,null,2025-01-11T05:10:38.364482526Z,true,2025-01-11T04:37:12.452538019Z,true,2025-01-11T04:37:12.452538019Z,ended,2025-01-11T05:10:38.591367244Z,"[[33,400],[33,157],[33,410],[33,404],[110,400],[110,157],[110,410],[110,404],[115,400],[115,157],[115,410],[115,404],[273,400],[273,157],[273,410],[273,404]]",2025-01-11T04:37:13.140054167Z,"[33,110,115,273]",2025-01-11T04:37:13.140054167Z,"{""contextSize"":4,""contextStructure"":""comp-within"",""feedbackDuration"":3,""maxTimeout"":5,""numRepetitionsWithPartner"":4,""playerCount"":2,""selectionDuration"":60,""showNegativeFeedback"":1}",2025-01-11T04:21:09.517328444Z,full-comp-within,2025-01-11T04:21:09.517328444Z
01JH9SGDB6V4KA35FB3X2GAV3X,2,2025-01-11T04:28:43.761237228Z,01JH9SGDB0AS17H3YKH5SZFYHW,2025-01-11T04:21:11.655003049Z,"[276,222,221,468]",2025-01-11T04:28:43.961518234Z,4,2025-01-11T04:28:43.783393368Z,comp-within,2025-01-11T04:28:43.783393368Z,true,2025-01-11T04:34:02.256027861Z,true,2025-01-11T04:34:02.249469292Z,timeOut,2025-01-11T04:34:02.249469292Z,01JH9SGDBHAC9V1GCMJF5EXXRC,2025-01-11T04:21:11.66711035Z,false,2025-01-11T04:28:47.119382173Z,5,2025-01-11T04:28:43.783393368Z,5,2025-01-11T04:34:02.249469292Z,0,2025-01-11T04:28:43.783393368Z,63,2025-01-11T04:28:43.961518234Z,1,2025-01-11T04:28:43.783393368Z,null,2025-01-11T04:34:02.256027861Z,true,2025-01-11T04:28:43.761237228Z,true,2025-01-11T04:28:43.761237228Z,ended,2025-01-11T04:34:02.249469292Z,"[[148,276],[148,222],[148,221],[148,468],[200,276],[200,222],[200,221],[200,468],[241,276],[241,222],[241,221],[241,468],[455,276],[455,222],[455,221],[455,468]]",2025-01-11T04:28:43.961518234Z,"[148,200,241,455]",2025-01-11T04:28:43.961518234Z,"{""contextSize"":4,""contextStructure"":""comp-within"",""feedbackDuration"":3,""maxTimeout"":5,""numRepetitionsWithPartner"":4,""playerCount"":2,""selectionDuration"":60,""showNegativeFeedback"":1}",2025-01-11T04:21:11.655003049Z,full-comp-within,2025-01-11T04:21:11.655003049Z
01JH9SG5T4Q3ZQ4H2N2EHSQGEP,2,2025-01-11T04:54:22.077567404Z,01JH9SG5ST2WM6WFVR52F3X3Q2,2025-01-11T04:21:03.940652444Z,"[351,74,233,96]",2025-01-11T04:54:24.375801679Z,4,2025-01-11T04:54:22.386685608Z,comp-within,2025-01-11T04:54:22.386685608Z,true,2025-01-11T05:38:16.053158994Z,false,2025-01-11T04:54:22.386685608Z,end of game,2025-01-11T05:38:16.194859301Z,01JH9SG5THFPEJC4NNRT9E24V4,2025-01-11T04:21:03.955647654Z,false,2025-01-11T04:54:59.545487755Z,5,2025-01-11T04:54:22.386685608Z,0,2025-01-11T05:01:42.264165538Z,0,2025-01-11T04:54:22.386685608Z,63,2025-01-11T04:54:24.375801679Z,1,2025-01-11T04:54:22.386685608Z,null,2025-01-11T05:38:16.053158994Z,true,2025-01-11T04:54:22.077567404Z,true,2025-01-11T04:54:22.077567404Z,ended,2025-01-11T05:38:16.194859301Z,"[[247,351],[247,74],[247,233],[247,96],[332,351],[332,74],[332,233],[332,96],[262,351],[262,74],[262,233],[262,96],[416,351],[416,74],[416,233],[416,96]]",2025-01-11T04:54:24.375801679Z,"[247,332,262,416]",2025-01-11T04:54:24.375801679Z,"{""contextSize"":4,""contextStructure"":""comp-within"",""feedbackDuration"":3,""maxTimeout"":5,""numRepetitionsWithPartner"":4,""playerCount"":2,""selectionDuration"":60,""showNegativeFeedback"":1}",2025-01-11T04:21:03.940652444Z,full-comp-within,2025-01-11T04:21:03.940652444Z
01JH9SGANGGTGW8W15B3ZH9HAP,2,2025-01-11T04:34:54.292474398Z,01JH9SGAN912NK76VBK4YZ59G5,2025-01-11T04:21:08.912402895Z,"[351,389,190,34]",2025-01-11T04:34:54.77248586Z,4,2025-01-11T04:34:54.331681847Z,comp-within,2025-01-11T04:34:54.331681847Z,true,2025-01-11T05:20:39.114269164Z,false,2025-01-11T04:34:54.331681847Z,end of game,2025-01-11T05:20:39.236431085Z,01JH9SGANVGQ01APCS2VKY1F4M,2025-01-11T04:21:08.925109419Z,false,2025-01-11T04:35:01.78700217Z,5,2025-01-11T04:34:54.331681847Z,0,2025-01-11T04:34:54.331681847Z,90,2025-01-11T04:34:54.331681847Z,63,2025-01-11T04:34:54.77248586Z,1,2025-01-11T04:34:54.331681847Z,null,2025-01-11T05:20:39.114269164Z,true,2025-01-11T04:34:54.292474398Z,true,2025-01-11T04:34:54.292474398Z,ended,2025-01-11T05:20:39.236431085Z,"[[150,351],[150,389],[150,190],[150,34],[66,351],[66,389],[66,190],[66,34],[302,351],[302,389],[302,190],[302,34],[10,351],[10,389],[10,190],[10,34]]",2025-01-11T04:34:54.77248586Z,"[150,66,302,10]",2025-01-11T04:34:54.77248586Z,"{""contextSize"":4,""contextStructure"":""comp-within"",""feedbackDuration"":3,""maxTimeout"":5,""numRepetitionsWithPartner"":4,""playerCount"":2,""selectionDuration"":60,""showNegativeFeedback"":1}",2025-01-11T04:21:08.912402895Z,full-comp-within,2025-01-11T04:21:08.912402895Z
01JH9SGD2D84H6QRD39YNK7Q94,2,2025-01-11T04:28:02.042085057Z,01JH9SGD26GHVCQ7ZSKNSPCJTH,2025-01-11T04:21:11.373299458Z,"[440,45,134,86]",2025-01-11T04:28:02.294850085Z,4,2025-01-11T04:28:02.059708064Z,comp-within,2025-01-11T04:28:02.059708064Z,true,2025-01-11T05:08:03.694725868Z,false,2025-01-11T04:28:02.059708064Z,end of game,2025-01-11T05:08:03.944640166Z,01JH9SGD2Y7127335K8DJF15W9,2025-01-11T04:21:11.392732688Z,false,2025-01-11T04:28:04.906016407Z,5,2025-01-11T04:28:02.059708064Z,0,2025-01-11T04:31:24.644027199Z,270,2025-01-11T04:28:02.059708064Z,63,2025-01-11T04:28:02.294850085Z,1,2025-01-11T04:28:02.059708064Z,null,2025-01-11T05:08:03.694725868Z,true,2025-01-11T04:28:02.042085057Z,true,2025-01-11T04:28:02.042085057Z,ended,2025-01-11T05:08:03.944640166Z,"[[396,440],[396,45],[396,134],[396,86],[446,440],[446,45],[446,134],[446,86],[179,440],[179,45],[179,134],[179,86],[467,440],[467,45],[467,134],[467,86]]",2025-01-11T04:28:02.294850085Z,"[396,446,179,467]",2025-01-11T04:28:02.294850085Z,"{""contextSize"":4,""contextStructure"":""comp-within"",""feedbackDuration"":3,""maxTimeout"":5,""numRepetitionsWithPartner"":4,""playerCount"":2,""selectionDuration"":60,""showNegativeFeedback"":1}",2025-01-11T04:21:11.373299458Z,full-comp-within,2025-01-11T04:21:11.373299458Z
01JH9SGGEPQETHM05E7TYTTFJ3,2,2025-01-11T04:38:07.250663853Z,01JH9SGGED7AN10ZCDRBGS8N1C,2025-01-11T04:21:14.838488584Z,"[96,273,126,320]",2025-01-11T04:38:08.02155692Z,4,2025-01-11T04:38:07.306829352Z,comp-within,2025-01-11T04:38:07.306829352Z,true,2025-01-11T05:11:12.988527773Z,false,2025-01-11T04:38:07.306829352Z,end of game,2025-01-11T05:11:13.086511523Z,01JH9SGGF1BZ38KKY4314CTWYK,2025-01-11T04:21:14.852209705Z,false,2025-01-11T04:38:19.584666263Z,5,2025-01-11T04:38:07.306829352Z,0,2025-01-11T04:44:43.31093737Z,180,2025-01-11T04:38:07.306829352Z,63,2025-01-11T04:38:08.02155692Z,1,2025-01-11T04:38:07.306829352Z,null,2025-01-11T05:11:12.988527773Z,true,2025-01-11T04:38:07.250663853Z,true,2025-01-11T04:38:07.250663853Z,ended,2025-01-11T05:11:13.086511523Z,"[[80,96],[80,273],[80,126],[80,320],[52,96],[52,273],[52,126],[52,320],[193,96],[193,273],[193,126],[193,320],[459,96],[459,273],[459,126],[459,320]]",2025-01-11T04:38:08.02155692Z,"[80,52,193,459]",2025-01-11T04:38:08.02155692Z,"{""contextSize"":4,""contextStructure"":""comp-within"",""feedbackDuration"":3,""maxTimeout"":5,""numRepetitionsWithPartner"":4,""playerCount"":2,""selectionDuration"":60,""showNegativeFeedback"":1}",2025-01-11T04:21:14.838488584Z,full-comp-within,2025-01-11T04:21:14.838488584Z
