id,batchID,batchIDLastChangedAt,gameID,gameIDLastChangedAt,playerID,playerIDLastChangedAt
01JH9TKPY37FF7MNAN3990MTER,01JH9SGKR50W5ED7CXSG3TQF7R,2025-01-11T04:40:28.355233292Z,01JH9SGKRECV5BXRCS4MDYERV4,2025-01-11T04:40:28.355233292Z,01JH9T6QGMJAG6Z05KH1CM2549,2025-01-11T04:40:28.355233292Z
01JH9V89XWEHBSPE0Z7Y8X23DS,01JH9SG789Q3JDWPWFKY4MDQWJ,2025-01-11T04:51:43.164484658Z,01JH9SG78HVVRSBRB5PATQ33NW,2025-01-11T04:51:43.164484658Z,01JH9V0KVC0SPRA9KT72ECK5K8,2025-01-11T04:51:43.164484658Z
01JH9V958C3FNTX736X04GGYSR,01JH9SGA08620GRHXTCW7C21NW,2025-01-11T04:52:11.148918621Z,01JH9SGA0GSBG31D368JKMWKZT,2025-01-11T04:52:11.148918621Z,01JH9THMAWQRKCDXQ16BD9SY41,2025-01-11T04:52:11.148918621Z
01JH9V958ZGPAGNH4HY6RVX8K1,01JH9SGA08620GRHXTCW7C21NW,2025-01-11T04:52:11.167289149Z,01JH9SGA0GSBG31D368JKMWKZT,2025-01-11T04:52:11.167289149Z,01JH9TPMG45P5F384601VWVTN3,2025-01-11T04:52:11.167289149Z
01JH9VKV1XJFQWHRKAJ0ZCWYJ2,01JH9VBFB1QZKZMY6PQC7WNTKS,2025-01-11T04:58:01.149468709Z,01JH9VBFDGM47W1W3QSJ9HDKW9,2025-01-11T04:58:01.149468709Z,01JH9VCHQAV52AMVT4WHT0VZF0,2025-01-11T04:58:01.149468709Z
01JH9VN5RJJR1BYNVJJ2ESXWYW,01JH9SG391E07A9V3SEEEDHWFZ,2025-01-11T04:58:44.882839211Z,01JH9SG39H578XJ3P04Z8MFRKQ,2025-01-11T04:58:44.882839211Z,01JH9VB22T7SR1HMYMN9AY1GXX,2025-01-11T04:58:44.882839211Z
01JH9T47VG8YYTANJ61M2T39FQ,01JH9SGDWB70FZC6HETBPTKBNQ,2025-01-11T04:32:01.392449825Z,01JH9SGDWVBQGVH0A8WK0YXR7R,2025-01-11T04:32:01.392449825Z,01JH9SXJ3Y98XSVNVW60M5AYCF,2025-01-11T04:32:01.392449825Z
01JH9TDQN7W4J6W73H3KMC7J64,01JH9SGB85HG90JC6PW00MFPF5,2025-01-11T04:37:12.487426637Z,01JH9SGB8DR3ZQBTE62666YJ37,2025-01-11T04:37:12.487426637Z,01JH9T8BRJAA7K8EVQA2R1G3CQ,2025-01-11T04:37:12.487426637Z
01JH9VN5SDN9RZ2Q1K5Y8KW9H7,01JH9SG391E07A9V3SEEEDHWFZ,2025-01-11T04:58:44.909932884Z,01JH9SG39H578XJ3P04Z8MFRKQ,2025-01-11T04:58:44.909932884Z,01JH9VD3H004Q66V1TZ4ZWZP0Y,2025-01-11T04:58:44.909932884Z
01JH9TW0FH3RFHM0BZR7738KY0,01JH9SGM9Y88X030VM49TRMRVS,2025-01-11T04:45:00.273498757Z,01JH9SGMA5SQW06Q2RHZM566J9,2025-01-11T04:45:00.273498757Z,01JH9T8JH1VN8QZXJP41Q57EW1,2025-01-11T04:45:00.273498757Z
01JH9TDQN0ZMVYT06AHNPQ4NBN,01JH9SGB85HG90JC6PW00MFPF5,2025-01-11T04:37:12.480398069Z,01JH9SGB8DR3ZQBTE62666YJ37,2025-01-11T04:37:12.480398069Z,01JH9T7T0ARFX88RZ306MDN4V9,2025-01-11T04:37:12.480398069Z
01JH9TSHRBF2PJDR1PK1XQN5ZN,01JH9SGM0CQS8NB7HSS37C4DA6,2025-01-11T04:43:39.659858828Z,01JH9SGM0KF2XWB034M9GS3AGQ,2025-01-11T04:43:39.659858828Z,01JH9TGJWR01WGRKG91RGPJ391,2025-01-11T04:43:39.659858828Z
01JH9T8RJVRH9ZSQ72QYB7D9E1,01JH9SGE6MZ80HYJT5W4D3K43Z,2025-01-11T04:34:29.595597371Z,01JH9SGE6WNQGJ9QXAAXMXB1KM,2025-01-11T04:34:29.595597371Z,01JH9SYADTV0AY0XJJGDA70SQE,2025-01-11T04:34:29.595597371Z
01JH9T9GQ9FMXVCYNVTW033G4D,01JH9SGAN912NK76VBK4YZ59G5,2025-01-11T04:34:54.313629064Z,01JH9SGANGGTGW8W15B3ZH9HAP,2025-01-11T04:34:54.313629064Z,01JH9SWED62S20YJ9J4P54E76D,2025-01-11T04:34:54.313629064Z
01JH9TZVVN2B2Z7F73ERZ9VJX5,01JH9SGAA0WCVGJ2BK8MK3A0V0,2025-01-11T04:47:06.613982377Z,01JH9SGAA658NFPWXGCTEHJ41E,2025-01-11T04:47:06.613982377Z,01JH9TQMJXX4F6GKXG4RAJJCBR,2025-01-11T04:47:06.613982377Z
01JH9VD5AP592GHV8NWCHN0XG7,01JH9SG5ST2WM6WFVR52F3X3Q2,2025-01-11T04:54:22.294737452Z,01JH9SG5T4Q3ZQ4H2N2EHSQGEP,2025-01-11T04:54:22.294737452Z,01JH9V3QPCKHWTQW7ZX2FQ0GFH,2025-01-11T04:54:22.294737452Z
01JH9SWY45CHNBPSQS6YWF055Y,01JH9SGD26GHVCQ7ZSKNSPCJTH,2025-01-11T04:28:02.05398922Z,01JH9SGD2D84H6QRD39YNK7Q94,2025-01-11T04:28:02.05398922Z,01JH9SSMX5A6PET00AWZYSJ82M,2025-01-11T04:28:02.05398922Z
01JH9T2PE5QC2HKMMTDJXJZHF6,01JH9SGDKV1EQ95V1SDDJNDQ5X,2025-01-11T04:31:10.789013729Z,01JH9SGDM23MYAYE14PAZBTC0A,2025-01-11T04:31:10.789013729Z,01JH9SWTYYCAZ7W4V0NX6Z22BZ,2025-01-11T04:31:10.789013729Z
01JH9TSHR2HH0T1JBNH2VAJAMY,01JH9SGM0CQS8NB7HSS37C4DA6,2025-01-11T04:43:39.650084819Z,01JH9SGM0KF2XWB034M9GS3AGQ,2025-01-11T04:43:39.650084819Z,01JH9TE87J5QSK5EJNNC8GAC5S,2025-01-11T04:43:39.650084819Z
01JH9TW0FX6R1PRPBNPK0REENV,01JH9SGM9Y88X030VM49TRMRVS,2025-01-11T04:45:00.285997496Z,01JH9SGMA5SQW06Q2RHZM566J9,2025-01-11T04:45:00.285997496Z,01JH9TQHJBK9FPKTXSMDVZ4QSZ,2025-01-11T04:45:00.285997496Z
01JH9VKV11MHX8T2M24J2DRTTR,01JH9VBFB1QZKZMY6PQC7WNTKS,2025-01-11T04:58:01.121381185Z,01JH9VBFDGM47W1W3QSJ9HDKW9,2025-01-11T04:58:01.121381185Z,01JH9TWZBKBAQ9978XRDW1BT0H,2025-01-11T04:58:01.121381185Z
01JH9SY6VYBMP8NFM22R24VN93,01JH9SGDB0AS17H3YKH5SZFYHW,2025-01-11T04:28:43.774141895Z,01JH9SGDB6V4KA35FB3X2GAV3X,2025-01-11T04:28:43.774141895Z,01JH9SQTQQNRA6TGYF6ZY5YBVN,2025-01-11T04:28:43.774141895Z
01JH9T47VFTYGZXCZF21Q72JP0,01JH9SGDWB70FZC6HETBPTKBNQ,2025-01-11T04:32:01.39113818Z,01JH9SGDWVBQGVH0A8WK0YXR7R,2025-01-11T04:32:01.39113818Z,01JH9ST9QQJQM9H67M2WQAV29D,2025-01-11T04:32:01.39113818Z
01JH9TG91CWA9NCB06X61ACWH2,01JH9SGKF7EQ1XC0PDNHES0FBJ,2025-01-11T04:38:35.820862221Z,01JH9SGKFEJ4J3SWDMRZA4QK72,2025-01-11T04:38:35.820862221Z,01JH9SKWKK66GCZNJRTB4653TK,2025-01-11T04:38:35.820862221Z
01JH9TG91KAZPA84KHZT79996G,01JH9SGKF7EQ1XC0PDNHES0FBJ,2025-01-11T04:38:35.827744365Z,01JH9SGKFEJ4J3SWDMRZA4QK72,2025-01-11T04:38:35.827744365Z,01JH9TAJNSZ91TYTNMPWT3PG9Y,2025-01-11T04:38:35.827744365Z
01JH9TKPXT28RC4R5VW3HVH0DZ,01JH9SGKR50W5ED7CXSG3TQF7R,2025-01-11T04:40:28.346200057Z,01JH9SGKRECV5BXRCS4MDYERV4,2025-01-11T04:40:28.346200057Z,01JH9T3CP2N1E6A1GJTGJZ682J,2025-01-11T04:40:28.346200057Z
01JH9SWY45CHNBPSQS6S6V3YW5,01JH9SGD26GHVCQ7ZSKNSPCJTH,2025-01-11T04:28:02.053806114Z,01JH9SGD2D84H6QRD39YNK7Q94,2025-01-11T04:28:02.053806114Z,01JH9SQE6PMRRNDMFTDGTSHQQ8,2025-01-11T04:28:02.053806114Z
01JH9T2PE4F82T7RPY72JZ4WVE,01JH9SGDKV1EQ95V1SDDJNDQ5X,2025-01-11T04:31:10.788327988Z,01JH9SGDM23MYAYE14PAZBTC0A,2025-01-11T04:31:10.788327988Z,01JH9STRCRKCQRMFNJ8Z1XK15N,2025-01-11T04:31:10.788327988Z
01JH9TBC1Q2696JESZKFA0S2TY,01JH9SGAXPRX1SN1DJE6R807K5,2025-01-11T04:35:55.063365281Z,01JH9SGAXY80Q61E4V3J2PWF19,2025-01-11T04:35:55.063365281Z,01JH9T1DMHW38XPS69FTNV9BGR,2025-01-11T04:35:55.063365281Z
01JH9TFD5HVQZ8G5ZCKBPBZ9B8,01JH9SGGED7AN10ZCDRBGS8N1C,2025-01-11T04:38:07.281725102Z,01JH9SGGEPQETHM05E7TYTTFJ3,2025-01-11T04:38:07.281725102Z,01JH9T609MTFWWVGVTTZA3T8QG,2025-01-11T04:38:07.281725102Z
01JH9VA3E63STRDE608641CHC7,01JH9SG6RF4C9BZ8Z35HR73T5T,2025-01-11T04:52:42.054472384Z,01JH9SG6RQ5PT1CRXPH2DDTEVN,2025-01-11T04:52:42.054472384Z,01JH9V14JCPG7RG37HAYMJ3EEC,2025-01-11T04:52:42.054472384Z
01JH9SY6VYBMP8NFM2353Q0HSE,01JH9SGDB0AS17H3YKH5SZFYHW,2025-01-11T04:28:43.77487955Z,01JH9SGDB6V4KA35FB3X2GAV3X,2025-01-11T04:28:43.77487955Z,01JH9SRV8G322YM8Y6FVCHYS8B,2025-01-11T04:28:43.77487955Z
01JH9T9GQCC6E8P4K74F8RZFWA,01JH9SGAN912NK76VBK4YZ59G5,2025-01-11T04:34:54.316156944Z,01JH9SGANGGTGW8W15B3ZH9HAP,2025-01-11T04:34:54.316156944Z,01JH9T2THH1MHW9TR3SNWETBAS,2025-01-11T04:34:54.316156944Z
01JH9TZVV9240XT5HZ6B4VKE95,01JH9SGAA0WCVGJ2BK8MK3A0V0,2025-01-11T04:47:06.601364654Z,01JH9SGAA658NFPWXGCTEHJ41E,2025-01-11T04:47:06.601364654Z,01JH9T3V252DY7WA9PE2GRES2C,2025-01-11T04:47:06.601364654Z
01JH9VA3EV81TQSA690S5Y2GT7,01JH9SG6RF4C9BZ8Z35HR73T5T,2025-01-11T04:52:42.07545323Z,01JH9SG6RQ5PT1CRXPH2DDTEVN,2025-01-11T04:52:42.07545323Z,01JH9V41JYA319YAH4E6GF3D60,2025-01-11T04:52:42.07545323Z
01JH9T8RJYP1B9W1006C34N16V,01JH9SGE6MZ80HYJT5W4D3K43Z,2025-01-11T04:34:29.59879642Z,01JH9SGE6WNQGJ9QXAAXMXB1KM,2025-01-11T04:34:29.59879642Z,01JH9T04MHDMDWH6YDRN88W4C2,2025-01-11T04:34:29.59879642Z
01JH9TFD5RPZ8NXDDYE7VWWEY7,01JH9SGGED7AN10ZCDRBGS8N1C,2025-01-11T04:38:07.288199964Z,01JH9SGGEPQETHM05E7TYTTFJ3,2025-01-11T04:38:07.288199964Z,01JH9T9D0R58GPK32RZ6255H7D,2025-01-11T04:38:07.288199964Z
01JH9VD5BG96ZDDVNY89DGZN8T,01JH9SG5ST2WM6WFVR52F3X3Q2,2025-01-11T04:54:22.320691269Z,01JH9SG5T4Q3ZQ4H2N2EHSQGEP,2025-01-11T04:54:22.320691269Z,01JH9VA2NKTKEMFYFCX0BKBNB0,2025-01-11T04:54:22.320691269Z
01JH9TBC1F40RPSPRH8145Q4T1,01JH9SGAXPRX1SN1DJE6R807K5,2025-01-11T04:35:55.055158522Z,01JH9SGAXY80Q61E4V3J2PWF19,2025-01-11T04:35:55.055158522Z,01JH9SY0PN10686TC2BA333ZWX,2025-01-11T04:35:55.055158522Z
01JH9V89X91F3DPKM8VY2DYENX,01JH9SG789Q3JDWPWFKY4MDQWJ,2025-01-11T04:51:43.145160039Z,01JH9SG78HVVRSBRB5PATQ33NW,2025-01-11T04:51:43.145160039Z,01JH9TXKGVZMH0FZ6SS5TAHK78,2025-01-11T04:51:43.145160039Z
