id,batchID,batchIDLastChangedAt,gameID,gameIDLastChangedAt,playerID,playerIDLastChangedAt
01JHGXYMB6XMC45ME5KQ0JSERE,01JHGXA2MVNKRFN43KXWAT2EXG,2025-01-13T22:53:32.902197084Z,01JHGXA2N220PC5EW5506TDPTS,2025-01-13T22:53:32.902197084Z,01JHGXDE7PB1ENJJR0MW67C180,2025-01-13T22:53:32.902197084Z
01JHGY48JRK2JP8QPQ8ZXP5C10,01JHGXA374R4MF9K24QP8SK4G7,2025-01-13T22:56:37.464750161Z,01JHGXA37CZW3WJ3WJ1GK3320B,2025-01-13T22:56:37.464750161Z,01JHGXJDRCPYGC6A9V38MAD0JC,2025-01-13T22:56:37.464750161Z
01JHGY48K1RA0V5PBFBTYKPFN7,01JHGXA374R4MF9K24QP8SK4G7,2025-01-13T22:56:37.473407096Z,01JHGXA37CZW3WJ3WJ1GK3320B,2025-01-13T22:56:37.473407096Z,01JHGXKT79NC3WNRPKZBS63ATQ,2025-01-13T22:56:37.473407096Z
01JHGYRABP4ZA53PX36CP8Y53T,01JHGXA55KGPE564BM2YTFVC7C,2025-01-13T23:07:34.646418463Z,01JHGXA55TYQ04GPFYANK9MWSC,2025-01-13T23:07:34.646418463Z,01JHGY5WMPXZEWT101WMSTAPZ4,2025-01-13T23:07:34.646418463Z
01JHGYSQAMJ1F6WG1RPF5BKF3A,01JHGXA5ECT2MRTG1SYKEMG9HC,2025-01-13T23:08:20.692029945Z,01JHGXA5EMBGQ1B4AVN0AEX608,2025-01-13T23:08:20.692029945Z,01JHGYMH2SXK8K9SGP4ENY4AKD,2025-01-13T23:08:20.692029945Z
01JHGYZYEY756H67GDJBW93GQK,01JHGXA67Y74V4HEBR49A27GGS,2025-01-13T23:11:44.606868049Z,01JHGXA685STY86ZKKXG9PZE7J,2025-01-13T23:11:44.606868049Z,01JHGYM5D93VM25X0DE402KSXM,2025-01-13T23:11:44.606868049Z
01JHH1551SARQZA5ATYC0015DV,01JHGZPHKS3A37VD9B92NX682M,2025-01-13T23:49:32.345405275Z,01JHGZPHRJ5ZD6415TNF3KYZV0,2025-01-13T23:49:32.345405275Z,01JHGZHDEFK1HW8E92P94G825J,2025-01-13T23:49:32.345405275Z
01JHGXJ71TKSXN2A5X2MW5QK25,01JHGX9ZT2PSCN8X48ASF7B2WC,2025-01-13T22:46:46.074341084Z,01JHGX9ZTCGAKN3E1EP3RVSDDT,2025-01-13T22:46:46.074341084Z,01JHGXCQSK7B9TTR4N5NKC2NXM,2025-01-13T22:46:46.074341084Z
01JHH19RG5MJE5WVHSTSX13MGN,01JHH0X766HVJAGH7TTH59Y0W4,2025-01-13T23:52:03.333985415Z,01JHH0X7GTPCX3VXBFSWNB3R3B,2025-01-13T23:52:03.333985415Z,01JHH11CESKD8SB0E3KB3Q3DW5,2025-01-13T23:52:03.333985415Z
01JHH19REB12N21JWS79JCHHQW,01JHH0X766HVJAGH7TTH59Y0W4,2025-01-13T23:52:03.27588628Z,01JHH0X7GTPCX3VXBFSWNB3R3B,2025-01-13T23:52:03.27588628Z,01JHH0YND74V597ZJK7WC682A1,2025-01-13T23:52:03.27588628Z
01JHGYZYFJ66VMQVHBRGQAQW83,01JHGXA67Y74V4HEBR49A27GGS,2025-01-13T23:11:44.626874533Z,01JHGXA685STY86ZKKXG9PZE7J,2025-01-13T23:11:44.626874533Z,01JHGYPD80HP6T2CR4DHG37XAW,2025-01-13T23:11:44.626874533Z
01JHGZ72J8AH8HGBZACT7V6B3N,01JHGXA8K05GXJN42QRWSPRVCR,2025-01-13T23:15:38.184110985Z,01JHGXA8K9CYY9WWB3KNN9P1DR,2025-01-13T23:15:38.184110985Z,01JHGYQGQSJ1M6XPHESPT0NPA3,2025-01-13T23:15:38.184110985Z
01JHH155001YX6S992HEMTTVRM,01JHGZPHKS3A37VD9B92NX682M,2025-01-13T23:49:32.288460357Z,01JHGZPHRJ5ZD6415TNF3KYZV0,2025-01-13T23:49:32.288460357Z,01JHGZ4XXAHM0G0VVR3NE7YGA9,2025-01-13T23:49:32.288460357Z
01JHGYWFJA9BVFWRKK9DN7NBBY,01JHGXA5Z1A2Y2579RCGM9R61J,2025-01-13T23:09:51.050133637Z,01JHGXA5Z9PYEZYZHPW79N1EEC,2025-01-13T23:09:51.050133637Z,01JHGYM9JPTQ4HSS74K7S9QCSS,2025-01-13T23:09:51.050133637Z
01JHGXGYVTSR3EV9QE95QGWH01,01JHGX9Y99CE0QTSE6J9Y6ZCJ3,2025-01-13T22:46:04.922975684Z,01JHGX9Y9R26D3GMKYRVRCS4EY,2025-01-13T22:46:04.922975684Z,01JHGXCQ5Q9VRHEAF17WBFAV85,2025-01-13T22:46:04.922975684Z
01JHGYR4EPVM38CE5Z2TQM9C4N,01JHGXA3GH30A3P950CF3W646Q,2025-01-13T23:07:28.598699986Z,01JHGXA3GR59E7YG7PQ608B8RA,2025-01-13T23:07:28.598699986Z,01JHGYM48S5NYD50SNRNKJDNXC,2025-01-13T23:07:28.598699986Z
01JHGYSQA44HHB0833XAMA2TT8,01JHGXA5ECT2MRTG1SYKEMG9HC,2025-01-13T23:08:20.676466531Z,01JHGXA5EMBGQ1B4AVN0AEX608,2025-01-13T23:08:20.676466531Z,01JHGYKYWW3YNWPQMTJ524RNNW,2025-01-13T23:08:20.676466531Z
01JHGZ398ZEEHPSBKBBB4GE6CY,01JHGXA8AZKXD6TP2K7W17M86R,2025-01-13T23:13:33.983660119Z,01JHGXA8B7K9W683NZVSFGRJYC,2025-01-13T23:13:33.983660119Z,01JHGYMXR6B5MMBTZT2FM0Y9PN,2025-01-13T23:13:33.983660119Z
01JHGZCBCZXVC4EPAQ0W0C91QG,01JHGXA8VRW9R997BEDXRKWTVQ,2025-01-13T23:18:31.07157071Z,01JHGXA8VZCTE04S4M78T8QW23,2025-01-13T23:18:31.07157071Z,01JHGYN213K55R1ZY60YQB3122,2025-01-13T23:18:31.07157071Z
01JHGZCBDTV2F3DQCFGJ592T14,01JHGXA8VRW9R997BEDXRKWTVQ,2025-01-13T23:18:31.098941216Z,01JHGXA8VZCTE04S4M78T8QW23,2025-01-13T23:18:31.098941216Z,01JHGYQJJ5H8CR1883DJRJYV1D,2025-01-13T23:18:31.098941216Z
01JHH12V5QQZZ61ZBM2T59WADS,01JHGXA9D1SKK9X8PG3KN0P6AW,2025-01-13T23:48:16.695182895Z,01JHGXA9D8VBTTYVNX9Z83PSWE,2025-01-13T23:48:16.695182895Z,01JHH0YQZ84PFJ36HCG2DQ1WZG,2025-01-13T23:48:16.695182895Z
01JHGXGYVTSR3EV9QE8VZNQ2PW,01JHGX9Y99CE0QTSE6J9Y6ZCJ3,2025-01-13T22:46:04.922719938Z,01JHGX9Y9R26D3GMKYRVRCS4EY,2025-01-13T22:46:04.922719938Z,01JHGXCMVBDW1F7PZF6QG8S8RN,2025-01-13T22:46:04.922719938Z
01JHGYWFKPYQJNWZNQJHDS1TBC,01JHGXA5Z1A2Y2579RCGM9R61J,2025-01-13T23:09:51.094436022Z,01JHGXA5Z9PYEZYZHPW79N1EEC,2025-01-13T23:09:51.094436022Z,01JHGYMMQ6BJYAAD99QH05QAP2,2025-01-13T23:09:51.094436022Z
01JHH1QY3911PAAEDKFD0KKAW6,01JHH13M2S23P7QN8ZCPRTQ06C,2025-01-13T23:59:47.817493629Z,01JHH15NTHTD78CJ9F7P0FXSBC,2025-01-13T23:59:47.817493629Z,01JHH1DDC35W8XVECE33KBFKN1,2025-01-13T23:59:47.817493629Z
01JHGY1RX52JKFNFJBYYGCTHG3,01JHGXA2YHKXWZZ5QD603GGA5M,2025-01-13T22:55:15.877030699Z,01JHGXA2YRA1PTX1FNEFHEFNP5,2025-01-13T22:55:15.877030699Z,01JHGXW6FSGM37GX44TQ8PN775,2025-01-13T22:55:15.877030699Z
01JHGXJDZ45WGXXVYBK2GA9CV9,01JHGXA0EHA7X629DR775R8ECY,2025-01-13T22:46:53.156688834Z,01JHGXA0EWQD9VPQBF5F5SM963,2025-01-13T22:46:53.156688834Z,01JHGXD94A0N8BEHN44HCTE4ES,2025-01-13T22:46:53.156688834Z
01JHGXJDZ5HF0Z2GAZFSC0ETHY,01JHGXA0EHA7X629DR775R8ECY,2025-01-13T22:46:53.15767915Z,01JHGXA0EWQD9VPQBF5F5SM963,2025-01-13T22:46:53.15767915Z,01JHGXDA0FP5NH51CXHFVQ85HP,2025-01-13T22:46:53.15767915Z
01JHGXV2DPYHSV0HAVJ3F2A0NV,01JHGXA2BY5A2C0S9G3WY96GEV,2025-01-13T22:51:36.246771834Z,01JHGXA2C6KDK8STPXWAEWJ01G,2025-01-13T22:51:36.246771834Z,01JHGXMVBT09M6KS2071QFANGT,2025-01-13T22:51:36.246771834Z
01JHGY1RWZ1QB619NY9AJK6ACM,01JHGXA2YHKXWZZ5QD603GGA5M,2025-01-13T22:55:15.871218967Z,01JHGXA2YRA1PTX1FNEFHEFNP5,2025-01-13T22:55:15.871218967Z,01JHGXD40Q1CWVFDWCNY587NHP,2025-01-13T22:55:15.871218967Z
01JHGYTMYJ6C1S51TKJFC3QJM9,01JHGXA5PPC3CZEA501SJA5QJF,2025-01-13T23:08:51.027025808Z,01JHGXA5PZMX0FH1QDWHJ0ZNZJ,2025-01-13T23:08:51.027025808Z,01JHGYMM1PTTCH1GNQHE3PR390,2025-01-13T23:08:51.027025808Z
01JHGZ39888NZNEV9HJPE9ESMR,01JHGXA8AZKXD6TP2K7W17M86R,2025-01-13T23:13:33.960909234Z,01JHGXA8B7K9W683NZVSFGRJYC,2025-01-13T23:13:33.960909234Z,01JHGYM40K6P4SMW0TYPFG1H51,2025-01-13T23:13:33.960909234Z
01JHGZ72HG40ZNQ39A3A05QGY8,01JHGXA8K05GXJN42QRWSPRVCR,2025-01-13T23:15:38.160330408Z,01JHGXA8K9CYY9WWB3KNN9P1DR,2025-01-13T23:15:38.160330408Z,01JHGYMF2YXN13XV0GK3FC4GF5,2025-01-13T23:15:38.160330408Z
01JHGXJ71TKSXN2A5X2SRG64J1,01JHGX9ZT2PSCN8X48ASF7B2WC,2025-01-13T22:46:46.074923601Z,01JHGX9ZTCGAKN3E1EP3RVSDDT,2025-01-13T22:46:46.074923601Z,01JHGXCZE3K3MQ1P1ZPCB4YA3C,2025-01-13T22:46:46.074923601Z
01JHH1QY0ZSWTP46E9F25EZNY6,01JHH13M2S23P7QN8ZCPRTQ06C,2025-01-13T23:59:47.74396168Z,01JHH15NTHTD78CJ9F7P0FXSBC,2025-01-13T23:59:47.74396168Z,01JHH17N061SS0V7EV4HQVWRQS,2025-01-13T23:59:47.74396168Z
01JHGXYMBBNDQGZ9NW417BGZCN,01JHGXA2MVNKRFN43KXWAT2EXG,2025-01-13T22:53:32.90708177Z,01JHGXA2N220PC5EW5506TDPTS,2025-01-13T22:53:32.90708177Z,01JHGXMHFCKGJ41GDA8J6JKFB8,2025-01-13T22:53:32.90708177Z
01JHGYRAB6YW1WQPESPB9MNN5A,01JHGXA55KGPE564BM2YTFVC7C,2025-01-13T23:07:34.630696315Z,01JHGXA55TYQ04GPFYANK9MWSC,2025-01-13T23:07:34.630696315Z,01JHGXP68A9VZX7Y4HSNPD7ZWN,2025-01-13T23:07:34.630696315Z
01JHGZFWXX9XZZH1V1RPBK1GWD,01JHGXA94MWM6HZKQDFGRZJHVZ,2025-01-13T23:20:27.325631261Z,01JHGXA94WM3BS764CKQDNKE7G,2025-01-13T23:20:27.325631261Z,01JHGZ597H8SJTZ1EQV7PB9BHK,2025-01-13T23:20:27.325631261Z
01JHH12V77NQY3S908AE9P26BJ,01JHGXA9D1SKK9X8PG3KN0P6AW,2025-01-13T23:48:16.743566838Z,01JHGXA9D8VBTTYVNX9Z83PSWE,2025-01-13T23:48:16.743566838Z,01JHH0YX6G87C1BCBA71YXHWB6,2025-01-13T23:48:16.743566838Z
01JHGXV2DHG9NVDH1J03XXN1SG,01JHGXA2BY5A2C0S9G3WY96GEV,2025-01-13T22:51:36.241947744Z,01JHGXA2C6KDK8STPXWAEWJ01G,2025-01-13T22:51:36.241947744Z,01JHGXD1M6J1YNK6DWDWAMKZ9A,2025-01-13T22:51:36.241947744Z
01JHGXMCKVYAJYCEJMXZ12HXNY,01JHGXA1K60RPS505SW02ZT20A,2025-01-13T22:47:57.307650037Z,01JHGXA1KE4DV636BF0N2HJ8PC,2025-01-13T22:47:57.307650037Z,01JHGXEK53S5SN4WBDDSMET88E,2025-01-13T22:47:57.307650037Z
01JHGXS902WW3P49DX0SHZD65K,01JHGXA222QW4S1EGF27T76GCN,2025-01-13T22:50:37.442939378Z,01JHGXA22937FJWCEKCS5KRNKX,2025-01-13T22:50:37.442939378Z,01JHGXD177RVYQQ8N2VDTW7KPR,2025-01-13T22:50:37.442939378Z
01JHGYTMXXTVYNDDCJT2CW82Y8,01JHGXA5PPC3CZEA501SJA5QJF,2025-01-13T23:08:51.005094637Z,01JHGXA5PZMX0FH1QDWHJ0ZNZJ,2025-01-13T23:08:51.005094637Z,01JHGYM4EZCJTJ0YMEQNN71SN8,2025-01-13T23:08:51.005094637Z
01JHGXMCKT6CJ7C8XZQVH0RPX1,01JHGXA1K60RPS505SW02ZT20A,2025-01-13T22:47:57.306152476Z,01JHGXA1KE4DV636BF0N2HJ8PC,2025-01-13T22:47:57.306152476Z,01JHGXDQD2GZ5FK506PKW4QCTC,2025-01-13T22:47:57.306152476Z
01JHGYR4E45V7GZ0GKJGKHK61J,01JHGXA3GH30A3P950CF3W646Q,2025-01-13T23:07:28.580304602Z,01JHGXA3GR59E7YG7PQ608B8RA,2025-01-13T23:07:28.580304602Z,01JHGYM0368JGA85B002XPKGTJ,2025-01-13T23:07:28.580304602Z
01JHGZFWX03H70JGRQ63Z1JQ97,01JHGXA94MWM6HZKQDFGRZJHVZ,2025-01-13T23:20:27.296757871Z,01JHGXA94WM3BS764CKQDNKE7G,2025-01-13T23:20:27.296757871Z,01JHGYYZAFQVWSS5HGG8Z3Z7NY,2025-01-13T23:20:27.296757871Z
01JHGXS9098F8JYJK18DMHNZTM,01JHGXA222QW4S1EGF27T76GCN,2025-01-13T22:50:37.449217796Z,01JHGXA22937FJWCEKCS5KRNKX,2025-01-13T22:50:37.449217796Z,01JHGXF2VBYTBR7XB9GECJWYTQ,2025-01-13T22:50:37.449217796Z
