id,avatar,avatarLastChangedAt,bonus,bonusLastChangedAt,clicked,clickedLastChangedAt,ended,endedLastChangedAt,exitStepDone,exitStepDoneLastChangedAt,exitSurvey,exitSurveyLastChangedAt,gameID,gameIDLastChangedAt,intro,introLastChangedAt,introDone,introDoneLastChangedAt,name,nameLastChangedAt,nameColor,nameColorLastChangedAt,numRoundsInactive,numRoundsInactiveLastChangedAt,participantID,participantIDLastChangedAt,participantIdentifier,participantIdentifierLastChangedAt,partner,partnerLastChangedAt,role,roleLastChangedAt,score,scoreLastChangedAt,src,srcLastChangedAt,treatment,treatmentLastChangedAt,treatmentName,treatmentNameLastChangedAt,urlParams,urlParamsLastChangedAt
01J1GDWY1DVDCH730141770Z5W,,,,,,,game failed,2024-06-28T22:08:04.651573366Z,true,2024-06-28T22:08:35.504872654Z,"{""age"":""19"",""gender"":""Male"",""strategy"":""n/a"",""enjoy"":""n/a"",""feedback"":""Game could not find me a partner"",""education"":""high-school""}",2024-06-28T22:08:35.523100855Z,01J1GDX2EDTXCYB9B8VEBCE6ZH,2024-06-28T22:02:11.575900212Z,2,2024-06-28T22:02:46.916349446Z,true,2024-06-28T22:03:04.575515082Z,,,,,,,01J1GDWWNQBB5XC9YJNB1N9P81,2024-06-28T22:01:50.893053834Z,63d1558211f477f17db0c9c5,2024-06-28T22:01:50.893053834Z,,,,,,,,,"{""contextSize"":4,""contextStructure"":""noncomp"",""feedbackDuration"":3,""maxTimeout"":3,""numRepetitionsWithPartner"":4,""playerCount"":2,""selectionDuration"":60,""showNegativeFeedback"":1}",2024-06-28T22:01:50.921943505Z,full-noncomp,2024-06-28T22:01:50.921943505Z,"{""participantKey"":""63d1558211f477f17db0c9c5"",""STUDY_ID"":""667f299f8af19533cae5a843"",""SESSION_ID"":""667f32a848b8508867374b44""}",2024-06-28T22:01:51.678894838Z
01J1GCGE8VVEZPTGH8DD491YFX,,,,,,,game terminated,2024-06-28T22:34:42.68813053Z,,,,,01J1GDHASBXZ6SCDTEHD99JNZ9,2024-06-28T21:56:36.212631503Z,2,2024-06-28T21:37:38.375653923Z,,,,,,,,,01J1GCGE5S5MA2FC9VCDZR7SEW,2024-06-28T21:37:32.955531955Z,5b9577f932e6d50001c72625,2024-06-28T21:37:32.955531955Z,,,,,,,,,"{""contextSize"":4,""contextStructure"":""comp-within"",""feedbackDuration"":3,""maxTimeout"":3,""numRepetitionsWithPartner"":4,""playerCount"":2,""selectionDuration"":60,""showNegativeFeedback"":1}",2024-06-28T21:37:32.966764941Z,full-comp-within,2024-06-28T21:37:32.966764941Z,"{""participantKey"":""5b9577f932e6d50001c72625"",""STUDY_ID"":""667f299f8af19533cae5a843"",""SESSION_ID"":""667f2d0d9ca58c270024f773""}",2024-06-28T21:37:33.020473027Z
01J1GD6FATZZRY5ZXDCEZXVMGR,https://api.dicebear.com/8.x/rings/svg?seed=Minu,2024-06-28T21:56:09.22089772Z,1.890000,2024-06-28T22:28:32.653452453Z,/tangrams/1_18.png,2024-06-28T22:28:28.739164586Z,game ended,2024-06-28T22:28:32.863227979Z,true,2024-06-28T22:31:04.435160107Z,"{""age"":""20"",""gender"":""Female"",""strategy"":""We tried to describe the shape using familiar objects to us. Some reminded us of a tree or flower, so we called it a flower. If there were triangles on top, we would call them \""spikes.\"" "",""enjoy"":""Yes, they were very good. They were quite friendly. They read and described the shapes quickly."",""feedback"":"""",""education"":""high-school""}",2024-06-28T22:31:04.407997465Z,01J1GBK26D21DVATKGAY8P4SJK,2024-06-28T21:49:34.950771033Z,2,2024-06-28T21:55:43.291280369Z,true,2024-06-28T21:56:08.909265514Z,Minu,2024-06-28T21:56:09.22089772Z,#444EA1,2024-06-28T21:56:09.22089772Z,,,01J1GD6F2K3C069P422K0JFBV7,2024-06-28T21:49:34.938379444Z,6310b6a2faa8651af66ee6de,2024-06-28T21:49:34.938379444Z,01J1GCXGV4QD05R4V0BWWF4098,2024-06-28T21:56:09.22089772Z,matcher,2024-06-28T22:28:14.197080311Z,1.890000,2024-06-28T22:28:32.653452453Z,/avatars/red.png,2024-06-28T21:56:09.22089772Z,"{""contextSize"":4,""contextStructure"":""comp-within"",""feedbackDuration"":3,""maxTimeout"":3,""numRepetitionsWithPartner"":4,""playerCount"":2,""selectionDuration"":60,""showNegativeFeedback"":1}",2024-06-28T21:49:34.950771033Z,full-comp-within,2024-06-28T21:49:34.950771033Z,"{""participantKey"":""6310b6a2faa8651af66ee6de"",""STUDY_ID"":""667f299f8af19533cae5a843"",""SESSION_ID"":""667f2f944ca7b1aad45b5116""}",2024-06-28T21:49:35.098369981Z
01J1GDKNNVK31FX7VWAR5JJ8KM,https://api.dicebear.com/8.x/rings/svg?seed=Minu,2024-06-28T22:00:58.247214071Z,1.860000,2024-06-28T22:24:05.928175024Z,/tangrams/6_22.png,2024-06-28T22:24:02.512086982Z,game ended,2024-06-28T22:24:06.087594695Z,true,2024-06-28T22:25:38.641391276Z,"{""age"":""28"",""gender"":""Female"",""strategy"":""coming up with real-life objects which the pictures look like"",""enjoy"":""yes, we communicated well"",""feedback"":""no problems, I wish I could have said goodbye to my partner and thanked them for playing with me"",""education"":""bachelor""}",2024-06-28T22:25:38.661115158Z,01J1GC6FWV623Q1S58FYC029H6,2024-06-28T21:56:47.534075396Z,2,2024-06-28T21:59:54.195611543Z,true,2024-06-28T22:00:57.596954798Z,Minu,2024-06-28T22:00:58.247214071Z,#444EA1,2024-06-28T22:00:58.247214071Z,2,2024-06-28T22:13:32.394538087Z,01J1GDKGPFT9KMJ5JBS9QA7FJK,2024-06-28T21:56:47.41932836Z,660d5323957437aa23611e28,2024-06-28T21:56:47.41932836Z,01J1GCKZWY6P0KJD736C8JZX44,2024-06-28T22:00:58.247214071Z,matcher,2024-06-28T22:23:56.355349154Z,1.860000,2024-06-28T22:24:05.928175024Z,/avatars/red.png,2024-06-28T22:00:58.247214071Z,"{""contextSize"":4,""contextStructure"":""noncomp"",""feedbackDuration"":3,""maxTimeout"":3,""numRepetitionsWithPartner"":4,""playerCount"":2,""selectionDuration"":60,""showNegativeFeedback"":1}",2024-06-28T21:56:47.534075396Z,full-noncomp,2024-06-28T21:56:47.534075396Z,"{""participantKey"":""660d5323957437aa23611e28"",""STUDY_ID"":""667f299f8af19533cae5a843"",""SESSION_ID"":""667f3189950112de97b08db1""}",2024-06-28T21:56:47.912070248Z
01J1GCFFT5VZKE8R0766EQR2EM,https://api.dicebear.com/8.x/rings/svg?seed=Repi,2024-06-28T21:49:36.884706047Z,1.920000,2024-06-28T22:14:18.785343152Z,/tangrams/0_16.png,2024-06-28T22:14:15.438526472Z,game ended,2024-06-28T22:14:18.904566365Z,true,2024-06-28T22:17:20.030968702Z,"{""age"":""24"",""gender"":""Female"",""strategy"":""Early on it was describing key points of the image and then we seemed to wordlessly agree on how some images looked consistantly."",""enjoy"":""Yes, I think it was fun. They were able to sort out answers in a fairly quick manner."",""feedback"":""It does become difficult to find descriptors outside of the ones established after so many rounds, but no problems encountered."",""education"":""other""}",2024-06-28T22:17:20.048642732Z,01J1GC6FWRQ635VP9NEJPYXAAA,2024-06-28T21:37:01.778788516Z,2,2024-06-28T21:38:51.233527632Z,true,2024-06-28T21:39:32.483595956Z,Repi,2024-06-28T21:49:36.884706047Z,#29828D,2024-06-28T21:49:36.884706047Z,,,01J1GCFFGV1TY7S958NEFHSP6Z,2024-06-28T21:37:01.765738272Z,6679e3487ee13afaef3e5f53,2024-06-28T21:37:01.765738272Z,01J1GD391VNBF9K9ZF71FRRCXM,2024-06-28T21:49:36.884706047Z,director,2024-06-28T22:13:49.679843098Z,1.920000,2024-06-28T22:14:18.785343152Z,/avatars/blue.png,2024-06-28T21:49:36.884706047Z,"{""contextSize"":4,""contextStructure"":""comp-between"",""feedbackDuration"":3,""maxTimeout"":3,""numRepetitionsWithPartner"":4,""playerCount"":2,""selectionDuration"":60,""showNegativeFeedback"":1}",2024-06-28T21:37:01.778788516Z,full-comp-between,2024-06-28T21:37:01.778788516Z,"{""participantKey"":""6679e3487ee13afaef3e5f53"",""STUDY_ID"":""667f299f8af19533cae5a843"",""SESSION_ID"":""667f2cc759d6aed427b00886""}",2024-06-28T21:37:01.941785002Z
01J1GCTBVK12MQ5CB3YAC9C6SQ,https://api.dicebear.com/8.x/rings/svg?seed=Repi,2024-06-28T21:46:50.849982374Z,1.920000,2024-06-28T22:05:02.995340994Z,/tangrams/8_24.png,2024-06-28T22:04:59.705472691Z,game ended,2024-06-28T22:05:03.130926099Z,true,2024-06-28T22:08:48.614036727Z,"{""age"":""46"",""gender"":""Female"",""strategy"":""We described the image using things the other person would know (eg. flower, spaceship)."",""enjoy"":""I did enjoy it since we could request more information and it made it really feel like a game. If the description was written prior and I was alone doing this activity, it wouldn't have been as fun."",""feedback"":""I had a bit of trouble clicking the image on one trial. It would not let me select the image."",""education"":""other""}",2024-06-28T22:08:48.579394575Z,01J1GBK26FB54362GGJR86CQAT,2024-06-28T21:42:58.177279012Z,2,2024-06-28T21:45:00.439478257Z,true,2024-06-28T21:46:29.27786539Z,Repi,2024-06-28T21:46:50.849982374Z,#29828D,2024-06-28T21:46:50.849982374Z,,,01J1GCTBNXGZV8C493JJQ48EKN,2024-06-28T21:42:58.163265356Z,655406164f5cc9be5b0f3a06,2024-06-28T21:42:58.163265356Z,01J1GCX8GDS14BXNM6CHK2N3YD,2024-06-28T21:46:50.849982374Z,director,2024-06-28T22:04:49.759874297Z,1.920000,2024-06-28T22:05:02.995340994Z,/avatars/blue.png,2024-06-28T21:46:50.849982374Z,"{""contextSize"":4,""contextStructure"":""noncomp"",""feedbackDuration"":3,""maxTimeout"":3,""numRepetitionsWithPartner"":4,""playerCount"":2,""selectionDuration"":60,""showNegativeFeedback"":1}",2024-06-28T21:42:58.177279012Z,full-noncomp,2024-06-28T21:42:58.177279012Z,"{""participantKey"":""655406164f5cc9be5b0f3a06"",""STUDY_ID"":""667f299f8af19533cae5a843"",""SESSION_ID"":""667f2e3026dbf9d28c7c9bf1""}",2024-06-28T21:42:58.268218842Z
01J1GCXRR9A6DSJ0SRBJ6CCP9P,https://api.dicebear.com/8.x/rings/svg?seed=Minu,2024-06-28T21:48:26.916876437Z,1.890000,2024-06-28T22:00:34.407709387Z,/tangrams/0_16.png,2024-06-28T22:00:31.17221684Z,game ended,2024-06-28T22:00:34.489420069Z,true,2024-06-28T22:01:27.924225372Z,"{""age"":""27"",""gender"":""Male"",""strategy"":""figured out words for each shape and then used that to reference them"",""enjoy"":""yes as we worked well together"",""feedback"":""none"",""education"":""master""}",2024-06-28T22:01:27.939342286Z,01J1GBK26CYMKC01RC7CNKBGM1,2024-06-28T21:44:49.682324602Z,2,2024-06-28T21:47:57.341696188Z,true,2024-06-28T21:48:26.743289418Z,Minu,2024-06-28T21:48:26.916876437Z,#444EA1,2024-06-28T21:48:26.916876437Z,,,01J1GCXR4WEPRJRGNKKTG2J16T,2024-06-28T21:44:49.673887053Z,63d16db590b1cad99178a991,2024-06-28T21:44:49.673887053Z,01J1GCRN9GSBF74K18QEQ0K2S6,2024-06-28T21:48:26.916876437Z,matcher,2024-06-28T22:00:25.218769186Z,1.890000,2024-06-28T22:00:34.407709387Z,/avatars/red.png,2024-06-28T21:48:26.916876437Z,"{""contextSize"":4,""contextStructure"":""comp-between"",""feedbackDuration"":3,""maxTimeout"":3,""numRepetitionsWithPartner"":4,""playerCount"":2,""selectionDuration"":60,""showNegativeFeedback"":1}",2024-06-28T21:44:49.682324602Z,full-comp-between,2024-06-28T21:44:49.682324602Z,"{""participantKey"":""63d16db590b1cad99178a991"",""STUDY_ID"":""667f299f8af19533cae5a843"",""SESSION_ID"":""667f2e81ed583b62cf7aaf37""}",2024-06-28T21:44:50.016837816Z
01J1GCXGV4QD05R4V0BWWF4098,https://api.dicebear.com/8.x/rings/svg?seed=Repi,2024-06-28T21:56:09.22089772Z,1.890000,2024-06-28T22:28:32.653452453Z,/tangrams/1_18.png,2024-06-28T22:28:29.138532162Z,game ended,2024-06-28T22:28:32.863227979Z,true,2024-06-28T22:30:06.070073643Z,"{""age"":""34"",""gender"":""Male"",""strategy"":""I tried to use the simplest language and the most familiar shapes as reference. "",""enjoy"":""Yes, because it foments creativity while trying to simplify concepts as much as possible"",""feedback"":""The comprehension test was the hardest part "",""education"":""master""}",2024-06-28T22:30:05.97720711Z,01J1GBK26D21DVATKGAY8P4SJK,2024-06-28T21:44:41.581825146Z,2,2024-06-28T21:45:22.105857954Z,true,2024-06-28T21:49:18.840433367Z,Repi,2024-06-28T21:56:09.22089772Z,#29828D,2024-06-28T21:56:09.22089772Z,,,01J1GCXGEX7MQ8MSVQMNMHFA8N,2024-06-28T21:44:41.573025612Z,667973ec91f84951ee04a92f,2024-06-28T21:44:41.573025612Z,01J1GD6FATZZRY5ZXDCEZXVMGR,2024-06-28T21:56:09.22089772Z,director,2024-06-28T22:28:14.197080311Z,1.890000,2024-06-28T22:28:32.653452453Z,/avatars/blue.png,2024-06-28T21:56:09.22089772Z,"{""contextSize"":4,""contextStructure"":""comp-within"",""feedbackDuration"":3,""maxTimeout"":3,""numRepetitionsWithPartner"":4,""playerCount"":2,""selectionDuration"":60,""showNegativeFeedback"":1}",2024-06-28T21:44:41.581825146Z,full-comp-within,2024-06-28T21:44:41.581825146Z,"{""participantKey"":""667973ec91f84951ee04a92f"",""STUDY_ID"":""667f299f8af19533cae5a843"",""SESSION_ID"":""667f2eb2fc3996f9283fecbc""}",2024-06-28T21:44:41.774530671Z
01J1GD0MTFS2D84TZRNMFYNFZZ,,,,,,,no more games,2024-06-28T21:49:36.681463044Z,,,,,null,2024-06-28T21:49:36.681463044Z,2,2024-06-28T21:48:54.576459065Z,,,,,,,,,01J1GD0KZ0G8ZRR2A6EPSGMRPC,2024-06-28T21:46:23.951684367Z,5c36415362073c000166c847,2024-06-28T21:46:23.951684367Z,,,,,,,,,"{""contextSize"":4,""contextStructure"":""comp-between"",""feedbackDuration"":3,""maxTimeout"":3,""numRepetitionsWithPartner"":4,""playerCount"":2,""selectionDuration"":60,""showNegativeFeedback"":1}",2024-06-28T21:46:23.962770203Z,full-comp-between,2024-06-28T21:46:23.962770203Z,"{""participantKey"":""5c36415362073c000166c847"",""STUDY_ID"":""667f299f8af19533cae5a843"",""SESSION_ID"":""667f2eed3a1342cc5a0c6d97""}",2024-06-28T21:46:24.408673188Z
01J1GD391VNBF9K9ZF71FRRCXM,https://api.dicebear.com/8.x/rings/svg?seed=Minu,2024-06-28T21:49:36.884706047Z,1.920000,2024-06-28T22:14:18.785343152Z,/tangrams/0_16.png,2024-06-28T22:14:15.451214845Z,game ended,2024-06-28T22:14:18.904566365Z,true,2024-06-28T22:15:09.284764359Z,"{""age"":""37"",""gender"":""Female"",""strategy"":""We figured out our own way of describing certain shapes that repeatedly showed up (e.g. bite in corner, spikey top)."",""enjoy"":""It was very enjoyable once we started figuring out a common language for what things looked like."",""feedback"":"""",""education"":""bachelor""}",2024-06-28T22:15:09.268876724Z,01J1GC6FWRQ635VP9NEJPYXAAA,2024-06-28T21:48:26.754042096Z,2,2024-06-28T21:48:49.905947366Z,true,2024-06-28T21:49:36.676041735Z,Minu,2024-06-28T21:49:36.884706047Z,#444EA1,2024-06-28T21:49:36.884706047Z,,,01J1GD38W2322TPXP9XSSH35J4,2024-06-28T21:47:50.203185339Z,6672ed671976c19f642e6a2b,2024-06-28T21:47:50.203185339Z,01J1GCFFT5VZKE8R0766EQR2EM,2024-06-28T21:49:36.884706047Z,matcher,2024-06-28T22:13:49.679843098Z,1.920000,2024-06-28T22:14:18.785343152Z,/avatars/red.png,2024-06-28T21:49:36.884706047Z,"{""contextSize"":4,""contextStructure"":""comp-between"",""feedbackDuration"":3,""maxTimeout"":3,""numRepetitionsWithPartner"":4,""playerCount"":2,""selectionDuration"":60,""showNegativeFeedback"":1}",2024-06-28T21:47:50.21447484Z,full-comp-between,2024-06-28T21:47:50.21447484Z,"{""participantKey"":""6672ed671976c19f642e6a2b"",""STUDY_ID"":""667f299f8af19533cae5a843"",""SESSION_ID"":""667f2f780c5574b219f15de4""}",2024-06-28T21:47:50.303578166Z
01J1GDABVD6WHGSHJ552PVS5N8,https://api.dicebear.com/8.x/rings/svg?seed=Minu,2024-06-28T21:56:36.578703089Z,1.860000,2024-06-28T22:27:32.712711387Z,/tangrams/2_18.png,2024-06-28T22:27:29.223005251Z,game ended,2024-06-28T22:27:32.886518005Z,true,2024-06-28T22:28:35.75297705Z,"{""age"":""23"",""gender"":""Female"",""strategy"":""Describing the top shape and the bottom shapes separately"",""enjoy"":""Yes, it was fun seeing how the other person described the shapes. I thought one shape looked like an elephant, they thought eagle"",""feedback"":""No problems"",""education"":""bachelor""}",2024-06-28T22:28:35.729797072Z,01J1GC6FWTB9WWY47TTH34ZJK7,2024-06-28T21:56:08.920445916Z,2,2024-06-28T21:56:13.140819521Z,true,2024-06-28T21:56:36.200274385Z,Minu,2024-06-28T21:56:36.578703089Z,#444EA1,2024-06-28T21:56:36.578703089Z,,,01J1GDABGQQWKNJQXACNQ17XJS,2024-06-28T21:51:42.445585713Z,666077679cea8c0f635bd194,2024-06-28T21:51:42.445585713Z,01J1GCKBHNTZ4R2CYPVBZ3H75Z,2024-06-28T21:56:36.578703089Z,matcher,2024-06-28T22:27:12.910840897Z,1.860000,2024-06-28T22:27:32.712711387Z,/avatars/red.png,2024-06-28T21:56:36.578703089Z,"{""contextSize"":4,""contextStructure"":""comp-within"",""feedbackDuration"":3,""maxTimeout"":3,""numRepetitionsWithPartner"":4,""playerCount"":2,""selectionDuration"":60,""showNegativeFeedback"":1}",2024-06-28T21:51:42.460784156Z,full-comp-within,2024-06-28T21:51:42.460784156Z,"{""participantKey"":""666077679cea8c0f635bd194"",""STUDY_ID"":""667f299f8af19533cae5a843"",""SESSION_ID"":""667f304559d6aed427b0090f""}",2024-06-28T21:51:42.628355336Z
01J1GDKTHKWQZT8DC8KNBTNP9T,,,,,,,game failed,2024-06-28T22:08:04.651573366Z,,,,,01J1GDX2EDTXCYB9B8VEBCE6ZH,2024-06-28T22:02:11.575900212Z,2,2024-06-28T21:57:19.050813029Z,,,,,,,,,01J1GDKT4N9RDTYD9WVHBJXNA7,2024-06-28T21:56:52.403824356Z,65269d9732b6ac07f7efc252,2024-06-28T21:56:52.403824356Z,,,,,,,,,"{""contextSize"":4,""contextStructure"":""noncomp"",""feedbackDuration"":3,""maxTimeout"":3,""numRepetitionsWithPartner"":4,""playerCount"":2,""selectionDuration"":60,""showNegativeFeedback"":1}",2024-06-28T21:56:52.419084531Z,full-noncomp,2024-06-28T21:56:52.419084531Z,"{""participantKey"":""65269d9732b6ac07f7efc252"",""STUDY_ID"":""667f299f8af19533cae5a843"",""SESSION_ID"":""667f319459d6aed427b00952""}",2024-06-28T21:56:52.619708055Z
01J1GCHAC52YTQ5XXKBFVYEXZ6,,,,,,,game terminated,2024-06-28T22:34:42.68813053Z,,,,,01J1GDHASBXZ6SCDTEHD99JNZ9,2024-06-28T21:56:36.212631503Z,2,2024-06-28T21:41:03.802184208Z,,,,,,,,,01J1GCH9SAHXYRS60MW2Q5VJJB,2024-06-28T21:38:01.733576366Z,60eea778df60b9a7d88b7ade,2024-06-28T21:38:01.733576366Z,,,,,,,,,"{""contextSize"":4,""contextStructure"":""comp-within"",""feedbackDuration"":3,""maxTimeout"":3,""numRepetitionsWithPartner"":4,""playerCount"":2,""selectionDuration"":60,""showNegativeFeedback"":1}",2024-06-28T21:38:01.743637021Z,full-comp-within,2024-06-28T21:38:01.743637021Z,"{""participantKey"":""60eea778df60b9a7d88b7ade"",""STUDY_ID"":""667f299f8af19533cae5a843"",""SESSION_ID"":""667f2d1406084153360c6ce0""}",2024-06-28T21:38:02.373947654Z
01J1GCS4T2NG8A6VQ8F8A16JV1,,,,,,,no more games,2024-06-28T21:49:36.681463044Z,,,,,null,2024-06-28T21:49:36.681463044Z,2,2024-06-28T21:43:28.013088616Z,,,,,,,,,01J1GCS443VSQ9WGGEX9Z54PKV,2024-06-28T21:42:18.178423323Z,57e251cea0e8ce0001544afb,2024-06-28T21:42:18.178423323Z,,,,,,,,,"{""contextSize"":4,""contextStructure"":""comp-between"",""feedbackDuration"":3,""maxTimeout"":3,""numRepetitionsWithPartner"":4,""playerCount"":2,""selectionDuration"":60,""showNegativeFeedback"":1}",2024-06-28T21:42:18.188230035Z,full-comp-between,2024-06-28T21:42:18.188230035Z,"{""participantKey"":""57e251cea0e8ce0001544afb"",""STUDY_ID"":""667f299f8af19533cae5a843"",""SESSION_ID"":""667f2e16139904d9865efe4f""}",2024-06-28T21:42:18.537877942Z
01J1GCX8GDS14BXNM6CHK2N3YD,https://api.dicebear.com/8.x/rings/svg?seed=Minu,2024-06-28T21:46:50.849982374Z,1.920000,2024-06-28T22:05:02.995340994Z,/tangrams/8_24.png,2024-06-28T22:04:59.719082499Z,game ended,2024-06-28T22:05:03.130926099Z,true,2024-06-28T22:06:22.888450575Z,"{""age"":""21"",""gender"":""Male"",""strategy"":""I wanted to keep it simple and use shapes and common figures to identify them"",""enjoy"":""Yeah it was super fun, i got an insight into how my anonymous partner thought about how to describe certain figures."",""feedback"":""none"",""education"":""bachelor""}",2024-06-28T22:06:22.89990549Z,01J1GBK26FB54362GGJR86CQAT,2024-06-28T21:44:33.045553237Z,2,2024-06-28T21:46:22.189118697Z,true,2024-06-28T21:46:50.656967724Z,Minu,2024-06-28T21:46:50.849982374Z,#444EA1,2024-06-28T21:46:50.849982374Z,,,01J1GCX7X57WSJNW4E21SKFEQC,2024-06-28T21:44:33.03787982Z,66129ba63bdad6d8137dd832,2024-06-28T21:44:33.03787982Z,01J1GCTBVK12MQ5CB3YAC9C6SQ,2024-06-28T21:46:50.849982374Z,matcher,2024-06-28T22:04:49.759874297Z,1.920000,2024-06-28T22:05:02.995340994Z,/avatars/red.png,2024-06-28T21:46:50.849982374Z,"{""contextSize"":4,""contextStructure"":""noncomp"",""feedbackDuration"":3,""maxTimeout"":3,""numRepetitionsWithPartner"":4,""playerCount"":2,""selectionDuration"":60,""showNegativeFeedback"":1}",2024-06-28T21:44:33.045553237Z,full-noncomp,2024-06-28T21:44:33.045553237Z,"{""participantKey"":""66129ba63bdad6d8137dd832"",""STUDY_ID"":""667f299f8af19533cae5a843"",""SESSION_ID"":""667f2ea46885e1eba8d93d62""}",2024-06-28T21:44:33.372231847Z
01J1GDPY8DBDQZWT21D9T9C2SY,https://api.dicebear.com/8.x/rings/svg?seed=Repi,2024-06-28T22:02:12.61180108Z,0.090000,2024-06-28T22:07:58.186999988Z,,2024-06-28T22:07:58.297955017Z,timeOut,2024-06-28T22:34:45.938264426Z,true,2024-06-28T22:11:39.841483447Z,"{""age"":""23"",""gender"":""Female"",""strategy"":""I just described the shapes and how they were positioned. (three triangles on the bottom, two rectangles on top, etc)"",""enjoy"":""I didn't enjoy playling with my partner because they did not answer me when it was my turn to be matcher :( but they said slay when I said its giving spider so I liked that it was relatable."",""feedback"":""I could not click on the shapes that I wanted to select when I was matcher. But it did not matter since my partner did not tell me which to pick."",""education"":""bachelor""}",2024-06-28T22:11:39.856912714Z,01J1GDGVB9VD9QZM57WJNGBSE3,2024-06-28T22:00:57.638052716Z,2,2024-06-28T22:00:24.970210783Z,true,2024-06-28T22:01:03.704118736Z,Repi,2024-06-28T22:02:12.61180108Z,#29828D,2024-06-28T22:02:12.61180108Z,29,2024-06-28T22:34:45.938264426Z,01J1GDPY3RMVZS3X7TNNQM6CA5,2024-06-28T21:58:34.509668174Z,6648cd02a0e08e647816e506,2024-06-28T21:58:34.509668174Z,01J1GDRY8S6N8FJXWF352C4CWD,2024-06-28T22:02:12.61180108Z,director,2024-06-28T22:34:32.176440034Z,0.090000,2024-06-28T22:07:58.186999988Z,/avatars/blue.png,2024-06-28T22:02:12.61180108Z,"{""contextSize"":4,""contextStructure"":""noncomp"",""feedbackDuration"":3,""maxTimeout"":3,""numRepetitionsWithPartner"":4,""playerCount"":2,""selectionDuration"":60,""showNegativeFeedback"":1}",2024-06-28T21:58:34.529664141Z,full-noncomp,2024-06-28T21:58:34.529664141Z,"{""participantKey"":""6648cd02a0e08e647816e506"",""STUDY_ID"":""667f299f8af19533cae5a843"",""SESSION_ID"":""667f30e60054e09c1bd37c4c""}",2024-06-28T21:58:34.814311863Z
01J1GDR95FF0Y61ARSG05V5N1S,,,,,,,game failed,2024-06-28T22:08:04.651573366Z,,,,,01J1GDX2EDTXCYB9B8VEBCE6ZH,2024-06-28T22:02:11.575900212Z,2,2024-06-28T22:00:22.737382384Z,,,,,,,,,01J1GDR8XPVJRS8D3EF5DXMMBA,2024-06-28T21:59:18.447701004Z,65ecfe57f59dc5a09bd3deb5,2024-06-28T21:59:18.447701004Z,,,,,,,,,"{""contextSize"":4,""contextStructure"":""noncomp"",""feedbackDuration"":3,""maxTimeout"":3,""numRepetitionsWithPartner"":4,""playerCount"":2,""selectionDuration"":60,""showNegativeFeedback"":1}",2024-06-28T21:59:18.470640244Z,full-noncomp,2024-06-28T21:59:18.470640244Z,"{""participantKey"":""65ecfe57f59dc5a09bd3deb5"",""STUDY_ID"":""667f299f8af19533cae5a843"",""SESSION_ID"":""667f319d48b8508867374b06""}",2024-06-28T21:59:18.612664024Z
01J1GDRY8S6N8FJXWF352C4CWD,https://api.dicebear.com/8.x/rings/svg?seed=Minu,2024-06-28T22:02:12.61180108Z,0.090000,2024-06-28T22:07:58.186999988Z,,2024-06-28T22:07:58.297955017Z,timeOut,2024-06-28T22:34:45.938264426Z,true,2024-06-28T22:09:57.218077254Z,"{""age"":""22"",""gender"":""Male"",""strategy"":""looking at what the person described"",""enjoy"":""yes"",""feedback"":""glitchy "",""education"":""high-school""}",2024-06-28T22:09:57.232969377Z,01J1GDGVB9VD9QZM57WJNGBSE3,2024-06-28T22:00:57.638052716Z,2,2024-06-28T22:01:13.533461556Z,true,2024-06-28T22:02:11.518441654Z,Minu,2024-06-28T22:02:12.61180108Z,#444EA1,2024-06-28T22:02:12.61180108Z,29,2024-06-28T22:34:45.938264426Z,01J1GDRXA5QYJXC6PQRH7WCJKY,2024-06-28T21:59:40.057961337Z,662014a807f77b64e442e9ff,2024-06-28T21:59:40.057961337Z,01J1GDPY8DBDQZWT21D9T9C2SY,2024-06-28T22:02:12.61180108Z,matcher,2024-06-28T22:34:32.176440034Z,0.090000,2024-06-28T22:07:58.186999988Z,/avatars/red.png,2024-06-28T22:02:12.61180108Z,"{""contextSize"":4,""contextStructure"":""noncomp"",""feedbackDuration"":3,""maxTimeout"":3,""numRepetitionsWithPartner"":4,""playerCount"":2,""selectionDuration"":60,""showNegativeFeedback"":1}",2024-06-28T21:59:40.073123133Z,full-noncomp,2024-06-28T21:59:40.073123133Z,"{""participantKey"":""662014a807f77b64e442e9ff"",""STUDY_ID"":""667f299f8af19533cae5a843"",""SESSION_ID"":""667f3231675f1eb5a9163ebb""}",2024-06-28T21:59:41.78726558Z
01J1GCRN9GSBF74K18QEQ0K2S6,https://api.dicebear.com/8.x/rings/svg?seed=Repi,2024-06-28T21:48:26.916876437Z,1.890000,2024-06-28T22:00:34.407709387Z,/tangrams/0_16.png,2024-06-28T22:00:31.154143138Z,game ended,2024-06-28T22:00:34.489420069Z,true,2024-06-28T22:02:05.308696523Z,"{""age"":""27"",""gender"":""Male"",""strategy"":""picked the top half of the shapes as flat, spike, rectangle and rounded"",""enjoy"":""yea we were good at what we did and quick"",""feedback"":""fun, was engaged, more shape variety would make it more challenging"",""education"":""bachelor""}",2024-06-28T22:02:05.321856104Z,01J1GBK26CYMKC01RC7CNKBGM1,2024-06-28T21:42:02.296385459Z,2,2024-06-28T21:43:17.253263018Z,true,2024-06-28T21:44:35.076131361Z,Repi,2024-06-28T21:48:26.916876437Z,#29828D,2024-06-28T21:48:26.916876437Z,,,01J1GCRMXT2SAGBQ4RJF0RK535,2024-06-28T21:42:02.288266746Z,6660b10f6ee584a5962331cb,2024-06-28T21:42:02.288266746Z,01J1GCXRR9A6DSJ0SRBJ6CCP9P,2024-06-28T21:48:26.916876437Z,director,2024-06-28T22:00:25.218769186Z,1.890000,2024-06-28T22:00:34.407709387Z,/avatars/blue.png,2024-06-28T21:48:26.916876437Z,"{""contextSize"":4,""contextStructure"":""comp-between"",""feedbackDuration"":3,""maxTimeout"":3,""numRepetitionsWithPartner"":4,""playerCount"":2,""selectionDuration"":60,""showNegativeFeedback"":1}",2024-06-28T21:42:02.296385459Z,full-comp-between,2024-06-28T21:42:02.296385459Z,"{""participantKey"":""6660b10f6ee584a5962331cb"",""STUDY_ID"":""667f299f8af19533cae5a843"",""SESSION_ID"":""667f2e12d91ebe1c8590c876""}",2024-06-28T21:42:02.485035769Z
01J1GCYBKX8TACBJH65KTGBWSV,,,,,,,game failed,2024-06-28T22:08:04.651573366Z,,,,,01J1GDX2EDTXCYB9B8VEBCE6ZH,2024-06-28T22:02:11.575900212Z,2,2024-06-28T21:45:14.71329553Z,,,,,,,,,01J1GCYB95ZJ9CXSH37RYV55GV,2024-06-28T21:45:08.989687859Z,65366f4b5959e6cea283f90a,2024-06-28T21:45:08.989687859Z,,,,,,,,,"{""contextSize"":4,""contextStructure"":""noncomp"",""feedbackDuration"":3,""maxTimeout"":3,""numRepetitionsWithPartner"":4,""playerCount"":2,""selectionDuration"":60,""showNegativeFeedback"":1}",2024-06-28T21:45:09.000920544Z,full-noncomp,2024-06-28T21:45:09.000920544Z,"{""participantKey"":""65366f4b5959e6cea283f90a"",""STUDY_ID"":""667f299f8af19533cae5a843"",""SESSION_ID"":""667f2ed9912b61e3df4738a9""}",2024-06-28T21:45:09.181259139Z
01J1GD0TFY0T4C8Z6DYB3ZQRQ2,,,,,,,game failed,2024-06-28T22:08:04.651573366Z,,,,,01J1GDX2EDTXCYB9B8VEBCE6ZH,2024-06-28T22:02:11.575900212Z,2,2024-06-28T21:46:42.627663034Z,,,,,,,,,01J1GD0STVT6MEXPRQGW4R2PDD,2024-06-28T21:46:29.758243095Z,doughburd,2024-06-28T21:46:29.758243095Z,,,,,,,,,"{""contextSize"":4,""contextStructure"":""noncomp"",""feedbackDuration"":3,""maxTimeout"":3,""numRepetitionsWithPartner"":4,""playerCount"":2,""selectionDuration"":60,""showNegativeFeedback"":1}",2024-06-28T21:46:29.769542787Z,full-noncomp,2024-06-28T21:46:29.769542787Z,"{""participantKey"":""59f984216ef7280001e69086"",""STUDY_ID"":""667f299f8af19533cae5a843"",""SESSION_ID"":""667f2f0cb464b48413d1fc3d""}",2024-06-28T21:46:30.100675655Z
01J1GC2FPFNP89E2TCYPBNGV7S,,,,,,,game terminated,2024-06-28T21:32:04.862569753Z,,,,,01J1GBK6SKDRW2T0DT9NBZDD85,2024-06-28T21:29:55.676667116Z,2,2024-06-28T21:29:58.632342248Z,,,,,,,,,01J1GC2FF9G73MKWG9W7K6QYDX,2024-06-28T21:29:55.664023186Z,5db5148b5ddc9a000a09b819,2024-06-28T21:29:55.664023186Z,,,,,,,,,"{""contextSize"":4,""contextStructure"":""comp-within"",""feedbackDuration"":3,""maxTimeout"":3,""numRepetitionsWithPartner"":4,""playerCount"":2,""selectionDuration"":60,""showNegativeFeedback"":1}",2024-06-28T21:29:55.676667116Z,full-comp-within,2024-06-28T21:29:55.676667116Z,"{""participantKey"":""5db5148b5ddc9a000a09b819"",""STUDY_ID"":""667f299f8af19533cae5a843"",""SESSION_ID"":""667f2b234ac0bc6f852db61d""}",2024-06-28T21:29:55.816937146Z
01J1GCKBHNTZ4R2CYPVBZ3H75Z,https://api.dicebear.com/8.x/rings/svg?seed=Repi,2024-06-28T21:56:36.578703089Z,1.860000,2024-06-28T22:27:32.712711387Z,/tangrams/2_18.png,2024-06-28T22:27:29.246422654Z,game ended,2024-06-28T22:27:32.886518005Z,true,2024-06-28T22:29:01.682892143Z,"{""age"":""27"",""gender"":""Female"",""strategy"":""To be as specific as possible with the shapes but also as concise as possible"",""enjoy"":""Yes because they seemed well versed in shapes and pattern recognition and we learned well together. they were also concise to preserve time limit"",""feedback"":""It got a little repetitive but that isn't necessarily a bad thing"",""education"":""high-school""}",2024-06-28T22:29:01.656151667Z,01J1GC6FWTB9WWY47TTH34ZJK7,2024-06-28T21:39:08.478784005Z,2,2024-06-28T21:41:16.590544913Z,true,2024-06-28T21:41:51.914592006Z,Repi,2024-06-28T21:56:36.578703089Z,#29828D,2024-06-28T21:56:36.578703089Z,,,01J1GCKBDEYJCGHWS0J56MATMQ,2024-06-28T21:39:08.470009499Z,662e9986a91134a0237b8498,2024-06-28T21:39:08.470009499Z,01J1GDABVD6WHGSHJ552PVS5N8,2024-06-28T21:56:36.578703089Z,director,2024-06-28T22:27:12.910840897Z,1.860000,2024-06-28T22:27:32.712711387Z,/avatars/blue.png,2024-06-28T21:56:36.578703089Z,"{""contextSize"":4,""contextStructure"":""comp-within"",""feedbackDuration"":3,""maxTimeout"":3,""numRepetitionsWithPartner"":4,""playerCount"":2,""selectionDuration"":60,""showNegativeFeedback"":1}",2024-06-28T21:39:08.478784005Z,full-comp-within,2024-06-28T21:39:08.478784005Z,"{""participantKey"":""662e9986a91134a0237b8498"",""STUDY_ID"":""667f299f8af19533cae5a843"",""SESSION_ID"":""667f2d6329c943af694eca72""}",2024-06-28T21:39:08.584991649Z
01J1GCKZWY6P0KJD736C8JZX44,https://api.dicebear.com/8.x/rings/svg?seed=Repi,2024-06-28T22:00:58.247214071Z,1.860000,2024-06-28T22:24:05.928175024Z,/tangrams/6_22.png,2024-06-28T22:24:02.564652663Z,game ended,2024-06-28T22:24:06.087594695Z,true,2024-06-28T22:25:21.982544247Z,"{""age"":""36"",""gender"":""female"",""strategy"":""keep in short and memorable"",""enjoy"":""yea they seemed smart"",""feedback"":""everything was great and i had fun. please give my bonus to my partner if poosible. thank you"",""education"":""master""}",2024-06-28T22:25:21.962176474Z,01J1GC6FWV623Q1S58FYC029H6,2024-06-28T21:39:29.319508113Z,2,2024-06-28T21:41:20.956115023Z,true,2024-06-28T21:42:18.680223802Z,Repi,2024-06-28T22:00:58.247214071Z,#29828D,2024-06-28T22:00:58.247214071Z,2,2024-06-28T22:13:32.394538087Z,01J1GCKZK76165A4VTA1SMCNE8,2024-06-28T21:39:29.310533879Z,661ab2c9342489aadb5cdff2,2024-06-28T21:39:29.310533879Z,01J1GDKNNVK31FX7VWAR5JJ8KM,2024-06-28T22:00:58.247214071Z,director,2024-06-28T22:23:56.355349154Z,1.860000,2024-06-28T22:24:05.928175024Z,/avatars/blue.png,2024-06-28T22:00:58.247214071Z,"{""contextSize"":4,""contextStructure"":""noncomp"",""feedbackDuration"":3,""maxTimeout"":3,""numRepetitionsWithPartner"":4,""playerCount"":2,""selectionDuration"":60,""showNegativeFeedback"":1}",2024-06-28T21:39:29.319508113Z,full-noncomp,2024-06-28T21:39:29.319508113Z,"{""participantKey"":""661ab2c9342489aadb5cdff2"",""STUDY_ID"":""667f299f8af19533cae5a843"",""SESSION_ID"":""667f2d5b247cca01a297b98e""}",2024-06-28T21:39:29.457058548Z
