id,batchID,batchIDLastChangedAt,gameID,gameIDLastChangedAt,playerID,playerIDLastChangedAt
01J1GDVA2KHSGJ71K6J4C8ZXBC,01J1GC6FW8MAYTMD1B3D93ZCCH,2024-06-28T22:00:57.683662386Z,01J1GC6FWV623Q1S58FYC029H6,2024-06-28T22:00:57.683662386Z,01J1GDKNNVK31FX7VWAR5JJ8KM,2024-06-28T22:00:57.683662386Z
01J1GDXJBBWRSHYNGA6JDRHDEK,01J1GDGVAB7DT53BEJKAXEN00S,2024-06-28T22:02:11.691839416Z,01J1GDGVB9VD9QZM57WJNGBSE3,2024-06-28T22:02:11.691839416Z,01J1GDPY8DBDQZWT21D9T9C2SY,2024-06-28T22:02:11.691839416Z
01J1GDXJBQMP6F3A9NPE99QREN,01J1GDGVAB7DT53BEJKAXEN00S,2024-06-28T22:02:11.703755295Z,01J1GDGVB9VD9QZM57WJNGBSE3,2024-06-28T22:02:11.703755295Z,01J1GDRY8S6N8FJXWF352C4CWD,2024-06-28T22:02:11.703755295Z
01J1GD4CRFDYH3XX97YM9WWRK9,01J1GBK25HJKDE4YJE63JRP132,2024-06-28T21:48:26.767426718Z,01J1GBK26CYMKC01RC7CNKBGM1,2024-06-28T21:48:26.767426718Z,01J1GCXRR9A6DSJ0SRBJ6CCP9P,2024-06-28T21:48:26.767426718Z
01J1GDJG3B3BA9PMS9FCWGKXF0,01J1GBK25HJKDE4YJE63JRP132,2024-06-28T21:56:08.939967762Z,01J1GBK26D21DVATKGAY8P4SJK,2024-06-28T21:56:08.939967762Z,01J1GD6FATZZRY5ZXDCEZXVMGR,2024-06-28T21:56:08.939967762Z
01J1GDKAR7CXKWN1WSPP1WWX7Y,01J1GC6FW8MAYTMD1B3D93ZCCH,2024-06-28T21:56:36.231626968Z,01J1GC6FWTB9WWY47TTH34ZJK7,2024-06-28T21:56:36.231626968Z,01J1GDABVD6WHGSHJ552PVS5N8,2024-06-28T21:56:36.231626968Z
01J1GD4CREM3QDRJ0QTW07YGBN,01J1GBK25HJKDE4YJE63JRP132,2024-06-28T21:48:26.76682845Z,01J1GBK26CYMKC01RC7CNKBGM1,2024-06-28T21:48:26.76682845Z,01J1GCRN9GSBF74K18QEQ0K2S6,2024-06-28T21:48:26.76682845Z
01J1GDJG38KJFPBVR8BFZVCDF4,01J1GBK25HJKDE4YJE63JRP132,2024-06-28T21:56:08.936797186Z,01J1GBK26D21DVATKGAY8P4SJK,2024-06-28T21:56:08.936797186Z,01J1GCXGV4QD05R4V0BWWF4098,2024-06-28T21:56:08.936797186Z
01J1GDKAR3YXX09ZV8ANQKC009,01J1GC6FW8MAYTMD1B3D93ZCCH,2024-06-28T21:56:36.227887408Z,01J1GC6FWTB9WWY47TTH34ZJK7,2024-06-28T21:56:36.227887408Z,01J1GCKBHNTZ4R2CYPVBZ3H75Z,2024-06-28T21:56:36.227887408Z
01J1GD1EXSMMFYNWBKC2W18YM4,01J1GBK25HJKDE4YJE63JRP132,2024-06-28T21:46:50.681589727Z,01J1GBK26FB54362GGJR86CQAT,2024-06-28T21:46:50.681589727Z,01J1GCTBVK12MQ5CB3YAC9C6SQ,2024-06-28T21:46:50.681589727Z
01J1GD1EXSMMFYNWBKCBA21RJ8,01J1GBK25HJKDE4YJE63JRP132,2024-06-28T21:46:50.681838132Z,01J1GBK26FB54362GGJR86CQAT,2024-06-28T21:46:50.681838132Z,01J1GCX8GDS14BXNM6CHK2N3YD,2024-06-28T21:46:50.681838132Z
01J1GD6H1MMW0SDHBHDSXQQSV6,01J1GC6FW8MAYTMD1B3D93ZCCH,2024-06-28T21:49:36.693026313Z,01J1GC6FWRQ635VP9NEJPYXAAA,2024-06-28T21:49:36.693026313Z,01J1GCFFT5VZKE8R0766EQR2EM,2024-06-28T21:49:36.693026313Z
01J1GD6H1P0BQS5W6M03D6AY4V,01J1GC6FW8MAYTMD1B3D93ZCCH,2024-06-28T21:49:36.694157796Z,01J1GC6FWRQ635VP9NEJPYXAAA,2024-06-28T21:49:36.694157796Z,01J1GD391VNBF9K9ZF71FRRCXM,2024-06-28T21:49:36.694157796Z
01J1GDVA25PKHTW91NN05WWEYA,01J1GC6FW8MAYTMD1B3D93ZCCH,2024-06-28T22:00:57.669398031Z,01J1GC6FWV623Q1S58FYC029H6,2024-06-28T22:00:57.669398031Z,01J1GCKZWY6P0KJD736C8JZX44,2024-06-28T22:00:57.669398031Z
