id,avatar,avatarLastChangedAt,bonus,bonusLastChangedAt,ended,endedLastChangedAt,exitStepDone,exitStepDoneLastChangedAt,exitSurvey,exitSurveyLastChangedAt,gameID,gameIDLastChangedAt,intro,introLastChangedAt,introDone,introDoneLastChangedAt,lobbyTimerGameID,lobbyTimerGameIDLastChangedAt,lobbyTimerID,lobbyTimerIDLastChangedAt,name,nameLastChangedAt,nameColor,nameColorLastChangedAt,participantID,participantIDLastChangedAt,participantIdentifier,participantIdentifierLastChangedAt,partner,partnerLastChangedAt,replayGameReadyCheck,replayGameReadyCheckLastChangedAt,role,roleLastChangedAt,score,scoreLastChangedAt,src,srcLastChangedAt,treatment,treatmentLastChangedAt,treatmentName,treatmentNameLastChangedAt,urlParams,urlParamsLastChangedAt
01JH95819MS36F72VAT1TSFK2T,https://api.dicebear.com/8.x/rings/svg?seed=Repi,2025-01-10T22:35:38.875086691Z,0,2025-01-10T22:35:38.875086691Z,game ended,2025-01-10T22:41:03.975543174Z,true,2025-01-10T22:33:16.211685966Z,"{""gamefailed"":""nogame""}",2025-01-10T22:33:16.207232734Z,01JH948MRFR5E05CZ7TCHNPZB7,2025-01-10T22:35:29.555111541Z,2,2025-01-10T22:28:27.142915914Z,true,2025-01-10T22:29:39.439871118Z,01JH948J2PSSRQGFZK293TEAX3,2025-01-10T22:29:39.45079839Z,01JH95CQFQ7C0V4YJS2S00BXMX,2025-01-10T22:29:39.45079839Z,Repi,2025-01-10T22:35:38.875086691Z,#29828D,2025-01-10T22:35:38.875086691Z,01JH957ZVA5TWXKKT3AWXJZ4ZX,2025-01-10T22:27:05.652926117Z,67619aa410413cff72d7f8d2,2025-01-10T22:27:05.652926117Z,01JH95C5E66EC54ASQNASF6QXJ,2025-01-10T22:35:38.875086691Z,false,2025-01-10T22:35:31.902860635Z,matcher,2025-01-10T22:40:00.703041873Z,0,2025-01-10T22:35:38.875086691Z,/avatars/blue.png,2025-01-10T22:35:38.875086691Z,"{""contextSize"":4,""contextStructure"":""comp-within"",""feedbackDuration"":3,""maxTimeout"":5,""numRepetitionsWithPartner"":4,""playerCount"":2,""selectionDuration"":60,""showNegativeFeedback"":1}",2025-01-10T22:27:05.663158392Z,full-comp-within,2025-01-10T22:27:05.663158392Z,"{""participantKey"":""67619aa410413cff72d7f8d2"",""STUDY_ID"":""67819adc5f785905c7aac9b1"",""SESSION_ID"":""67819e94a59d930aa1626880""}",2025-01-10T22:27:06.152457727Z
01JH95C424S0N0TN1BXNKWMJMC,https://api.dicebear.com/8.x/rings/svg?seed=Minu,2025-01-10T22:36:57.658776171Z,0,2025-01-10T22:36:57.658776171Z,game ended,2025-01-10T22:48:17.690892734Z,true,2025-01-10T22:49:28.750911897Z,"{""age"":""25"",""gender"":""male"",""strategy"":""it was tricky"",""enjoy"":""yes"",""feedback"":""i would love to play it  again"",""education"":""master""}",2025-01-10T22:49:28.733472557Z,01JH948NA8KKJKKSMX6KRG2FP1,2025-01-10T22:35:38.211478797Z,2,2025-01-10T22:29:25.353028643Z,true,2025-01-10T22:36:56.976032604Z,01JH948NA8KKJKKSMX6KRG2FP1,2025-01-10T22:36:57.008741511Z,01JH95T2SDFJC9FCS2TRKVMPPQ,2025-01-10T22:36:57.008741511Z,Minu,2025-01-10T22:36:57.658776171Z,#444EA1,2025-01-10T22:36:57.658776171Z,01JH95C360GEQ11JNHR8KRT6AR,2025-01-10T22:29:19.556985012Z,6759b1dc0d4215984decf3ac,2025-01-10T22:29:19.556985012Z,01JH956WKRQ62PFCARYQJT1SKV,2025-01-10T22:36:57.658776171Z,,,director,2025-01-10T22:47:14.324101024Z,0,2025-01-10T22:36:57.658776171Z,/avatars/red.png,2025-01-10T22:36:57.658776171Z,"{""contextSize"":4,""contextStructure"":""comp-within"",""feedbackDuration"":3,""maxTimeout"":5,""numRepetitionsWithPartner"":4,""playerCount"":2,""selectionDuration"":60,""showNegativeFeedback"":1}",2025-01-10T22:29:19.569219202Z,full-comp-within,2025-01-10T22:29:19.569219202Z,"{""participantKey"":""6759b1dc0d4215984decf3ac"",""STUDY_ID"":""67819adc5f785905c7aac9b1"",""SESSION_ID"":""67819f1a6091d341c223118a""}",2025-01-10T22:29:19.955606201Z
01JH97JE04DE3AX95F12SCX91G,,,,,game terminated,2025-01-10T23:33:37.129427598Z,true,2025-01-10T23:26:38.69110734Z,"{""gamefailed"":""nogame""}",2025-01-10T23:26:38.667032423Z,01JH96YR0KG3JSEF81635CPBP0,2025-01-10T23:07:43.530478511Z,2,2025-01-10T23:09:58.841238135Z,true,2025-01-10T23:23:10.857550944Z,01JH96YR0KG3JSEF81635CPBP0,2025-01-10T23:23:10.893427082Z,01JH98EQN8XXRZ9Z9JA1D767GX,2025-01-10T23:23:10.893427082Z,,,,,01JH97JD0FW6QZYEB59D7NHZZH,2025-01-10T23:07:43.49299593Z,676e74abbda7bc17307a4f89,2025-01-10T23:07:43.49299593Z,,,,,,,,,,,"{""contextSize"":4,""contextStructure"":""comp-within"",""feedbackDuration"":3,""maxTimeout"":5,""numRepetitionsWithPartner"":4,""playerCount"":2,""selectionDuration"":60,""showNegativeFeedback"":1}",2025-01-10T23:07:43.530478511Z,full-comp-within,2025-01-10T23:07:43.530478511Z,"{""participantKey"":""676e74abbda7bc17307a4f89"",""STUDY_ID"":""67819adc5f785905c7aac9b1"",""SESSION_ID"":""6781a802ea5c78eea0e8e982""}",2025-01-10T23:07:44.406439469Z
01JH94WQCQR47GJ6B7JEM0J48P,,,,,game terminated,2025-01-10T22:26:57.122173771Z,true,2025-01-10T22:27:37.610673233Z,"{""gamefailed"":""nogame""}",2025-01-10T22:27:37.521171419Z,01JH948NV31FJCH4AC890NNMB2,2025-01-10T22:25:16.964134063Z,2,2025-01-10T22:25:20.002749681Z,true,2025-01-10T22:26:07.041307669Z,01JH948NV31FJCH4AC890NNMB2,2025-01-10T22:26:07.051897327Z,01JH956828HMG4RNZA938EQRAY,2025-01-10T22:26:07.051897327Z,,,,,01JH94WQ1BWST7S4QMAJ0Z2KTV,2025-01-10T22:20:55.063763289Z,5b22f24c38fc0c0001313ea8,2025-01-10T22:20:55.063763289Z,,,,,,,,,,,"{""contextSize"":4,""contextStructure"":""comp-within"",""feedbackDuration"":3,""maxTimeout"":5,""numRepetitionsWithPartner"":4,""playerCount"":2,""selectionDuration"":60,""showNegativeFeedback"":1}",2025-01-10T22:20:55.070611323Z,full-comp-within,2025-01-10T22:20:55.070611323Z,"{""participantKey"":""5b22f24c38fc0c0001313ea8"",""STUDY_ID"":""67819adc5f785905c7aac9b1"",""SESSION_ID"":""67819d35ebd3f5eebbf58528""}",2025-01-10T22:20:55.258781248Z
01JH94P8FEF07K0VAEYX2WY468,https://api.dicebear.com/8.x/rings/svg?seed=Minu,2025-01-10T22:19:18.109129257Z,1.860000,2025-01-10T22:44:40.141724101Z,game ended,2025-01-10T22:44:40.240168591Z,true,2025-01-10T22:46:08.512600684Z,"{""age"":""22"",""gender"":""Female"",""strategy"":""Me and the other person came up with a system by naming familiar shapes, such as animal, diamond, c and human. this saved us time on describing shapes"",""enjoy"":""I felt connected to them during the game, and felt sad when we were suddenly disconnected. I wanted to thank them and tell them to have a good night."",""feedback"":"""",""education"":""high-school""}",2025-01-10T22:46:08.500507122Z,01JH948QFE9AZ834M8MQ1VNDA4,2025-01-10T22:17:23.189919627Z,2,2025-01-10T22:18:21.794771177Z,true,2025-01-10T22:19:12.421380678Z,01JH948QFE9AZ834M8MQ1VNDA4,2025-01-10T22:19:12.431540101Z,01JH94SK5A10086SS2HF6XM9XK,2025-01-10T22:19:12.431540101Z,Minu,2025-01-10T22:19:18.109129257Z,#444EA1,2025-01-10T22:19:18.109129257Z,01JH94P7V4562XDNN740HVQ7DM,2025-01-10T22:17:23.183019155Z,66045b3098b8bd4a46271dd3,2025-01-10T22:17:23.183019155Z,01JH94M8757S2F9VFF31KZMFT3,2025-01-10T22:19:18.109129257Z,,,matcher,2025-01-10T22:44:27.410649014Z,1.860000,2025-01-10T22:44:40.141724101Z,/avatars/red.png,2025-01-10T22:19:18.109129257Z,"{""contextSize"":4,""contextStructure"":""comp-within"",""feedbackDuration"":3,""maxTimeout"":5,""numRepetitionsWithPartner"":4,""playerCount"":2,""selectionDuration"":60,""showNegativeFeedback"":1}",2025-01-10T22:17:23.189919627Z,full-comp-within,2025-01-10T22:17:23.189919627Z,"{""participantKey"":""66045b3098b8bd4a46271dd3"",""STUDY_ID"":""67819adc5f785905c7aac9b1"",""SESSION_ID"":""67819c2c8284313f4eb1a009""}",2025-01-10T22:17:23.514745442Z
01JH94WSF5DCBM7C0GKZ4AHHKC,,,,,game terminated,2025-01-10T22:26:57.122173771Z,,,,,01JH948NV31FJCH4AC890NNMB2,2025-01-10T22:25:16.964134063Z,2,2025-01-10T22:21:02.188832254Z,,,,,,,,,,,01JH94WRGAP62F8B6EEB2Q3T9M,2025-01-10T22:20:57.18932452Z,676d39030c06782e2d02702e,2025-01-10T22:20:57.18932452Z,,,,,,,,,,,"{""contextSize"":4,""contextStructure"":""comp-within"",""feedbackDuration"":3,""maxTimeout"":5,""numRepetitionsWithPartner"":4,""playerCount"":2,""selectionDuration"":60,""showNegativeFeedback"":1}",2025-01-10T22:20:57.196279815Z,full-comp-within,2025-01-10T22:20:57.196279815Z,"{""participantKey"":""676d39030c06782e2d02702e"",""STUDY_ID"":""67819adc5f785905c7aac9b1"",""SESSION_ID"":""67819d2339cf392d0374fc02""}",2025-01-10T22:20:57.610412237Z
01JH94XSE83S7NGJ8GVYH44P3D,https://api.dicebear.com/8.x/rings/svg?seed=Repi,2025-01-10T22:25:17.300720348Z,1.830000,2025-01-10T22:56:50.258849277Z,game ended,2025-01-10T22:56:50.383029092Z,true,2025-01-10T22:57:32.299397118Z,"{""age"":""34"",""gender"":""Female"",""strategy"":""focus on top and bottom shapes"",""enjoy"":""yes - good communication"",""feedback"":"""",""education"":""bachelor""}",2025-01-10T22:57:32.335271181Z,01JH948SS6MZP7TCD7NSMYPJW3,2025-01-10T22:23:36.165959689Z,2,2025-01-10T22:21:33.802808161Z,true,2025-01-10T22:24:38.871547427Z,01JH948SS6MZP7TCD7NSMYPJW3,2025-01-10T22:24:38.880326913Z,01JH953HYXFEP8J25QQ46YYAG4,2025-01-10T22:24:38.880326913Z,Repi,2025-01-10T22:25:17.300720348Z,#29828D,2025-01-10T22:25:17.300720348Z,01JH94XRDB7Q0VA836GJW5Q0FE,2025-01-10T22:21:29.928971444Z,6659f7bca065b64bc18f53c2,2025-01-10T22:21:29.928971444Z,01JH94Z5TAXHMCDRS1Z5QC6K5X,2025-01-10T22:25:17.300720348Z,,,director,2025-01-10T22:56:22.395982655Z,1.830000,2025-01-10T22:56:50.258849277Z,/avatars/blue.png,2025-01-10T22:25:17.300720348Z,"{""contextSize"":4,""contextStructure"":""comp-within"",""feedbackDuration"":3,""maxTimeout"":5,""numRepetitionsWithPartner"":4,""playerCount"":2,""selectionDuration"":60,""showNegativeFeedback"":1}",2025-01-10T22:21:29.935382074Z,full-comp-within,2025-01-10T22:21:29.935382074Z,"{""participantKey"":""6659f7bca065b64bc18f53c2"",""STUDY_ID"":""67819adc5f785905c7aac9b1"",""SESSION_ID"":""67819d1f0ee2240e0f719654""}",2025-01-10T22:21:30.383585816Z
01JH9524FN1Z8WMH8BK7AMCT9G,,,,,game terminated,2025-01-10T22:25:45.813167105Z,true,2025-01-10T22:26:18.203032737Z,"{""gamefailed"":""nogame""}",2025-01-10T22:26:18.192605776Z,01JH948PWZG0M8DCR83N58AC6E,2025-01-10T22:23:52.318722279Z,1,2025-01-10T22:23:56.678978214Z,,,,,,,,,,,01JH9521VEX6JF3QANENMYVAGT,2025-01-10T22:23:52.309603245Z,6773bb1cd1a1b3a1a371278a,2025-01-10T22:23:52.309603245Z,,,,,,,,,,,"{""contextSize"":4,""contextStructure"":""comp-within"",""feedbackDuration"":3,""maxTimeout"":5,""numRepetitionsWithPartner"":4,""playerCount"":2,""selectionDuration"":60,""showNegativeFeedback"":1}",2025-01-10T22:23:52.318722279Z,full-comp-within,2025-01-10T22:23:52.318722279Z,"{""participantKey"":""6773bb1cd1a1b3a1a371278a"",""STUDY_ID"":""67819adc5f785905c7aac9b1"",""SESSION_ID"":""67819dca600be5355faacb47""}",2025-01-10T22:23:53.332347488Z
01JH956WKRQ62PFCARYQJT1SKV,https://api.dicebear.com/8.x/rings/svg?seed=Repi,2025-01-10T22:36:57.658776171Z,0,2025-01-10T22:36:57.658776171Z,game ended,2025-01-10T22:48:17.690892734Z,true,2025-01-10T22:52:13.376699757Z,"{""age"":""74"",""gender"":""Male"",""strategy"":""The is based on understanding your partner, if you describe a shape and your partner understands you then you would win definitely"",""enjoy"":""No I didn't because the shapes weren't selecting and the network was lagging"",""feedback"":""The shapes weren't selecting and the network was lagging."",""education"":""master""}",2025-01-10T22:52:13.394884061Z,01JH948NA8KKJKKSMX6KRG2FP1,2025-01-10T22:35:38.211478797Z,2,2025-01-10T22:29:27.041517026Z,true,2025-01-10T22:31:50.905627153Z,01JH948MRFR5E05CZ7TCHNPZB7,2025-01-10T22:31:50.918924647Z,01JH95GQW3ZEGPB7CJDEYZXP7A,2025-01-10T22:31:50.918924647Z,Repi,2025-01-10T22:36:57.658776171Z,#29828D,2025-01-10T22:36:57.658776171Z,01JH956TM8C74XXJ7TW7JF5NE6,2025-01-10T22:26:28.088344164Z,6775166af030d60f31495cf8,2025-01-10T22:26:28.088344164Z,01JH95C424S0N0TN1BXNKWMJMC,2025-01-10T22:36:57.658776171Z,false,2025-01-10T22:35:40.605628993Z,matcher,2025-01-10T22:47:14.324101024Z,0,2025-01-10T22:36:57.658776171Z,/avatars/blue.png,2025-01-10T22:36:57.658776171Z,"{""contextSize"":4,""contextStructure"":""comp-within"",""feedbackDuration"":3,""maxTimeout"":5,""numRepetitionsWithPartner"":4,""playerCount"":2,""selectionDuration"":60,""showNegativeFeedback"":1}",2025-01-10T22:26:28.099269459Z,full-comp-within,2025-01-10T22:26:28.099269459Z,"{""participantKey"":""6775166af030d60f31495cf8"",""STUDY_ID"":""67819adc5f785905c7aac9b1"",""SESSION_ID"":""67819e5b208c16c52e46bc01""}",2025-01-10T22:26:28.571864015Z
01JH958ZZ0WHR0JPPP7A00BE5J,https://api.dicebear.com/8.x/rings/svg?seed=Repi,2025-01-10T22:40:41.576625972Z,0,2025-01-10T22:40:41.576625972Z,game ended,2025-01-10T22:46:11.140718249Z,true,2025-01-10T23:16:06.11116238Z,"{""age"":""35"",""gender"":""male"",""strategy"":""amazing"",""enjoy"":""yes"",""feedback"":""no"",""education"":""master""}",2025-01-10T23:16:06.588236436Z,01JH948TSF7DSSS6ARG6XY4Q51,2025-01-10T22:36:56.994807194Z,2,2025-01-10T22:29:21.565640818Z,true,2025-01-10T22:39:26.21290748Z,01JH948TSF7DSSS6ARG6XY4Q51,2025-01-10T22:39:26.229593143Z,01JH95YMGJF84PRFW8T7RQJHCS,2025-01-10T22:39:26.229593143Z,Repi,2025-01-10T22:40:41.576625972Z,#29828D,2025-01-10T22:40:41.576625972Z,01JH958X4NBZ8Y5WSS3WPMGNSB,2025-01-10T22:27:37.056696336Z,6740be3bb017538cf65cd419,2025-01-10T22:27:37.056696336Z,01JH95VJXZTE80WJDN9EAXTS0Y,2025-01-10T22:40:41.576625972Z,,,matcher,2025-01-10T22:45:07.862224274Z,0,2025-01-10T22:40:41.576625972Z,/avatars/blue.png,2025-01-10T22:40:41.576625972Z,"{""contextSize"":4,""contextStructure"":""comp-within"",""feedbackDuration"":3,""maxTimeout"":5,""numRepetitionsWithPartner"":4,""playerCount"":2,""selectionDuration"":60,""showNegativeFeedback"":1}",2025-01-10T22:27:37.066380482Z,full-comp-within,2025-01-10T22:27:37.066380482Z,"{""participantKey"":""6740be3bb017538cf65cd419"",""STUDY_ID"":""67819adc5f785905c7aac9b1"",""SESSION_ID"":""67819e5449bf952d2e5fa777""}",2025-01-10T22:27:41.983668306Z
01JH96AA6X8DK3KTC7KSP3YV91,https://api.dicebear.com/8.x/rings/svg?seed=Minu,2025-01-10T22:53:15.480369811Z,0,2025-01-10T22:53:15.480369811Z,game ended,2025-01-10T23:03:52.931473103Z,true,2025-01-10T23:04:36.033733466Z,"{""age"":""22"",""gender"":""female"",""strategy"":"""",""enjoy"":"""",""feedback"":"""",""education"":""bachelor""}",2025-01-10T23:04:35.962137966Z,01JH96CMS9P61B98B26M87PECF,2025-01-10T22:49:02.144757439Z,2,2025-01-10T22:49:42.175113505Z,true,2025-01-10T22:53:13.87377774Z,01JH96CMS9P61B98B26M87PECF,2025-01-10T22:53:13.948832518Z,01JH96QWTMRZS18E7MVMVKC7D7,2025-01-10T22:53:13.948832518Z,Minu,2025-01-10T22:53:15.480369811Z,#444EA1,2025-01-10T22:53:15.480369811Z,01JH96A7PGX25MZ9RTE092X8CK,2025-01-10T22:45:48.893837905Z,677fe9d3bafd440269d2ef89,2025-01-10T22:45:48.893837905Z,01JH968H5986XBS267Q1B7EH7K,2025-01-10T22:53:15.480369811Z,,,director,2025-01-10T23:02:49.347518948Z,0,2025-01-10T22:53:15.480369811Z,/avatars/red.png,2025-01-10T22:53:15.480369811Z,"{""contextSize"":4,""contextStructure"":""comp-within"",""feedbackDuration"":3,""maxTimeout"":5,""numRepetitionsWithPartner"":4,""playerCount"":2,""selectionDuration"":60,""showNegativeFeedback"":1}",2025-01-10T22:45:48.914844659Z,full-comp-within,2025-01-10T22:45:48.914844659Z,"{""participantKey"":""677fe9d3bafd440269d2ef89"",""STUDY_ID"":""67819adc5f785905c7aac9b1"",""SESSION_ID"":""6781a292f0fba8f6a5c459c8""}",2025-01-10T22:45:49.593112278Z
01JH94M8757S2F9VFF31KZMFT3,https://api.dicebear.com/8.x/rings/svg?seed=Repi,2025-01-10T22:19:18.109129257Z,1.860000,2025-01-10T22:44:40.141724101Z,game ended,2025-01-10T22:44:40.240168591Z,true,2025-01-10T22:45:41.736049115Z,"{""age"":""38"",""gender"":""Male"",""strategy"":""Describing the shapes simply"",""enjoy"":""Yes, I liked trying to describe the shapes"",""feedback"":"""",""education"":""high-school""}",2025-01-10T22:45:41.72480505Z,01JH948QFE9AZ834M8MQ1VNDA4,2025-01-10T22:16:17.388862053Z,2,2025-01-10T22:18:35.441751203Z,true,2025-01-10T22:19:17.870856017Z,01JH948QFE9AZ834M8MQ1VNDA4,2025-01-10T22:19:17.892660634Z,01JH94SRG1CBZRXEFCWM6WB2R8,2025-01-10T22:19:17.892660634Z,Repi,2025-01-10T22:19:18.109129257Z,#29828D,2025-01-10T22:19:18.109129257Z,01JH94M7W28YZ5TKYNWA359RQN,2025-01-10T22:16:17.381996575Z,5cfe3ec7591d170019447590,2025-01-10T22:16:17.381996575Z,01JH94P8FEF07K0VAEYX2WY468,2025-01-10T22:19:18.109129257Z,,,director,2025-01-10T22:44:27.410649014Z,1.860000,2025-01-10T22:44:40.141724101Z,/avatars/blue.png,2025-01-10T22:19:18.109129257Z,"{""contextSize"":4,""contextStructure"":""comp-within"",""feedbackDuration"":3,""maxTimeout"":5,""numRepetitionsWithPartner"":4,""playerCount"":2,""selectionDuration"":60,""showNegativeFeedback"":1}",2025-01-10T22:16:17.388862053Z,full-comp-within,2025-01-10T22:16:17.388862053Z,"{""participantKey"":""5cfe3ec7591d170019447590"",""STUDY_ID"":""67819adc5f785905c7aac9b1"",""SESSION_ID"":""67819c208e50994c5c6f9a5f""}",2025-01-10T22:16:17.574469927Z
01JH97NHYMMP4WAS8E6SXB3VP3,,,,,game terminated,2025-01-10T23:33:37.129427598Z,true,2025-01-10T23:16:44.276789655Z,"{""gamefailed"":""nogame""}",2025-01-10T23:16:44.245659311Z,01JH96YR0KG3JSEF81635CPBP0,2025-01-10T23:09:25.877690208Z,2,2025-01-10T23:10:18.848235007Z,true,2025-01-10T23:12:49.910731113Z,01JH96YR0KG3JSEF81635CPBP0,2025-01-10T23:12:49.944073505Z,01JH97VS8KPYVF4DWGQ75EQNRT,2025-01-10T23:12:49.944073505Z,,,,,01JH97NGCE3GJTATSWY5B17EXV,2025-01-10T23:09:25.844153149Z,676e86848e5e8e88b2d8f29a,2025-01-10T23:09:25.844153149Z,,,,,,,,,,,"{""contextSize"":4,""contextStructure"":""comp-within"",""feedbackDuration"":3,""maxTimeout"":5,""numRepetitionsWithPartner"":4,""playerCount"":2,""selectionDuration"":60,""showNegativeFeedback"":1}",2025-01-10T23:09:25.877690208Z,full-comp-within,2025-01-10T23:09:25.877690208Z,"{""participantKey"":""676e86848e5e8e88b2d8f29a"",""STUDY_ID"":""67819adc5f785905c7aac9b1"",""SESSION_ID"":""6781a8741fade5bed3533a45""}",2025-01-10T23:09:26.604075652Z
01JH96NQEVD08ZP681HRR1K45F,https://api.dicebear.com/8.x/rings/svg?seed=Minu,2025-01-10T22:54:55.555927202Z,1.620000,2025-01-10T23:27:36.081210574Z,game ended,2025-01-10T23:28:06.270887559Z,true,2025-01-10T23:28:28.622893201Z,"{""age"":""25"",""gender"":""Male"",""strategy"":"""",""enjoy"":"""",""feedback"":"""",""education"":""bachelor""}",2025-01-10T23:28:28.59814743Z,01JH96MYY1CJ8YDJYFJW1HTGS5,2025-01-10T22:53:13.915801718Z,2,2025-01-10T22:52:10.019649688Z,true,2025-01-10T22:54:53.812082325Z,01JH96MYY1CJ8YDJYFJW1HTGS5,2025-01-10T22:54:53.878819248Z,01JH96TYDFG9MQB7JNJZ11X2YK,2025-01-10T22:54:53.878819248Z,Minu,2025-01-10T22:54:55.555927202Z,#444EA1,2025-01-10T22:54:55.555927202Z,01JH96NQ7377007JS9DPXCQJK8,2025-01-10T22:52:02.907869575Z,5fd0ef1dbfdf0801f669f642,2025-01-10T22:52:02.907869575Z,01JH96C2GNTK35Y1C8PYDDN6RN,2025-01-10T22:54:55.555927202Z,,,matcher,2025-01-10T23:27:36.227515894Z,1.620000,2025-01-10T23:27:36.081210574Z,/avatars/red.png,2025-01-10T22:54:55.555927202Z,"{""contextSize"":4,""contextStructure"":""comp-within"",""feedbackDuration"":3,""maxTimeout"":5,""numRepetitionsWithPartner"":4,""playerCount"":2,""selectionDuration"":60,""showNegativeFeedback"":1}",2025-01-10T22:52:02.937978746Z,full-comp-within,2025-01-10T22:52:02.937978746Z,"{""participantKey"":""5fd0ef1dbfdf0801f669f642"",""STUDY_ID"":""67819adc5f785905c7aac9b1"",""SESSION_ID"":""6781a47c952d709ac50d1789""}",2025-01-10T22:52:03.057607365Z
01JH96RQ3NZXBX1RESVYJRZASD,,,,,game terminated,2025-01-10T23:33:37.129427598Z,true,2025-01-10T22:55:05.445264013Z,"{""gamefailed"":""nogame""}",2025-01-10T22:55:05.427935132Z,01JH96YR0KG3JSEF81635CPBP0,2025-01-10T22:56:59.305537563Z,2,2025-01-10T22:53:48.471304106Z,,,,,,,,,,,01JH96RMSGM7K279KANE7R4T6E,2025-01-10T22:53:40.853023081Z,674f6023189f0efdc201c055,2025-01-10T22:53:40.853023081Z,,,,,,,,,,,"{""contextSize"":4,""contextStructure"":""comp-within"",""feedbackDuration"":3,""maxTimeout"":5,""numRepetitionsWithPartner"":4,""playerCount"":2,""selectionDuration"":60,""showNegativeFeedback"":1}",2025-01-10T22:53:41.101202223Z,full-comp-within,2025-01-10T22:53:41.101202223Z,"{""participantKey"":""674f6023189f0efdc201c055"",""STUDY_ID"":""67819adc5f785905c7aac9b1"",""SESSION_ID"":""6781a4ca5655a030a816a21c""}",2025-01-10T22:53:41.701402891Z
01JH96C2GNTK35Y1C8PYDDN6RN,https://api.dicebear.com/8.x/rings/svg?seed=Repi,2025-01-10T22:54:55.555927202Z,1.620000,2025-01-10T23:27:36.081210574Z,game ended,2025-01-10T23:28:06.270887559Z,true,2025-01-10T23:29:08.361592601Z,"{""age"":""35"",""gender"":""Male"",""strategy"":""My strategy was to include as much description as possible."",""enjoy"":""I did enjoy playing my partner they were reliable."",""feedback"":"""",""education"":""high-school""}",2025-01-10T23:29:08.386914854Z,01JH96MYY1CJ8YDJYFJW1HTGS5,2025-01-10T22:53:13.915801718Z,2,2025-01-10T22:50:02.598183286Z,true,2025-01-10T22:54:41.048064616Z,01JH96MYY1CJ8YDJYFJW1HTGS5,2025-01-10T22:54:41.076294687Z,01JH96THXG49G1Z7EG6VZ6P38Q,2025-01-10T22:54:41.076294687Z,Repi,2025-01-10T22:54:55.555927202Z,#29828D,2025-01-10T22:54:55.555927202Z,01JH96C12MSDDJQ77V69WQD1DH,2025-01-10T22:46:46.549709697Z,57dd3b0e91b7fc0001493db9,2025-01-10T22:46:46.549709697Z,01JH96NQEVD08ZP681HRR1K45F,2025-01-10T22:54:55.555927202Z,,,director,2025-01-10T23:27:36.227515894Z,1.620000,2025-01-10T23:27:36.081210574Z,/avatars/blue.png,2025-01-10T22:54:55.555927202Z,"{""contextSize"":4,""contextStructure"":""comp-within"",""feedbackDuration"":3,""maxTimeout"":5,""numRepetitionsWithPartner"":4,""playerCount"":2,""selectionDuration"":60,""showNegativeFeedback"":1}",2025-01-10T22:46:46.570051253Z,full-comp-within,2025-01-10T22:46:46.570051253Z,"{""participantKey"":""57dd3b0e91b7fc0001493db9"",""STUDY_ID"":""67819adc5f785905c7aac9b1"",""SESSION_ID"":""6781a2dfcbe48b635ea6959a""}",2025-01-10T22:46:47.222344855Z
01JH95YWSW02RX733R1CWBPCPS,https://api.dicebear.com/8.x/rings/svg?seed=Repi,2025-01-10T22:46:48.482985418Z,1.080000,2025-01-10T23:20:25.672830608Z,game ended,2025-01-10T23:22:05.021364254Z,true,2025-01-10T23:22:35.189621397Z,"{""age"":""26"",""gender"":""male"",""strategy"":"""",""enjoy"":"""",""feedback"":"""",""education"":""bachelor""}",2025-01-10T23:22:35.211125113Z,01JH957YRZT49JYWGK6ZVT9RSH,2025-01-10T22:40:40.659886236Z,2,2025-01-10T22:40:14.24804402Z,true,2025-01-10T22:46:47.235330112Z,01JH957YRZT49JYWGK6ZVT9RSH,2025-01-10T22:46:47.291365426Z,01JH96C37P4JB6WFJN72V22EBD,2025-01-10T22:46:47.291365426Z,Repi,2025-01-10T22:46:48.482985418Z,#29828D,2025-01-10T22:46:48.482985418Z,01JH95YVK8CZ62QSNQQ10H2K9X,2025-01-10T22:39:34.716372159Z,66f69fd0e82a97fd370db5d4,2025-01-10T22:39:34.716372159Z,01JH964JJGYGDFS5RQJ16YJ0VW,2025-01-10T22:46:48.482985418Z,,,director,2025-01-10T23:21:23.397004958Z,1.080000,2025-01-10T23:20:25.672830608Z,/avatars/blue.png,2025-01-10T22:46:48.482985418Z,"{""contextSize"":4,""contextStructure"":""comp-within"",""feedbackDuration"":3,""maxTimeout"":5,""numRepetitionsWithPartner"":4,""playerCount"":2,""selectionDuration"":60,""showNegativeFeedback"":1}",2025-01-10T22:39:34.734549895Z,full-comp-within,2025-01-10T22:39:34.734549895Z,"{""participantKey"":""66f69fd0e82a97fd370db5d4"",""STUDY_ID"":""67819adc5f785905c7aac9b1"",""SESSION_ID"":""6781a1890fbff63cc8eb37af""}",2025-01-10T22:39:35.34290273Z
01JH964JJGYGDFS5RQJ16YJ0VW,https://api.dicebear.com/8.x/rings/svg?seed=Minu,2025-01-10T22:46:48.482985418Z,1.080000,2025-01-10T23:20:25.672830608Z,game ended,2025-01-10T23:22:05.021364254Z,true,2025-01-10T23:23:00.811893607Z,"{""age"":""33"",""gender"":""Male"",""strategy"":""Speaking as fluent as possible"",""enjoy"":""Yes - partner was good"",""feedback"":"""",""education"":""bachelor""}",2025-01-10T23:23:00.833918134Z,01JH957YRZT49JYWGK6ZVT9RSH,2025-01-10T22:42:40.868187639Z,2,2025-01-10T22:43:45.099037657Z,true,2025-01-10T22:45:12.265239743Z,01JH957YRZT49JYWGK6ZVT9RSH,2025-01-10T22:45:12.286499374Z,01JH9696ETAMJFK6C1NTRTZ5PP,2025-01-10T22:45:12.286499374Z,Minu,2025-01-10T22:46:48.482985418Z,#444EA1,2025-01-10T22:46:48.482985418Z,01JH964J7EKPKEB1TJ89V9DB21,2025-01-10T22:42:40.84855176Z,6671949e24f0539f2400d2d5,2025-01-10T22:42:40.84855176Z,01JH95YWSW02RX733R1CWBPCPS,2025-01-10T22:46:48.482985418Z,,,matcher,2025-01-10T23:21:23.397004958Z,1.080000,2025-01-10T23:20:25.672830608Z,/avatars/red.png,2025-01-10T22:46:48.482985418Z,"{""contextSize"":4,""contextStructure"":""comp-within"",""feedbackDuration"":3,""maxTimeout"":5,""numRepetitionsWithPartner"":4,""playerCount"":2,""selectionDuration"":60,""showNegativeFeedback"":1}",2025-01-10T22:42:40.868187639Z,full-comp-within,2025-01-10T22:42:40.868187639Z,"{""participantKey"":""6671949e24f0539f2400d2d5"",""STUDY_ID"":""67819adc5f785905c7aac9b1"",""SESSION_ID"":""6781a243641caa3be45fda62""}",2025-01-10T22:42:41.05079193Z
01JH97NF349JB3R2JMK8A85D32,,,,,game terminated,2025-01-10T23:33:37.129427598Z,true,2025-01-10T23:22:23.815476368Z,"{""gamefailed"":""nogame""}",2025-01-10T23:22:23.79516258Z,01JH96YR0KG3JSEF81635CPBP0,2025-01-10T23:09:22.952393972Z,2,2025-01-10T23:11:54.067911552Z,true,2025-01-10T23:16:37.112467644Z,01JH96YR0KG3JSEF81635CPBP0,2025-01-10T23:16:37.146722998Z,01JH982Q4PJXMEMVBZ59Q3S8YK,2025-01-10T23:16:37.146722998Z,,,,,01JH97NEGNJJTMJXWD30P0TDWA,2025-01-10T23:09:22.9170127Z,6726d4aefef7ebbd49d5fdc9,2025-01-10T23:09:22.9170127Z,,,,,,,,,,,"{""contextSize"":4,""contextStructure"":""comp-within"",""feedbackDuration"":3,""maxTimeout"":5,""numRepetitionsWithPartner"":4,""playerCount"":2,""selectionDuration"":60,""showNegativeFeedback"":1}",2025-01-10T23:09:22.952393972Z,full-comp-within,2025-01-10T23:09:22.952393972Z,"{""participantKey"":""6726d4aefef7ebbd49d5fdc9"",""STUDY_ID"":""67819adc5f785905c7aac9b1"",""SESSION_ID"":""6781a803b3356c4a388091a0""}",2025-01-10T23:09:23.25294346Z
01JH95VJXZTE80WJDN9EAXTS0Y,https://api.dicebear.com/8.x/rings/svg?seed=Minu,2025-01-10T22:40:41.576625972Z,0,2025-01-10T22:40:41.576625972Z,game ended,2025-01-10T22:46:11.140718249Z,,,,,01JH948TSF7DSSS6ARG6XY4Q51,2025-01-10T22:37:46.320021228Z,2,2025-01-10T22:39:45.945572807Z,true,2025-01-10T22:40:40.63122386Z,01JH948TSF7DSSS6ARG6XY4Q51,2025-01-10T22:40:40.678460437Z,01JH960X73Z69055SYDJKTTV4B,2025-01-10T22:40:40.678460437Z,Minu,2025-01-10T22:40:41.576625972Z,#444EA1,2025-01-10T22:40:41.576625972Z,01JH95VJK56AQTSJH6MRZT59N6,2025-01-10T22:37:46.303234241Z,6652489a42a170d6176b29cf,2025-01-10T22:37:46.303234241Z,01JH958ZZ0WHR0JPPP7A00BE5J,2025-01-10T22:40:41.576625972Z,,,director,2025-01-10T22:45:07.862224274Z,0,2025-01-10T22:40:41.576625972Z,/avatars/red.png,2025-01-10T22:40:41.576625972Z,"{""contextSize"":4,""contextStructure"":""comp-within"",""feedbackDuration"":3,""maxTimeout"":5,""numRepetitionsWithPartner"":4,""playerCount"":2,""selectionDuration"":60,""showNegativeFeedback"":1}",2025-01-10T22:37:46.320021228Z,full-comp-within,2025-01-10T22:37:46.320021228Z,"{""participantKey"":""6652489a42a170d6176b29cf"",""STUDY_ID"":""67819adc5f785905c7aac9b1"",""SESSION_ID"":""6781a108e52b866c5afd5264""}",2025-01-10T22:37:46.494948222Z
01JH94WX8Y4Z1RPFS7R7W7VTSA,,,,,game terminated,2025-01-10T22:26:57.122173771Z,,,,,01JH948NV31FJCH4AC890NNMB2,2025-01-10T22:25:16.964134063Z,2,2025-01-10T22:24:11.004946513Z,,,,,,,,,,,01JH94WWWHRCZD08YA3C4X1CS1,2025-01-10T22:21:01.086311414Z,5da74e9437d4210016492810,2025-01-10T22:21:01.086311414Z,,,,,,,,,,,"{""contextSize"":4,""contextStructure"":""comp-within"",""feedbackDuration"":3,""maxTimeout"":5,""numRepetitionsWithPartner"":4,""playerCount"":2,""selectionDuration"":60,""showNegativeFeedback"":1}",2025-01-10T22:21:01.093217491Z,full-comp-within,2025-01-10T22:21:01.093217491Z,"{""participantKey"":""5da74e9437d4210016492810"",""STUDY_ID"":""67819adc5f785905c7aac9b1"",""SESSION_ID"":""67819d22453be199fc07696e""}",2025-01-10T22:21:01.326667696Z
01JH952ANYQ03SKDK199E7X69A,,,,,game terminated,2025-01-10T22:25:45.813167105Z,true,2025-01-10T22:26:15.983175489Z,"{""gamefailed"":""nogame""}",2025-01-10T22:26:15.978790339Z,01JH948PWZG0M8DCR83N58AC6E,2025-01-10T22:23:58.662360657Z,1,2025-01-10T22:25:29.373184041Z,,,,,,,,,,,01JH952AANA3N03ABZ1704F5XN,2025-01-10T22:23:58.65433668Z,665fb35cf8d7959c10bdfbd2,2025-01-10T22:23:58.65433668Z,,,,,,,,,,,"{""contextSize"":4,""contextStructure"":""comp-within"",""feedbackDuration"":3,""maxTimeout"":5,""numRepetitionsWithPartner"":4,""playerCount"":2,""selectionDuration"":60,""showNegativeFeedback"":1}",2025-01-10T22:23:58.662360657Z,full-comp-within,2025-01-10T22:23:58.662360657Z,"{""participantKey"":""665fb35cf8d7959c10bdfbd2"",""STUDY_ID"":""67819adc5f785905c7aac9b1"",""SESSION_ID"":""67819c25a0904bd32977d4de""}",2025-01-10T22:23:58.860687835Z
01JH956VJSXJ7RG9XJSX4PYTC2,,,,,game terminated,2025-01-10T23:33:37.129427598Z,,,,,01JH96YR0KG3JSEF81635CPBP0,2025-01-10T22:56:59.305537563Z,2,2025-01-10T22:28:25.098304567Z,,,,,,,,,,,01JH956V9VEXEF2MNA9FJQYWDP,2025-01-10T22:26:27.033934007Z,652429c0f20ddf0689d3403d,2025-01-10T22:26:27.033934007Z,,,,,,,,,,,"{""contextSize"":4,""contextStructure"":""comp-within"",""feedbackDuration"":3,""maxTimeout"":5,""numRepetitionsWithPartner"":4,""playerCount"":2,""selectionDuration"":60,""showNegativeFeedback"":1}",2025-01-10T22:26:27.045749089Z,full-comp-within,2025-01-10T22:26:27.045749089Z,"{""participantKey"":""652429c0f20ddf0689d3403d"",""STUDY_ID"":""67819adc5f785905c7aac9b1"",""SESSION_ID"":""67819e6eff6fdbecd994ec7a""}",2025-01-10T22:26:27.275628613Z
01JH95DJJA1J6H0D9X4C33ZG4N,,,,,game terminated,2025-01-10T23:33:37.129427598Z,,,,,01JH96YR0KG3JSEF81635CPBP0,2025-01-10T22:56:59.305537563Z,2,2025-01-10T22:30:33.694176398Z,,,,,,,,,,,01JH95DH3BQMKW954SJ1AS5VAJ,2025-01-10T22:30:07.178774141Z,677e656eaddbf8811d55ea31,2025-01-10T22:30:07.178774141Z,,,,,,,,,,,"{""contextSize"":4,""contextStructure"":""comp-within"",""feedbackDuration"":3,""maxTimeout"":5,""numRepetitionsWithPartner"":4,""playerCount"":2,""selectionDuration"":60,""showNegativeFeedback"":1}",2025-01-10T22:30:07.188279995Z,full-comp-within,2025-01-10T22:30:07.188279995Z,"{""participantKey"":""677e656eaddbf8811d55ea31"",""STUDY_ID"":""67819adc5f785905c7aac9b1"",""SESSION_ID"":""67819f2493d8c6194f275540""}",2025-01-10T22:30:07.894530739Z
01JH95TVRMB7P213TCXNNX6N30,https://api.dicebear.com/8.x/rings/svg?seed=Repi,2025-01-10T22:49:03.37042913Z,0.900000,2025-01-10T23:38:16.155962982Z,game ended,2025-01-10T23:39:03.528424971Z,true,2025-01-10T23:40:53.208463238Z,"{""age"":""21"",""gender"":""Male"",""strategy"":""We gave names to shapes"",""enjoy"":""i did not because he was slow"",""feedback"":""It was good no problems were encountered"",""education"":""bachelor""}",2025-01-10T23:40:53.183374365Z,01JH96B8M7TJTC9TS95PVK81Q7,2025-01-10T22:46:47.267731349Z,2,2025-01-10T22:38:16.985361221Z,true,2025-01-10T22:49:02.104193282Z,01JH96B8M7TJTC9TS95PVK81Q7,2025-01-10T22:49:02.168931574Z,01JH96G6YKBBAB3HS2MG7K1H7J,2025-01-10T22:49:02.168931574Z,Repi,2025-01-10T22:49:03.37042913Z,#29828D,2025-01-10T22:49:03.37042913Z,01JH95TTBAFA95TCRVZFFPG2S7,2025-01-10T22:37:22.580170545Z,67263443e5a2a2f53e5fb2a0,2025-01-10T22:37:22.580170545Z,01JH95Y02AT0WR8THV8Y59J0A9,2025-01-10T22:49:03.37042913Z,,,director,2025-01-10T23:38:16.306264295Z,0.900000,2025-01-10T23:38:16.155962982Z,/avatars/blue.png,2025-01-10T22:49:03.37042913Z,"{""contextSize"":4,""contextStructure"":""comp-within"",""feedbackDuration"":3,""maxTimeout"":5,""numRepetitionsWithPartner"":4,""playerCount"":2,""selectionDuration"":60,""showNegativeFeedback"":1}",2025-01-10T22:37:22.594729683Z,full-comp-within,2025-01-10T22:37:22.594729683Z,"{""participantKey"":""67263443e5a2a2f53e5fb2a0"",""STUDY_ID"":""67819adc5f785905c7aac9b1"",""SESSION_ID"":""6781a0adb3356c4a3880909a""}",2025-01-10T22:37:23.031288931Z
01JH96Q2J2FD6VFB5BKE7MGW58,,,,,game terminated,2025-01-10T23:33:37.129427598Z,true,2025-01-10T22:55:13.709168839Z,"{""gamefailed"":""nogame""}",2025-01-10T22:55:13.689727531Z,01JH96YR0KG3JSEF81635CPBP0,2025-01-10T22:56:59.305537563Z,1,2025-01-10T22:53:01.169777727Z,,,,,,,,,,,01JH96Q2A5BT172E3VPQF6TTC5,2025-01-10T22:52:47.042344266Z,673294cb878be5db3b261c4e,2025-01-10T22:52:47.042344266Z,,,,,,,,,,,"{""contextSize"":4,""contextStructure"":""comp-within"",""feedbackDuration"":3,""maxTimeout"":5,""numRepetitionsWithPartner"":4,""playerCount"":2,""selectionDuration"":60,""showNegativeFeedback"":1}",2025-01-10T22:52:47.070023757Z,full-comp-within,2025-01-10T22:52:47.070023757Z,"{""participantKey"":""673294cb878be5db3b261c4e"",""STUDY_ID"":""67819adc5f785905c7aac9b1"",""SESSION_ID"":""6781a47fb5cc9d12f5f786ce""}",2025-01-10T22:52:47.20537065Z
01JH94AR95RTT95YPS4NSY0X0G,,,,,game terminated,2025-01-10T22:26:57.122173771Z,,,,,01JH948NV31FJCH4AC890NNMB2,2025-01-10T22:25:16.964134063Z,1,2025-01-10T22:11:07.873377642Z,,,,,,,,,,,01JH94AR801M2NZQRQM1KYPW1K,2025-01-10T22:11:06.149387954Z,test,2025-01-10T22:11:06.149387954Z,,,,,,,,,,,"{""contextSize"":4,""contextStructure"":""comp-within"",""feedbackDuration"":3,""maxTimeout"":5,""numRepetitionsWithPartner"":4,""playerCount"":2,""selectionDuration"":60,""showNegativeFeedback"":1}",2025-01-10T22:11:06.157131222Z,full-comp-within,2025-01-10T22:11:06.157131222Z,"{""participantKey"":""66706c66421d9d62312ca575"",""STUDY_ID"":""67819adc5f785905c7aac9b1"",""SESSION_ID"":""0h2wo1qosia""}",2025-01-10T22:11:06.17646114Z
01JH94N6D62TJGJFJ2QP338CEN,https://api.dicebear.com/8.x/rings/svg?seed=Minu,2025-01-10T22:20:03.651218203Z,1.800000,2025-01-10T22:49:46.991744557Z,game ended,2025-01-10T22:49:47.076483113Z,true,2025-01-10T22:50:50.391827496Z,"{""age"":""49"",""gender"":""M"",""strategy"":""Get consistent language for shapes. As much short hand as possible. "",""enjoy"":""Yes. We got a good rhythm going. "",""feedback"":"""",""education"":""master""}",2025-01-10T22:50:50.375336408Z,01JH948R03G2H7EC827CPTFQ6Q,2025-01-10T22:19:17.885100494Z,2,2025-01-10T22:17:37.407693038Z,true,2025-01-10T22:19:21.754893833Z,01JH948R03G2H7EC827CPTFQ6Q,2025-01-10T22:19:21.761149273Z,01JH94SW8YFJQ1E31EWJFTWQCE,2025-01-10T22:19:21.761149273Z,Minu,2025-01-10T22:20:03.651218203Z,#444EA1,2025-01-10T22:20:03.651218203Z,01JH94N63VGXZZCZSMXFMJ581Z,2025-01-10T22:16:48.29451145Z,60f6da0ed57b11b3b7e4159e,2025-01-10T22:16:48.29451145Z,01JH94KNCV94QGECTV94FT6BGT,2025-01-10T22:20:03.651218203Z,,,matcher,2025-01-10T22:49:27.024279215Z,1.800000,2025-01-10T22:49:46.991744557Z,/avatars/red.png,2025-01-10T22:20:03.651218203Z,"{""contextSize"":4,""contextStructure"":""comp-within"",""feedbackDuration"":3,""maxTimeout"":5,""numRepetitionsWithPartner"":4,""playerCount"":2,""selectionDuration"":60,""showNegativeFeedback"":1}",2025-01-10T22:16:48.301360489Z,full-comp-within,2025-01-10T22:16:48.301360489Z,"{""participantKey"":""60f6da0ed57b11b3b7e4159e"",""STUDY_ID"":""67819adc5f785905c7aac9b1"",""SESSION_ID"":""67819c2dcbe48b635ea69492""}",2025-01-10T22:16:48.462075505Z
01JH95GJBAVGAVVVE7EEZBZV0W,,,,,game terminated,2025-01-10T23:33:37.129427598Z,,,,,01JH96YR0KG3JSEF81635CPBP0,2025-01-10T22:56:59.305537563Z,1,2025-01-10T22:31:47.707859119Z,,,,,,,,,,,01JH95GH44CRNTJ0GX2TGYHTNN,2025-01-10T22:31:45.258055556Z,67323a74da6bebd682404f74,2025-01-10T22:31:45.258055556Z,,,,,,,,,,,"{""contextSize"":4,""contextStructure"":""comp-within"",""feedbackDuration"":3,""maxTimeout"":5,""numRepetitionsWithPartner"":4,""playerCount"":2,""selectionDuration"":60,""showNegativeFeedback"":1}",2025-01-10T22:31:45.275819247Z,full-comp-within,2025-01-10T22:31:45.275819247Z,"{""participantKey"":""67323a74da6bebd682404f74"",""STUDY_ID"":""67819adc5f785905c7aac9b1"",""SESSION_ID"":""67819f8c15f2f223f0ee7276""}",2025-01-10T22:31:45.931477038Z
01JH96RPYYE793MQ0XG39KY32E,,,,,game terminated,2025-01-10T23:33:37.129427598Z,true,2025-01-10T22:55:16.070458947Z,"{""gamefailed"":""nogame""}",2025-01-10T22:55:16.051027693Z,01JH96YR0KG3JSEF81635CPBP0,2025-01-10T22:56:59.305537563Z,2,2025-01-10T22:59:34.363583958Z,true,2025-01-10T23:06:05.068483779Z,01JH96YR0KG3JSEF81635CPBP0,2025-01-10T23:06:05.101416587Z,01JH97FDX9NF0YRPG19XQX4NNK,2025-01-10T23:06:05.101416587Z,,,,,01JH96R6K2WFKQHT0G0AKCWY6F,2025-01-10T22:53:40.702508484Z,677fddab32b1fdcb6da8051e,2025-01-10T22:53:40.702508484Z,,,,,,,,,,,"{""contextSize"":4,""contextStructure"":""comp-within"",""feedbackDuration"":3,""maxTimeout"":5,""numRepetitionsWithPartner"":4,""playerCount"":2,""selectionDuration"":60,""showNegativeFeedback"":1}",2025-01-10T22:53:40.962664778Z,full-comp-within,2025-01-10T22:53:40.962664778Z,"{""participantKey"":""677fddab32b1fdcb6da8051e"",""STUDY_ID"":""67819adc5f785905c7aac9b1"",""SESSION_ID"":""6781a4782cff23dd9daa3e83""}",2025-01-10T22:53:41.66884181Z
01JH94MNTDX7THCHEKSM369CHY,,,,,game terminated,2025-01-10T22:26:57.122173771Z,,,,,01JH948NV31FJCH4AC890NNMB2,2025-01-10T22:25:16.964134063Z,2,2025-01-10T22:17:17.914910664Z,,,,,,,,,,,01JH94MN75A70X42XNVKABEDF2,2025-01-10T22:16:31.309971297Z,678039681f3f397595f204f9,2025-01-10T22:16:31.309971297Z,,,,,,,,,,,"{""contextSize"":4,""contextStructure"":""comp-within"",""feedbackDuration"":3,""maxTimeout"":5,""numRepetitionsWithPartner"":4,""playerCount"":2,""selectionDuration"":60,""showNegativeFeedback"":1}",2025-01-10T22:16:31.316885498Z,full-comp-within,2025-01-10T22:16:31.316885498Z,"{""participantKey"":""678039681f3f397595f204f9"",""STUDY_ID"":""67819adc5f785905c7aac9b1"",""SESSION_ID"":""67819c1e9ebfb86a2e154ffa""}",2025-01-10T22:16:31.626556656Z
01JH954WCWC907RD9WDXK4KVJ5,,,,,game terminated,2025-01-10T22:26:57.122173771Z,,,,,01JH948NV31FJCH4AC890NNMB2,2025-01-10T22:25:22.809640872Z,2,2025-01-10T22:25:32.473732941Z,,,,,,,,,,,01JH954P8YYWM0MRW222JPDPF3,2025-01-10T22:25:22.332686253Z,677695888e4d9b6442ecad1a,2025-01-10T22:25:22.332686253Z,,,,,,,,,,,"{""contextSize"":4,""contextStructure"":""comp-within"",""feedbackDuration"":3,""maxTimeout"":5,""numRepetitionsWithPartner"":4,""playerCount"":2,""selectionDuration"":60,""showNegativeFeedback"":1}",2025-01-10T22:25:22.809640872Z,full-comp-within,2025-01-10T22:25:22.809640872Z,"{""participantKey"":""677695888e4d9b6442ecad1a"",""STUDY_ID"":""67819adc5f785905c7aac9b1"",""SESSION_ID"":""67819e2827d7fac8c8fd66ff""}",2025-01-10T22:25:23.266169719Z
01JH956WWXMPVCJ695F97G1CP1,,,,,game terminated,2025-01-10T23:33:37.129427598Z,true,2025-01-10T22:31:44.470984207Z,"{""gamefailed"":""nogame""}",2025-01-10T22:31:44.465380402Z,01JH96YR0KG3JSEF81635CPBP0,2025-01-10T22:56:59.305537563Z,2,2025-01-10T22:27:41.906252062Z,null,2025-01-10T22:32:29.54870776Z,01JH948J2PSSRQGFZK293TEAX3,2025-01-10T22:32:29.573553122Z,01JH95HXM0CYB7TFMDJX5VG7HT,2025-01-10T22:32:29.573553122Z,,,,,01JH956VH82BCVGWTBCWJECTGR,2025-01-10T22:26:28.381972095Z,65d2132e0d4bcd2c8f30dada,2025-01-10T22:26:28.381972095Z,,,,,,,,,,,"{""contextSize"":4,""contextStructure"":""comp-within"",""feedbackDuration"":3,""maxTimeout"":5,""numRepetitionsWithPartner"":4,""playerCount"":2,""selectionDuration"":60,""showNegativeFeedback"":1}",2025-01-10T22:32:29.560060868Z,full-comp-within,2025-01-10T22:32:29.560060868Z,"{""participantKey"":""65d2132e0d4bcd2c8f30dada"",""STUDY_ID"":""67819adc5f785905c7aac9b1"",""SESSION_ID"":""67819e5b6944d237dc07ef81""}",2025-01-10T22:26:29.070095229Z
01JH95C5E66EC54ASQNASF6QXJ,https://api.dicebear.com/8.x/rings/svg?seed=Minu,2025-01-10T22:35:38.875086691Z,0,2025-01-10T22:35:38.875086691Z,game ended,2025-01-10T22:41:03.975543174Z,true,2025-01-10T22:42:18.002535455Z,"{""age"":""34"",""gender"":""female"",""strategy"":""cool"",""enjoy"":""no, no response in chat box"",""feedback"":""suddenly timeout, maybe technical error"",""education"":""master""}",2025-01-10T22:42:17.991783601Z,01JH948MRFR5E05CZ7TCHNPZB7,2025-01-10T22:35:29.555111541Z,2,2025-01-10T22:29:27.776491937Z,true,2025-01-10T22:35:37.085678253Z,01JH948MRFR5E05CZ7TCHNPZB7,2025-01-10T22:35:38.222978764Z,01JH95QNVBM0NEC51Q8DYXJVKS,2025-01-10T22:35:38.222978764Z,Minu,2025-01-10T22:35:38.875086691Z,#444EA1,2025-01-10T22:35:38.875086691Z,01JH95C4NHRHX5TW8BZDKRNMSC,2025-01-10T22:29:20.966783699Z,6725506a22aed2e922dc693f,2025-01-10T22:29:20.966783699Z,01JH95819MS36F72VAT1TSFK2T,2025-01-10T22:35:38.875086691Z,,,director,2025-01-10T22:40:00.703041873Z,0,2025-01-10T22:35:38.875086691Z,/avatars/red.png,2025-01-10T22:35:38.875086691Z,"{""contextSize"":4,""contextStructure"":""comp-within"",""feedbackDuration"":3,""maxTimeout"":5,""numRepetitionsWithPartner"":4,""playerCount"":2,""selectionDuration"":60,""showNegativeFeedback"":1}",2025-01-10T22:29:20.978223697Z,full-comp-within,2025-01-10T22:29:20.978223697Z,"{""participantKey"":""6725506a22aed2e922dc693f"",""STUDY_ID"":""67819adc5f785905c7aac9b1"",""SESSION_ID"":""67819f1e4b45c921d8d62526""}",2025-01-10T22:29:21.393986458Z
01JH968H5986XBS267Q1B7EH7K,https://api.dicebear.com/8.x/rings/svg?seed=Repi,2025-01-10T22:53:15.480369811Z,0,2025-01-10T22:53:15.480369811Z,game ended,2025-01-10T23:03:52.931473103Z,true,2025-01-10T23:05:02.38416775Z,"{""age"":""38"",""gender"":""Male"",""strategy"":"""",""enjoy"":"""",""feedback"":""We were not able to select any image"",""education"":""bachelor""}",2025-01-10T23:05:02.36106397Z,01JH96CMS9P61B98B26M87PECF,2025-01-10T22:49:02.144757439Z,2,2025-01-10T22:46:50.202320517Z,true,2025-01-10T22:52:43.070599566Z,01JH96CMS9P61B98B26M87PECF,2025-01-10T22:52:43.097115792Z,01JH96PYPN2B6HZDZPEQ62YDBN,2025-01-10T22:52:43.097115792Z,Repi,2025-01-10T22:53:15.480369811Z,#29828D,2025-01-10T22:53:15.480369811Z,01JH968GK4BMBYNV5CJT3WGAS8,2025-01-10T22:44:50.473167764Z,66bf0af46a41e9a0b8832139,2025-01-10T22:44:50.473167764Z,01JH96AA6X8DK3KTC7KSP3YV91,2025-01-10T22:53:15.480369811Z,,,matcher,2025-01-10T23:02:49.347518948Z,0,2025-01-10T22:53:15.480369811Z,/avatars/blue.png,2025-01-10T22:53:15.480369811Z,"{""contextSize"":4,""contextStructure"":""comp-within"",""feedbackDuration"":3,""maxTimeout"":5,""numRepetitionsWithPartner"":4,""playerCount"":2,""selectionDuration"":60,""showNegativeFeedback"":1}",2025-01-10T22:44:50.49370366Z,full-comp-within,2025-01-10T22:44:50.49370366Z,"{""participantKey"":""66bf0af46a41e9a0b8832139"",""STUDY_ID"":""67819adc5f785905c7aac9b1"",""SESSION_ID"":""6781a2a216b18210d24cecbb""}",2025-01-10T22:44:50.832287327Z
01JH94PT2YTHYQGSEWTKFDFHAM,https://api.dicebear.com/8.x/rings/svg?seed=Minu,2025-01-10T22:23:36.445345809Z,1.470000,2025-01-10T23:06:50.911895402Z,game ended,2025-01-10T23:06:51.024267608Z,true,2025-01-10T23:08:11.47856168Z,"{""age"":""21"",""gender"":""male"",""strategy"":""Just describe it as best as I could"",""enjoy"":""Yes \nbecause we started getting it "",""feedback"":"""",""education"":""bachelor""}",2025-01-10T23:08:11.454341606Z,01JH948RPDHFAEEN4VF0CFS1SZ,2025-01-10T22:20:03.419759751Z,2,2025-01-10T22:19:17.491854606Z,true,2025-01-10T22:23:36.144286793Z,01JH948RPDHFAEEN4VF0CFS1SZ,2025-01-10T22:23:36.177926456Z,01JH951MQD2KSW0KE72C6BR704,2025-01-10T22:23:36.177926456Z,Minu,2025-01-10T22:23:36.445345809Z,#444EA1,2025-01-10T22:23:36.445345809Z,01JH94PSP4MVZMHS9PSWNA5MWG,2025-01-10T22:17:41.214919958Z,65e5d451afebe24d27da3778,2025-01-10T22:17:41.214919958Z,01JH94PFB10VZ0M0Q03S89B26Q,2025-01-10T22:23:36.445345809Z,,,matcher,2025-01-10T23:06:03.753732568Z,1.470000,2025-01-10T23:06:50.911895402Z,/avatars/red.png,2025-01-10T22:23:36.445345809Z,"{""contextSize"":4,""contextStructure"":""comp-within"",""feedbackDuration"":3,""maxTimeout"":5,""numRepetitionsWithPartner"":4,""playerCount"":2,""selectionDuration"":60,""showNegativeFeedback"":1}",2025-01-10T22:17:41.221861555Z,full-comp-within,2025-01-10T22:17:41.221861555Z,"{""participantKey"":""65e5d451afebe24d27da3778"",""STUDY_ID"":""67819adc5f785905c7aac9b1"",""SESSION_ID"":""67819c29cc7cd8ea90011313""}",2025-01-10T22:17:41.714103145Z
01JH94PFB10VZ0M0Q03S89B26Q,https://api.dicebear.com/8.x/rings/svg?seed=Repi,2025-01-10T22:23:36.445345809Z,1.470000,2025-01-10T23:06:50.911895402Z,game ended,2025-01-10T23:06:51.024267608Z,true,2025-01-10T23:08:37.688845579Z,"{""age"":""24"",""gender"":""Male"",""strategy"":""Very interesting strategy because my partner was the best "",""enjoy"":""I enjoyed playing with my parents because we understood our communication terms"",""feedback"":""Perfect."",""education"":""master""}",2025-01-10T23:08:37.664915514Z,01JH948RPDHFAEEN4VF0CFS1SZ,2025-01-10T22:20:03.419759751Z,2,2025-01-10T22:22:11.222391942Z,true,2025-01-10T22:23:21.852208237Z,01JH948RPDHFAEEN4VF0CFS1SZ,2025-01-10T22:23:21.862498985Z,01JH9516R3ZTG6T72QMEEE3AET,2025-01-10T22:23:21.862498985Z,Repi,2025-01-10T22:23:36.445345809Z,#29828D,2025-01-10T22:23:36.445345809Z,01JH94PDRCPSB3Z5MRBK4NXWPW,2025-01-10T22:17:30.209087577Z,677fcbe62c95bd7383ad4e39,2025-01-10T22:17:30.209087577Z,01JH94PT2YTHYQGSEWTKFDFHAM,2025-01-10T22:23:36.445345809Z,,,director,2025-01-10T23:06:03.753732568Z,1.470000,2025-01-10T23:06:50.911895402Z,/avatars/blue.png,2025-01-10T22:23:36.445345809Z,"{""contextSize"":4,""contextStructure"":""comp-within"",""feedbackDuration"":3,""maxTimeout"":5,""numRepetitionsWithPartner"":4,""playerCount"":2,""selectionDuration"":60,""showNegativeFeedback"":1}",2025-01-10T22:17:30.214893769Z,full-comp-within,2025-01-10T22:17:30.214893769Z,"{""participantKey"":""677fcbe62c95bd7383ad4e39"",""STUDY_ID"":""67819adc5f785905c7aac9b1"",""SESSION_ID"":""67819bf0abcc4f0fe3ebd968""}",2025-01-10T22:17:30.698166404Z
01JH94YRZW52YM5PZCETBAV1XW,,,,,game terminated,2025-01-10T22:26:57.122173771Z,,,,,01JH948NV31FJCH4AC890NNMB2,2025-01-10T22:25:16.964134063Z,2,2025-01-10T22:22:25.08670465Z,,,,,,,,,,,01JH94YQV6AQR1FQKFG1G4N36E,2025-01-10T22:22:02.236880125Z,6780e93c8c74c880ece318e6,2025-01-10T22:22:02.236880125Z,,,,,,,,,,,"{""contextSize"":4,""contextStructure"":""comp-within"",""feedbackDuration"":3,""maxTimeout"":5,""numRepetitionsWithPartner"":4,""playerCount"":2,""selectionDuration"":60,""showNegativeFeedback"":1}",2025-01-10T22:22:02.243998453Z,full-comp-within,2025-01-10T22:22:02.243998453Z,"{""participantKey"":""6780e93c8c74c880ece318e6"",""STUDY_ID"":""67819adc5f785905c7aac9b1"",""SESSION_ID"":""67819d46c24a5ec2253caee9""}",2025-01-10T22:22:02.67325378Z
01JH94Z5TAXHMCDRS1Z5QC6K5X,https://api.dicebear.com/8.x/rings/svg?seed=Minu,2025-01-10T22:25:17.300720348Z,1.830000,2025-01-10T22:56:50.258849277Z,game ended,2025-01-10T22:56:50.383029092Z,true,2025-01-10T22:57:50.127789518Z,"{""age"":""19"",""gender"":""Male"",""strategy"":""Describing shapes"",""enjoy"":""Yes I did very much so"",""feedback"":""The game was a bit delayed when picking the shape after the director described it"",""education"":""high-school""}",2025-01-10T22:57:50.159003164Z,01JH948SS6MZP7TCD7NSMYPJW3,2025-01-10T22:23:36.165959689Z,2,2025-01-10T22:24:32.177834688Z,true,2025-01-10T22:25:16.941774434Z,01JH948SS6MZP7TCD7NSMYPJW3,2025-01-10T22:25:16.974545634Z,01JH954Q5A8K8TS989MK2VKQTT,2025-01-10T22:25:16.974545634Z,Minu,2025-01-10T22:25:17.300720348Z,#444EA1,2025-01-10T22:25:17.300720348Z,01JH94Z5H3R9HDG82MN5185XCS,2025-01-10T22:22:15.370064813Z,671aa9deb9e7953cbf0832e7,2025-01-10T22:22:15.370064813Z,01JH94XSE83S7NGJ8GVYH44P3D,2025-01-10T22:25:17.300720348Z,,,matcher,2025-01-10T22:56:22.395982655Z,1.830000,2025-01-10T22:56:50.258849277Z,/avatars/red.png,2025-01-10T22:25:17.300720348Z,"{""contextSize"":4,""contextStructure"":""comp-within"",""feedbackDuration"":3,""maxTimeout"":5,""numRepetitionsWithPartner"":4,""playerCount"":2,""selectionDuration"":60,""showNegativeFeedback"":1}",2025-01-10T22:22:15.378504083Z,full-comp-within,2025-01-10T22:22:15.378504083Z,"{""participantKey"":""671aa9deb9e7953cbf0832e7"",""STUDY_ID"":""67819adc5f785905c7aac9b1"",""SESSION_ID"":""67819d31c17f69f28e77977a""}",2025-01-10T22:22:15.519561296Z
01JH955H9ANJWEF777AFDPNBB2,https://api.dicebear.com/8.x/rings/svg?seed=Repi,2025-01-10T22:35:30.116498743Z,0.270000,2025-01-10T22:40:32.666888576Z,game ended,2025-01-10T22:45:49.345020961Z,true,2025-01-10T22:31:33.753340396Z,"{""gamefailed"":""nogame""}",2025-01-10T22:31:33.594143503Z,01JH948J2PSSRQGFZK293TEAX3,2025-01-10T22:32:30.437867039Z,2,2025-01-10T22:27:14.586570784Z,true,2025-01-10T22:35:29.532311029Z,01JH948J2PSSRQGFZK293TEAX3,2025-01-10T22:32:30.448032471Z,01JH95HYFC9F0MP0F9KBKG2A09,2025-01-10T22:32:30.448032471Z,Repi,2025-01-10T22:35:30.116498743Z,#29828D,2025-01-10T22:35:30.116498743Z,01JH955GMHV0DG3E9D9EPQX249,2025-01-10T22:25:43.722583Z,641de93c4155715ec560fbe1,2025-01-10T22:25:43.722583Z,01JH95CFKYWW493PKK9BHYFH0G,2025-01-10T22:35:30.116498743Z,,,matcher,2025-01-10T22:44:46.036288619Z,0.270000,2025-01-10T22:40:32.666888576Z,/avatars/blue.png,2025-01-10T22:35:30.116498743Z,"{""contextSize"":4,""contextStructure"":""comp-within"",""feedbackDuration"":3,""maxTimeout"":5,""numRepetitionsWithPartner"":4,""playerCount"":2,""selectionDuration"":60,""showNegativeFeedback"":1}",2025-01-10T22:32:30.437867039Z,full-comp-within,2025-01-10T22:32:30.437867039Z,"{""participantKey"":""641de93c4155715ec560fbe1"",""STUDY_ID"":""67819adc5f785905c7aac9b1"",""SESSION_ID"":""67819e59f0fba8f6a5c45917""}",2025-01-10T22:25:44.052745742Z
01JH95CFKYWW493PKK9BHYFH0G,https://api.dicebear.com/8.x/rings/svg?seed=Minu,2025-01-10T22:35:30.116498743Z,0.270000,2025-01-10T22:40:32.666888576Z,game ended,2025-01-10T22:45:49.345020961Z,,,,,01JH948J2PSSRQGFZK293TEAX3,2025-01-10T22:29:31.402636057Z,2,2025-01-10T22:32:00.534841817Z,true,2025-01-10T22:32:40.194970078Z,01JH948J2PSSRQGFZK293TEAX3,2025-01-10T22:32:40.205756891Z,01JH95J80BCY0B0XCY71WYF1C7,2025-01-10T22:32:40.205756891Z,Minu,2025-01-10T22:35:30.116498743Z,#444EA1,2025-01-10T22:35:30.116498743Z,01JH95CCJPA2NR57QHGQXHZ1YC,2025-01-10T22:29:31.390302711Z,675838c3906b4f342fd219b8,2025-01-10T22:29:31.390302711Z,01JH955H9ANJWEF777AFDPNBB2,2025-01-10T22:35:30.116498743Z,,,director,2025-01-10T22:44:46.036288619Z,0.270000,2025-01-10T22:40:32.666888576Z,/avatars/red.png,2025-01-10T22:35:30.116498743Z,"{""contextSize"":4,""contextStructure"":""comp-within"",""feedbackDuration"":3,""maxTimeout"":5,""numRepetitionsWithPartner"":4,""playerCount"":2,""selectionDuration"":60,""showNegativeFeedback"":1}",2025-01-10T22:29:31.402636057Z,full-comp-within,2025-01-10T22:29:31.402636057Z,"{""participantKey"":""675838c3906b4f342fd219b8"",""STUDY_ID"":""67819adc5f785905c7aac9b1"",""SESSION_ID"":""67819f224dbcf13a14697a31""}",2025-01-10T22:29:32.127911483Z
01JH95Y02AT0WR8THV8Y59J0A9,https://api.dicebear.com/8.x/rings/svg?seed=Minu,2025-01-10T22:49:03.37042913Z,0.900000,2025-01-10T23:38:16.155962982Z,game ended,2025-01-10T23:39:03.528424971Z,true,2025-01-10T23:39:50.729307088Z,"{""age"":""27"",""gender"":""male"",""strategy"":"""",""enjoy"":"""",""feedback"":"""",""education"":""master""}",2025-01-10T23:39:50.755049282Z,01JH96B8M7TJTC9TS95PVK81Q7,2025-01-10T22:46:47.267731349Z,2,2025-01-10T22:42:05.091979355Z,true,2025-01-10T22:48:11.024124813Z,01JH96B8M7TJTC9TS95PVK81Q7,2025-01-10T22:48:11.100572533Z,01JH96EN2REPQVHBK710AYTNQE,2025-01-10T22:48:11.100572533Z,Minu,2025-01-10T22:49:03.37042913Z,#444EA1,2025-01-10T22:49:03.37042913Z,01JH95XXHN81KY1HFX6M5B8YXB,2025-01-10T22:39:05.290835911Z,677b95ad3b40152ac16ce094,2025-01-10T22:39:05.290835911Z,01JH95TVRMB7P213TCXNNX6N30,2025-01-10T22:49:03.37042913Z,,,matcher,2025-01-10T23:38:16.306264295Z,0.900000,2025-01-10T23:38:16.155962982Z,/avatars/red.png,2025-01-10T22:49:03.37042913Z,"{""contextSize"":4,""contextStructure"":""comp-within"",""feedbackDuration"":3,""maxTimeout"":5,""numRepetitionsWithPartner"":4,""playerCount"":2,""selectionDuration"":60,""showNegativeFeedback"":1}",2025-01-10T22:39:05.309261407Z,full-comp-within,2025-01-10T22:39:05.309261407Z,"{""participantKey"":""677b95ad3b40152ac16ce094"",""STUDY_ID"":""67819adc5f785905c7aac9b1"",""SESSION_ID"":""6781a10fe31ff11e01454d14""}",2025-01-10T22:39:05.974157974Z
01JH96P2N8FSBV9TMMB612CX6D,,,,,game terminated,2025-01-10T23:33:37.129427598Z,,,,,01JH96YR0KG3JSEF81635CPBP0,2025-01-10T22:56:59.305537563Z,1,2025-01-10T22:52:38.185171924Z,,,,,,,,,,,01JH96P1XPQ5WYX0Y02Z4GDWA1,2025-01-10T22:52:14.376066271Z,659d874e294242ce3de681c8,2025-01-10T22:52:14.376066271Z,,,,,,,,,,,"{""contextSize"":4,""contextStructure"":""comp-within"",""feedbackDuration"":3,""maxTimeout"":5,""numRepetitionsWithPartner"":4,""playerCount"":2,""selectionDuration"":60,""showNegativeFeedback"":1}",2025-01-10T22:52:14.408291568Z,full-comp-within,2025-01-10T22:52:14.408291568Z,"{""participantKey"":""659d874e294242ce3de681c8"",""STUDY_ID"":""67819adc5f785905c7aac9b1"",""SESSION_ID"":""6781a47ba7c8a532c142f89f""}",2025-01-10T22:52:14.818350063Z
01JH94KNCV94QGECTV94FT6BGT,https://api.dicebear.com/8.x/rings/svg?seed=Repi,2025-01-10T22:20:03.651218203Z,1.800000,2025-01-10T22:49:46.991744557Z,game ended,2025-01-10T22:49:47.076483113Z,true,2025-01-10T22:54:46.646278877Z,"{""age"":""36"",""gender"":""nonbinary"",""strategy"":""My partner and I came up with our own way of communication and we learned from each other. We copied each other's terminology for certain shapes and when we made mistakes we learned to clarify better. It got smoother as we went on because we had our own way of communicating the unique shapes."",""enjoy"":""I enjoyed it very much. My partner knew what they were doing and we were working together. It felt like we were working towards a common goal and made a connection because of how we were working off of each other. I think that made it more interesting and fulfilling, more than the score itself. My partner and I also had a small exchange praising each other at the end."",""feedback"":""There was one time I thought there might have been a glitch because I was sure they or I clicked the right one but we got it wrong and I wasn't sure what happened. There were also some moments where the screen froze but it worked okay after a while."",""education"":""bachelor""}",2025-01-10T22:54:46.628937084Z,01JH948R03G2H7EC827CPTFQ6Q,2025-01-10T22:19:17.885100494Z,2,2025-01-10T22:18:24.696370929Z,true,2025-01-10T22:20:03.409199232Z,01JH948R03G2H7EC827CPTFQ6Q,2025-01-10T22:20:03.426854517Z,01JH94V4Z08B7ED3YT8ABAPFS1,2025-01-10T22:20:03.426854517Z,Repi,2025-01-10T22:20:03.651218203Z,#29828D,2025-01-10T22:20:03.651218203Z,01JH94KN8H11Z3A8N8EPRNEYJ0,2025-01-10T22:15:58.107803082Z,6674e8863e0c453308b43c27,2025-01-10T22:15:58.107803082Z,01JH94N6D62TJGJFJ2QP338CEN,2025-01-10T22:20:03.651218203Z,,,director,2025-01-10T22:49:27.024279215Z,1.800000,2025-01-10T22:49:46.991744557Z,/avatars/blue.png,2025-01-10T22:20:03.651218203Z,"{""contextSize"":4,""contextStructure"":""comp-within"",""feedbackDuration"":3,""maxTimeout"":5,""numRepetitionsWithPartner"":4,""playerCount"":2,""selectionDuration"":60,""showNegativeFeedback"":1}",2025-01-10T22:15:58.117508176Z,full-comp-within,2025-01-10T22:15:58.117508176Z,"{""participantKey"":""6674e8863e0c453308b43c27"",""STUDY_ID"":""67819adc5f785905c7aac9b1"",""SESSION_ID"":""67819c0b6c186ce860d40e0a""}",2025-01-10T22:15:58.182087831Z
