id,batchID,batchIDLastChangedAt,gameID,gameIDLastChangedAt,playerID,playerIDLastChangedAt
01JH96G6Z94ZJA2J25RVHG83PR,01JH96B8JPGZ4X7BGJKEXQN0VC,2025-01-10T22:49:02.185501433Z,01JH96B8M7TJTC9TS95PVK81Q7,2025-01-10T22:49:02.185501433Z,01JH95TVRMB7P213TCXNNX6N30,2025-01-10T22:49:02.185501433Z
01JH96QWVJVE78EA8VKGB9DVMD,01JH96CAS4K7RF2S0Y508WDPBY,2025-01-10T22:53:13.970334485Z,01JH96CMS9P61B98B26M87PECF,2025-01-10T22:53:13.970334485Z,01JH968H5986XBS267Q1B7EH7K,2025-01-10T22:53:13.970334485Z
01JH96TYF9G83MZKWPQWTA4SCA,01JH96MYW0JR15ABDN2YVGEPZC,2025-01-10T22:54:53.92965307Z,01JH96MYY1CJ8YDJYFJW1HTGS5,2025-01-10T22:54:53.92965307Z,01JH96C2GNTK35Y1C8PYDDN6RN,2025-01-10T22:54:53.92965307Z
01JH96TYG45B1N39XBZKDY4AEY,01JH96MYW0JR15ABDN2YVGEPZC,2025-01-10T22:54:53.956335745Z,01JH96MYY1CJ8YDJYFJW1HTGS5,2025-01-10T22:54:53.956335745Z,01JH96NQEVD08ZP681HRR1K45F,2025-01-10T22:54:53.956335745Z
01JH960X7J4MR6H1C6J6BWAGJW,01JH948TS8BC83X9H3ZBM18S0R,2025-01-10T22:40:40.690609765Z,01JH948TSF7DSSS6ARG6XY4Q51,2025-01-10T22:40:40.690609765Z,01JH958ZZ0WHR0JPPP7A00BE5J,2025-01-10T22:40:40.690609765Z
01JH960X7VRJ2JPP8SZ39NAZG7,01JH948TS8BC83X9H3ZBM18S0R,2025-01-10T22:40:40.699253298Z,01JH948TSF7DSSS6ARG6XY4Q51,2025-01-10T22:40:40.699253298Z,01JH95VJXZTE80WJDN9EAXTS0Y,2025-01-10T22:40:40.699253298Z
01JH951MQQ4PFZVP5T7Q53JAFW,01JH948RP55QQWFTTDRTXFFA02,2025-01-10T22:23:36.183443763Z,01JH948RPDHFAEEN4VF0CFS1SZ,2025-01-10T22:23:36.183443763Z,01JH94PFB10VZ0M0Q03S89B26Q,2025-01-10T22:23:36.183443763Z
01JH954Q5NN3V41BERY9VG5609,01JH948SRXKV194H1VJDSV4FT8,2025-01-10T22:25:16.981519851Z,01JH948SS6MZP7TCD7NSMYPJW3,2025-01-10T22:25:16.981519851Z,01JH94Z5TAXHMCDRS1Z5QC6K5X,2025-01-10T22:25:16.981519851Z
01JH95QNWV8N3Q7STH6WN9MYZ3,01JH948MR41AB66SKN3CTMYMPG,2025-01-10T22:35:38.267438162Z,01JH948MRFR5E05CZ7TCHNPZB7,2025-01-10T22:35:38.267438162Z,01JH95819MS36F72VAT1TSFK2T,2025-01-10T22:35:38.267438162Z
01JH95T2SXBY33XVG6TVW7WP71,01JH948N9ZFDDZYMR5BKG5EH4B,2025-01-10T22:36:57.021249152Z,01JH948NA8KKJKKSMX6KRG2FP1,2025-01-10T22:36:57.021249152Z,01JH956WKRQ62PFCARYQJT1SKV,2025-01-10T22:36:57.021249152Z
01JH96C38AHV66NJG18Q8NCY9E,01JH957YR4XPF712ZW4Y9YBKQ6,2025-01-10T22:46:47.30692677Z,01JH957YRZT49JYWGK6ZVT9RSH,2025-01-10T22:46:47.30692677Z,01JH95YWSW02RX733R1CWBPCPS,2025-01-10T22:46:47.30692677Z
01JH94V4Z75FVNPAPPHSB1XH71,01JH948QZVMWV85ECGFD8GZ2AY,2025-01-10T22:20:03.431322857Z,01JH948R03G2H7EC827CPTFQ6Q,2025-01-10T22:20:03.431322857Z,01JH94KNCV94QGECTV94FT6BGT,2025-01-10T22:20:03.431322857Z
01JH94V4Z8YPFV20MNV0K599TK,01JH948QZVMWV85ECGFD8GZ2AY,2025-01-10T22:20:03.432051646Z,01JH948R03G2H7EC827CPTFQ6Q,2025-01-10T22:20:03.432051646Z,01JH94N6D62TJGJFJ2QP338CEN,2025-01-10T22:20:03.432051646Z
01JH95QNX0Y2109GQ8B1KWVRZH,01JH948MR41AB66SKN3CTMYMPG,2025-01-10T22:35:38.272593205Z,01JH948MRFR5E05CZ7TCHNPZB7,2025-01-10T22:35:38.272593205Z,01JH95C5E66EC54ASQNASF6QXJ,2025-01-10T22:35:38.272593205Z
01JH96C38NFWF140RMGX8VZB7S,01JH957YR4XPF712ZW4Y9YBKQ6,2025-01-10T22:46:47.318012126Z,01JH957YRZT49JYWGK6ZVT9RSH,2025-01-10T22:46:47.318012126Z,01JH964JJGYGDFS5RQJ16YJ0VW,2025-01-10T22:46:47.318012126Z
01JH96QWW0VZ4Z669J605XJ6VT,01JH96CAS4K7RF2S0Y508WDPBY,2025-01-10T22:53:13.984812466Z,01JH96CMS9P61B98B26M87PECF,2025-01-10T22:53:13.984812466Z,01JH96AA6X8DK3KTC7KSP3YV91,2025-01-10T22:53:13.984812466Z
01JH94SRG8WJBYJHM9GM552G5F,01JH948QF555RZDJAY7VWT5SNP,2025-01-10T22:19:17.896753803Z,01JH948QFE9AZ834M8MQ1VNDA4,2025-01-10T22:19:17.896753803Z,01JH94P8FEF07K0VAEYX2WY468,2025-01-10T22:19:17.896753803Z
01JH95QDD7SSY4TJP3DD524T3Y,01JH948J26GWGZAN81E342HDFF,2025-01-10T22:35:29.575806724Z,01JH948J2PSSRQGFZK293TEAX3,2025-01-10T22:35:29.575806724Z,01JH95CFKYWW493PKK9BHYFH0G,2025-01-10T22:35:29.575806724Z
01JH954Q5KZ3Q7DZP96CMEDKK2,01JH948SRXKV194H1VJDSV4FT8,2025-01-10T22:25:16.979728088Z,01JH948SS6MZP7TCD7NSMYPJW3,2025-01-10T22:25:16.979728088Z,01JH94XSE83S7NGJ8GVYH44P3D,2025-01-10T22:25:16.979728088Z
01JH95QDD33T72FPZ98S4S425D,01JH948J26GWGZAN81E342HDFF,2025-01-10T22:35:29.571400936Z,01JH948J2PSSRQGFZK293TEAX3,2025-01-10T22:35:29.571400936Z,01JH955H9ANJWEF777AFDPNBB2,2025-01-10T22:35:29.571400936Z
01JH95T2T2GA8H3F7VE4W96VZJ,01JH948N9ZFDDZYMR5BKG5EH4B,2025-01-10T22:36:57.026930467Z,01JH948NA8KKJKKSMX6KRG2FP1,2025-01-10T22:36:57.026930467Z,01JH95C424S0N0TN1BXNKWMJMC,2025-01-10T22:36:57.026930467Z
01JH96G6ZQ52RBWXG7CCKWWEYH,01JH96B8JPGZ4X7BGJKEXQN0VC,2025-01-10T22:49:02.199372953Z,01JH96B8M7TJTC9TS95PVK81Q7,2025-01-10T22:49:02.199372953Z,01JH95Y02AT0WR8THV8Y59J0A9,2025-01-10T22:49:02.199372953Z
01JH94SRG8WJBYJHM9GFEGTDXS,01JH948QF555RZDJAY7VWT5SNP,2025-01-10T22:19:17.896441362Z,01JH948QFE9AZ834M8MQ1VNDA4,2025-01-10T22:19:17.896441362Z,01JH94M8757S2F9VFF31KZMFT3,2025-01-10T22:19:17.896441362Z
01JH951MQRVGJPFFBS91KX3F41,01JH948RP55QQWFTTDRTXFFA02,2025-01-10T22:23:36.184768808Z,01JH948RPDHFAEEN4VF0CFS1SZ,2025-01-10T22:23:36.184768808Z,01JH94PT2YTHYQGSEWTKFDFHAM,2025-01-10T22:23:36.184768808Z
