id,batchID,batchIDLastChangedAt,gameID,gameIDLastChangedAt,playerID,playerIDLastChangedAt
01JHXXJ56JTYYA6S6K0D7QE5DH,01JHXWYY3PKQ29H5SE988S9X5Z,2025-01-18T23:56:51.794728493Z,01JHXWYYANDNZ9VXW25Q17T68N,2025-01-18T23:56:51.794728493Z,01JHXX3K857FVJ9MDSBQ6GA9BB,2025-01-18T23:56:51.794728493Z
01JHXXJ58F8X91Q0JQV61CBRY9,01JHXWYY3PKQ29H5SE988S9X5Z,2025-01-18T23:56:51.855858601Z,01JHXWYYANDNZ9VXW25Q17T68N,2025-01-18T23:56:51.855858601Z,01JHXX79W8YHZR263T8AHSJEVK,2025-01-18T23:56:51.855858601Z
01JHXSJQ2JNTMAB0DV91DD9MJA,01JHXS0ETKVT8GQS5YHMVXYQGY,2025-01-18T22:47:15.794713106Z,01JHXS0EV3157XW6JBDBP053QX,2025-01-18T22:47:15.794713106Z,01JHXSFXA00F8B15WC1PRQM06B,2025-01-18T22:47:15.794713106Z
01JHXSMYG8XT2SYB0G6YF4KGMK,01JHXS0GZGN79Z75XVQS4XD62M,2025-01-18T22:48:28.936691134Z,01JHXS0GZSWMREGNV1B5R8K2M4,2025-01-18T22:48:28.936691134Z,01JHXSEJXY5FA2FF0VDT1F4PJA,2025-01-18T22:48:28.936691134Z
01JHXSRCJTFSNNX1JT6GMZFS0W,01JHXS0PR99FWRWRWPTWQ5HE81,2025-01-18T22:50:21.65836026Z,01JHXS0PRHCMTB5C575N1G90J2,2025-01-18T22:50:21.65836026Z,01JHXSEZMBWYJ6EM01M5GE89TZ,2025-01-18T22:50:21.65836026Z
01JHXXCGT41M8DTVNFFMGNYHMM,01JHXWYX18VDS0H0Q0WVCD2YC9,2025-01-18T23:53:47.076351504Z,01JHXWYX6JAD8WFGEN2VCDX6CA,2025-01-18T23:53:47.076351504Z,01JHXX1R17H66FXF16VXYMGDVP,2025-01-18T23:53:47.076351504Z
01JHXSPYR88XZH140WN3KT0G0C,01JHXS0KPXQ6FXNRBJ18QVJBA6,2025-01-18T22:49:34.728125914Z,01JHXS0KQ5KKSG8Y1QS7WX4SVV,2025-01-18T22:49:34.728125914Z,01JHXSEED59K33CKQF12GZFHNR,2025-01-18T22:49:34.728125914Z
01JHXSR52ENEHZ715HTMDEKTBH,01JHXS0PF3F3ZP3BPFRT3EV1NG,2025-01-18T22:50:13.96634104Z,01JHXS0PFC4325AH54JMQ33EW0,2025-01-18T22:50:13.96634104Z,01JHXSEP0SN800Q89ERPGXT1C3,2025-01-18T22:50:13.96634104Z
01JHXSP6F8VD6Z3N4S0SJGQ9WV,01JHXS0HKT6V0V7BKGVA85ZYE5,2025-01-18T22:49:09.864429954Z,01JHXS0HM2SPFQA5MV6H7RYHMB,2025-01-18T22:49:09.864429954Z,01JHXSEGZF3XEWS4JB8DQ0YT7Q,2025-01-18T22:49:09.864429954Z
01JHXX7AB09606ADFCDFFY3B0J,01JHXWYRTZR8KYNH55HQ6VX7H4,2025-01-18T23:50:56.60887664Z,01JHXWYRZ7BSTR9B8XMMW79J6E,2025-01-18T23:50:56.60887664Z,01JHXX34DHV6ETH0DH9YPACH9B,2025-01-18T23:50:56.60887664Z
01JHXX9VTVGPVN1T2ZN1W8YHE7,01JHXWYW1EH5TKMS4JV3K2HVYS,2025-01-18T23:52:20.059867917Z,01JHXWYW5CQVGP4PC8EAQ1RZYQ,2025-01-18T23:52:20.059867917Z,01JHXX208QM8J84HDKVPWMEM4H,2025-01-18T23:52:20.059867917Z
01JHXX4VY2C9X0P2HXQ9ZC6QEY,01JHXS17NHF8FX4AR53QBJWPCF,2025-01-18T23:49:36.322192203Z,01JHXS17NTPVSQ76EJ150TJRK1,2025-01-18T23:49:36.322192203Z,01JHXX1KXEY9RYBVPPM91CFMSY,2025-01-18T23:49:36.322192203Z
01JHXXF99JF6ZXZCQYHT84PHVM,01JHXWYXNNS03D37FC03Z6QH7Z,2025-01-18T23:55:17.682196614Z,01JHXWYXV4S9FRB6B4ESSMY3F5,2025-01-18T23:55:17.682196614Z,01JHXX1SEDR7H6TV380DERVRPB,2025-01-18T23:55:17.682196614Z
01JHXXN7YR45Y698MW1PBS290N,01JHXWZ0AEAW9QEAFC59QCBJ25,2025-01-18T23:58:32.920161564Z,01JHXWZ0G3PR8ZQ2P7QVSMKHPZ,2025-01-18T23:58:32.920161564Z,01JHXX2K0H3MBC66N9T0GE0Y95,2025-01-18T23:58:32.920161564Z
01JHXSR52HGMYEE3NSV9SZZW5R,01JHXS0PF3F3ZP3BPFRT3EV1NG,2025-01-18T22:50:13.969440722Z,01JHXS0PFC4325AH54JMQ33EW0,2025-01-18T22:50:13.969440722Z,01JHXSJJ368GJW48MH9EK481T2,2025-01-18T22:50:13.969440722Z
01JHXSRCJP2Y6CB6XATRPRXT9S,01JHXS0PR99FWRWRWPTWQ5HE81,2025-01-18T22:50:21.654247037Z,01JHXS0PRHCMTB5C575N1G90J2,2025-01-18T22:50:21.654247037Z,01JHXSD6PC0YJ71ZNR920P76H4,2025-01-18T22:50:21.654247037Z
01JHXTCWQJHR89P470R7PYTK2N,01JHXS0RM8VWZ8S8Z0JTPACP4W,2025-01-18T23:01:33.554982304Z,01JHXS0RMFAYNH2RM4F3PDYSEP,2025-01-18T23:01:33.554982304Z,01JHXSH6DYTZZKZ1478TXM3TDA,2025-01-18T23:01:33.554982304Z
01JHXSJQ2JNTMAB0DV8RSE8N7A,01JHXS0ETKVT8GQS5YHMVXYQGY,2025-01-18T22:47:15.794443642Z,01JHXS0EV3157XW6JBDBP053QX,2025-01-18T22:47:15.794443642Z,01JHXSEC8WDPMPX0GC96HPQMQW,2025-01-18T22:47:15.794443642Z
01JHXX9VWPKDZYNCNXN3BVZC44,01JHXWYW1EH5TKMS4JV3K2HVYS,2025-01-18T23:52:20.11815453Z,01JHXWYW5CQVGP4PC8EAQ1RZYQ,2025-01-18T23:52:20.11815453Z,01JHXX3D3TRXKCVNM11ECNH7D8,2025-01-18T23:52:20.11815453Z
01JHXXVRDCQZ69BH1BSF5PVMSF,01JHXWZ12X9MCSD739P3WTXX7R,2025-01-19T00:02:06.380425397Z,01JHXWZ1HAHQBPD9DFKD5A3HPW,2025-01-19T00:02:06.380425397Z,01JHXX8GJ02MS4WJXM6BN52KX8,2025-01-19T00:02:06.380425397Z
01JHXSSY80K4GR1J58FCD7CSVR,01JHXS0QB2VK75PPV17GERP6VB,2025-01-18T22:51:12.512145142Z,01JHXS0QB9XP9R9KV8FY3D8RXB,2025-01-18T22:51:12.512145142Z,01JHXSDX3XB7H868DXRJDDQXFJ,2025-01-18T22:51:12.512145142Z
01JHXSYY9MX3NEB1G02RYCVTBG,01JHXS0R3Y0E455C89ZN2SD0CN,2025-01-18T22:53:56.404801573Z,01JHXS0R45G8F3QC4AJVDA0SYH,2025-01-18T22:53:56.404801573Z,01JHXSHHNBY5B6KDWMHEQKA7H1,2025-01-18T22:53:56.404801573Z
01JHXSME7ZTVTB4T8B9M3ZNVPC,01JHXS0GDSNCF29NFR52WD7QM2,2025-01-18T22:48:12.287903373Z,01JHXS0GE3MGCA4S491WXWSC51,2025-01-18T22:48:12.287903373Z,01JHXSHD79PNEMX56N0B4AGQ6F,2025-01-18T22:48:12.287903373Z
01JHXX4VZNCVRYT45BR2QT81CG,01JHXS17NHF8FX4AR53QBJWPCF,2025-01-18T23:49:36.373932232Z,01JHXS17NTPVSQ76EJ150TJRK1,2025-01-18T23:49:36.373932232Z,01JHXX24XSC6WX7V56588P0V10,2025-01-18T23:49:36.373932232Z
01JHXXN80TPCN9MS6HZWP5DN5V,01JHXWZ0AEAW9QEAFC59QCBJ25,2025-01-18T23:58:32.986333289Z,01JHXWZ0G3PR8ZQ2P7QVSMKHPZ,2025-01-18T23:58:32.986333289Z,01JHXXAE1R5PX5Y55H4PZXM2D6,2025-01-18T23:58:32.986333289Z
01JHXXRDCZDTTGFHXS640CF1TX,01JHXWZ0P09J0DQT5V47RFNKPP,2025-01-19T00:00:16.799374566Z,01JHXWZ0ZP5KGA2905TWS9YW8J,2025-01-19T00:00:16.799374566Z,01JHXX3P7KCYSMEGJXMS3Z3MEY,2025-01-19T00:00:16.799374566Z
01JHXT5P5S47EHT69DTAMFJ74Q,01JHXS0RCAZFDZD43CEBE6XXP4,2025-01-18T22:57:37.465540658Z,01JHXS0RCJT5C8CGQD1DNPW8N8,2025-01-18T22:57:37.465540658Z,01JHXSRNH9XVQ67KCXQV7KAE1S,2025-01-18T22:57:37.465540658Z
01JHXX7ACQETB5HBV9WB43K4BK,01JHXWYRTZR8KYNH55HQ6VX7H4,2025-01-18T23:50:56.663290946Z,01JHXWYRZ7BSTR9B8XMMW79J6E,2025-01-18T23:50:56.663290946Z,01JHXX3ZBYYSM0J7FCF2VHDFP1,2025-01-18T23:50:56.663290946Z
01JHXSSCBXMS8FEJ3JJGNEP8H6,01JHXS0Q2SVEWCFRDYTRG00M4M,2025-01-18T22:50:54.20520082Z,01JHXS0Q316XC1D3QQ4VKKP96H,2025-01-18T22:50:54.20520082Z,01JHXSGSDD1PKH4ER7552M6QN7,2025-01-18T22:50:54.20520082Z
01JHXSYY9XZ5GY23A78MQWMJD9,01JHXS0R3Y0E455C89ZN2SD0CN,2025-01-18T22:53:56.413767143Z,01JHXS0R45G8F3QC4AJVDA0SYH,2025-01-18T22:53:56.413767143Z,01JHXSHXRXN79BKQVQPB0448JY,2025-01-18T22:53:56.413767143Z
01JHXSMYG7GSAP2BPKHPHCX5MM,01JHXS0GZGN79Z75XVQS4XD62M,2025-01-18T22:48:28.935748544Z,01JHXS0GZSWMREGNV1B5R8K2M4,2025-01-18T22:48:28.935748544Z,01JHXSCE6FGA7NB3XW46MTR7J9,2025-01-18T22:48:28.935748544Z
01JHXSP6FA2SDQTBFAYE7XX2AS,01JHXS0HKT6V0V7BKGVA85ZYE5,2025-01-18T22:49:09.866237617Z,01JHXS0HM2SPFQA5MV6H7RYHMB,2025-01-18T22:49:09.866237617Z,01JHXSHDD92069Y8MQ4DQH6DH0,2025-01-18T22:49:09.866237617Z
01JHXSY0P4CY2RKPHF3Q527BQA,01JHXS0QKBYCF4TCS157XYWAJC,2025-01-18T22:53:26.084387951Z,01JHXS0QKJP8XSMX1NMEB0FN8S,2025-01-18T22:53:26.084387951Z,01JHXSHA6ZKYCA00QFZHE3AFRP,2025-01-18T22:53:26.084387951Z
01JHXVBBJE4HM36Y14NBBH3R2R,01JHXS0S3Q60TXP1AGM1D6F4ME,2025-01-18T23:18:11.790845911Z,01JHXS0S3ZDQP8S48FTPBCM1MB,2025-01-18T23:18:11.790845911Z,01JHXSG4SSYWKACHPSZTPC12NV,2025-01-18T23:18:11.790845911Z
01JHXVBBKAFWPETJWM7QASE8NM,01JHXS0S3Q60TXP1AGM1D6F4ME,2025-01-18T23:18:11.818081221Z,01JHXS0S3ZDQP8S48FTPBCM1MB,2025-01-18T23:18:11.818081221Z,01JHXSN27D62YNBSG8NW19FQBP,2025-01-18T23:18:11.818081221Z
01JHXXRDASYMA6NAV466K69MZX,01JHXWZ0P09J0DQT5V47RFNKPP,2025-01-19T00:00:16.729292061Z,01JHXWZ0ZP5KGA2905TWS9YW8J,2025-01-19T00:00:16.729292061Z,01JHXX3B9D4ER3RJWP6HH5QPWB,2025-01-19T00:00:16.729292061Z
01JHXY08MCZ3327JCDZKM16CBY,01JHXWZ1C23JMSZABFM7CGSY6H,2025-01-19T00:04:34.060248138Z,01JHXWZ1S4AD2ZNVXGBK4Z3HCC,2025-01-19T00:04:34.060248138Z,01JHXXQRSTCNTFD8S09VQJ760B,2025-01-19T00:04:34.060248138Z
01JHXSME7YNM8G7ETSSNF04KZ2,01JHXS0GDSNCF29NFR52WD7QM2,2025-01-18T22:48:12.286893273Z,01JHXS0GE3MGCA4S491WXWSC51,2025-01-18T22:48:12.286893273Z,01JHXSBDK42EVQG5PVT5JS51D3,2025-01-18T22:48:12.286893273Z
01JHXSSCBQQ0SND6G8J0YCE1KH,01JHXS0Q2SVEWCFRDYTRG00M4M,2025-01-18T22:50:54.199831575Z,01JHXS0Q316XC1D3QQ4VKKP96H,2025-01-18T22:50:54.199831575Z,01JHXSD9KJ6Q1Q6BC37K5R0300,2025-01-18T22:50:54.199831575Z
01JHXTHRB1PVTHVVQV2417BZVA,01JHXS0RWECNTBG01Y85JEGFEV,2025-01-18T23:04:12.8976522Z,01JHXS0RWYYCTNYNVJ3S357JEH,2025-01-18T23:04:12.8976522Z,01JHXTBN1SE6XC39YQX4NP2ZJK,2025-01-18T23:04:12.8976522Z
01JHXSSY86P0GC1E2W52S7CJXA,01JHXS0QB2VK75PPV17GERP6VB,2025-01-18T22:51:12.518184901Z,01JHXS0QB9XP9R9KV8FY3D8RXB,2025-01-18T22:51:12.518184901Z,01JHXSGJZ1WPHABDSXYTCFPHF6,2025-01-18T22:51:12.518184901Z
01JHXTCWR01RKN2FRBC3PBZP0G,01JHXS0RM8VWZ8S8Z0JTPACP4W,2025-01-18T23:01:33.56874326Z,01JHXS0RMFAYNH2RM4F3PDYSEP,2025-01-18T23:01:33.56874326Z,01JHXT8XVPMSPMXWD2BHAB260Z,2025-01-18T23:01:33.56874326Z
01JHXTHRAGFXV47YTXX7ADXGS8,01JHXS0RWECNTBG01Y85JEGFEV,2025-01-18T23:04:12.880493183Z,01JHXS0RWYYCTNYNVJ3S357JEH,2025-01-18T23:04:12.880493183Z,01JHXTB3MM5AM1ZPZ3YR5E3FF8,2025-01-18T23:04:12.880493183Z
01JHXY08J5JA3H0D6GEB9MGW2D,01JHXWZ1C23JMSZABFM7CGSY6H,2025-01-19T00:04:33.989351283Z,01JHXWZ1S4AD2ZNVXGBK4Z3HCC,2025-01-19T00:04:33.989351283Z,01JHXXGKBFMSVTW5EV1PG4H7DX,2025-01-19T00:04:33.989351283Z
01JHXXCGW09DTF132D01MJ8E93,01JHXWYX18VDS0H0Q0WVCD2YC9,2025-01-18T23:53:47.136716642Z,01JHXWYX6JAD8WFGEN2VCDX6CA,2025-01-18T23:53:47.136716642Z,01JHXX2V5RMW68FNX9K94R2W7A,2025-01-18T23:53:47.136716642Z
01JHXXVRFMD9M2N9K5PADDD4KE,01JHXWZ12X9MCSD739P3WTXX7R,2025-01-19T00:02:06.452111582Z,01JHXWZ1HAHQBPD9DFKD5A3HPW,2025-01-19T00:02:06.452111582Z,01JHXXJSXPTD6DGJ5SSGJG8RM9,2025-01-19T00:02:06.452111582Z
01JHXSPYRAB1BRBJKQR6EKA14V,01JHXS0KPXQ6FXNRBJ18QVJBA6,2025-01-18T22:49:34.730289382Z,01JHXS0KQ5KKSG8Y1QS7WX4SVV,2025-01-18T22:49:34.730289382Z,01JHXSGCZKD1DJTWYC1VKXAKTQ,2025-01-18T22:49:34.730289382Z
01JHXSY0PDQA9TBGPWN6YYQCRZ,01JHXS0QKBYCF4TCS157XYWAJC,2025-01-18T22:53:26.093273871Z,01JHXS0QKJP8XSMX1NMEB0FN8S,2025-01-18T22:53:26.093273871Z,01JHXSJ6A8X57YBPQYQTPHJ2E8,2025-01-18T22:53:26.093273871Z
01JHXT5P5EGWCJ6BC7A198R0JW,01JHXS0RCAZFDZD43CEBE6XXP4,2025-01-18T22:57:37.454570685Z,01JHXS0RCJT5C8CGQD1DNPW8N8,2025-01-18T22:57:37.454570685Z,01JHXSE5J84J319FMSJZ1NJ4HT,2025-01-18T22:57:37.454570685Z
01JHXXF9BHB7G17XQVFWX85B85,01JHXWYXNNS03D37FC03Z6QH7Z,2025-01-18T23:55:17.745808335Z,01JHXWYXV4S9FRB6B4ESSMY3F5,2025-01-18T23:55:17.745808335Z,01JHXX60SA3PJGZ8M5VNJWBDVG,2025-01-18T23:55:17.745808335Z
