id,batchID,batchIDLastChangedAt,gameID,gameIDLastChangedAt,playerID,playerIDLastChangedAt
01JJ02FB0YMK3EZEAE4XKXZ26F,01JJ022JNKSG1T7Z6JB4YTH2XE,2025-01-19T20:01:11.198482429Z,01JJ022JNSCNA7NYSW35XAKDWQ,2025-01-19T20:01:11.198482429Z,01JJ025P7F2V62WZBCCC098PTY,2025-01-19T20:01:11.198482429Z
01JJ02GS19TRS1A3CJM3GQABJC,01JJ022JYVGNS2BFXFYBXECQKC,2025-01-19T20:01:58.313164914Z,01JJ022JZ1DXWN1E8EPFYTXHYB,2025-01-19T20:01:58.313164914Z,01JJ027EVD4PJQK7BHB6Q6SYRS,2025-01-19T20:01:58.313164914Z
01JJ02GS1A4R166FDGW3HV8YQF,01JJ022JYVGNS2BFXFYBXECQKC,2025-01-19T20:01:58.314969571Z,01JJ022JZ1DXWN1E8EPFYTXHYB,2025-01-19T20:01:58.314969571Z,01JJ0294P2ASQFKSCF7GHDJ0PK,2025-01-19T20:01:58.314969571Z
01JJ02QSZKAC03RNHT1A6SNM2D,01JJ022M75VM6HPN06J16HVB2P,2025-01-19T20:05:48.659715434Z,01JJ022M7B7XYRRB131R81HPKE,2025-01-19T20:05:48.659715434Z,01JJ02D8A1V64RGRZ5JQ8EMKVS,2025-01-19T20:05:48.659715434Z
01JJ02W9A4VC7KS6FWXZT5DHEE,01JJ023A336PE8TND6VG54BAV5,2025-01-19T20:08:15.428117042Z,01JJ023A3A1RHQDA6GPK40AQY8,2025-01-19T20:08:15.428117042Z,01JJ025VA7Y3H7EAM2WMNWQWHB,2025-01-19T20:08:15.428117042Z
01JJ03EBCV510V6ZR23X6SJ96Q,01JJ023B9PEZJD3F2VVF0B5J6Q,2025-01-19T20:18:07.387484318Z,01JJ023B9WF6X1GM593J0V5GRY,2025-01-19T20:18:07.387484318Z,01JJ028RZBQR892W562JDD5RHX,2025-01-19T20:18:07.387484318Z
01JJ02NSBZXEJY0VFRN2DN5FH0,01JJ022KXA8S4E42C36ZZXP12V,2025-01-19T20:04:42.495296236Z,01JJ022KXF050GCYWKN32VJZXP,2025-01-19T20:04:42.495296236Z,01JJ025QSVAES0TE9MTBAC98FW,2025-01-19T20:04:42.495296236Z
01JJ02QSZFFR7WDC9MMQ92149D,01JJ022M75VM6HPN06J16HVB2P,2025-01-19T20:05:48.655389436Z,01JJ022M7B7XYRRB131R81HPKE,2025-01-19T20:05:48.655389436Z,01JJ025WJG0XPNYB5N8TJDVCRG,2025-01-19T20:05:48.655389436Z
01JJ03XRMNXRTFXB7NRGDGRV0R,01JJ023BKJ298YMR5G8WBE7RNJ,2025-01-19T20:26:32.469717709Z,01JJ023BKQJAFSMFH6M9TFDPZQ,2025-01-19T20:26:32.469717709Z,01JJ03G8M937AWGSMNJFVV3XEY,2025-01-19T20:26:32.469717709Z
01JJ02CM0QKWXNA4GYM5CHVSEN,01JJ022H4NA5F3BJF5NPB2SP7H,2025-01-19T19:59:42.103417086Z,01JJ022H4VX10GJFY3MK2NSEVG,2025-01-19T19:59:42.103417086Z,01JJ0264B5TKBR7AK4MQHCGBSR,2025-01-19T19:59:42.103417086Z
01JJ02CM0RGNJ37DR0S5CF6549,01JJ022H4NA5F3BJF5NPB2SP7H,2025-01-19T19:59:42.104315507Z,01JJ022H4VX10GJFY3MK2NSEVG,2025-01-19T19:59:42.104315507Z,01JJ028ANCYW97SKCDY2E1SG2G,2025-01-19T19:59:42.104315507Z
01JJ02EFZ4D8BCAW4CSTA4K2G8,01JJ022JA27F5V0SCVKA5CZVWJ,2025-01-19T20:00:43.492881179Z,01JJ022JA9DBF48GQEF41XSH3E,2025-01-19T20:00:43.492881179Z,01JJ026ZJRJBVBQMZ3H5E616QC,2025-01-19T20:00:43.492881179Z
01JJ03XRM6JDQMXC666YD4T4YE,01JJ023BKJ298YMR5G8WBE7RNJ,2025-01-19T20:26:32.455003123Z,01JJ023BKQJAFSMFH6M9TFDPZQ,2025-01-19T20:26:32.455003123Z,01JJ027TX8Q7VA1X1RRQSC4KMD,2025-01-19T20:26:32.455003123Z
01JJ02BBJDZY9K93TSDX7NNV9D,01JJ022GQ5VJNCJ9AR611Y4C2W,2025-01-19T19:59:00.685636865Z,01JJ022GQC1P4FMRA0EK0V6ZB6,2025-01-19T19:59:00.685636865Z,01JJ026412WBAHZ670ZTPS2P3J,2025-01-19T19:59:00.685636865Z
01JJ02FB0ZF27TPNVN8CA0CM77,01JJ022JNKSG1T7Z6JB4YTH2XE,2025-01-19T20:01:11.199871995Z,01JJ022JNSCNA7NYSW35XAKDWQ,2025-01-19T20:01:11.199871995Z,01JJ0262PYCGXJ247F6J2QJH5E,2025-01-19T20:01:11.199871995Z
01JJ037YCREYMEVQHS4Z5D2WFV,01JJ023AZA75CQMWAX9W21H1YA,2025-01-19T20:14:37.464676877Z,01JJ023AZJWAXABFB437V4QBDE,2025-01-19T20:14:37.464676877Z,01JJ0272VW3950D13NQKPYY0H1,2025-01-19T20:14:37.464676877Z
01JJ0292KCY0TX8M65311DASX5,01JJ022F332TGCQWBYF0VH3K03,2025-01-19T19:57:45.964111045Z,01JJ022F3GNJYDMN8MCCY8RPM2,2025-01-19T19:57:45.964111045Z,01JJ026PVBPN11RAWYQ37MZX8F,2025-01-19T19:57:45.964111045Z
01JJ02JK7WJ73NSCRBTP0QAW0X,01JJ022K87GZ4E77262EHJ1YDG,2025-01-19T20:02:57.916520669Z,01JJ022K8DWXND0N5F9K1JAXE3,2025-01-19T20:02:57.916520669Z,01JJ0270MV1DHGRSNYX0FD28PY,2025-01-19T20:02:57.916520669Z
01JJ02Z8QJW58NX8PN1C9V9BJX,01JJ023AJRN5E6YF4FSF5F615G,2025-01-19T20:09:53.13886865Z,01JJ023AJZ85X3BM8E3GCK76P3,2025-01-19T20:09:53.13886865Z,01JJ027MZVWH1GGZJE0A5PXPA0,2025-01-19T20:09:53.13886865Z
01JJ03EBD6B3N5RHXAQ4WNHSJD,01JJ023B9PEZJD3F2VVF0B5J6Q,2025-01-19T20:18:07.398605768Z,01JJ023B9WF6X1GM593J0V5GRY,2025-01-19T20:18:07.398605768Z,01JJ02YWPWGKG57XXS0ZMHYBPB,2025-01-19T20:18:07.398605768Z
01JJ0292KBT7M46N5K50PN7B0J,01JJ022F332TGCQWBYF0VH3K03,2025-01-19T19:57:45.963879982Z,01JJ022F3GNJYDMN8MCCY8RPM2,2025-01-19T19:57:45.963879982Z,01JJ025VE7ZRF26WEY49WD6VQK,2025-01-19T19:57:45.963879982Z
01JJ02EFZ3ZYQ71SSC3ZA28J4N,01JJ022JA27F5V0SCVKA5CZVWJ,2025-01-19T20:00:43.491466553Z,01JJ022JA9DBF48GQEF41XSH3E,2025-01-19T20:00:43.491466553Z,01JJ026NNMJRVBJ29BFN0MBKVX,2025-01-19T20:00:43.491466553Z
01JJ02JK7TV84A6BG69RF0K0JP,01JJ022K87GZ4E77262EHJ1YDG,2025-01-19T20:02:57.914121043Z,01JJ022K8DWXND0N5F9K1JAXE3,2025-01-19T20:02:57.914121043Z,01JJ026PYRNAZWZC2M121EM6FW,2025-01-19T20:02:57.914121043Z
01JJ02Z8QSZX5K3NBJ89PRVXPV,01JJ023AJRN5E6YF4FSF5F615G,2025-01-19T20:09:53.145946797Z,01JJ023AJZ85X3BM8E3GCK76P3,2025-01-19T20:09:53.145946797Z,01JJ02HH9TSYFPM9VYH3D16DAC,2025-01-19T20:09:53.145946797Z
01JJ02KD9FPVVQ8YP9WSTXZVA7,01JJ022KHQ2EFXM4A5YHGK0ZKA,2025-01-19T20:03:24.591061633Z,01JJ022KHXRJV6QCT85N7KCBHJ,2025-01-19T20:03:24.591061633Z,01JJ027PWBZ8DJST86JWNYYAY2,2025-01-19T20:03:24.591061633Z
01JJ02KD9JY7Y1NT5R1C5P20YQ,01JJ022KHQ2EFXM4A5YHGK0ZKA,2025-01-19T20:03:24.594571188Z,01JJ022KHXRJV6QCT85N7KCBHJ,2025-01-19T20:03:24.594571188Z,01JJ02FFNFHV1GA2G3W165BCY2,2025-01-19T20:03:24.594571188Z
01JJ02W9A9PVXW94XTYM6GZ3JF,01JJ023A336PE8TND6VG54BAV5,2025-01-19T20:08:15.433792714Z,01JJ023A3A1RHQDA6GPK40AQY8,2025-01-19T20:08:15.433792714Z,01JJ02MCBFP5SNAMSQWNMQVY4R,2025-01-19T20:08:15.433792714Z
01JJ02BBJDZY9K93TSDNVKJCZE,01JJ022GQ5VJNCJ9AR611Y4C2W,2025-01-19T19:59:00.685106944Z,01JJ022GQC1P4FMRA0EK0V6ZB6,2025-01-19T19:59:00.685106944Z,01JJ025YQKW2QF07T5NGRQ3ZYR,2025-01-19T19:59:00.685106944Z
01JJ02NSC301Q8V5ZRSKRTJ6QB,01JJ022KXA8S4E42C36ZZXP12V,2025-01-19T20:04:42.499153786Z,01JJ022KXF050GCYWKN32VJZXP,2025-01-19T20:04:42.499153786Z,01JJ026YJK3MYCZ8SPES36HNTB,2025-01-19T20:04:42.499153786Z
01JJ037YD2DQDGRTCDRPMJ7Q44,01JJ023AZA75CQMWAX9W21H1YA,2025-01-19T20:14:37.474863642Z,01JJ023AZJWAXABFB437V4QBDE,2025-01-19T20:14:37.474863642Z,01JJ02KK3A38VSHS2H23E5E5V2,2025-01-19T20:14:37.474863642Z
