id,actualPlayerCount,actualPlayerCountLastChangedAt,batchID,batchIDLastChangedAt,bottomTangrams,bottomTangramsLastChangedAt,contextSize,contextSizeLastChangedAt,contextStructure,contextStructureLastChangedAt,ended,endedLastChangedAt,endedInactive,endedInactiveLastChangedAt,endedReason,endedReasonLastChangedAt,groupID,groupIDLastChangedAt,justStarted,justStartedLastChangedAt,maxTimeout,maxTimeoutLastChangedAt,numRoundsInactive,numRoundsInactiveLastChangedAt,rotation,rotationLastChangedAt,roundIndex,roundIndexLastChangedAt,showNegativeFeedback,showNegativeFeedbackLastChangedAt,stageID,stageIDLastChangedAt,start,startLastChangedAt,starting,startingLastChangedAt,status,statusLastChangedAt,targets,targetsLastChangedAt,topTangrams,topTangramsLastChangedAt,treatment,treatmentLastChangedAt,treatmentName,treatmentNameLastChangedAt
01JJW83G3YGJNWV5ZXFKW4QCFC,2,2025-01-30T19:09:44.79387303Z,01JJW83G2EFCP88P7610ZQF3YR,2025-01-30T18:38:18.750207018Z,"[41,257,367,452]",2025-01-30T19:09:46.371678711Z,4,2025-01-30T19:09:44.917992895Z,comp-between,2025-01-30T19:09:44.917992895Z,true,2025-01-30T19:52:11.689027066Z,false,2025-01-30T19:09:44.917992895Z,end of game,2025-01-30T19:52:11.745400054Z,01JJW83G68CK5YQ6F76PBPJ8W3,2025-01-30T18:38:18.827413823Z,false,2025-01-30T19:10:15.67453411Z,5,2025-01-30T19:09:44.917992895Z,0,2025-01-30T19:11:48.232644144Z,90,2025-01-30T19:09:44.917992895Z,63,2025-01-30T19:09:46.371678711Z,1,2025-01-30T19:09:44.917992895Z,null,2025-01-30T19:52:11.689027066Z,true,2025-01-30T19:09:44.79387303Z,true,2025-01-30T19:09:44.79387303Z,ended,2025-01-30T19:52:11.745400054Z,"[[343,41],[343,257],[343,367],[343,452],[443,41],[443,257],[443,367],[443,452],[293,41],[293,257],[293,367],[293,452],[220,41],[220,257],[220,367],[220,452]]",2025-01-30T19:09:46.371678711Z,"[343,443,293,220]",2025-01-30T19:09:46.371678711Z,"{""contextSize"":4,""contextStructure"":""comp-between"",""feedbackDuration"":3,""maxTimeout"":5,""numRepetitionsWithPartner"":4,""playerCount"":2,""selectionDuration"":60,""showNegativeFeedback"":1}",2025-01-30T18:38:18.750207018Z,full-comp-between,2025-01-30T18:38:18.750207018Z
01JJW4HV8R62YR2ZZ6C6BMQPXA,2,2025-01-30T18:06:55.006789115Z,01JJW4HV8C8T05YV74S8B9N1M1,2025-01-30T17:36:14.616724469Z,"[231,451,248,246]",2025-01-30T18:06:55.151549889Z,4,2025-01-30T18:06:55.018600183Z,comp-between,2025-01-30T18:06:55.018600183Z,true,2025-01-30T18:27:23.251396377Z,false,2025-01-30T18:06:55.018600183Z,end of game,2025-01-30T18:27:23.269210869Z,01JJW4HV96QJ1D3Y8E23C9GWM6,2025-01-30T17:36:14.632580889Z,false,2025-01-30T18:06:57.20626237Z,5,2025-01-30T18:06:55.018600183Z,0,2025-01-30T18:06:55.018600183Z,270,2025-01-30T18:06:55.018600183Z,63,2025-01-30T18:06:55.151549889Z,1,2025-01-30T18:06:55.018600183Z,null,2025-01-30T18:27:23.251396377Z,true,2025-01-30T18:06:55.006789115Z,true,2025-01-30T18:06:55.006789115Z,ended,2025-01-30T18:27:23.269210869Z,"[[125,231],[125,451],[125,248],[125,246],[376,231],[376,451],[376,248],[376,246],[460,231],[460,451],[460,248],[460,246],[448,231],[448,451],[448,248],[448,246]]",2025-01-30T18:06:55.151549889Z,"[125,376,460,448]",2025-01-30T18:06:55.151549889Z,"{""contextSize"":4,""contextStructure"":""comp-between"",""feedbackDuration"":3,""maxTimeout"":5,""numRepetitionsWithPartner"":4,""playerCount"":2,""selectionDuration"":60,""showNegativeFeedback"":1}",2025-01-30T17:36:14.616724469Z,full-comp-between,2025-01-30T17:36:14.616724469Z
01JJW4HWKSPG0D54BJW0R5WXKM,2,2025-01-30T18:08:38.078491572Z,01JJW4HWKJGTBMG5NC5ATZ9XEW,2025-01-30T17:36:15.993687743Z,"[49,417,308,204]",2025-01-30T18:08:38.17634663Z,4,2025-01-30T18:08:38.090612791Z,comp-between,2025-01-30T18:08:38.090612791Z,true,2025-01-30T18:13:55.082981001Z,true,2025-01-30T18:13:55.077564Z,timeOut,2025-01-30T18:13:55.077564Z,01JJW4HWM4AT7HJH0X3G82BJGH,2025-01-30T17:36:16.005785979Z,false,2025-01-30T18:08:40.013167864Z,5,2025-01-30T18:08:38.090612791Z,5,2025-01-30T18:13:55.077564Z,180,2025-01-30T18:08:38.090612791Z,63,2025-01-30T18:08:38.17634663Z,1,2025-01-30T18:08:38.090612791Z,null,2025-01-30T18:13:55.082981001Z,true,2025-01-30T18:08:38.078491572Z,true,2025-01-30T18:08:38.078491572Z,ended,2025-01-30T18:13:55.077564Z,"[[399,49],[399,417],[399,308],[399,204],[463,49],[463,417],[463,308],[463,204],[323,49],[323,417],[323,308],[323,204],[47,49],[47,417],[47,308],[47,204]]",2025-01-30T18:08:38.17634663Z,"[399,463,323,47]",2025-01-30T18:08:38.17634663Z,"{""contextSize"":4,""contextStructure"":""comp-between"",""feedbackDuration"":3,""maxTimeout"":5,""numRepetitionsWithPartner"":4,""playerCount"":2,""selectionDuration"":60,""showNegativeFeedback"":1}",2025-01-30T17:36:15.993687743Z,full-comp-between,2025-01-30T17:36:15.993687743Z
01JJW4J0A6DF5EX9W9G36QRPC4,2,2025-01-30T18:25:41.642292821Z,01JJW4J0A22HR8GHXZ0T16GJK3,2025-01-30T17:36:19.782464284Z,"[8,446,24,42]",2025-01-30T18:25:42.058232443Z,4,2025-01-30T18:25:41.680391928Z,comp-between,2025-01-30T18:25:41.680391928Z,true,2025-01-30T18:44:39.76573691Z,false,2025-01-30T18:25:41.680391928Z,end of game,2025-01-30T18:44:39.803392995Z,01JJW4J0AEG0J7PQP6WSA073Z9,2025-01-30T17:36:19.791916459Z,false,2025-01-30T18:25:51.935886416Z,5,2025-01-30T18:25:41.680391928Z,0,2025-01-30T18:25:41.680391928Z,0,2025-01-30T18:25:41.680391928Z,63,2025-01-30T18:25:42.058232443Z,1,2025-01-30T18:25:41.680391928Z,null,2025-01-30T18:44:39.76573691Z,true,2025-01-30T18:25:41.642292821Z,true,2025-01-30T18:25:41.642292821Z,ended,2025-01-30T18:44:39.803392995Z,"[[173,8],[173,446],[173,24],[173,42],[396,8],[396,446],[396,24],[396,42],[423,8],[423,446],[423,24],[423,42],[114,8],[114,446],[114,24],[114,42]]",2025-01-30T18:25:42.058232443Z,"[173,396,423,114]",2025-01-30T18:25:42.058232443Z,"{""contextSize"":4,""contextStructure"":""comp-between"",""feedbackDuration"":3,""maxTimeout"":5,""numRepetitionsWithPartner"":4,""playerCount"":2,""selectionDuration"":60,""showNegativeFeedback"":1}",2025-01-30T17:36:19.782464284Z,full-comp-between,2025-01-30T17:36:19.782464284Z
01JJW4J2Z6QE05R8Y9G5R561BM,2,2025-01-30T18:32:15.063811054Z,01JJW4J2Z0Y06Y82F7PDE0Y88Y,2025-01-30T17:36:22.502501673Z,"[13,150,386,290]",2025-01-30T18:32:15.757532517Z,4,2025-01-30T18:32:15.118947013Z,comp-between,2025-01-30T18:32:15.118947013Z,true,2025-01-30T18:54:37.61683946Z,false,2025-01-30T18:32:15.118947013Z,end of game,2025-01-30T18:54:37.659182875Z,01JJW4J2ZE4RAZYP1D8NETM41J,2025-01-30T17:36:22.511953054Z,false,2025-01-30T18:32:27.729084922Z,5,2025-01-30T18:32:15.118947013Z,0,2025-01-30T18:32:15.118947013Z,270,2025-01-30T18:32:15.118947013Z,63,2025-01-30T18:32:15.757532517Z,1,2025-01-30T18:32:15.118947013Z,null,2025-01-30T18:54:37.61683946Z,true,2025-01-30T18:32:15.063811054Z,true,2025-01-30T18:32:15.063811054Z,ended,2025-01-30T18:54:37.659182875Z,"[[32,13],[32,150],[32,386],[32,290],[195,13],[195,150],[195,386],[195,290],[279,13],[279,150],[279,386],[279,290],[341,13],[341,150],[341,386],[341,290]]",2025-01-30T18:32:15.757532517Z,"[32,195,279,341]",2025-01-30T18:32:15.757532517Z,"{""contextSize"":4,""contextStructure"":""comp-between"",""feedbackDuration"":3,""maxTimeout"":5,""numRepetitionsWithPartner"":4,""playerCount"":2,""selectionDuration"":60,""showNegativeFeedback"":1}",2025-01-30T17:36:22.502501673Z,full-comp-between,2025-01-30T17:36:22.502501673Z
01JJW4J36J16KR3PTVPGQXRK61,2,2025-01-30T18:39:09.820999018Z,01JJW4J36D6MVDFSHAJZQQ7JZN,2025-01-30T17:36:22.738994894Z,"[253,360,420,355]",2025-01-30T18:39:10.85722394Z,4,2025-01-30T18:39:09.891301753Z,comp-between,2025-01-30T18:39:09.891301753Z,true,2025-01-30T18:58:50.056240554Z,false,2025-01-30T18:39:09.891301753Z,end of game,2025-01-30T18:58:50.102634536Z,01JJW4J36VVVNAH3E773K0TBJH,2025-01-30T17:36:22.748135053Z,false,2025-01-30T18:39:28.193152388Z,5,2025-01-30T18:39:09.891301753Z,0,2025-01-30T18:39:09.891301753Z,180,2025-01-30T18:39:09.891301753Z,63,2025-01-30T18:39:10.85722394Z,1,2025-01-30T18:39:09.891301753Z,null,2025-01-30T18:58:50.056240554Z,true,2025-01-30T18:39:09.820999018Z,true,2025-01-30T18:39:09.820999018Z,ended,2025-01-30T18:58:50.102634536Z,"[[323,253],[323,360],[323,420],[323,355],[325,253],[325,360],[325,420],[325,355],[283,253],[283,360],[283,420],[283,355],[102,253],[102,360],[102,420],[102,355]]",2025-01-30T18:39:10.85722394Z,"[323,325,283,102]",2025-01-30T18:39:10.85722394Z,"{""contextSize"":4,""contextStructure"":""comp-between"",""feedbackDuration"":3,""maxTimeout"":5,""numRepetitionsWithPartner"":4,""playerCount"":2,""selectionDuration"":60,""showNegativeFeedback"":1}",2025-01-30T17:36:22.738994894Z,full-comp-between,2025-01-30T17:36:22.738994894Z
01JJW4JBE8D0SAYJQDXZXDWBXM,2,2025-01-30T18:57:57.389547014Z,01JJW4JBE1ZN79QGB9YWS6V4R9,2025-01-30T17:36:31.177008801Z,"[145,447,307,382]",2025-01-30T18:57:58.860446027Z,4,2025-01-30T18:57:57.491801323Z,comp-between,2025-01-30T18:57:57.491801323Z,true,2025-01-30T19:05:59.164911165Z,true,2025-01-30T19:05:59.140554165Z,timeOut,2025-01-30T19:05:59.140554165Z,01JJW4JBEJR0JH84WTY4ACAY0W,2025-01-30T17:36:31.188110088Z,false,2025-01-30T18:58:25.076175533Z,5,2025-01-30T18:57:57.491801323Z,5,2025-01-30T19:05:59.140554165Z,90,2025-01-30T18:57:57.491801323Z,63,2025-01-30T18:57:58.860446027Z,1,2025-01-30T18:57:57.491801323Z,null,2025-01-30T19:05:59.164911165Z,true,2025-01-30T18:57:57.389547014Z,true,2025-01-30T18:57:57.389547014Z,ended,2025-01-30T19:05:59.140554165Z,"[[20,145],[20,447],[20,307],[20,382],[13,145],[13,447],[13,307],[13,382],[201,145],[201,447],[201,307],[201,382],[453,145],[453,447],[453,307],[453,382]]",2025-01-30T18:57:58.860446027Z,"[20,13,201,453]",2025-01-30T18:57:58.860446027Z,"{""contextSize"":4,""contextStructure"":""comp-between"",""feedbackDuration"":3,""maxTimeout"":5,""numRepetitionsWithPartner"":4,""playerCount"":2,""selectionDuration"":60,""showNegativeFeedback"":1}",2025-01-30T17:36:31.177008801Z,full-comp-between,2025-01-30T17:36:31.177008801Z
01JJW83DM0A1Z1XX19FJ0E4AJ8,2,2025-01-30T19:00:09.700087655Z,01JJW83DJW9EVM8K8NWJZSE4SP,2025-01-30T18:38:16.192354373Z,"[428,131,390,347]",2025-01-30T19:00:11.192943862Z,4,2025-01-30T19:00:09.817185793Z,comp-between,2025-01-30T19:00:09.817185793Z,true,2025-01-30T19:05:55.353192399Z,true,2025-01-30T19:05:55.329017757Z,timeOut,2025-01-30T19:05:55.329017757Z,01JJW83DPBNT61M7FD8X5BMZD0,2025-01-30T18:38:16.270459465Z,false,2025-01-30T19:00:38.021372869Z,5,2025-01-30T19:00:09.817185793Z,5,2025-01-30T19:05:55.329017757Z,0,2025-01-30T19:00:09.817185793Z,63,2025-01-30T19:00:11.192943862Z,1,2025-01-30T19:00:09.817185793Z,null,2025-01-30T19:05:55.353192399Z,true,2025-01-30T19:00:09.700087655Z,true,2025-01-30T19:00:09.700087655Z,ended,2025-01-30T19:05:55.329017757Z,"[[76,428],[76,131],[76,390],[76,347],[51,428],[51,131],[51,390],[51,347],[351,428],[351,131],[351,390],[351,347],[42,428],[42,131],[42,390],[42,347]]",2025-01-30T19:00:11.192943862Z,"[76,51,351,42]",2025-01-30T19:00:11.192943862Z,"{""contextSize"":4,""contextStructure"":""comp-between"",""feedbackDuration"":3,""maxTimeout"":5,""numRepetitionsWithPartner"":4,""playerCount"":2,""selectionDuration"":60,""showNegativeFeedback"":1}",2025-01-30T18:38:16.192354373Z,full-comp-between,2025-01-30T18:38:16.192354373Z
01JJW4HYRRJHFX7JB28EDQ0K3G,2,2025-01-30T18:10:19.143333223Z,01JJW4HYRJX25Y9432A0GPR07V,2025-01-30T17:36:18.200061615Z,"[15,44,293,98]",2025-01-30T18:10:19.260961921Z,4,2025-01-30T18:10:19.160367431Z,comp-between,2025-01-30T18:10:19.160367431Z,true,2025-01-30T18:28:44.701052467Z,false,2025-01-30T18:10:19.160367431Z,end of game,2025-01-30T18:28:44.720150382Z,01JJW4HYS17C3RRWB6FDVJ5PV4,2025-01-30T17:36:18.210657101Z,false,2025-01-30T18:10:22.092542767Z,5,2025-01-30T18:10:19.160367431Z,0,2025-01-30T18:11:50.021184154Z,0,2025-01-30T18:10:19.160367431Z,63,2025-01-30T18:10:19.260961921Z,1,2025-01-30T18:10:19.160367431Z,null,2025-01-30T18:28:44.701052467Z,true,2025-01-30T18:10:19.143333223Z,true,2025-01-30T18:10:19.143333223Z,ended,2025-01-30T18:28:44.720150382Z,"[[367,15],[367,44],[367,293],[367,98],[315,15],[315,44],[315,293],[315,98],[250,15],[250,44],[250,293],[250,98],[420,15],[420,44],[420,293],[420,98]]",2025-01-30T18:10:19.260961921Z,"[367,315,250,420]",2025-01-30T18:10:19.260961921Z,"{""contextSize"":4,""contextStructure"":""comp-between"",""feedbackDuration"":3,""maxTimeout"":5,""numRepetitionsWithPartner"":4,""playerCount"":2,""selectionDuration"":60,""showNegativeFeedback"":1}",2025-01-30T17:36:18.200061615Z,full-comp-between,2025-01-30T17:36:18.200061615Z
01JJW4HZTQACR99A2KBJNPPK6R,2,2025-01-30T18:13:19.193364303Z,01JJW4HZTJD67ARBC5YN61V3MP,2025-01-30T17:36:19.287491705Z,"[7,50,178,125]",2025-01-30T18:13:19.377503048Z,4,2025-01-30T18:13:19.212004899Z,comp-between,2025-01-30T18:13:19.212004899Z,true,2025-01-30T18:40:24.276020007Z,false,2025-01-30T18:13:19.212004899Z,end of game,2025-01-30T18:40:24.307676388Z,01JJW4HZTZJM98T8EV0YE2D2PS,2025-01-30T17:36:19.296182907Z,false,2025-01-30T18:13:21.205040353Z,5,2025-01-30T18:13:19.212004899Z,0,2025-01-30T18:16:10.815052189Z,270,2025-01-30T18:13:19.212004899Z,63,2025-01-30T18:13:19.377503048Z,1,2025-01-30T18:13:19.212004899Z,null,2025-01-30T18:40:24.276020007Z,true,2025-01-30T18:13:19.193364303Z,true,2025-01-30T18:13:19.193364303Z,ended,2025-01-30T18:40:24.307676388Z,"[[40,7],[40,50],[40,178],[40,125],[338,7],[338,50],[338,178],[338,125],[98,7],[98,50],[98,178],[98,125],[394,7],[394,50],[394,178],[394,125]]",2025-01-30T18:13:19.377503048Z,"[40,338,98,394]",2025-01-30T18:13:19.377503048Z,"{""contextSize"":4,""contextStructure"":""comp-between"",""feedbackDuration"":3,""maxTimeout"":5,""numRepetitionsWithPartner"":4,""playerCount"":2,""selectionDuration"":60,""showNegativeFeedback"":1}",2025-01-30T17:36:19.287491705Z,full-comp-between,2025-01-30T17:36:19.287491705Z
01JJW4J02H9B30Z4FKSHWXN1J2,2,2025-01-30T18:17:15.787682461Z,01JJW4J02CJ8DVT5AZ8D57YB9H,2025-01-30T17:36:19.53775814Z,"[252,285,222,106]",2025-01-30T18:17:16.027408432Z,4,2025-01-30T18:17:15.808805294Z,comp-between,2025-01-30T18:17:15.808805294Z,true,2025-01-30T18:35:02.038906582Z,false,2025-01-30T18:17:15.808805294Z,end of game,2025-01-30T18:35:02.063700024Z,01JJW4J02SQMN0WCM3A7A3D0F4,2025-01-30T17:36:19.547565251Z,false,2025-01-30T18:17:20.624630108Z,5,2025-01-30T18:17:15.808805294Z,0,2025-01-30T18:17:15.808805294Z,180,2025-01-30T18:17:15.808805294Z,63,2025-01-30T18:17:16.027408432Z,1,2025-01-30T18:17:15.808805294Z,null,2025-01-30T18:35:02.038906582Z,true,2025-01-30T18:17:15.787682461Z,true,2025-01-30T18:17:15.787682461Z,ended,2025-01-30T18:35:02.063700024Z,"[[411,252],[411,285],[411,222],[411,106],[216,252],[216,285],[216,222],[216,106],[432,252],[432,285],[432,222],[432,106],[391,252],[391,285],[391,222],[391,106]]",2025-01-30T18:17:16.027408432Z,"[411,216,432,391]",2025-01-30T18:17:16.027408432Z,"{""contextSize"":4,""contextStructure"":""comp-between"",""feedbackDuration"":3,""maxTimeout"":5,""numRepetitionsWithPartner"":4,""playerCount"":2,""selectionDuration"":60,""showNegativeFeedback"":1}",2025-01-30T17:36:19.53775814Z,full-comp-between,2025-01-30T17:36:19.53775814Z
01JJW83J7VA2485T8MHS7WFYBB,,,01JJW83J6DYX36B5V0W8812QHJ,2025-01-30T18:38:20.923315817Z,,,,,,,false,2025-01-30T18:38:20.923315817Z,,,,,01JJW83JA9FXCE7GP4Z5YHCPR3,2025-01-30T18:38:21.004568972Z,,,,,,,,,,,,,,,false,2025-01-30T18:38:20.923315817Z,,,,,,,,,"{""contextSize"":4,""contextStructure"":""comp-between"",""feedbackDuration"":3,""maxTimeout"":5,""numRepetitionsWithPartner"":4,""playerCount"":2,""selectionDuration"":60,""showNegativeFeedback"":1}",2025-01-30T18:38:20.923315817Z,full-comp-between,2025-01-30T18:38:20.923315817Z
01JJW4HZ1MWJMS1H4ZCDER21A2,2,2025-01-30T18:10:53.576282874Z,01JJW4HZ1FR5NTZ5W1QYWFYP2D,2025-01-30T17:36:18.484523472Z,"[201,287,224,193]",2025-01-30T18:10:53.718150518Z,4,2025-01-30T18:10:53.593399234Z,comp-between,2025-01-30T18:10:53.593399234Z,true,2025-01-30T18:32:31.215239034Z,false,2025-01-30T18:10:53.593399234Z,end of game,2025-01-30T18:32:31.337905634Z,01JJW4HZ1WDCRG6GTSXVMCG1D7,2025-01-30T17:36:18.494070061Z,false,2025-01-30T18:10:57.390232699Z,5,2025-01-30T18:10:53.593399234Z,0,2025-01-30T18:12:45.12221544Z,90,2025-01-30T18:10:53.593399234Z,63,2025-01-30T18:10:53.718150518Z,1,2025-01-30T18:10:53.593399234Z,null,2025-01-30T18:32:31.215239034Z,true,2025-01-30T18:10:53.576282874Z,true,2025-01-30T18:10:53.576282874Z,ended,2025-01-30T18:32:31.337905634Z,"[[341,201],[341,287],[341,224],[341,193],[327,201],[327,287],[327,224],[327,193],[189,201],[189,287],[189,224],[189,193],[15,201],[15,287],[15,224],[15,193]]",2025-01-30T18:10:53.718150518Z,"[341,327,189,15]",2025-01-30T18:10:53.718150518Z,"{""contextSize"":4,""contextStructure"":""comp-between"",""feedbackDuration"":3,""maxTimeout"":5,""numRepetitionsWithPartner"":4,""playerCount"":2,""selectionDuration"":60,""showNegativeFeedback"":1}",2025-01-30T17:36:18.484523472Z,full-comp-between,2025-01-30T17:36:18.484523472Z
01JJW4J0J7RW081J9JBNVFD10Q,2,2025-01-30T18:25:49.548085296Z,01JJW4J0J35GFPH6RAVPEZ495Z,2025-01-30T17:36:20.039941621Z,"[324,67,42,43]",2025-01-30T18:25:50.072651896Z,4,2025-01-30T18:25:49.628279784Z,comp-between,2025-01-30T18:25:49.628279784Z,true,2025-01-30T18:49:02.458607833Z,false,2025-01-30T18:25:49.628279784Z,end of game,2025-01-30T18:49:02.497508857Z,01JJW4J0JFNMB8ZEV8H6PF7T15,2025-01-30T17:36:20.048999004Z,false,2025-01-30T18:25:58.657892718Z,5,2025-01-30T18:25:49.628279784Z,0,2025-01-30T18:25:49.628279784Z,180,2025-01-30T18:25:49.628279784Z,63,2025-01-30T18:25:50.072651896Z,1,2025-01-30T18:25:49.628279784Z,null,2025-01-30T18:49:02.458607833Z,true,2025-01-30T18:25:49.548085296Z,true,2025-01-30T18:25:49.548085296Z,ended,2025-01-30T18:49:02.497508857Z,"[[30,324],[30,67],[30,42],[30,43],[39,324],[39,67],[39,42],[39,43],[463,324],[463,67],[463,42],[463,43],[373,324],[373,67],[373,42],[373,43]]",2025-01-30T18:25:50.072651896Z,"[30,39,463,373]",2025-01-30T18:25:50.072651896Z,"{""contextSize"":4,""contextStructure"":""comp-between"",""feedbackDuration"":3,""maxTimeout"":5,""numRepetitionsWithPartner"":4,""playerCount"":2,""selectionDuration"":60,""showNegativeFeedback"":1}",2025-01-30T17:36:20.039941621Z,full-comp-between,2025-01-30T17:36:20.039941621Z
01JJW4J3EFBYWHVY9VFKX4HKG2,2,2025-01-30T18:45:01.526580326Z,01JJW4J3EAW12QCT7B78F89JZ2,2025-01-30T17:36:22.991845562Z,"[92,186,369,304]",2025-01-30T18:45:02.713029818Z,4,2025-01-30T18:45:01.633934424Z,comp-between,2025-01-30T18:45:01.633934424Z,true,2025-01-30T18:59:45.501788155Z,false,2025-01-30T18:45:01.633934424Z,end of game,2025-01-30T18:59:45.54891294Z,01JJW4J3ERD1236WS1YPDC0PKA,2025-01-30T17:36:23.003477985Z,false,2025-01-30T18:45:22.797113493Z,5,2025-01-30T18:45:01.633934424Z,0,2025-01-30T18:45:01.633934424Z,0,2025-01-30T18:45:01.633934424Z,63,2025-01-30T18:45:02.713029818Z,1,2025-01-30T18:45:01.633934424Z,null,2025-01-30T18:59:45.501788155Z,true,2025-01-30T18:45:01.526580326Z,true,2025-01-30T18:45:01.526580326Z,ended,2025-01-30T18:59:45.54891294Z,"[[226,92],[226,186],[226,369],[226,304],[106,92],[106,186],[106,369],[106,304],[139,92],[139,186],[139,369],[139,304],[359,92],[359,186],[359,369],[359,304]]",2025-01-30T18:45:02.713029818Z,"[226,106,139,359]",2025-01-30T18:45:02.713029818Z,"{""contextSize"":4,""contextStructure"":""comp-between"",""feedbackDuration"":3,""maxTimeout"":5,""numRepetitionsWithPartner"":4,""playerCount"":2,""selectionDuration"":60,""showNegativeFeedback"":1}",2025-01-30T17:36:22.991845562Z,full-comp-between,2025-01-30T17:36:22.991845562Z
01JJW4HX6ABV8V5NRKZ0M1KTRB,2,2025-01-30T18:09:22.70095108Z,01JJW4HX64345S0JW7KF1BAF17,2025-01-30T17:36:16.58606754Z,"[391,434,329,453]",2025-01-30T18:09:22.816591853Z,4,2025-01-30T18:09:22.716482152Z,comp-between,2025-01-30T18:09:22.716482152Z,true,2025-01-30T18:29:07.760268497Z,false,2025-01-30T18:09:22.716482152Z,end of game,2025-01-30T18:29:07.795595687Z,01JJW4HX6JQNVWJ5FJXXK0WAM1,2025-01-30T17:36:16.59548394Z,false,2025-01-30T18:09:25.081960952Z,5,2025-01-30T18:09:22.716482152Z,0,2025-01-30T18:12:27.118255453Z,90,2025-01-30T18:09:22.716482152Z,63,2025-01-30T18:09:22.816591853Z,1,2025-01-30T18:09:22.716482152Z,null,2025-01-30T18:29:07.760268497Z,true,2025-01-30T18:09:22.70095108Z,true,2025-01-30T18:09:22.70095108Z,ended,2025-01-30T18:29:07.795595687Z,"[[96,391],[96,434],[96,329],[96,453],[189,391],[189,434],[189,329],[189,453],[60,391],[60,434],[60,329],[60,453],[236,391],[236,434],[236,329],[236,453]]",2025-01-30T18:09:22.816591853Z,"[96,189,60,236]",2025-01-30T18:09:22.816591853Z,"{""contextSize"":4,""contextStructure"":""comp-between"",""feedbackDuration"":3,""maxTimeout"":5,""numRepetitionsWithPartner"":4,""playerCount"":2,""selectionDuration"":60,""showNegativeFeedback"":1}",2025-01-30T17:36:16.58606754Z,full-comp-between,2025-01-30T17:36:16.58606754Z
01JJW4J0TFXG3JNWN8MEDGAHNZ,2,2025-01-30T18:26:46.970392383Z,01JJW4J0TBTFKZ79G943FVA4YQ,2025-01-30T17:36:20.303701207Z,"[431,91,267,60]",2025-01-30T18:26:47.513094822Z,4,2025-01-30T18:26:47.009010453Z,comp-between,2025-01-30T18:26:47.009010453Z,true,2025-01-30T18:46:37.303636805Z,false,2025-01-30T18:26:47.009010453Z,end of game,2025-01-30T18:46:37.339311553Z,01JJW4J0TQ3ZD3TF8D8HDX61SS,2025-01-30T17:36:20.313177458Z,false,2025-01-30T18:26:57.309823927Z,5,2025-01-30T18:26:47.009010453Z,0,2025-01-30T18:26:47.009010453Z,180,2025-01-30T18:26:47.009010453Z,63,2025-01-30T18:26:47.513094822Z,1,2025-01-30T18:26:47.009010453Z,null,2025-01-30T18:46:37.303636805Z,true,2025-01-30T18:26:46.970392383Z,true,2025-01-30T18:26:46.970392383Z,ended,2025-01-30T18:46:37.339311553Z,"[[121,431],[121,91],[121,267],[121,60],[96,431],[96,91],[96,267],[96,60],[418,431],[418,91],[418,267],[418,60],[134,431],[134,91],[134,267],[134,60]]",2025-01-30T18:26:47.513094822Z,"[121,96,418,134]",2025-01-30T18:26:47.513094822Z,"{""contextSize"":4,""contextStructure"":""comp-between"",""feedbackDuration"":3,""maxTimeout"":5,""numRepetitionsWithPartner"":4,""playerCount"":2,""selectionDuration"":60,""showNegativeFeedback"":1}",2025-01-30T17:36:20.303701207Z,full-comp-between,2025-01-30T17:36:20.303701207Z
01JJW4J3P71A3A6W1B9HT250JW,2,2025-01-30T18:47:20.420762416Z,01JJW4J3P3DJA4VHAW6XBNHTCH,2025-01-30T17:36:23.239632861Z,"[438,260,69,129]",2025-01-30T18:47:21.676172898Z,4,2025-01-30T18:47:20.511096388Z,comp-between,2025-01-30T18:47:20.511096388Z,true,2025-01-30T18:53:22.842936526Z,true,2025-01-30T18:53:22.822110587Z,timeOut,2025-01-30T18:53:22.822110587Z,01JJW4J3PQXX6MB6ZS3BE7NV91,2025-01-30T17:36:23.256392191Z,false,2025-01-30T18:47:43.393028737Z,5,2025-01-30T18:47:20.511096388Z,5,2025-01-30T18:53:22.822110587Z,180,2025-01-30T18:47:20.511096388Z,63,2025-01-30T18:47:21.676172898Z,1,2025-01-30T18:47:20.511096388Z,null,2025-01-30T18:53:22.842936526Z,true,2025-01-30T18:47:20.420762416Z,true,2025-01-30T18:47:20.420762416Z,ended,2025-01-30T18:53:22.822110587Z,"[[57,438],[57,260],[57,69],[57,129],[55,438],[55,260],[55,69],[55,129],[300,438],[300,260],[300,69],[300,129],[232,438],[232,260],[232,69],[232,129]]",2025-01-30T18:47:21.676172898Z,"[57,55,300,232]",2025-01-30T18:47:21.676172898Z,"{""contextSize"":4,""contextStructure"":""comp-between"",""feedbackDuration"":3,""maxTimeout"":5,""numRepetitionsWithPartner"":4,""playerCount"":2,""selectionDuration"":60,""showNegativeFeedback"":1}",2025-01-30T17:36:23.239632861Z,full-comp-between,2025-01-30T17:36:23.239632861Z
01JJW4J3YXHEVR761PQ0EZV6ZA,2,2025-01-30T18:49:47.680858575Z,01JJW4J3YSAMRKMMJMWVFAKAKQ,2025-01-30T17:36:23.517860296Z,"[114,110,403,298]",2025-01-30T18:49:49.035031488Z,4,2025-01-30T18:49:47.775017784Z,comp-between,2025-01-30T18:49:47.775017784Z,true,2025-01-30T19:14:35.498204486Z,false,2025-01-30T18:49:47.775017784Z,end of game,2025-01-30T19:14:35.550649678Z,01JJW4J3Z65S1DDASX94AKG1HN,2025-01-30T17:36:23.527522041Z,false,2025-01-30T18:50:11.977425847Z,5,2025-01-30T18:49:47.775017784Z,0,2025-01-30T18:49:47.775017784Z,90,2025-01-30T18:49:47.775017784Z,63,2025-01-30T18:49:49.035031488Z,1,2025-01-30T18:49:47.775017784Z,null,2025-01-30T19:14:35.498204486Z,true,2025-01-30T18:49:47.680858575Z,true,2025-01-30T18:49:47.680858575Z,ended,2025-01-30T19:14:35.550649678Z,"[[107,114],[107,110],[107,403],[107,298],[8,114],[8,110],[8,403],[8,298],[156,114],[156,110],[156,403],[156,298],[426,114],[426,110],[426,403],[426,298]]",2025-01-30T18:49:49.035031488Z,"[107,8,156,426]",2025-01-30T18:49:49.035031488Z,"{""contextSize"":4,""contextStructure"":""comp-between"",""feedbackDuration"":3,""maxTimeout"":5,""numRepetitionsWithPartner"":4,""playerCount"":2,""selectionDuration"":60,""showNegativeFeedback"":1}",2025-01-30T17:36:23.517860296Z,full-comp-between,2025-01-30T17:36:23.517860296Z
01JJW83FDKXBRWC87R3PWR70R0,2,2025-01-30T19:01:07.131860669Z,01JJW83FC4DET4B0M0QP4XGK87,2025-01-30T18:38:18.035565582Z,"[367,221,306,237]",2025-01-30T19:01:08.650912598Z,4,2025-01-30T19:01:07.267886286Z,comp-between,2025-01-30T19:01:07.267886286Z,true,2025-01-30T19:20:53.658566567Z,false,2025-01-30T19:01:07.267886286Z,end of game,2025-01-30T19:20:53.716087835Z,01JJW83FFR2T0BPAB9M4453RAN,2025-01-30T18:38:18.10745793Z,false,2025-01-30T19:01:36.058034718Z,5,2025-01-30T19:01:07.267886286Z,0,2025-01-30T19:01:07.267886286Z,180,2025-01-30T19:01:07.267886286Z,63,2025-01-30T19:01:08.650912598Z,1,2025-01-30T19:01:07.267886286Z,null,2025-01-30T19:20:53.658566567Z,true,2025-01-30T19:01:07.131860669Z,true,2025-01-30T19:01:07.131860669Z,ended,2025-01-30T19:20:53.716087835Z,"[[375,367],[375,221],[375,306],[375,237],[422,367],[422,221],[422,306],[422,237],[325,367],[325,221],[325,306],[325,237],[206,367],[206,221],[206,306],[206,237]]",2025-01-30T19:01:08.650912598Z,"[375,422,325,206]",2025-01-30T19:01:08.650912598Z,"{""contextSize"":4,""contextStructure"":""comp-between"",""feedbackDuration"":3,""maxTimeout"":5,""numRepetitionsWithPartner"":4,""playerCount"":2,""selectionDuration"":60,""showNegativeFeedback"":1}",2025-01-30T18:38:18.035565582Z,full-comp-between,2025-01-30T18:38:18.035565582Z
01JJW83J08SMZ0HNP2DNBXWG5S,2,2025-01-30T19:17:22.121575362Z,01JJW83HYQ6WC1KNP12ZW455Z5,2025-01-30T18:38:20.680941224Z,"[346,115,352,269]",2025-01-30T19:17:23.928040432Z,4,2025-01-30T19:17:22.248508435Z,comp-between,2025-01-30T19:17:22.248508435Z,true,2025-01-30T19:48:47.638824628Z,false,2025-01-30T19:17:22.248508435Z,end of game,2025-01-30T19:48:47.697499638Z,01JJW83J2MT3BNFX9KRQ4BTBWE,2025-01-30T18:38:20.757331072Z,false,2025-01-30T19:17:55.174686744Z,5,2025-01-30T19:17:22.248508435Z,0,2025-01-30T19:17:22.248508435Z,0,2025-01-30T19:17:22.248508435Z,63,2025-01-30T19:17:23.928040432Z,1,2025-01-30T19:17:22.248508435Z,null,2025-01-30T19:48:47.638824628Z,true,2025-01-30T19:17:22.121575362Z,true,2025-01-30T19:17:22.121575362Z,ended,2025-01-30T19:48:47.697499638Z,"[[89,346],[89,115],[89,352],[89,269],[449,346],[449,115],[449,352],[449,269],[389,346],[389,115],[389,352],[389,269],[331,346],[331,115],[331,352],[331,269]]",2025-01-30T19:17:23.928040432Z,"[89,449,389,331]",2025-01-30T19:17:23.928040432Z,"{""contextSize"":4,""contextStructure"":""comp-between"",""feedbackDuration"":3,""maxTimeout"":5,""numRepetitionsWithPartner"":4,""playerCount"":2,""selectionDuration"":60,""showNegativeFeedback"":1}",2025-01-30T18:38:20.680941224Z,full-comp-between,2025-01-30T18:38:20.680941224Z
