id,batchID,batchIDLastChangedAt,gameID,gameIDLastChangedAt,playerID,playerIDLastChangedAt
01JJW6EGRKR2XGFYCG7N4KZGY9,01JJW4HX64345S0JW7KF1BAF17,2025-01-30T18:09:22.707200218Z,01JJW4HX6ABV8V5NRKZ0M1KTRB,2025-01-30T18:09:22.707200218Z,01JJW62DG83X83YA16PJVW5ZTW,2025-01-30T18:09:22.707200218Z
01JJW6G7WG1K6ZW2BWM7WA8R0X,01JJW4HYRJX25Y9432A0GPR07V,2025-01-30T18:10:19.152932169Z,01JJW4HYRRJHFX7JB28EDQ0K3G,2025-01-30T18:10:19.152932169Z,01JJW6B7GKEM0GW19FTT46Y3DB,2025-01-30T18:10:19.152932169Z
01JJW6WYRM1JKYJQXGX32X98NR,01JJW4J02CJ8DVT5AZ8D57YB9H,2025-01-30T18:17:15.797010268Z,01JJW4J02H9B30Z4FKSHWXN1J2,2025-01-30T18:17:15.797010268Z,01JJW6P8TXX58ECYKZF6SRHSMW,2025-01-30T18:17:15.797010268Z
01JJW7RCZKC6V6B6EG9XJAQKY9,01JJW4J2Z0Y06Y82F7PDE0Y88Y,2025-01-30T18:32:15.09105608Z,01JJW4J2Z6QE05R8Y9G5R561BM,2025-01-30T18:32:15.09105608Z,01JJW7G09K2M3VKE83K48RZ3NT,2025-01-30T18:32:15.09105608Z
01JJW9BGCP2W44G9NDQSCH1WQE,01JJW83DJW9EVM8K8NWJZSE4SP,2025-01-30T19:00:09.750962523Z,01JJW83DM0A1Z1XX19FJ0E4AJ8,2025-01-30T19:00:09.750962523Z,01JJW8NEVP2YYH3CPZ2C57KTYK,2025-01-30T19:00:09.750962523Z
01JJW9X213T3F9631YXKEG06ZJ,01JJW83G2EFCP88P7610ZQF3YR,2025-01-30T19:09:44.867829787Z,01JJW83G3YGJNWV5ZXFKW4QCFC,2025-01-30T19:09:44.867829787Z,01JJW9B72F1WVTMQ1R0SQQB9CS,2025-01-30T19:09:44.867829787Z
01JJWAB0MM30QXWQN2SHSDBPWP,01JJW83HYQ6WC1KNP12ZW455Z5,2025-01-30T19:17:22.196545567Z,01JJW83J08SMZ0HNP2DNBXWG5S,2025-01-30T19:17:22.196545567Z,01JJWA36BF0VG5J3ZRBCAQKW6X,2025-01-30T19:17:22.196545567Z
01JJW6G7WG1K6ZW2BWKZ8WFE3D,01JJW4HYRJX25Y9432A0GPR07V,2025-01-30T18:10:19.152302914Z,01JJW4HYRRJHFX7JB28EDQ0K3G,2025-01-30T18:10:19.152302914Z,01JJW6AJ74G67391S7WQN8KT7Y,2025-01-30T18:10:19.152302914Z
01JJW97F69QVZSE37VXXTYQK7G,01JJW4JBE1ZN79QGB9YWS6V4R9,2025-01-30T18:57:57.449997219Z,01JJW4JBE8D0SAYJQDXZXDWBXM,2025-01-30T18:57:57.449997219Z,01JJW8KNMABPF0WVDF6K347DAT,2025-01-30T18:57:57.449997219Z
01JJW6NQQ4Q0NAKV5P3DFTMPJ0,01JJW4HZTJD67ARBC5YN61V3MP,2025-01-30T18:13:19.204573434Z,01JJW4HZTQACR99A2KBJNPPK6R,2025-01-30T18:13:19.204573434Z,01JJW6G46T5DMWDEH50ENB24RZ,2025-01-30T18:13:19.204573434Z
01JJW7RCZTJQ8H85WG8NDWR18K,01JJW4J2Z0Y06Y82F7PDE0Y88Y,2025-01-30T18:32:15.098974929Z,01JJW4J2Z6QE05R8Y9G5R561BM,2025-01-30T18:32:15.098974929Z,01JJW7HEM9RC43M2QNZ1HDZ1Z7,2025-01-30T18:32:15.098974929Z
01JJW8FSGBKPSGYTMFN8RC4BNJ,01JJW4J3EAW12QCT7B78F89JZ2,2025-01-30T18:45:01.579863563Z,01JJW4J3EFBYWHVY9VFKX4HKG2,2025-01-30T18:45:01.579863563Z,01JJW869VWKH7T0XE8TS1AZ2NF,2025-01-30T18:45:01.579863563Z
01JJW9BGDA7RSKTJREBXXRNW8V,01JJW83DJW9EVM8K8NWJZSE4SP,2025-01-30T19:00:09.770534698Z,01JJW83DM0A1Z1XX19FJ0E4AJ8,2025-01-30T19:00:09.770534698Z,01JJW94G771XTNYTC0KB7KSHCM,2025-01-30T19:00:09.770534698Z
01JJW6D566QF9P0DHF0VYGWXS9,01JJW4HWKJGTBMG5NC5ATZ9XEW,2025-01-30T18:08:38.086365516Z,01JJW4HWKSPG0D54BJW0R5WXKM,2025-01-30T18:08:38.086365516Z,01JJW68G86PJQGPB24GDZESR63,2025-01-30T18:08:38.086365516Z
01JJW8FSGVHXDKGSEZAPJB9B4E,01JJW4J3EAW12QCT7B78F89JZ2,2025-01-30T18:45:01.595901429Z,01JJW4J3EFBYWHVY9VFKX4HKG2,2025-01-30T18:45:01.595901429Z,01JJW86XPRKCWXQ9P24RGMMR1Q,2025-01-30T18:45:01.595901429Z
01JJW97F5R24TSQJ1WMMC7EPEG,01JJW4JBE1ZN79QGB9YWS6V4R9,2025-01-30T18:57:57.43211885Z,01JJW4JBE8D0SAYJQDXZXDWBXM,2025-01-30T18:57:57.43211885Z,01JJW7F3H49BPDJC7VT7GDZK91,2025-01-30T18:57:57.43211885Z
01JJW9D8G03Q0VYEKPHTSDJE1A,01JJW83FC4DET4B0M0QP4XGK87,2025-01-30T19:01:07.200295067Z,01JJW83FDKXBRWC87R3PWR70R0,2025-01-30T19:01:07.200295067Z,01JJW98C095E1J6F9FYZTR4NXG,2025-01-30T19:01:07.200295067Z
01JJWAB0KZXS1RC3ZC1NR1Z21J,01JJW83HYQ6WC1KNP12ZW455Z5,2025-01-30T19:17:22.175146522Z,01JJW83J08SMZ0HNP2DNBXWG5S,2025-01-30T19:17:22.175146522Z,01JJW9WP9ZZN4A34BXDPMQ3MSG,2025-01-30T19:17:22.175146522Z
01JJW6A0H6AYZAN1D4GY8JQPS8,01JJW4HV8C8T05YV74S8B9N1M1,2025-01-30T18:06:55.014292017Z,01JJW4HV8R62YR2ZZ6C6BMQPXA,2025-01-30T18:06:55.014292017Z,01JJW5VXRXD70TXXSER4JMA2GC,2025-01-30T18:06:55.014292017Z
01JJW6D566QF9P0DHF0HW89FHR,01JJW4HWKJGTBMG5NC5ATZ9XEW,2025-01-30T18:08:38.086072189Z,01JJW4HWKSPG0D54BJW0R5WXKM,2025-01-30T18:08:38.086072189Z,01JJW5VSBRFE8ERYVR1GXBYWRQ,2025-01-30T18:08:38.086072189Z
01JJW6H9GJA8YDY90HFW0732VF,01JJW4HZ1FR5NTZ5W1QYWFYP2D,2025-01-30T18:10:53.586852157Z,01JJW4HZ1MWJMS1H4ZCDER21A2,2025-01-30T18:10:53.586852157Z,01JJW6ADG3MYACCJRYGEHW7RK0,2025-01-30T18:10:53.586852157Z
01JJW6WYRRDM7QK3RK5A53B7BY,01JJW4J02CJ8DVT5AZ8D57YB9H,2025-01-30T18:17:15.800235301Z,01JJW4J02H9B30Z4FKSHWXN1J2,2025-01-30T18:17:15.800235301Z,01JJW6RQFA61JK9XC98JDTF961,2025-01-30T18:17:15.800235301Z
01JJW8M1496A9ESKZZP4GA18KB,01JJW4J3P3DJA4VHAW6XBNHTCH,2025-01-30T18:47:20.457130329Z,01JJW4J3P71A3A6W1B9HT250JW,2025-01-30T18:47:20.457130329Z,01JJW834K54YQGT8HXQASW384N,2025-01-30T18:47:20.457130329Z
01JJW8M14S01C3RS2K4DYYDY57,01JJW4J3P3DJA4VHAW6XBNHTCH,2025-01-30T18:47:20.473977936Z,01JJW4J3P71A3A6W1B9HT250JW,2025-01-30T18:47:20.473977936Z,01JJW88X8K9VX6M12FSNKCERAJ,2025-01-30T18:47:20.473977936Z
01JJW9X20ENHVAYK05KHF7EMXM,01JJW83G2EFCP88P7610ZQF3YR,2025-01-30T19:09:44.846670281Z,01JJW83G3YGJNWV5ZXFKW4QCFC,2025-01-30T19:09:44.846670281Z,01JJW98948Q4TSDM0F7HEAPGYG,2025-01-30T19:09:44.846670281Z
01JJW6H9GHQ0J723E32JNPSHQ2,01JJW4HZ1FR5NTZ5W1QYWFYP2D,2025-01-30T18:10:53.585960241Z,01JJW4HZ1MWJMS1H4ZCDER21A2,2025-01-30T18:10:53.585960241Z,01JJW65G1X45N8951BCAEJKEMT,2025-01-30T18:10:53.585960241Z
01JJW6NQQ28G7CNMEDP4NEQ1AY,01JJW4HZTJD67ARBC5YN61V3MP,2025-01-30T18:13:19.202288082Z,01JJW4HZTQACR99A2KBJNPPK6R,2025-01-30T18:13:19.202288082Z,01JJW6CVB747QYSATNPCMFN9PT,2025-01-30T18:13:19.202288082Z
01JJW7CCRTJXM5WAF5TC71SB1B,01JJW4J0A22HR8GHXZ0T16GJK3,2025-01-30T18:25:41.658995543Z,01JJW4J0A6DF5EX9W9G36QRPC4,2025-01-30T18:25:41.658995543Z,01JJW74QMSFR9P7MSNV2YDWY7Z,2025-01-30T18:25:41.658995543Z
01JJW7CMHEPN42AZ6W1MJBN9AD,01JJW4J0J35GFPH6RAVPEZ495Z,2025-01-30T18:25:49.614467069Z,01JJW4J0J7RW081J9JBNVFD10Q,2025-01-30T18:25:49.614467069Z,01JJW6Y62P30XQJD8MPXF6Z6KY,2025-01-30T18:25:49.614467069Z
01JJW85216GDA1SWVAA9RB95W9,01JJW4J36D6MVDFSHAJZQQ7JZN,2025-01-30T18:39:09.862868392Z,01JJW4J36J16KR3PTVPGQXRK61,2025-01-30T18:39:09.862868392Z,01JJW7WEJ0273S0FBSMZ7GMXPV,2025-01-30T18:39:09.862868392Z
01JJW8520V177W6D9N5AXTF72H,01JJW4J36D6MVDFSHAJZQQ7JZN,2025-01-30T18:39:09.851137219Z,01JJW4J36J16KR3PTVPGQXRK61,2025-01-30T18:39:09.851137219Z,01JJW7MXFTMT31B5HT9YDPGCD4,2025-01-30T18:39:09.851137219Z
01JJW9D8FC4D0YZTGZGXCED5DT,01JJW83FC4DET4B0M0QP4XGK87,2025-01-30T19:01:07.180862496Z,01JJW83FDKXBRWC87R3PWR70R0,2025-01-30T19:01:07.180862496Z,01JJW96K30SNVQB5V7FZF47AWE,2025-01-30T19:01:07.180862496Z
01JJW8RGYQGERA448RTYARMZWS,01JJW4J3YSAMRKMMJMWVFAKAKQ,2025-01-30T18:49:47.735849601Z,01JJW4J3YXHEVR761PQ0EZV6ZA,2025-01-30T18:49:47.735849601Z,01JJW8MPTPPRZV4Y0Q2QBATKE7,2025-01-30T18:49:47.735849601Z
01JJW6A0H6AYZAN1D4H5813BY5,01JJW4HV8C8T05YV74S8B9N1M1,2025-01-30T18:06:55.014419631Z,01JJW4HV8R62YR2ZZ6C6BMQPXA,2025-01-30T18:06:55.014419631Z,01JJW672G1G28MV42C0Q9M7N54,2025-01-30T18:06:55.014419631Z
01JJW6EGRKR2XGFYCG7SAZFQ9N,01JJW4HX64345S0JW7KF1BAF17,2025-01-30T18:09:22.707709998Z,01JJW4HX6ABV8V5NRKZ0M1KTRB,2025-01-30T18:09:22.707709998Z,01JJW67YCQEVPGW769V5PMX8J5,2025-01-30T18:09:22.707709998Z
01JJW7CCRZWR1E71QVVB4PQ5TD,01JJW4J0A22HR8GHXZ0T16GJK3,2025-01-30T18:25:41.663709997Z,01JJW4J0A6DF5EX9W9G36QRPC4,2025-01-30T18:25:41.663709997Z,01JJW77PKSGJ98SZ7M8QT81730,2025-01-30T18:25:41.663709997Z
01JJW7CMH9JNSAJPSYKHZT9R7G,01JJW4J0J35GFPH6RAVPEZ495Z,2025-01-30T18:25:49.609555155Z,01JJW4J0J7RW081J9JBNVFD10Q,2025-01-30T18:25:49.609555155Z,01JJW6JTC8WF5Q2G79KJEPQG2E,2025-01-30T18:25:49.609555155Z
01JJW7ECJAGZH80X3J359XP8P1,01JJW4J0TBTFKZ79G943FVA4YQ,2025-01-30T18:26:46.986518768Z,01JJW4J0TFXG3JNWN8MEDGAHNZ,2025-01-30T18:26:46.986518768Z,01JJW72FEXB0NW8Z6N7239XCKW,2025-01-30T18:26:46.986518768Z
01JJW7ECJGMGR6P5CHVAEYMQT7,01JJW4J0TBTFKZ79G943FVA4YQ,2025-01-30T18:26:46.992976953Z,01JJW4J0TFXG3JNWN8MEDGAHNZ,2025-01-30T18:26:46.992976953Z,01JJW73CCZ9EMCKESTJYJFPE40,2025-01-30T18:26:46.992976953Z
01JJW8RGY7VGDJWZYPWJ4TRTHE,01JJW4J3YSAMRKMMJMWVFAKAKQ,2025-01-30T18:49:47.719908571Z,01JJW4J3YXHEVR761PQ0EZV6ZA,2025-01-30T18:49:47.719908571Z,01JJW8ECJXJK3P9MGZFB9FSSJ7,2025-01-30T18:49:47.719908571Z
