id,batchID,batchIDLastChangedAt,gameID,gameIDLastChangedAt,playerID,playerIDLastChangedAt
01JHKFKYRWC9E4TCHVPMYJV5H5,01JHKF609JCPHB5VH97051611W,2025-01-14T22:40:46.364440588Z,01JHKF609TZHHE76365W6V98CT,2025-01-14T22:40:46.364440588Z,01JHKFATMMSYJ3R8R12T9RWX4V,2025-01-14T22:40:46.364440588Z
01JHKGCRDA0RZVWXTE7Y571GH1,01JHKF61Z1XF1XBS8JZW4RJ73D,2025-01-14T22:54:19.050610817Z,01JHKF61Z8ACXVR8FXAHFGS83Q,2025-01-14T22:54:19.050610817Z,01JHKFAF8ZHJT7N1DHW76KA9DW,2025-01-14T22:54:19.050610817Z
01JHKH24YP9XZX6WCXMZ1K12FR,01JHKF642RPG0DQBHJ0JA1CCBD,2025-01-14T23:06:00.022797599Z,01JHKF642ZYQBFXQS3CTD6GF8R,2025-01-14T23:06:00.022797599Z,01JHKFWMDB1N7GV429BCQRG24Z,2025-01-14T23:06:00.022797599Z
01JHKFF5G2AZR1BXTM7CPE22PE,01JHKF5XKEWQGXR51AAV3BX8SN,2025-01-14T22:38:09.410315214Z,01JHKF5XKQ0KJFD9KAPWED9YZ5,2025-01-14T22:38:09.410315214Z,01JHKFA9D12BJ7QX9V1DESA5CV,2025-01-14T22:38:09.410315214Z
01JHKGG4CQT9KXJE5MYPGQQGJB,01JHKF63KMACBQ2C3E19CR20DF,2025-01-14T22:56:09.62382829Z,01JHKF63KV0KK1R2EPWB9TBBQE,2025-01-14T22:56:09.62382829Z,01JHKFZNZX83PMHBVKWX6SMDW3,2025-01-14T22:56:09.62382829Z
01JHKFJPQVRGZCJ9T8N7JDA62J,01JHKF5Z39QX41110X4KTCF3G5,2025-01-14T22:40:05.371189119Z,01JHKF5Z3HESFDW1MP84FJXAHD,2025-01-14T22:40:05.371189119Z,01JHKF9YSPMVQ33R6YZC6SY787,2025-01-14T22:40:05.371189119Z
01JHKFHZFQ050FWYJH6H0940ZW,01JHKF5Y6Q0XHW5BZ2DN3FHVRY,2025-01-14T22:39:41.55946965Z,01JHKF5Y70C5EWMNQ90ZZ2ZJPK,2025-01-14T22:39:41.55946965Z,01JHKF8NDTTX9C0SF20QW1BHBQ,2025-01-14T22:39:41.55946965Z
01JHKFTVKXMTT4H0RQGY6VFJVV,01JHKF60M7MKRQNPPA4QC0BAE7,2025-01-14T22:44:32.509805382Z,01JHKF60MF2PC3MFWBCQMW4TZT,2025-01-14T22:44:32.509805382Z,01JHKF9574HQD973MS5VPAN6B2,2025-01-14T22:44:32.509805382Z
01JHKFEPQFG2N43K1DZMB2VHH1,01JHKF5WDJVDV5S9E5RY4G6YF4,2025-01-14T22:37:54.28705569Z,01JHKF5WE2XW7HPVRK3N64GBRS,2025-01-14T22:37:54.28705569Z,01JHKFA4CY49WHTM6SEMAKY007,2025-01-14T22:37:54.28705569Z
01JHKFHZFRF4V42XW2S7G02SYB,01JHKF5Y6Q0XHW5BZ2DN3FHVRY,2025-01-14T22:39:41.560219465Z,01JHKF5Y70C5EWMNQ90ZZ2ZJPK,2025-01-14T22:39:41.560219465Z,01JHKF9MPXRPE3NQV996X6RYEH,2025-01-14T22:39:41.560219465Z
01JHKGCRDJAPW86MQK3JVVQQWF,01JHKF61Z1XF1XBS8JZW4RJ73D,2025-01-14T22:54:19.058861481Z,01JHKF61Z8ACXVR8FXAHFGS83Q,2025-01-14T22:54:19.058861481Z,01JHKFY3SFHVXVP03JFAA0Z585,2025-01-14T22:54:19.058861481Z
01JHKH24Z3TTR1ZY0AT325MZQG,01JHKF642RPG0DQBHJ0JA1CCBD,2025-01-14T23:06:00.035283504Z,01JHKF642ZYQBFXQS3CTD6GF8R,2025-01-14T23:06:00.035283504Z,01JHKGTV6JGJ4SGH3SBVZP49HH,2025-01-14T23:06:00.035283504Z
01JHKFF5G1CYVQRVP3NWPEN8X4,01JHKF5XKEWQGXR51AAV3BX8SN,2025-01-14T22:38:09.409971568Z,01JHKF5XKQ0KJFD9KAPWED9YZ5,2025-01-14T22:38:09.409971568Z,01JHKF8VZ80F76CEDN1CXE5W0F,2025-01-14T22:38:09.409971568Z
01JHKHBAH959D8CZHY3DY61Z06,01JHKF64AQPXBG34D642BD4KW0,2025-01-14T23:11:00.649239467Z,01JHKF64AY268GD15C0P00W6CT,2025-01-14T23:11:00.649239467Z,01JHKGSGRRA285PANK82N9XGAJ,2025-01-14T23:11:00.649239467Z
01JHKFKYRTE3VJ4DCHNBJ9E9XY,01JHKF609JCPHB5VH97051611W,2025-01-14T22:40:46.362891452Z,01JHKF609TZHHE76365W6V98CT,2025-01-14T22:40:46.362891452Z,01JHKF94HXD8RS68BFMNH6S4V9,2025-01-14T22:40:46.362891452Z
01JHKGC5RBGRY2D23TM84NGCFN,01JHKF61R9H11G55H8RJMKM3E1,2025-01-14T22:53:59.947573091Z,01JHKF61RHEXJMR2EKTE6N549C,2025-01-14T22:53:59.947573091Z,01JHKFZ7AHPWTGYSH2AX6YSBSX,2025-01-14T22:53:59.947573091Z
01JHKGG4CFVSH7JDRXY8WRSRWK,01JHKF63KMACBQ2C3E19CR20DF,2025-01-14T22:56:09.61580317Z,01JHKF63KV0KK1R2EPWB9TBBQE,2025-01-14T22:56:09.61580317Z,01JHKFAMXVKB36083ECA3K44G9,2025-01-14T22:56:09.61580317Z
01JHKH1F1AKPJGBMK73Q300CKF,01JHKF63TPV6GK4BW0BSHAMR18,2025-01-14T23:05:37.578335418Z,01JHKF63TW5SAHKAA745V5DCYM,2025-01-14T23:05:37.578335418Z,01JHKGBQQGJ0AF6X4RY9RC4GYN,2025-01-14T23:05:37.578335418Z
01JHKFEPQE9Y7H9H7GPP0FGSXV,01JHKF5WDJVDV5S9E5RY4G6YF4,2025-01-14T22:37:54.286917722Z,01JHKF5WE2XW7HPVRK3N64GBRS,2025-01-14T22:37:54.286917722Z,01JHKF8QETVE9M80DA6KNHPN0K,2025-01-14T22:37:54.286917722Z
01JHKFXH04JHH7XCR0YH8JAP9D,01JHKF615P5TP715YF4F0T37T6,2025-01-14T22:45:59.940503568Z,01JHKF615X0TW50KJMH4QTMXY2,2025-01-14T22:45:59.940503568Z,01JHKFADQDFKM94PN4EYE69TRC,2025-01-14T22:45:59.940503568Z
01JHKFXH0784AQ66QX0CJ56ESZ,01JHKF615P5TP715YF4F0T37T6,2025-01-14T22:45:59.943841092Z,01JHKF615X0TW50KJMH4QTMXY2,2025-01-14T22:45:59.943841092Z,01JHKFD3B0MBVKSQ4ZFTW6535C,2025-01-14T22:45:59.943841092Z
01JHKG0R6H3BXVFS9THY27AQ7F,01JHKF61FA0J0V5G9477T9KDH8,2025-01-14T22:47:45.617714425Z,01JHKF61FG3GAV24154EES5XTP,2025-01-14T22:47:45.617714425Z,01JHKFYB0A7NMZNQSXN62D4Z4M,2025-01-14T22:47:45.617714425Z
01JHKH1F1SGXHP0VF4XBK0QKXT,01JHKF63TPV6GK4BW0BSHAMR18,2025-01-14T23:05:37.593798366Z,01JHKF63TW5SAHKAA745V5DCYM,2025-01-14T23:05:37.593798366Z,01JHKGS7WJDE8QF8CK4W10Q505,2025-01-14T23:05:37.593798366Z
01JHKFTVM00QNY95K2SXPBVHD6,01JHKF60M7MKRQNPPA4QC0BAE7,2025-01-14T22:44:32.512870091Z,01JHKF60MF2PC3MFWBCQMW4TZT,2025-01-14T22:44:32.512870091Z,01JHKFBRR4JVGGFX9EHEWWGAAB,2025-01-14T22:44:32.512870091Z
01JHKG0R6DHJCPT4570MXYW0TS,01JHKF61FA0J0V5G9477T9KDH8,2025-01-14T22:47:45.61357458Z,01JHKF61FG3GAV24154EES5XTP,2025-01-14T22:47:45.61357458Z,01JHKFX763MH6HAMWS18VM8NES,2025-01-14T22:47:45.61357458Z
01JHKGC5R4WRDCDV74CJ18X3CJ,01JHKF61R9H11G55H8RJMKM3E1,2025-01-14T22:53:59.940896179Z,01JHKF61RHEXJMR2EKTE6N549C,2025-01-14T22:53:59.940896179Z,01JHKFXZ7Z8R9ZVSQWZ5Q24AQE,2025-01-14T22:53:59.940896179Z
01JHKHBAGTM8C7T6A8D9EHC9C1,01JHKF64AQPXBG34D642BD4KW0,2025-01-14T23:11:00.634595476Z,01JHKF64AY268GD15C0P00W6CT,2025-01-14T23:11:00.634595476Z,01JHKFYTWWXVESERG007Z6M850,2025-01-14T23:11:00.634595476Z
01JHKFJPQWG4N94KN7PMQZE29K,01JHKF5Z39QX41110X4KTCF3G5,2025-01-14T22:40:05.372122489Z,01JHKF5Z3HESFDW1MP84FJXAHD,2025-01-14T22:40:05.372122489Z,01JHKFE5V8H9GV3MY1KTB59XZS,2025-01-14T22:40:05.372122489Z
