id,batchID,batchIDLastChangedAt,gameID,gameIDLastChangedAt,playerID,playerIDLastChangedAt
01JJWD52CZYNQFRVJ959K020XM,01JJWCWTZ8NWHQHJ7AN3KAA56V,2025-01-30T20:06:33.119561847Z,01JJWCWTZFV0YSS0NRHE87P49N,2025-01-30T20:06:33.119561847Z,01JJWCZGSWT3A2JSV9N0D9WFS2,2025-01-30T20:06:33.119561847Z
01JJWDGKYE4QC507762VSE5K8P,01JJWCWYQKSK6A3A7YT7YJB56V,2025-01-30T20:12:51.534948351Z,01JJWCWYQR2FR68H9TETCN99SM,2025-01-30T20:12:51.534948351Z,01JJWD7W4EJ4GPWB0BASNQYSS7,2025-01-30T20:12:51.534948351Z
01JJWDSAFXFQWY2S01MY82G0V8,01JJWCWZMWJ5S83KKEBKQR2EVJ,2025-01-30T20:17:36.765845627Z,01JJWCWZN0A81M6YAAZGB1GT25,2025-01-30T20:17:36.765845627Z,01JJWD0PAA8HR8G8ZPYFHWV99E,2025-01-30T20:17:36.765845627Z
01JJWG069JX4VJCA2KGWD2S9C7,01JJWDRC4TT06D5Z72X8RWXMXA,2025-01-30T20:56:18.994519747Z,01JJWDRC5HCTDMP6K5E1PY39EF,2025-01-30T20:56:18.994519747Z,01JJWDHA5RG97YFAN9VAQ63Y68,2025-01-30T20:56:18.994519747Z
01JJWDEPC07K947M63ZAK8GWX3,01JJWCWY4CCBCGPN3PPPWB56S6,2025-01-30T20:11:48.480686304Z,01JJWCWY4H01450RBX4PFKF2GW,2025-01-30T20:11:48.480686304Z,01JJWCZFP7R70N3V388GN7BNTH,2025-01-30T20:11:48.480686304Z
01JJWFZBZJ2Z6SJWFHJM8CFBVM,01JJWCX0KP7NHF6164PFD1CZ8S,2025-01-30T20:55:52.051000075Z,01JJWCX0KT9S9XGTPPXK55Q3YF,2025-01-30T20:55:52.051000075Z,01JJWFS6N392GTRV2VQCXQ29B2,2025-01-30T20:55:52.051000075Z
01JJWGBGJAPV29M0VWHV5K2MMY,01JJWFPJZ318W19B95K83RMEWY,2025-01-30T21:02:29.962340125Z,01JJWFPK16PNMHZ6952RVJMPRR,2025-01-30T21:02:29.962340125Z,01JJWG86WVA4DRXVFZ80S82507,2025-01-30T21:02:29.962340125Z
01JJWDFFET0YJ46GSRQEVW3KTR,01JJWCWYDP5EZT334HAHVJZ04C,2025-01-30T20:12:14.17078206Z,01JJWCWYDVRKHJQYG0882SY87B,2025-01-30T20:12:14.17078206Z,01JJWDA8FJXFXF9V0E9926XDFY,2025-01-30T20:12:14.17078206Z
01JJWDNC8XRKEZP5H4JY3QJTCH,01JJWCWZ1E1BSMNV1K1E4ZJZWC,2025-01-30T20:15:27.517120608Z,01JJWCWZ1JNGAW1MTW9KAZNJ45,2025-01-30T20:15:27.517120608Z,01JJWD85QK41FABWXP4DZZQQSS,2025-01-30T20:15:27.517120608Z
01JJWG06A5KC533H2MGTAFMEZQ,01JJWDRC4TT06D5Z72X8RWXMXA,2025-01-30T20:56:19.013279929Z,01JJWDRC5HCTDMP6K5E1PY39EF,2025-01-30T20:56:19.013279929Z,01JJWE4AT7XCKW570XETXJ875H,2025-01-30T20:56:19.013279929Z
01JJWD8AW9R65H2H4W634YH4DX,01JJWCWW4X4J2ADFQ9BV457QA7,2025-01-30T20:08:20.105406805Z,01JJWCWW53F0QM1M0V4T79838T,2025-01-30T20:08:20.105406805Z,01JJWD0Y71KXX92FGCPVRMX6HP,2025-01-30T20:08:20.105406805Z
01JJWDCK622KD7SB4HN04YCZV5,01JJWCWXFK1P60SHEYPFSRG96H,2025-01-30T20:10:39.682811795Z,01JJWCWXFSPH20RMG7D8SGQXNY,2025-01-30T20:10:39.682811795Z,01JJWCZD429DNRG9RVWES2312Y,2025-01-30T20:10:39.682811795Z
01JJWDDABRDE1REDC7MMXF4FK7,01JJWCWXTKWG99F7XF8D4BSJMP,2025-01-30T20:11:03.416239247Z,01JJWCWXTSS5SMSQ1HJ2Z0V2P3,2025-01-30T20:11:03.416239247Z,01JJWD2CC3MSRSSBFN43C4HX5Q,2025-01-30T20:11:03.416239247Z
01JJWDSMEHDKA36D2W6YMAP725,01JJWCWZYQA1RRCY9C2PCXW55J,2025-01-30T20:17:46.961862076Z,01JJWCWZYZM4AB5DGZXW9KQHWT,2025-01-30T20:17:46.961862076Z,01JJWD7YR6T0HPGGAGQJ97Z8HE,2025-01-30T20:17:46.961862076Z
01JJWG24DVP409QEXE3XC09ZJN,01JJWFPHQ6PTXJ9G4QK9YQYWF7,2025-01-30T20:57:22.619331998Z,01JJWFPHSFA569M55DHEMFHD52,2025-01-30T20:57:22.619331998Z,01JJWFWBR3GSDSBG1VSCKFGEQS,2025-01-30T20:57:22.619331998Z
01JJWG78W1YKMZVFCFHM33CZPJ,01JJWFPJFHS4GHR7BEBEZZ3Q0H,2025-01-30T21:00:11.009738019Z,01JJWFPJJ4EA4YPDDF2PM6BD57,2025-01-30T21:00:11.009738019Z,01JJWFVT96DT6CN68GHN1MPQ7N,2025-01-30T21:00:11.009738019Z
01JJWDNC8Q8A3KHSPV52XAPQJ6,01JJWCWZ1E1BSMNV1K1E4ZJZWC,2025-01-30T20:15:27.511973209Z,01JJWCWZ1JNGAW1MTW9KAZNJ45,2025-01-30T20:15:27.511973209Z,01JJWD1NXRZD3DTS5P63NDQJJR,2025-01-30T20:15:27.511973209Z
01JJWDS1R79QX2FTBJNAJF8BYS,01JJWCWZAYF98RVC62N5G7GZS1,2025-01-30T20:17:27.815106774Z,01JJWCWZB36A0FH3MKHJS4QNTF,2025-01-30T20:17:27.815106774Z,01JJWDB8HJH1QGF0BTTPZJSRG1,2025-01-30T20:17:27.815106774Z
01JJWDTDTPNM8N0THNCC20KAH4,01JJWCX08QJTYZV8QEZJ1H9FA6,2025-01-30T20:18:12.950500293Z,01JJWCX08W5M2VVWZN8WKQ6QH2,2025-01-30T20:18:12.950500293Z,01JJWD383Q9CQXS8FNNRZP3MCR,2025-01-30T20:18:12.950500293Z
01JJWDTDTXSRQXKCWQFVHZ8FAM,01JJWCX08QJTYZV8QEZJ1H9FA6,2025-01-30T20:18:12.95779397Z,01JJWCX08W5M2VVWZN8WKQ6QH2,2025-01-30T20:18:12.95779397Z,01JJWDJQZ1J13PBNQVFT5Y9MKZ,2025-01-30T20:18:12.95779397Z
01JJWFZC05JKE6RSCJ2CN87Y9D,01JJWCX0KP7NHF6164PFD1CZ8S,2025-01-30T20:55:52.069974329Z,01JJWCX0KT9S9XGTPPXK55Q3YF,2025-01-30T20:55:52.069974329Z,01JJWFSERXZD400K0CY3SYZ12W,2025-01-30T20:55:52.069974329Z
01JJWG78WPK23SMDQKGXJD30YT,01JJWFPJFHS4GHR7BEBEZZ3Q0H,2025-01-30T21:00:11.030730384Z,01JJWFPJJ4EA4YPDDF2PM6BD57,2025-01-30T21:00:11.030730384Z,01JJWG30SBB7K5EN25W84K7082,2025-01-30T21:00:11.030730384Z
01JJWD52D0CZ9SHQ96E937V5SC,01JJWCWTZ8NWHQHJ7AN3KAA56V,2025-01-30T20:06:33.120163296Z,01JJWCWTZFV0YSS0NRHE87P49N,2025-01-30T20:06:33.120163296Z,01JJWD1M80HKZ6CVXMMD37BVZA,2025-01-30T20:06:33.120163296Z
01JJWD8AWA4QFRZGEGWWKB17EC,01JJWCWW4X4J2ADFQ9BV457QA7,2025-01-30T20:08:20.106386029Z,01JJWCWW53F0QM1M0V4T79838T,2025-01-30T20:08:20.106386029Z,01JJWD1NBP31GZW9KR47C05X6D,2025-01-30T20:08:20.106386029Z
01JJWDACMMT4YGW8HYY0GEVBVN,01JJWCWWXQHZA9MDKBGTXYDCZN,2025-01-30T20:09:27.444237006Z,01JJWCWWXXNMASRFHFRARK5SB4,2025-01-30T20:09:27.444237006Z,01JJWD3D3MCKER9303NJ40DZ3R,2025-01-30T20:09:27.444237006Z
01JJWDEPBYP0KGZTDMZ3QD51MY,01JJWCWY4CCBCGPN3PPPWB56S6,2025-01-30T20:11:48.478904686Z,01JJWCWY4H01450RBX4PFKF2GW,2025-01-30T20:11:48.478904686Z,01JJWCZ5HYCF2YNPBFZA7P7RRZ,2025-01-30T20:11:48.478904686Z
01JJWG24D744T81HDPSDFFHEAC,01JJWFPHQ6PTXJ9G4QK9YQYWF7,2025-01-30T20:57:22.599571212Z,01JJWFPHSFA569M55DHEMFHD52,2025-01-30T20:57:22.599571212Z,01JJWDDKF78F1YYXR14G84A197,2025-01-30T20:57:22.599571212Z
01JJWGBGHMNZQXSXYWEKF569AF,01JJWFPJZ318W19B95K83RMEWY,2025-01-30T21:02:29.940920027Z,01JJWFPK16PNMHZ6952RVJMPRR,2025-01-30T21:02:29.940920027Z,01JJWFRJ4CRWK8TDS7JQWDNJ42,2025-01-30T21:02:29.940920027Z
01JJWD3352HJEMW8YXNP9TV03R,01JJWCWSM5QHRMMWH7JNWWASXR,2025-01-30T20:05:28.35480054Z,01JJWCWSMJ20VX1CG51HF7YNRR,2025-01-30T20:05:28.35480054Z,01JJWD165GVQ8YMJXKRVHBRJEM,2025-01-30T20:05:28.35480054Z
01JJWDCK64A4EYYKV6E5FKTD4P,01JJWCWXFK1P60SHEYPFSRG96H,2025-01-30T20:10:39.684031363Z,01JJWCWXFSPH20RMG7D8SGQXNY,2025-01-30T20:10:39.684031363Z,01JJWCZX7EF1Y78AVZX3F1JFSF,2025-01-30T20:10:39.684031363Z
01JJWDDABP7CTB7W57XRXNAQHV,01JJWCWXTKWG99F7XF8D4BSJMP,2025-01-30T20:11:03.41465127Z,01JJWCWXTSS5SMSQ1HJ2Z0V2P3,2025-01-30T20:11:03.41465127Z,01JJWD0MAHKQQ3HJ4Y0039TTWF,2025-01-30T20:11:03.41465127Z
01JJWDGKYH0WPAA31C756QPGEX,01JJWCWYQKSK6A3A7YT7YJB56V,2025-01-30T20:12:51.53769094Z,01JJWCWYQR2FR68H9TETCN99SM,2025-01-30T20:12:51.53769094Z,01JJWD7YRN5JZDHF3J9Y50ZQ0B,2025-01-30T20:12:51.53769094Z
01JJWDS1R21S18NJJJJJ8N52NN,01JJWCWZAYF98RVC62N5G7GZS1,2025-01-30T20:17:27.810110276Z,01JJWCWZB36A0FH3MKHJS4QNTF,2025-01-30T20:17:27.810110276Z,01JJWD59RJ1XXRYBAQJC7RYSEH,2025-01-30T20:17:27.810110276Z
01JJWDSMERGBXZW9P2J6WKB3ET,01JJWCWZYQA1RRCY9C2PCXW55J,2025-01-30T20:17:46.968129594Z,01JJWCWZYZM4AB5DGZXW9KQHWT,2025-01-30T20:17:46.968129594Z,01JJWDNPA3Z009G79W0N8Z2Q5M,2025-01-30T20:17:46.968129594Z
01JJWD3352HJEMW8YXNF6XPMT0,01JJWCWSM5QHRMMWH7JNWWASXR,2025-01-30T20:05:28.354674847Z,01JJWCWSMJ20VX1CG51HF7YNRR,2025-01-30T20:05:28.354674847Z,01JJWCYWXRSPE0513PGGNEE9RJ,2025-01-30T20:05:28.354674847Z
01JJWDACMKX4TX3T7WQ3QT5RCQ,01JJWCWWXQHZA9MDKBGTXYDCZN,2025-01-30T20:09:27.44324928Z,01JJWCWWXXNMASRFHFRARK5SB4,2025-01-30T20:09:27.44324928Z,01JJWD2FJNS0709DA0AGVM4KE0,2025-01-30T20:09:27.44324928Z
01JJWDFFERAX6CQB5GW96D1HHZ,01JJWCWYDP5EZT334HAHVJZ04C,2025-01-30T20:12:14.168617025Z,01JJWCWYDVRKHJQYG0882SY87B,2025-01-30T20:12:14.168617025Z,01JJWD3DM377QK9SQY6MC3GSZX,2025-01-30T20:12:14.168617025Z
01JJWDSAG3NTVX1G8BPC684ZQ6,01JJWCWZMWJ5S83KKEBKQR2EVJ,2025-01-30T20:17:36.771141132Z,01JJWCWZN0A81M6YAAZGB1GT25,2025-01-30T20:17:36.771141132Z,01JJWDHCSDVW7WTGV4M0YPXYZ8,2025-01-30T20:17:36.771141132Z
