id,config,configLastChangedAt,endedReason,endedReasonLastChangedAt,initialized,initializedLastChangedAt,lobbyConfig,lobbyConfigLastChangedAt,status,statusLastChangedAt
01JFDSSSVXWHGZDM22E8FFSECT,"{""kind"":""complete"",""config"":{""treatments"":[{""treatment"":{""name"":""quick-noncomp"",""factors"":{""contextSize"":4,""contextStructure"":""noncomp"",""feedbackDuration"":1,""maxTimeout"":3,""numRepetitionsWithPartner"":2,""playerCount"":2,""selectionDuration"":30,""showNegativeFeedback"":1}},""count"":1}]}}",2024-12-18T15:11:53.469985-06:00,,,true,2024-12-18T15:11:53.493834-06:00,"{""name"":""Default shared fail"",""kind"":""shared"",""duration"":300000000000,""strategy"":""fail""}",2024-12-18T15:11:53.469985-06:00,terminated,2024-12-18T15:18:44.663568-06:00
01JFDVW0ZVCHYT1ZVSG6HK4GFC,"{""kind"":""complete"",""config"":{""treatments"":[{""treatment"":{""name"":""quick-noncomp"",""factors"":{""contextSize"":4,""contextStructure"":""noncomp"",""feedbackDuration"":1,""maxTimeout"":3,""numRepetitionsWithPartner"":2,""playerCount"":2,""selectionDuration"":30,""showNegativeFeedback"":1}},""count"":1}]}}",2024-12-18T15:48:03.45116-06:00,,,true,2024-12-18T15:48:03.469637-06:00,"{""name"":""Default shared fail"",""kind"":""shared"",""duration"":300000000000,""strategy"":""fail""}",2024-12-18T15:48:03.45116-06:00,terminated,2024-12-18T15:50:00.173954-06:00
01JFDWD1V5FG32CJV82YZTH5ZT,"{""kind"":""complete"",""config"":{""treatments"":[{""treatment"":{""name"":""demo-comp-between"",""factors"":{""contextSize"":4,""contextStructure"":""comp-between"",""feedbackDuration"":3,""numRepetitionsWithPartner"":2,""playerCount"":2,""selectionDuration"":60,""showNegativeFeedback"":1}},""count"":1}]}}",2024-12-18T15:57:21.381906-06:00,,,true,2024-12-18T15:57:21.396109-06:00,"{""name"":""Default shared fail"",""kind"":""shared"",""duration"":300000000000,""strategy"":""fail""}",2024-12-18T15:57:21.381906-06:00,terminated,2024-12-18T15:59:56.325943-06:00
01JCR96EQ8TKT30PG60MKNZGBX,"{""kind"":""complete"",""config"":{""treatments"":[{""treatment"":{""name"":""demo-comp-between"",""factors"":{""contextSize"":4,""contextStructure"":""comp-between"",""feedbackDuration"":3,""numRepetitionsWithPartner"":2,""playerCount"":2,""selectionDuration"":60,""showNegativeFeedback"":1}},""count"":1}]}}",2024-11-15T10:06:15.528498-06:00,all games finished,2024-11-15T10:40:53.061201-06:00,true,2024-11-15T10:06:15.553668-06:00,"{""name"":""Default shared fail"",""kind"":""shared"",""duration"":300000000000,""strategy"":""fail""}",2024-11-15T10:06:15.528498-06:00,ended,2024-11-15T10:40:53.061201-06:00
01JFDT694YDSJZGSQZHZPYJY7Q,"{""kind"":""complete"",""config"":{""treatments"":[{""treatment"":{""name"":""quick-noncomp"",""factors"":{""contextSize"":4,""contextStructure"":""noncomp"",""feedbackDuration"":1,""maxTimeout"":3,""numRepetitionsWithPartner"":2,""playerCount"":2,""selectionDuration"":30,""showNegativeFeedback"":1}},""count"":1}]}}",2024-12-18T15:18:42.334997-06:00,,,true,2024-12-18T15:18:42.359887-06:00,"{""name"":""Default shared fail"",""kind"":""shared"",""duration"":300000000000,""strategy"":""fail""}",2024-12-18T15:18:42.334997-06:00,terminated,2024-12-18T15:27:05.576211-06:00
01JFDV84DCC4SQ40N3E8PTX0C8,"{""kind"":""complete"",""config"":{""treatments"":[{""treatment"":{""name"":""quick-noncomp"",""factors"":{""contextSize"":4,""contextStructure"":""noncomp"",""feedbackDuration"":1,""maxTimeout"":3,""numRepetitionsWithPartner"":2,""playerCount"":2,""selectionDuration"":30,""showNegativeFeedback"":1}},""count"":1}]}}",2024-12-18T15:37:11.59658-06:00,,,true,2024-12-18T15:37:11.61982-06:00,"{""name"":""Default shared fail"",""kind"":""shared"",""duration"":300000000000,""strategy"":""fail""}",2024-12-18T15:37:11.59658-06:00,terminated,2024-12-18T15:47:59.748062-06:00
01JFDY9HWAP51JH296XYDSWE5D,"{""kind"":""complete"",""config"":{""treatments"":[{""treatment"":{""name"":""full-comp-between"",""factors"":{""contextSize"":4,""contextStructure"":""comp-between"",""feedbackDuration"":3,""maxTimeout"":3,""numRepetitionsWithPartner"":4,""playerCount"":2,""selectionDuration"":60,""showNegativeFeedback"":1}},""count"":1}]}}",2024-12-18T16:30:23.882632-06:00,,,true,2024-12-18T16:30:23.90676-06:00,"{""name"":""Default shared fail"",""kind"":""shared"",""duration"":300000000000,""strategy"":""fail""}",2024-12-18T16:30:23.882632-06:00,running,2024-12-18T16:30:25.648011-06:00
01JFDTNNC64JPWDQ6DWATBPQXD,"{""kind"":""complete"",""config"":{""treatments"":[{""treatment"":{""name"":""quick-noncomp"",""factors"":{""contextSize"":4,""contextStructure"":""noncomp"",""feedbackDuration"":1,""maxTimeout"":3,""numRepetitionsWithPartner"":2,""playerCount"":2,""selectionDuration"":30,""showNegativeFeedback"":1}},""count"":1}]}}",2024-12-18T15:27:06.374523-06:00,,,true,2024-12-18T15:27:06.397848-06:00,"{""name"":""Default shared fail"",""kind"":""shared"",""duration"":300000000000,""strategy"":""fail""}",2024-12-18T15:27:06.374523-06:00,terminated,2024-12-18T15:32:54.663997-06:00
01JFDVZYWC1NKZ6539AYFPVXDS,"{""kind"":""complete"",""config"":{""treatments"":[{""treatment"":{""name"":""demo-comp-between"",""factors"":{""contextSize"":4,""contextStructure"":""comp-between"",""feedbackDuration"":3,""numRepetitionsWithPartner"":2,""playerCount"":2,""selectionDuration"":60,""showNegativeFeedback"":1}},""count"":1}]}}",2024-12-18T15:50:12.365054-06:00,,,true,2024-12-18T15:50:12.389608-06:00,"{""name"":""Default shared fail"",""kind"":""shared"",""duration"":300000000000,""strategy"":""fail""}",2024-12-18T15:50:12.365054-06:00,terminated,2024-12-18T15:57:12.032933-06:00
01JFDWJ1E2AAQX94WK9V33MAP0,"{""kind"":""complete"",""config"":{""treatments"":[{""treatment"":{""name"":""full-comp-within"",""factors"":{""contextSize"":4,""contextStructure"":""comp-within"",""feedbackDuration"":3,""maxTimeout"":3,""numRepetitionsWithPartner"":4,""playerCount"":2,""selectionDuration"":60,""showNegativeFeedback"":1}},""count"":1}]}}",2024-12-18T16:00:04.802888-06:00,,,true,2024-12-18T16:00:04.82928-06:00,"{""name"":""Default shared fail"",""kind"":""shared"",""duration"":300000000000,""strategy"":""fail""}",2024-12-18T16:00:04.802888-06:00,terminated,2024-12-18T16:02:58.303446-06:00
01J1GA86R5R2TGPZE1JDV5BQSY,"{""kind"":""complete"",""config"":{""treatments"":[{""treatment"":{""name"":""quick-noncomp"",""factors"":{""contextSize"":4,""contextStructure"":""noncomp"",""feedbackDuration"":1,""maxTimeout"":3,""numRepetitionsWithPartner"":2,""playerCount"":2,""selectionDuration"":30,""showNegativeFeedback"":1}},""count"":1}]}}",2024-06-28T15:58:05.957258-05:00,,,true,2024-06-28T15:58:05.978776-05:00,"{""name"":""Default shared fail"",""kind"":""shared"",""duration"":300000000000,""strategy"":""fail""}",2024-06-28T15:58:05.957258-05:00,terminated,2024-11-15T10:06:02.44463-06:00
01JFDV0A5SQVS074BHQFPZTQAS,"{""kind"":""complete"",""config"":{""treatments"":[{""treatment"":{""name"":""quick-noncomp"",""factors"":{""contextSize"":4,""contextStructure"":""noncomp"",""feedbackDuration"":1,""maxTimeout"":3,""numRepetitionsWithPartner"":2,""playerCount"":2,""selectionDuration"":30,""showNegativeFeedback"":1}},""count"":1}]}}",2024-12-18T15:32:55.353782-06:00,,,true,2024-12-18T15:32:55.373801-06:00,"{""name"":""Default shared fail"",""kind"":""shared"",""duration"":300000000000,""strategy"":""fail""}",2024-12-18T15:32:55.353782-06:00,terminated,2024-12-18T15:35:43.119882-06:00
01JFDV5EWP0CWMAXEQCT2D2A97,"{""kind"":""complete"",""config"":{""treatments"":[{""treatment"":{""name"":""quick-noncomp"",""factors"":{""contextSize"":4,""contextStructure"":""noncomp"",""feedbackDuration"":1,""maxTimeout"":3,""numRepetitionsWithPartner"":2,""playerCount"":2,""selectionDuration"":30,""showNegativeFeedback"":1}},""count"":1}]}}",2024-12-18T15:35:44.022218-06:00,,,true,2024-12-18T15:35:44.047657-06:00,"{""name"":""Default shared fail"",""kind"":""shared"",""duration"":300000000000,""strategy"":""fail""}",2024-12-18T15:35:44.022218-06:00,terminated,2024-12-18T15:37:10.86729-06:00
