id,actualPlayerCount,actualPlayerCountLastChangedAt,batchID,batchIDLastChangedAt,bottomTangrams,bottomTangramsLastChangedAt,contextSize,contextSizeLastChangedAt,contextStructure,contextStructureLastChangedAt,ended,endedLastChangedAt,endedReason,endedReasonLastChangedAt,groupID,groupIDLastChangedAt,justStarted,justStartedLastChangedAt,lobbyTimerID,lobbyTimerIDLastChangedAt,maxTimeout,maxTimeoutLastChangedAt,roundIndex,roundIndexLastChangedAt,showNegativeFeedback,showNegativeFeedbackLastChangedAt,stageID,stageIDLastChangedAt,start,startLastChangedAt,starting,startingLastChangedAt,status,statusLastChangedAt,targets,targetsLastChangedAt,topTangrams,topTangramsLastChangedAt,treatment,treatmentLastChangedAt,treatmentName,treatmentNameLastChangedAt
01JFDTNNCX2FQKBN8PRTX19N6P,2,2024-12-18T15:27:54.451286-06:00,01JFDTNNC64JPWDQ6DWATBPQXD,2024-12-18T15:27:06.397495-06:00,,,4,2024-12-18T15:27:54.467877-06:00,noncomp,2024-12-18T15:27:54.467877-06:00,false,2024-12-18T15:27:06.397495-06:00,batch ended,2024-12-18T15:32:54.672851-06:00,01JFDTNNDDBCB21T35CX8PXCAH,2024-12-18T15:27:06.414501-06:00,,,01JFDTPMZZMAQRCZ8N8HVZHT0M,2024-12-18T15:27:38.760336-06:00,3,2024-12-18T15:27:54.467877-06:00,,,1,2024-12-18T15:27:54.467877-06:00,,,true,2024-12-18T15:27:54.451286-06:00,true,2024-12-18T15:27:54.451286-06:00,terminated,2024-12-18T15:32:54.672851-06:00,,,,,"{""contextSize"":4,""contextStructure"":""noncomp"",""feedbackDuration"":1,""maxTimeout"":3,""numRepetitionsWithPartner"":2,""playerCount"":2,""selectionDuration"":30,""showNegativeFeedback"":1}",2024-12-18T15:27:06.397495-06:00,quick-noncomp,2024-12-18T15:27:06.397495-06:00
01JFDVZYX6QGD2S6MVKKG177WT,2,2024-12-18T15:50:46.027308-06:00,01JFDVZYWC1NKZ6539AYFPVXDS,2024-12-18T15:50:12.390296-06:00,"[180,347,56,166]",2024-12-18T15:50:46.051423-06:00,4,2024-12-18T15:50:46.043177-06:00,comp-between,2024-12-18T15:50:46.043177-06:00,false,2024-12-18T15:50:12.390296-06:00,batch ended,2024-12-18T15:57:12.047412-06:00,01JFDVZYXE29ACKQTG5EYFHXQR,2024-12-18T15:50:12.399782-06:00,true,2024-12-18T15:50:46.051423-06:00,01JFDW0H74VAE0BM46XEERQWPN,2024-12-18T15:50:31.144729-06:00,null,2024-12-18T15:50:46.043177-06:00,,,1,2024-12-18T15:50:46.043177-06:00,,,true,2024-12-18T15:50:46.027308-06:00,true,2024-12-18T15:50:46.027308-06:00,terminated,2024-12-18T15:57:12.047412-06:00,"[[258,180],[258,347],[258,56],[258,166],[241,180],[241,347],[241,56],[241,166],[343,180],[343,347],[343,56],[343,166],[195,180],[195,347],[195,56],[195,166]]",2024-12-18T15:50:46.051423-06:00,"[258,241,343,195]",2024-12-18T15:50:46.051423-06:00,"{""contextSize"":4,""contextStructure"":""comp-between"",""feedbackDuration"":3,""numRepetitionsWithPartner"":2,""playerCount"":2,""selectionDuration"":60,""showNegativeFeedback"":1}",2024-12-18T15:50:12.390296-06:00,demo-comp-between,2024-12-18T15:50:12.390296-06:00
01JFDY9HX1C9VEESZ2BQ8ARY5B,2,2024-12-18T16:31:12.816924-06:00,01JFDY9HWAP51JH296XYDSWE5D,2024-12-18T16:30:23.906019-06:00,"[3,218,162,17]",2024-12-18T16:31:12.897277-06:00,4,2024-12-18T16:31:12.830877-06:00,comp-between,2024-12-18T16:31:12.830877-06:00,false,2024-12-18T16:30:23.906019-06:00,,,01JFDY9HXGG10BSTV9DJCMPFNB,2024-12-18T16:30:23.920984-06:00,true,2024-12-18T16:31:12.897277-06:00,01JFDYACN7MA4V7N90MHHEYKPM,2024-12-18T16:30:51.311532-06:00,3,2024-12-18T16:31:12.830877-06:00,63,2024-12-18T16:31:12.897277-06:00,1,2024-12-18T16:31:12.830877-06:00,01JFDYB1S80B85SFPZ53AYS6V0,2024-12-18T16:37:37.562667-06:00,true,2024-12-18T16:31:12.816924-06:00,true,2024-12-18T16:31:12.816924-06:00,running,2024-12-18T16:31:12.833101-06:00,"[[193,3],[193,218],[193,162],[193,17],[133,3],[133,218],[133,162],[133,17],[336,3],[336,218],[336,162],[336,17],[370,3],[370,218],[370,162],[370,17]]",2024-12-18T16:31:12.897277-06:00,"[193,133,336,370]",2024-12-18T16:31:12.897277-06:00,"{""contextSize"":4,""contextStructure"":""comp-between"",""feedbackDuration"":3,""maxTimeout"":3,""numRepetitionsWithPartner"":4,""playerCount"":2,""selectionDuration"":60,""showNegativeFeedback"":1}",2024-12-18T16:30:23.906019-06:00,full-comp-between,2024-12-18T16:30:23.906019-06:00
01JCR96ER19PXF2MX7P3FJHQQS,2,2024-11-15T10:07:10.999673-06:00,01JCR96EQ8TKT30PG60MKNZGBX,2024-11-15T10:06:15.553069-06:00,"[16,17,18,19]",2024-11-15T10:07:11.055158-06:00,4,2024-11-15T10:07:11.055158-06:00,comp-between,2024-11-15T10:07:11.055158-06:00,true,2024-11-15T10:40:53.053343-06:00,end of game,2024-11-15T10:40:53.058086-06:00,01JCR96ERDCQQ3BM80EBPF257A,2024-11-15T10:06:15.567641-06:00,true,2024-11-15T10:07:11.055158-06:00,01JCR97N0WE1C4MEYBRGS7Z9G4,2024-11-15T10:06:54.757214-06:00,null,2024-11-15T10:07:11.055158-06:00,31,2024-11-15T10:07:11.055158-06:00,1,2024-11-15T10:07:11.055158-06:00,null,2024-11-15T10:40:53.053343-06:00,true,2024-11-15T10:07:10.999673-06:00,true,2024-11-15T10:07:10.999673-06:00,ended,2024-11-15T10:40:53.058086-06:00,"[[0,16],[0,17],[0,18],[0,19],[1,16],[1,17],[1,18],[1,19],[2,16],[2,17],[2,18],[2,19],[3,16],[3,17],[3,18],[3,19]]",2024-11-15T10:07:11.055158-06:00,"[0,1,2,3]",2024-11-15T10:07:11.055158-06:00,"{""contextSize"":4,""contextStructure"":""comp-between"",""feedbackDuration"":3,""numRepetitionsWithPartner"":2,""playerCount"":2,""selectionDuration"":60,""showNegativeFeedback"":1}",2024-11-15T10:06:15.553069-06:00,demo-comp-between,2024-11-15T10:06:15.553069-06:00
01JFDSSSWN6M8D0YAAM6P5C6FC,2,2024-12-18T15:12:48.903806-06:00,01JFDSSSVXWHGZDM22E8FFSECT,2024-12-18T15:11:53.493523-06:00,"[16,17,18,19,20,21,22,23,24,25,26,27,28,29,30,31]",2024-12-18T15:12:48.960776-06:00,4,2024-12-18T15:12:48.960776-06:00,noncomp,2024-12-18T15:12:48.960776-06:00,true,2024-12-18T15:18:44.748565-06:00,batch ended,2024-12-18T15:18:44.671437-06:00,01JFDSSSX6V4B5HJR1EPF3FTSP,2024-12-18T15:11:53.511705-06:00,true,2024-12-18T15:12:48.960776-06:00,01JFDSTV7YHWT16B59TRQQE749,2024-12-18T15:12:27.652541-06:00,3,2024-12-18T15:12:48.960776-06:00,31,2024-12-18T15:12:48.960776-06:00,1,2024-12-18T15:12:48.960776-06:00,null,2024-12-18T15:18:44.748565-06:00,true,2024-12-18T15:12:48.903806-06:00,true,2024-12-18T15:12:48.903806-06:00,terminated,2024-12-18T15:18:44.671437-06:00,"[[0,16],[1,17],[2,18],[3,19],[4,20],[5,21],[6,22],[7,23],[8,24],[9,25],[10,26],[11,27],[12,28],[13,29],[14,30],[15,31]]",2024-12-18T15:12:48.960776-06:00,"[0,1,2,3,4,5,6,7,8,9,10,11,12,13,14,15]",2024-12-18T15:12:48.960776-06:00,"{""contextSize"":4,""contextStructure"":""noncomp"",""feedbackDuration"":1,""maxTimeout"":3,""numRepetitionsWithPartner"":2,""playerCount"":2,""selectionDuration"":30,""showNegativeFeedback"":1}",2024-12-18T15:11:53.493523-06:00,quick-noncomp,2024-12-18T15:11:53.493523-06:00
01JFDV5EXGFVHF89X7DKZTC8K2,2,2024-12-18T15:36:31.494212-06:00,01JFDV5EWP0CWMAXEQCT2D2A97,2024-12-18T15:35:44.048197-06:00,"[452,457,437,132,311,240,6,38,459,387,360,170,268,108,301,61]",2024-12-18T15:36:31.572583-06:00,4,2024-12-18T15:36:31.511447-06:00,noncomp,2024-12-18T15:36:31.511447-06:00,false,2024-12-18T15:35:44.048197-06:00,batch ended,2024-12-18T15:37:10.879416-06:00,01JFDV5EXXGVZ0A0X27HHJMB4E,2024-12-18T15:35:44.062792-06:00,,,01JFDV64925NX29A9X1V1GR3XB,2024-12-18T15:36:05.931182-06:00,3,2024-12-18T15:36:31.511447-06:00,,,1,2024-12-18T15:36:31.511447-06:00,,,true,2024-12-18T15:36:31.494212-06:00,true,2024-12-18T15:36:31.494212-06:00,terminated,2024-12-18T15:37:10.879416-06:00,"[[247,452],[140,457],[52,437],[435,132],[172,311],[393,240],[251,6],[230,38],[434,459],[72,387],[305,360],[203,170],[400,268],[336,108],[440,301],[63,61]]",2024-12-18T15:36:31.572583-06:00,"[247,140,52,435,172,393,251,230,434,72,305,203,400,336,440,63]",2024-12-18T15:36:31.572583-06:00,"{""contextSize"":4,""contextStructure"":""noncomp"",""feedbackDuration"":1,""maxTimeout"":3,""numRepetitionsWithPartner"":2,""playerCount"":2,""selectionDuration"":30,""showNegativeFeedback"":1}",2024-12-18T15:35:44.048197-06:00,quick-noncomp,2024-12-18T15:35:44.048197-06:00
01JFDWJ1EWNRFQBF7A39JYQJPM,2,2024-12-18T16:00:40.295811-06:00,01JFDWJ1E2AAQX94WK9V33MAP0,2024-12-18T16:00:04.828491-06:00,"[180,30,349,230]",2024-12-18T16:00:40.375663-06:00,4,2024-12-18T16:00:40.313109-06:00,comp-within,2024-12-18T16:00:40.313109-06:00,true,2024-12-18T16:02:58.338763-06:00,batch ended,2024-12-18T16:02:58.312629-06:00,01JFDWJ1F9HT1RPPGMASGRMH1K,2024-12-18T16:00:04.842862-06:00,true,2024-12-18T16:00:40.375663-06:00,01JFDWJMWHM3S6VEE13TYXHVR4,2024-12-18T16:00:24.730392-06:00,3,2024-12-18T16:00:40.313109-06:00,63,2024-12-18T16:00:40.375663-06:00,1,2024-12-18T16:00:40.313109-06:00,null,2024-12-18T16:02:58.338763-06:00,true,2024-12-18T16:00:40.295811-06:00,true,2024-12-18T16:00:40.295811-06:00,terminated,2024-12-18T16:02:58.312629-06:00,"[[128,180],[128,30],[128,349],[128,230],[409,180],[409,30],[409,349],[409,230],[311,180],[311,30],[311,349],[311,230],[225,180],[225,30],[225,349],[225,230]]",2024-12-18T16:00:40.375663-06:00,"[128,409,311,225]",2024-12-18T16:00:40.375663-06:00,"{""contextSize"":4,""contextStructure"":""comp-within"",""feedbackDuration"":3,""maxTimeout"":3,""numRepetitionsWithPartner"":4,""playerCount"":2,""selectionDuration"":60,""showNegativeFeedback"":1}",2024-12-18T16:00:04.828491-06:00,full-comp-within,2024-12-18T16:00:04.828491-06:00
01J1GA86RTBEZD4CHBBZST0V4P,,,01J1GA86R5R2TGPZE1JDV5BQSY,2024-06-28T15:58:05.978535-05:00,,,,,,,false,2024-06-28T15:58:05.978535-05:00,batch ended,2024-11-15T10:06:02.452481-06:00,01J1GA86SHGARAJ5RCT0JC0D4V,2024-06-28T15:58:06.005181-05:00,,,,,,,,,,,,,false,2024-06-28T15:58:05.978535-05:00,,,terminated,2024-11-15T10:06:02.452481-06:00,,,,,"{""contextSize"":4,""contextStructure"":""noncomp"",""feedbackDuration"":1,""maxTimeout"":3,""numRepetitionsWithPartner"":2,""playerCount"":2,""selectionDuration"":30,""showNegativeFeedback"":1}",2024-06-28T15:58:05.978535-05:00,quick-noncomp,2024-06-28T15:58:05.978535-05:00
01JFDV0A6CTAA7KJC7M7R73NMJ,2,2024-12-18T15:33:39.222125-06:00,01JFDV0A5SQVS074BHQFPZTQAS,2024-12-18T15:32:55.372986-06:00,,,4,2024-12-18T15:33:39.240163-06:00,noncomp,2024-12-18T15:33:39.240163-06:00,false,2024-12-18T15:32:55.372986-06:00,batch ended,2024-12-18T15:35:43.1286-06:00,01JFDV0A6WKEDTQ1TNKFY2AG00,2024-12-18T15:32:55.390067-06:00,,,01JFDV15C3SGKART5HKA4ETZES,2024-12-18T15:33:23.212373-06:00,3,2024-12-18T15:33:39.240163-06:00,,,1,2024-12-18T15:33:39.240163-06:00,,,true,2024-12-18T15:33:39.222125-06:00,true,2024-12-18T15:33:39.222125-06:00,terminated,2024-12-18T15:35:43.1286-06:00,,,,,"{""contextSize"":4,""contextStructure"":""noncomp"",""feedbackDuration"":1,""maxTimeout"":3,""numRepetitionsWithPartner"":2,""playerCount"":2,""selectionDuration"":30,""showNegativeFeedback"":1}",2024-12-18T15:32:55.372986-06:00,quick-noncomp,2024-12-18T15:32:55.372986-06:00
01JFDVW10EHHD4K5YPBZGJAPC1,2,2024-12-18T15:48:55.998277-06:00,01JFDVW0ZVCHYT1ZVSG6HK4GFC,2024-12-18T15:48:03.470261-06:00,"[442,287,160,450,204,67,400,196,266,112,132,155,299,280,284,103]",2024-12-18T15:48:56.059505-06:00,4,2024-12-18T15:48:56.020023-06:00,noncomp,2024-12-18T15:48:56.020023-06:00,true,2024-12-18T15:50:00.206873-06:00,batch ended,2024-12-18T15:50:00.181658-06:00,01JFDVW10Q6NZRXS45H5Z5XJVQ,2024-12-18T15:48:03.480177-06:00,true,2024-12-18T15:48:56.059505-06:00,01JFDVX1D29E02NT3ZWXJNENE7,2024-12-18T15:48:36.649736-06:00,3,2024-12-18T15:48:56.020023-06:00,31,2024-12-18T15:48:56.059505-06:00,1,2024-12-18T15:48:56.020023-06:00,null,2024-12-18T15:50:00.206873-06:00,true,2024-12-18T15:48:55.998277-06:00,true,2024-12-18T15:48:55.998277-06:00,terminated,2024-12-18T15:50:00.181658-06:00,"[[418,442],[92,287],[252,160],[344,450],[353,204],[365,67],[297,400],[136,196],[309,266],[238,112],[254,132],[189,155],[324,299],[412,280],[394,284],[364,103]]",2024-12-18T15:48:56.059505-06:00,"[418,92,252,344,353,365,297,136,309,238,254,189,324,412,394,364]",2024-12-18T15:48:56.059505-06:00,"{""contextSize"":4,""contextStructure"":""noncomp"",""feedbackDuration"":1,""maxTimeout"":3,""numRepetitionsWithPartner"":2,""playerCount"":2,""selectionDuration"":30,""showNegativeFeedback"":1}",2024-12-18T15:48:03.470261-06:00,quick-noncomp,2024-12-18T15:48:03.470261-06:00
01JFDT695RGNMT934SJ2N0JEER,2,2024-12-18T15:19:38.402144-06:00,01JFDT694YDSJZGSQZHZPYJY7Q,2024-12-18T15:18:42.360157-06:00,,,4,2024-12-18T15:19:38.420027-06:00,noncomp,2024-12-18T15:19:38.420027-06:00,false,2024-12-18T15:18:42.360157-06:00,batch ended,2024-12-18T15:27:05.586139-06:00,01JFDT6965B2SDYV8H2PVTDFSB,2024-12-18T15:18:42.375123-06:00,,,01JFDT7CZDWC4EFPAZ0D1CJFND,2024-12-18T15:19:19.026397-06:00,3,2024-12-18T15:19:38.420027-06:00,,,1,2024-12-18T15:19:38.420027-06:00,,,true,2024-12-18T15:19:38.402144-06:00,true,2024-12-18T15:19:38.402144-06:00,terminated,2024-12-18T15:27:05.586139-06:00,,,,,"{""contextSize"":4,""contextStructure"":""noncomp"",""feedbackDuration"":1,""maxTimeout"":3,""numRepetitionsWithPartner"":2,""playerCount"":2,""selectionDuration"":30,""showNegativeFeedback"":1}",2024-12-18T15:18:42.360157-06:00,quick-noncomp,2024-12-18T15:18:42.360157-06:00
01JFDV84E34ZPR7YDZ5Y8KWKWT,2,2024-12-18T15:38:03.052037-06:00,01JFDV84DCC4SQ40N3E8PTX0C8,2024-12-18T15:37:11.619465-06:00,"[197,10,304,365,222,81,380,150,357,200,396,166,434,438,211,366]",2024-12-18T15:38:03.113107-06:00,4,2024-12-18T15:38:03.069688-06:00,noncomp,2024-12-18T15:38:03.069688-06:00,true,2024-12-18T15:47:59.837123-06:00,batch ended,2024-12-18T15:47:59.757609-06:00,01JFDV84EFA19CYA5WT37522QX,2024-12-18T15:37:11.63208-06:00,true,2024-12-18T15:38:03.113107-06:00,01JFDV90FZFR67JSN0GGB2F2ES,2024-12-18T15:37:40.359041-06:00,3,2024-12-18T15:38:03.069688-06:00,31,2024-12-18T15:38:03.113107-06:00,1,2024-12-18T15:38:03.069688-06:00,null,2024-12-18T15:47:59.837123-06:00,true,2024-12-18T15:38:03.052037-06:00,true,2024-12-18T15:38:03.052037-06:00,terminated,2024-12-18T15:47:59.757609-06:00,"[[469,197],[158,10],[363,304],[424,365],[296,222],[439,81],[425,380],[24,150],[199,357],[311,200],[415,396],[204,166],[346,434],[417,438],[99,211],[448,366]]",2024-12-18T15:38:03.113107-06:00,"[469,158,363,424,296,439,425,24,199,311,415,204,346,417,99,448]",2024-12-18T15:38:03.113107-06:00,"{""contextSize"":4,""contextStructure"":""noncomp"",""feedbackDuration"":1,""maxTimeout"":3,""numRepetitionsWithPartner"":2,""playerCount"":2,""selectionDuration"":30,""showNegativeFeedback"":1}",2024-12-18T15:37:11.619465-06:00,quick-noncomp,2024-12-18T15:37:11.619465-06:00
01JFDWD1VKRSE9VH05R3S3T0R9,2,2024-12-18T15:58:02.159144-06:00,01JFDWD1V5FG32CJV82YZTH5ZT,2024-12-18T15:57:21.395162-06:00,"[262,232,134,433]",2024-12-18T15:58:02.216157-06:00,4,2024-12-18T15:58:02.170857-06:00,comp-between,2024-12-18T15:58:02.170857-06:00,true,2024-12-18T15:59:56.411691-06:00,batch ended,2024-12-18T15:59:56.335083-06:00,01JFDWD1VXF7A7R5XZ133JDYMX,2024-12-18T15:57:21.406535-06:00,true,2024-12-18T15:58:02.216157-06:00,01JFDWDS3D6BJ9DB942PB33ZP7,2024-12-18T15:57:45.205574-06:00,null,2024-12-18T15:58:02.170857-06:00,31,2024-12-18T15:58:02.216157-06:00,1,2024-12-18T15:58:02.170857-06:00,null,2024-12-18T15:59:56.411691-06:00,true,2024-12-18T15:58:02.159144-06:00,true,2024-12-18T15:58:02.159144-06:00,terminated,2024-12-18T15:59:56.335083-06:00,"[[144,262],[144,232],[144,134],[144,433],[304,262],[304,232],[304,134],[304,433],[78,262],[78,232],[78,134],[78,433],[265,262],[265,232],[265,134],[265,433]]",2024-12-18T15:58:02.216157-06:00,"[144,304,78,265]",2024-12-18T15:58:02.216157-06:00,"{""contextSize"":4,""contextStructure"":""comp-between"",""feedbackDuration"":3,""numRepetitionsWithPartner"":2,""playerCount"":2,""selectionDuration"":60,""showNegativeFeedback"":1}",2024-12-18T15:57:21.395162-06:00,demo-comp-between,2024-12-18T15:57:21.395162-06:00
