id,batchID,batchIDLastChangedAt,gameID,gameIDLastChangedAt,playerID,playerIDLastChangedAt
01JCR984WYPVHNW3M9W530H5GS,01JCR96EQ8TKT30PG60MKNZGBX,2024-11-15T10:07:11.0069-06:00,01JCR96ER19PXF2MX7P3FJHQQS,2024-11-15T10:07:11.0069-06:00,01JCR9717Y0R73AJJ1WHF36GF4,2024-11-15T10:07:11.0069-06:00
01JFDT7ZX83XCMKBHYDZ7JE0AS,01JFDT694YDSJZGSQZHZPYJY7Q,2024-12-18T15:19:38.408931-06:00,01JFDT695RGNMT934SJ2N0JEER,2024-12-18T15:19:38.408931-06:00,01JFDT6TY45VQ77NYDCTVM4MPN,2024-12-18T15:19:38.408931-06:00
01JFDT7ZX9CRCYFS6PCRFF3BJY,01JFDT694YDSJZGSQZHZPYJY7Q,2024-12-18T15:19:38.40965-06:00,01JFDT695RGNMT934SJ2N0JEER,2024-12-18T15:19:38.40965-06:00,01JFDT7GKSAT161HFZPYWJ2XS5,2024-12-18T15:19:38.40965-06:00
01JFDTQ4ATFYNKY1JCN5Z75HGK,01JFDTNNC64JPWDQ6DWATBPQXD,2024-12-18T15:27:54.458555-06:00,01JFDTNNCX2FQKBN8PRTX19N6P,2024-12-18T15:27:54.458555-06:00,01JFDTPQHBY8S2ZZ5VQ3ZQ05RY,2024-12-18T15:27:54.458555-06:00
01JFDV6X8EVMCWP2R79T8XJDPE,01JFDV5EWP0CWMAXEQCT2D2A97,2024-12-18T15:36:31.502251-06:00,01JFDV5EXGFVHF89X7DKZTC8K2,2024-12-18T15:36:31.502251-06:00,01JFDV664W73JB56XQBFKH4XQN,2024-12-18T15:36:31.502251-06:00
01JFDV9PNKNN8J8TTYJ2E393X7,01JFDV84DCC4SQ40N3E8PTX0C8,2024-12-18T15:38:03.059904-06:00,01JFDV84E34ZPR7YDZ5Y8KWKWT,2024-12-18T15:38:03.059904-06:00,01JFDV8JZHYBJNJ807JCHZZVYG,2024-12-18T15:38:03.059904-06:00
01JFDW0ZRG21B11GCX9C34KKJQ,01JFDVZYWC1NKZ6539AYFPVXDS,2024-12-18T15:50:46.032889-06:00,01JFDVZYX6QGD2S6MVKKG177WT,2024-12-18T15:50:46.032889-06:00,01JFDW038KZFVG5J7ZMM99VXN5,2024-12-18T15:50:46.032889-06:00
01JFDWK43EKXADGADDTNHZ9MXN,01JFDWJ1E2AAQX94WK9V33MAP0,2024-12-18T16:00:40.302648-06:00,01JFDWJ1EWNRFQBF7A39JYQJPM,2024-12-18T16:00:40.302648-06:00,01JFDWJ8418ZFF409B878Y1K22,2024-12-18T16:00:40.302648-06:00
01JFDYB1NN2SCAPAFMN6KP42TK,01JFDY9HWAP51JH296XYDSWE5D,2024-12-18T16:31:12.821924-06:00,01JFDY9HX1C9VEESZ2BQ8ARY5B,2024-12-18T16:31:12.821924-06:00,01JFDY9ZZGMG8TCH1J95MT38M8,2024-12-18T16:31:12.821924-06:00
01JCR984WYPVHNW3M9VXF3EWTB,01JCR96EQ8TKT30PG60MKNZGBX,2024-11-15T10:07:11.006764-06:00,01JCR96ER19PXF2MX7P3FJHQQS,2024-11-15T10:07:11.006764-06:00,01JCR96W8Z845MS0NRDTMYXVSW,2024-11-15T10:07:11.006764-06:00
01JFDSVG0HK567DVPSRD7H7GQE,01JFDSSSVXWHGZDM22E8FFSECT,2024-12-18T15:12:48.913621-06:00,01JFDSSSWN6M8D0YAAM6P5C6FC,2024-12-18T15:12:48.913621-06:00,01JFDST8NM1B00AKP6S5KCFRBB,2024-12-18T15:12:48.913621-06:00
01JFDV6X8D8K81E15JNPMRSWJV,01JFDV5EWP0CWMAXEQCT2D2A97,2024-12-18T15:36:31.501488-06:00,01JFDV5EXGFVHF89X7DKZTC8K2,2024-12-18T15:36:31.501488-06:00,01JFDV5KREFZZ6NTE4JMDNGGBS,2024-12-18T15:36:31.501488-06:00
01JFDV9PNMP6ZYQP8MEVKJSP2D,01JFDV84DCC4SQ40N3E8PTX0C8,2024-12-18T15:38:03.060638-06:00,01JFDV84E34ZPR7YDZ5Y8KWKWT,2024-12-18T15:38:03.060638-06:00,01JFDV8MWK4YRP3E2WXQN0KXBY,2024-12-18T15:38:03.060638-06:00
01JFDYB1NQ2KQVNMJX721S7K51,01JFDY9HWAP51JH296XYDSWE5D,2024-12-18T16:31:12.823042-06:00,01JFDY9HX1C9VEESZ2BQ8ARY5B,2024-12-18T16:31:12.823042-06:00,01JFDYAFZWAQJZSYZDAPVT46Y6,2024-12-18T16:31:12.823042-06:00
01JFDSVG0HK567DVPSR2P81Z98,01JFDSSSVXWHGZDM22E8FFSECT,2024-12-18T15:12:48.913178-06:00,01JFDSSSWN6M8D0YAAM6P5C6FC,2024-12-18T15:12:48.913178-06:00,01JFDST75B45G1BJNDBXG34QP0,2024-12-18T15:12:48.913178-06:00
01JFDV1N0XRZNSBRY1997HMZ4J,01JFDV0A5SQVS074BHQFPZTQAS,2024-12-18T15:33:39.230015-06:00,01JFDV0A6CTAA7KJC7M7R73NMJ,2024-12-18T15:33:39.230015-06:00,01JFDV17XN55630WC3N3V2EDP2,2024-12-18T15:33:39.230015-06:00
01JFDWK43GH090THD5FS88NSQN,01JFDWJ1E2AAQX94WK9V33MAP0,2024-12-18T16:00:40.304487-06:00,01JFDWJ1EWNRFQBF7A39JYQJPM,2024-12-18T16:00:40.304487-06:00,01JFDWJQJR4E1D8QS1KT5WSD3C,2024-12-18T16:00:40.304487-06:00
01JFDTQ4ASSWAWRRP68GR2N3JS,01JFDTNNC64JPWDQ6DWATBPQXD,2024-12-18T15:27:54.457948-06:00,01JFDTNNCX2FQKBN8PRTX19N6P,2024-12-18T15:27:54.457948-06:00,01JFDTP4H6BSB1JHZ177XNK48K,2024-12-18T15:27:54.457948-06:00
01JFDV1N0WVNQP35GQRBMPNRMV,01JFDV0A5SQVS074BHQFPZTQAS,2024-12-18T15:33:39.228943-06:00,01JFDV0A6CTAA7KJC7M7R73NMJ,2024-12-18T15:33:39.228943-06:00,01JFDV0M7Q7YS9GP1J9YJ34QPT,2024-12-18T15:33:39.228943-06:00
01JFDVXMACV0GHJ1ESVGAABGE1,01JFDVW0ZVCHYT1ZVSG6HK4GFC,2024-12-18T15:48:56.012304-06:00,01JFDVW10EHHD4K5YPBZGJAPC1,2024-12-18T15:48:56.012304-06:00,01JFDVW94SYZT0GHEVK487YKK7,2024-12-18T15:48:56.012304-06:00
01JFDVXMACV0GHJ1ESVS2YV44A,01JFDVW0ZVCHYT1ZVSG6HK4GFC,2024-12-18T15:48:56.012905-06:00,01JFDVW10EHHD4K5YPBZGJAPC1,2024-12-18T15:48:56.012905-06:00,01JFDVWBW0MDWMPWREB89KZ60E,2024-12-18T15:48:56.012905-06:00
01JFDW0ZRJT4NNTMB2ENX85CNE,01JFDVZYWC1NKZ6539AYFPVXDS,2024-12-18T15:50:46.034506-06:00,01JFDVZYX6QGD2S6MVKKG177WT,2024-12-18T15:50:46.034506-06:00,01JFDW0KSRE13W97FRVMV1G14M,2024-12-18T15:50:46.034506-06:00
01JFDWE9NJEW10VYJ59E4GK7BC,01JFDWD1V5FG32CJV82YZTH5ZT,2024-12-18T15:58:02.162856-06:00,01JFDWD1VKRSE9VH05R3S3T0R9,2024-12-18T15:58:02.162856-06:00,01JFDWD7S3M5G569W7ZFF8KTQQ,2024-12-18T15:58:02.162856-06:00
01JFDWE9NKP3YTTD3QSGR598H3,01JFDWD1V5FG32CJV82YZTH5ZT,2024-12-18T15:58:02.163612-06:00,01JFDWD1VKRSE9VH05R3S3T0R9,2024-12-18T15:58:02.163612-06:00,01JFDWDWEMQAFWBJGR52GT4E77,2024-12-18T15:58:02.163612-06:00
