id,avatar,avatarLastChangedAt,bonus,bonusLastChangedAt,clicked,clickedLastChangedAt,ended,endedLastChangedAt,gameID,gameIDLastChangedAt,intro,introLastChangedAt,introDone,introDoneLastChangedAt,name,nameLastChangedAt,nameColor,nameColorLastChangedAt,numRoundsInactive,numRoundsInactiveLastChangedAt,participantID,participantIDLastChangedAt,participantIdentifier,participantIdentifierLastChangedAt,partner,partnerLastChangedAt,role,roleLastChangedAt,score,scoreLastChangedAt,src,srcLastChangedAt,treatment,treatmentLastChangedAt,treatmentName,treatmentNameLastChangedAt,urlParams,urlParamsLastChangedAt
01JFDWJQJR4E1D8QS1KT5WSD3C,https://api.dicebear.com/8.x/rings/svg?seed=Minu,2024-12-18T16:00:40.375663-06:00,0.090000,2024-12-18T16:01:27.395133-06:00,,2024-12-18T16:01:27.408929-06:00,null,2024-12-18T16:32:36.454019-06:00,null,2024-12-18T16:32:36.454019-06:00,2,2024-12-18T16:00:29.802674-06:00,null,2024-12-18T16:32:36.454019-06:00,Minu,2024-12-18T16:00:40.375663-06:00,#444EA1,2024-12-18T16:00:40.375663-06:00,2,2024-12-18T16:02:58.335867-06:00,01JFDWJQJ86GX7ESJDS2FVEZ9E,2024-12-18T16:00:27.480881-06:00,sfdgfsdg,2024-12-18T16:00:27.480881-06:00,01JFDWJ8418ZFF409B878Y1K22,2024-12-18T16:00:40.375663-06:00,director,2024-12-18T16:02:30.521656-06:00,0.090000,2024-12-18T16:01:27.395133-06:00,/avatars/red.png,2024-12-18T16:00:40.375663-06:00,null,2024-12-18T16:32:36.454019-06:00,null,2024-12-18T16:32:36.454019-06:00,"{""participantKey"":""1734559226006""}",2024-12-18T16:00:27.50348-06:00
01J1GAJAGZWZJVDXX460WYJ8M2,,,,,,,game terminated,2024-11-15T10:06:02.459122-06:00,01J1GA86RTBEZD4CHBBZST0V4P,2024-06-28T16:03:37.515149-05:00,2,2024-06-28T16:03:38.720681-05:00,,,,,,,,,01J1GAJAGC5THDF5KX1EQNRPXY,2024-06-28T16:03:37.503488-05:00,dsdf,2024-06-28T16:03:37.503488-05:00,,,,,,,,,"{""contextSize"":4,""contextStructure"":""noncomp"",""feedbackDuration"":1,""maxTimeout"":3,""numRepetitionsWithPartner"":2,""playerCount"":2,""selectionDuration"":30,""showNegativeFeedback"":1}",2024-06-28T16:03:37.515149-05:00,quick-noncomp,2024-06-28T16:03:37.515149-05:00,{},2024-06-28T16:03:37.532232-05:00
01JFDTP4H6BSB1JHZ177XNK48K,,,,,,,game terminated,2024-12-18T15:32:54.683465-06:00,01JFDTNNCX2FQKBN8PRTX19N6P,2024-12-18T15:27:21.90794-06:00,2,2024-12-18T15:27:24.922625-06:00,true,2024-12-18T15:27:38.74297-06:00,,,,,,,01JFDTP4GKMR8G8NJ170050QM6,2024-12-18T15:27:21.894561-06:00,dfa,2024-12-18T15:27:21.894561-06:00,,,,,,,,,"{""contextSize"":4,""contextStructure"":""noncomp"",""feedbackDuration"":1,""maxTimeout"":3,""numRepetitionsWithPartner"":2,""playerCount"":2,""selectionDuration"":30,""showNegativeFeedback"":1}",2024-12-18T15:27:21.90794-06:00,quick-noncomp,2024-12-18T15:27:21.90794-06:00,"{""participantKey"":""1734557238551""}",2024-12-18T15:27:21.916994-06:00
01JFDV8MWK4YRP3E2WXQN0KXBY,https://api.dicebear.com/8.x/rings/svg?seed=Minu,2024-12-18T15:38:03.113107-06:00,0,2024-12-18T15:38:03.113107-06:00,,2024-12-18T15:38:03.515844-06:00,timeOut,2024-12-18T15:47:59.836096-06:00,01JFDV84E34ZPR7YDZ5Y8KWKWT,2024-12-18T15:37:28.473798-06:00,2,2024-12-18T15:37:31.186482-06:00,true,2024-12-18T15:37:40.341369-06:00,Minu,2024-12-18T15:38:03.113107-06:00,#444EA1,2024-12-18T15:38:03.113107-06:00,20,2024-12-18T15:47:59.836096-06:00,01JFDV8MW7QTESEFPAZ8CEG8X1,2024-12-18T15:37:28.467566-06:00,sfhgfgh,2024-12-18T15:37:28.467566-06:00,01JFDV8JZHYBJNJ807JCHZZVYG,2024-12-18T15:38:03.113107-06:00,matcher,2024-12-18T15:47:53.854409-06:00,0,2024-12-18T15:38:03.113107-06:00,/avatars/red.png,2024-12-18T15:38:03.113107-06:00,"{""contextSize"":4,""contextStructure"":""noncomp"",""feedbackDuration"":1,""maxTimeout"":3,""numRepetitionsWithPartner"":2,""playerCount"":2,""selectionDuration"":30,""showNegativeFeedback"":1}",2024-12-18T15:37:28.473798-06:00,quick-noncomp,2024-12-18T15:37:28.473798-06:00,"{""participantKey"":""1734557844204""}",2024-12-18T15:37:28.481901-06:00
01JFDV17XN55630WC3N3V2EDP2,,,,,,,game terminated,2024-12-18T15:35:43.137901-06:00,01JFDV0A6CTAA7KJC7M7R73NMJ,2024-12-18T15:33:25.825358-06:00,2,2024-12-18T15:33:28.339664-06:00,true,2024-12-18T15:33:39.215351-06:00,,,,,,,01JFDV17X4KCZGR54XQ2TAYGVT,2024-12-18T15:33:25.813365-06:00,ghdfgh,2024-12-18T15:33:25.813365-06:00,,,,,,,,,"{""contextSize"":4,""contextStructure"":""noncomp"",""feedbackDuration"":1,""maxTimeout"":3,""numRepetitionsWithPartner"":2,""playerCount"":2,""selectionDuration"":30,""showNegativeFeedback"":1}",2024-12-18T15:33:25.825358-06:00,quick-noncomp,2024-12-18T15:33:25.825358-06:00,"{""participantKey"":""1734557604216""}",2024-12-18T15:33:25.833683-06:00
01JFDVW94SYZT0GHEVK487YKK7,https://api.dicebear.com/8.x/rings/svg?seed=Repi,2024-12-18T15:48:56.059505-06:00,0.210000,2024-12-18T15:49:53.098431-06:00,,2024-12-18T15:49:53.109612-06:00,game terminated,2024-12-18T15:50:00.195137-06:00,01JFDVW10EHHD4K5YPBZGJAPC1,2024-12-18T15:48:11.812083-06:00,2,2024-12-18T15:48:19.741469-06:00,true,2024-12-18T15:48:36.635607-06:00,Repi,2024-12-18T15:48:56.059505-06:00,#29828D,2024-12-18T15:48:56.059505-06:00,1,2024-12-18T15:50:00.204587-06:00,01JFDVW94F5K2CN5R6QA857Y7V,2024-12-18T15:48:11.801314-06:00,dghgdf,2024-12-18T15:48:11.801314-06:00,01JFDVWBW0MDWMPWREB89KZ60E,2024-12-18T15:48:56.059505-06:00,matcher,2024-12-18T15:49:53.109612-06:00,0.210000,2024-12-18T15:49:53.098431-06:00,/avatars/blue.png,2024-12-18T15:48:56.059505-06:00,"{""contextSize"":4,""contextStructure"":""noncomp"",""feedbackDuration"":1,""maxTimeout"":3,""numRepetitionsWithPartner"":2,""playerCount"":2,""selectionDuration"":30,""showNegativeFeedback"":1}",2024-12-18T15:48:11.812083-06:00,quick-noncomp,2024-12-18T15:48:11.812083-06:00,"{""participantKey"":""1734558490343""}",2024-12-18T15:48:11.819611-06:00
01JFDWDWEMQAFWBJGR52GT4E77,https://api.dicebear.com/8.x/rings/svg?seed=Minu,2024-12-18T15:58:02.216157-06:00,0.240000,2024-12-18T15:59:44.95295-06:00,,2024-12-18T15:59:44.969396-06:00,null,2024-12-18T16:32:39.587119-06:00,null,2024-12-18T16:32:39.587119-06:00,2,2024-12-18T15:57:51.192747-06:00,null,2024-12-18T16:32:39.587119-06:00,Minu,2024-12-18T15:58:02.216157-06:00,#444EA1,2024-12-18T15:58:02.216157-06:00,1,2024-12-18T15:59:56.410647-06:00,01JFDWDWE4DPMK1VCSFC16FXBK,2024-12-18T15:57:48.629013-06:00,sfdgs,2024-12-18T15:57:48.629013-06:00,01JFDWD7S3M5G569W7ZFF8KTQQ,2024-12-18T15:58:02.216157-06:00,director,2024-12-18T15:59:44.969396-06:00,0.240000,2024-12-18T15:59:44.95295-06:00,/avatars/red.png,2024-12-18T15:58:02.216157-06:00,null,2024-12-18T16:32:39.587119-06:00,null,2024-12-18T16:32:39.587119-06:00,"{""participantKey"":""1734559067319""}",2024-12-18T15:57:48.646581-06:00
01JCR96W8Z845MS0NRDTMYXVSW,https://api.dicebear.com/8.x/rings/svg?seed=Repi,2024-11-15T10:07:11.055158-06:00,0,2024-11-15T10:07:11.055158-06:00,,2024-11-15T10:07:11.464587-06:00,game ended,2024-11-15T10:40:53.061201-06:00,01JCR96ER19PXF2MX7P3FJHQQS,2024-11-15T10:06:29.41735-06:00,2,2024-11-15T10:06:57.164841-06:00,true,2024-11-15T10:07:10.991283-06:00,Repi,2024-11-15T10:07:11.055158-06:00,#29828D,2024-11-15T10:07:11.055158-06:00,32,2024-11-15T10:40:53.046089-06:00,01JCR96W89MJH5SKDX6F4QRMXD,2024-11-15T10:06:29.407388-06:00,hj,2024-11-15T10:06:29.407388-06:00,01JCR9717Y0R73AJJ1WHF36GF4,2024-11-15T10:07:11.055158-06:00,director,2024-11-15T10:39:49.951608-06:00,0,2024-11-15T10:07:11.055158-06:00,/avatars/blue.png,2024-11-15T10:07:11.055158-06:00,"{""contextSize"":4,""contextStructure"":""comp-between"",""feedbackDuration"":3,""numRepetitionsWithPartner"":2,""playerCount"":2,""selectionDuration"":60,""showNegativeFeedback"":1}",2024-11-15T10:06:29.41735-06:00,demo-comp-between,2024-11-15T10:06:29.41735-06:00,"{""participantKey"":""1731686783803""}",2024-11-15T10:06:29.428406-06:00
01JFDT6TY45VQ77NYDCTVM4MPN,,,,,,,game terminated,2024-12-18T15:27:05.593142-06:00,01JFDT695RGNMT934SJ2N0JEER,2024-12-18T15:19:00.559577-06:00,2,2024-12-18T15:19:03.188939-06:00,true,2024-12-18T15:19:19.014986-06:00,,,,,,,01JFDT6TXESYPVRNEF8E5TFXWW,2024-12-18T15:19:00.548984-06:00,dfadsf,2024-12-18T15:19:00.548984-06:00,,,,,,,,,"{""contextSize"":4,""contextStructure"":""noncomp"",""feedbackDuration"":1,""maxTimeout"":3,""numRepetitionsWithPartner"":2,""playerCount"":2,""selectionDuration"":30,""showNegativeFeedback"":1}",2024-12-18T15:19:00.559577-06:00,quick-noncomp,2024-12-18T15:19:00.559577-06:00,"{""participantKey"":""1734556738358""}",2024-12-18T15:19:00.573202-06:00
01JFDW038KZFVG5J7ZMM99VXN5,https://api.dicebear.com/8.x/rings/svg?seed=Repi,2024-12-18T15:50:46.051423-06:00,0,2024-12-18T15:50:46.051423-06:00,,,game terminated,2024-12-18T15:57:12.051126-06:00,01JFDVZYX6QGD2S6MVKKG177WT,2024-12-18T15:50:16.860271-06:00,2,2024-12-18T15:50:19.245605-06:00,true,2024-12-18T15:50:31.134198-06:00,Repi,2024-12-18T15:50:46.051423-06:00,#29828D,2024-12-18T15:50:46.051423-06:00,,,01JFDW0384VSP2DW2GJ5BCJPSK,2024-12-18T15:50:16.851295-06:00,fdgsdfg,2024-12-18T15:50:16.851295-06:00,01JFDW0KSRE13W97FRVMV1G14M,2024-12-18T15:50:46.051423-06:00,director,2024-12-18T15:50:46.051423-06:00,0,2024-12-18T15:50:46.051423-06:00,/avatars/blue.png,2024-12-18T15:50:46.051423-06:00,"{""contextSize"":4,""contextStructure"":""comp-between"",""feedbackDuration"":3,""numRepetitionsWithPartner"":2,""playerCount"":2,""selectionDuration"":60,""showNegativeFeedback"":1}",2024-12-18T15:50:16.860271-06:00,demo-comp-between,2024-12-18T15:50:16.860271-06:00,"{""participantKey"":""1734558615237""}",2024-12-18T15:50:16.868561-06:00
01JFDW0KSRE13W97FRVMV1G14M,https://api.dicebear.com/8.x/rings/svg?seed=Minu,2024-12-18T15:50:46.051423-06:00,0,2024-12-18T15:50:46.051423-06:00,,,game terminated,2024-12-18T15:57:12.051126-06:00,01JFDVZYX6QGD2S6MVKKG177WT,2024-12-18T15:50:33.79648-06:00,2,2024-12-18T15:50:36.119671-06:00,true,2024-12-18T15:50:46.020172-06:00,Minu,2024-12-18T15:50:46.051423-06:00,#444EA1,2024-12-18T15:50:46.051423-06:00,,,01JFDW0KS4HA31Q64W663KKB1X,2024-12-18T15:50:33.784788-06:00,dfghfg,2024-12-18T15:50:33.784788-06:00,01JFDW038KZFVG5J7ZMM99VXN5,2024-12-18T15:50:46.051423-06:00,matcher,2024-12-18T15:50:46.051423-06:00,0,2024-12-18T15:50:46.051423-06:00,/avatars/red.png,2024-12-18T15:50:46.051423-06:00,"{""contextSize"":4,""contextStructure"":""comp-between"",""feedbackDuration"":3,""numRepetitionsWithPartner"":2,""playerCount"":2,""selectionDuration"":60,""showNegativeFeedback"":1}",2024-12-18T15:50:33.79648-06:00,demo-comp-between,2024-12-18T15:50:33.79648-06:00,"{""participantKey"":""1734558632403""}",2024-12-18T15:50:33.807273-06:00
01JFDY9ZZGMG8TCH1J95MT38M8,https://api.dicebear.com/8.x/rings/svg?seed=Repi,2024-12-18T16:31:12.897277-06:00,0.090000,2024-12-18T16:32:11.699866-06:00,,2024-12-18T16:32:22.121908-06:00,timeOut,2024-12-18T16:36:34.47657-06:00,01JFDY9HX1C9VEESZ2BQ8ARY5B,2024-12-18T16:30:38.330253-06:00,2,2024-12-18T16:30:41.66363-06:00,true,2024-12-18T16:30:51.29415-06:00,Repi,2024-12-18T16:31:12.897277-06:00,#29828D,2024-12-18T16:31:12.897277-06:00,5,2024-12-18T16:37:37.559993-06:00,01JFDY9ZYZ0DN45BZ84ZH3CK4Y,2024-12-18T16:30:38.320305-06:00,ffdgfdg,2024-12-18T16:30:38.320305-06:00,01JFDYAFZWAQJZSYZDAPVT46Y6,2024-12-18T16:31:12.897277-06:00,matcher,2024-12-18T16:37:37.57137-06:00,0.090000,2024-12-18T16:32:11.699866-06:00,/avatars/blue.png,2024-12-18T16:31:12.897277-06:00,"{""contextSize"":4,""contextStructure"":""comp-between"",""feedbackDuration"":3,""maxTimeout"":3,""numRepetitionsWithPartner"":4,""playerCount"":2,""selectionDuration"":60,""showNegativeFeedback"":1}",2024-12-18T16:30:38.330253-06:00,full-comp-between,2024-12-18T16:30:38.330253-06:00,"{""participantKey"":""1734561035082""}",2024-12-18T16:30:38.338231-06:00
01JFDST75B45G1BJNDBXG34QP0,https://api.dicebear.com/8.x/rings/svg?seed=Repi,2024-12-18T15:12:48.960776-06:00,0.030000,2024-12-18T15:12:55.645731-06:00,,2024-12-18T15:13:01.461575-06:00,game terminated,2024-12-18T15:18:44.740075-06:00,01JFDSSSWN6M8D0YAAM6P5C6FC,2024-12-18T15:12:07.095278-06:00,2,2024-12-18T15:12:12.092501-06:00,true,2024-12-18T15:12:27.639005-06:00,Repi,2024-12-18T15:12:48.960776-06:00,#29828D,2024-12-18T15:12:48.960776-06:00,1,2024-12-18T15:18:44.747137-06:00,01JFDST74SMNFYRKP7SQJB75JC,2024-12-18T15:12:07.083447-06:00,dfds,2024-12-18T15:12:07.083447-06:00,01JFDST8NM1B00AKP6S5KCFRBB,2024-12-18T15:12:48.960776-06:00,matcher,2024-12-18T15:13:01.461575-06:00,0.030000,2024-12-18T15:12:55.645731-06:00,/avatars/blue.png,2024-12-18T15:12:48.960776-06:00,"{""contextSize"":4,""contextStructure"":""noncomp"",""feedbackDuration"":1,""maxTimeout"":3,""numRepetitionsWithPartner"":2,""playerCount"":2,""selectionDuration"":30,""showNegativeFeedback"":1}",2024-12-18T15:12:07.095278-06:00,quick-noncomp,2024-12-18T15:12:07.095278-06:00,{},2024-12-18T15:12:07.104135-06:00
01JFDTPQHBY8S2ZZ5VQ3ZQ05RY,,,,,,,game terminated,2024-12-18T15:32:54.683465-06:00,01JFDTNNCX2FQKBN8PRTX19N6P,2024-12-18T15:27:41.36726-06:00,2,2024-12-18T15:27:44.742097-06:00,true,2024-12-18T15:27:54.443139-06:00,,,,,,,01JFDTPQGSEGH6PW3ZQQAD4F23,2024-12-18T15:27:41.355495-06:00,sdfgf,2024-12-18T15:27:41.355495-06:00,,,,,,,,,"{""contextSize"":4,""contextStructure"":""noncomp"",""feedbackDuration"":1,""maxTimeout"":3,""numRepetitionsWithPartner"":2,""playerCount"":2,""selectionDuration"":30,""showNegativeFeedback"":1}",2024-12-18T15:27:41.36726-06:00,quick-noncomp,2024-12-18T15:27:41.36726-06:00,"{""participantKey"":""1734557259712""}",2024-12-18T15:27:41.376493-06:00
01JFDV0M7Q7YS9GP1J9YJ34QPT,,,,,,,game terminated,2024-12-18T15:35:43.137901-06:00,01JFDV0A6CTAA7KJC7M7R73NMJ,2024-12-18T15:33:05.665591-06:00,2,2024-12-18T15:33:08.287938-06:00,true,2024-12-18T15:33:23.19587-06:00,,,,,,,01JFDV0M75SCTHMD105SAQME0F,2024-12-18T15:33:05.655732-06:00,sadf,2024-12-18T15:33:05.655732-06:00,,,,,,,,,"{""contextSize"":4,""contextStructure"":""noncomp"",""feedbackDuration"":1,""maxTimeout"":3,""numRepetitionsWithPartner"":2,""playerCount"":2,""selectionDuration"":30,""showNegativeFeedback"":1}",2024-12-18T15:33:05.665591-06:00,quick-noncomp,2024-12-18T15:33:05.665591-06:00,"{""participantKey"":""1734557584068""}",2024-12-18T15:33:05.675007-06:00
01JFDWD7S3M5G569W7ZFF8KTQQ,https://api.dicebear.com/8.x/rings/svg?seed=Repi,2024-12-18T15:58:02.216157-06:00,0.240000,2024-12-18T15:59:44.95295-06:00,,2024-12-18T15:59:44.969396-06:00,null,2024-12-18T16:36:09.253489-06:00,null,2024-12-18T16:36:09.253489-06:00,2,2024-12-18T15:57:30.646189-06:00,null,2024-12-18T16:36:09.253489-06:00,Repi,2024-12-18T15:58:02.216157-06:00,#29828D,2024-12-18T15:58:02.216157-06:00,1,2024-12-18T15:59:56.410647-06:00,01JFDWD7RFXPQPG4BW9PF27DKD,2024-12-18T15:57:27.459619-06:00,dfgsdf,2024-12-18T15:57:27.459619-06:00,01JFDWDWEMQAFWBJGR52GT4E77,2024-12-18T15:58:02.216157-06:00,matcher,2024-12-18T15:59:44.969396-06:00,0.240000,2024-12-18T15:59:44.95295-06:00,/avatars/blue.png,2024-12-18T15:58:02.216157-06:00,null,2024-12-18T16:36:09.253489-06:00,null,2024-12-18T16:36:09.253489-06:00,"{""participantKey"":""1734559045776""}",2024-12-18T15:57:27.481222-06:00
01JFDWJ8418ZFF409B878Y1K22,https://api.dicebear.com/8.x/rings/svg?seed=Repi,2024-12-18T16:00:40.375663-06:00,0.090000,2024-12-18T16:01:27.395133-06:00,,2024-12-18T16:01:27.408929-06:00,null,2024-12-18T16:36:13.22825-06:00,null,2024-12-18T16:36:13.22825-06:00,2,2024-12-18T16:00:14.011454-06:00,null,2024-12-18T16:36:13.22825-06:00,Repi,2024-12-18T16:00:40.375663-06:00,#29828D,2024-12-18T16:00:40.375663-06:00,2,2024-12-18T16:02:58.335867-06:00,01JFDWJ83MCQ07P67QHS6X5MF0,2024-12-18T16:00:11.649522-06:00,dasfadsf,2024-12-18T16:00:11.649522-06:00,01JFDWJQJR4E1D8QS1KT5WSD3C,2024-12-18T16:00:40.375663-06:00,matcher,2024-12-18T16:02:30.521656-06:00,0.090000,2024-12-18T16:01:27.395133-06:00,/avatars/blue.png,2024-12-18T16:00:40.375663-06:00,null,2024-12-18T16:36:13.22825-06:00,null,2024-12-18T16:36:13.22825-06:00,"{""participantKey"":""1734559210133""}",2024-12-18T16:00:11.667842-06:00
01JFDYAFZWAQJZSYZDAPVT46Y6,https://api.dicebear.com/8.x/rings/svg?seed=Minu,2024-12-18T16:31:12.897277-06:00,0.090000,2024-12-18T16:32:11.699866-06:00,,2024-12-18T16:32:22.121908-06:00,timeOut,2024-12-18T16:36:34.47657-06:00,01JFDY9HX1C9VEESZ2BQ8ARY5B,2024-12-18T16:30:54.725782-06:00,2,2024-12-18T16:31:03.626821-06:00,true,2024-12-18T16:31:12.810125-06:00,Minu,2024-12-18T16:31:12.897277-06:00,#444EA1,2024-12-18T16:31:12.897277-06:00,5,2024-12-18T16:37:37.559993-06:00,01JFDYAFZDMRTZNPN49N9TTBAF,2024-12-18T16:30:54.716548-06:00,dfgfdgsdfg,2024-12-18T16:30:54.716548-06:00,01JFDY9ZZGMG8TCH1J95MT38M8,2024-12-18T16:31:12.897277-06:00,director,2024-12-18T16:37:37.57137-06:00,0.090000,2024-12-18T16:32:11.699866-06:00,/avatars/red.png,2024-12-18T16:31:12.897277-06:00,"{""contextSize"":4,""contextStructure"":""comp-between"",""feedbackDuration"":3,""maxTimeout"":3,""numRepetitionsWithPartner"":4,""playerCount"":2,""selectionDuration"":60,""showNegativeFeedback"":1}",2024-12-18T16:30:54.725782-06:00,full-comp-between,2024-12-18T16:30:54.725782-06:00,"{""participantKey"":""1734561052994""}",2024-12-18T16:30:54.734496-06:00
01JFDT7GKSAT161HFZPYWJ2XS5,,,,,,,game terminated,2024-12-18T15:27:05.593142-06:00,01JFDT695RGNMT934SJ2N0JEER,2024-12-18T15:19:22.757014-06:00,2,2024-12-18T15:19:25.169547-06:00,true,2024-12-18T15:19:38.394947-06:00,,,,,,,01JFDT7GK6G231EMNDTZQSC5E9,2024-12-18T15:19:22.746125-06:00,dfad,2024-12-18T15:19:22.746125-06:00,,,,,,,,,"{""contextSize"":4,""contextStructure"":""noncomp"",""feedbackDuration"":1,""maxTimeout"":3,""numRepetitionsWithPartner"":2,""playerCount"":2,""selectionDuration"":30,""showNegativeFeedback"":1}",2024-12-18T15:19:22.757014-06:00,quick-noncomp,2024-12-18T15:19:22.757014-06:00,"{""participantKey"":""1734556760462""}",2024-12-18T15:19:22.768802-06:00
01JFDV664W73JB56XQBFKH4XQN,,,,,,,game terminated,2024-12-18T15:37:10.886929-06:00,01JFDV5EXGFVHF89X7DKZTC8K2,2024-12-18T15:36:07.857102-06:00,2,2024-12-18T15:36:11.054623-06:00,true,2024-12-18T15:36:31.489075-06:00,,,,,,,01JFDV664AN4A5NVSQF9MRXVSN,2024-12-18T15:36:07.836957-06:00,ufgju,2024-12-18T15:36:07.836957-06:00,,,,,,,,,"{""contextSize"":4,""contextStructure"":""noncomp"",""feedbackDuration"":1,""maxTimeout"":3,""numRepetitionsWithPartner"":2,""playerCount"":2,""selectionDuration"":30,""showNegativeFeedback"":1}",2024-12-18T15:36:07.857102-06:00,quick-noncomp,2024-12-18T15:36:07.857102-06:00,"{""participantKey"":""1734557604216""}",2024-12-18T15:36:07.865359-06:00
01JFDVWBW0MDWMPWREB89KZ60E,https://api.dicebear.com/8.x/rings/svg?seed=Minu,2024-12-18T15:48:56.059505-06:00,0.210000,2024-12-18T15:49:53.098431-06:00,,2024-12-18T15:49:53.109612-06:00,game terminated,2024-12-18T15:50:00.195137-06:00,01JFDVW10EHHD4K5YPBZGJAPC1,2024-12-18T15:48:14.604615-06:00,2,2024-12-18T15:48:41.490595-06:00,true,2024-12-18T15:48:55.9907-06:00,Minu,2024-12-18T15:48:56.059505-06:00,#444EA1,2024-12-18T15:48:56.059505-06:00,1,2024-12-18T15:50:00.204587-06:00,01JFDVWBVD314VQFJE3KBG08J3,2024-12-18T15:48:14.592724-06:00,dfgh,2024-12-18T15:48:14.592724-06:00,01JFDVW94SYZT0GHEVK487YKK7,2024-12-18T15:48:56.059505-06:00,director,2024-12-18T15:49:53.109612-06:00,0.210000,2024-12-18T15:49:53.098431-06:00,/avatars/red.png,2024-12-18T15:48:56.059505-06:00,"{""contextSize"":4,""contextStructure"":""noncomp"",""feedbackDuration"":1,""maxTimeout"":3,""numRepetitionsWithPartner"":2,""playerCount"":2,""selectionDuration"":30,""showNegativeFeedback"":1}",2024-12-18T15:48:14.604615-06:00,quick-noncomp,2024-12-18T15:48:14.604615-06:00,"{""participantKey"":""1734558493224""}",2024-12-18T15:48:14.615435-06:00
01JFDV5KREFZZ6NTE4JMDNGGBS,,,,,,,game terminated,2024-12-18T15:37:10.886929-06:00,01JFDV5EXGFVHF89X7DKZTC8K2,2024-12-18T15:35:49.018761-06:00,2,2024-12-18T15:35:51.434989-06:00,true,2024-12-18T15:36:05.915872-06:00,,,,,,,01JFDV5KR01ZH0KX57KBYHH41D,2024-12-18T15:35:49.006725-06:00,fsbgs,2024-12-18T15:35:49.006725-06:00,,,,,,,,,"{""contextSize"":4,""contextStructure"":""noncomp"",""feedbackDuration"":1,""maxTimeout"":3,""numRepetitionsWithPartner"":2,""playerCount"":2,""selectionDuration"":30,""showNegativeFeedback"":1}",2024-12-18T15:35:49.018761-06:00,quick-noncomp,2024-12-18T15:35:49.018761-06:00,"{""participantKey"":""1734557747164""}",2024-12-18T15:35:49.027584-06:00
01JFDV8JZHYBJNJ807JCHZZVYG,https://api.dicebear.com/8.x/rings/svg?seed=Repi,2024-12-18T15:38:03.113107-06:00,0,2024-12-18T15:38:03.113107-06:00,,2024-12-18T15:38:03.515844-06:00,timeOut,2024-12-18T15:47:59.836096-06:00,01JFDV84E34ZPR7YDZ5Y8KWKWT,2024-12-18T15:37:26.529992-06:00,2,2024-12-18T15:37:45.286732-06:00,true,2024-12-18T15:38:03.043958-06:00,Repi,2024-12-18T15:38:03.113107-06:00,#29828D,2024-12-18T15:38:03.113107-06:00,20,2024-12-18T15:47:59.836096-06:00,01JFDV8JYW1SK6KH2JZQKXQXBG,2024-12-18T15:37:26.513515-06:00,sdfgs,2024-12-18T15:37:26.513515-06:00,01JFDV8MWK4YRP3E2WXQN0KXBY,2024-12-18T15:38:03.113107-06:00,director,2024-12-18T15:47:53.854409-06:00,0,2024-12-18T15:38:03.113107-06:00,/avatars/blue.png,2024-12-18T15:38:03.113107-06:00,"{""contextSize"":4,""contextStructure"":""noncomp"",""feedbackDuration"":1,""maxTimeout"":3,""numRepetitionsWithPartner"":2,""playerCount"":2,""selectionDuration"":30,""showNegativeFeedback"":1}",2024-12-18T15:37:26.529992-06:00,quick-noncomp,2024-12-18T15:37:26.529992-06:00,"{""participantKey"":""1734557843227""}",2024-12-18T15:37:26.541395-06:00
01JCR9717Y0R73AJJ1WHF36GF4,https://api.dicebear.com/8.x/rings/svg?seed=Minu,2024-11-15T10:07:11.055158-06:00,0,2024-11-15T10:07:11.055158-06:00,,2024-11-15T10:07:11.464587-06:00,game ended,2024-11-15T10:40:53.061201-06:00,01JCR96ER19PXF2MX7P3FJHQQS,2024-11-15T10:06:34.514524-06:00,2,2024-11-15T10:06:37.307032-06:00,true,2024-11-15T10:06:54.73225-06:00,Minu,2024-11-15T10:07:11.055158-06:00,#444EA1,2024-11-15T10:07:11.055158-06:00,32,2024-11-15T10:40:53.046089-06:00,01JCR9717ECD0Y8E34KHH3M7W2,2024-11-15T10:06:34.494349-06:00,sdfsd,2024-11-15T10:06:34.494349-06:00,01JCR96W8Z845MS0NRDTMYXVSW,2024-11-15T10:07:11.055158-06:00,matcher,2024-11-15T10:39:49.951608-06:00,0,2024-11-15T10:07:11.055158-06:00,/avatars/red.png,2024-11-15T10:07:11.055158-06:00,"{""contextSize"":4,""contextStructure"":""comp-between"",""feedbackDuration"":3,""numRepetitionsWithPartner"":2,""playerCount"":2,""selectionDuration"":60,""showNegativeFeedback"":1}",2024-11-15T10:06:34.514524-06:00,demo-comp-between,2024-11-15T10:06:34.514524-06:00,"{""participantKey"":""1731686786407""}",2024-11-15T10:06:34.525141-06:00
01JFDST8NM1B00AKP6S5KCFRBB,https://api.dicebear.com/8.x/rings/svg?seed=Minu,2024-12-18T15:12:48.960776-06:00,0.030000,2024-12-18T15:12:55.645731-06:00,,2024-12-18T15:13:01.461575-06:00,game terminated,2024-12-18T15:18:44.740075-06:00,01JFDSSSWN6M8D0YAAM6P5C6FC,2024-12-18T15:12:08.635007-06:00,2,2024-12-18T15:12:31.187291-06:00,true,2024-12-18T15:12:48.896492-06:00,Minu,2024-12-18T15:12:48.960776-06:00,#444EA1,2024-12-18T15:12:48.960776-06:00,1,2024-12-18T15:18:44.747137-06:00,01JFDST8N31DQJ2HDWDSNT7WQZ,2024-12-18T15:12:08.628492-06:00,fadsfa,2024-12-18T15:12:08.628492-06:00,01JFDST75B45G1BJNDBXG34QP0,2024-12-18T15:12:48.960776-06:00,director,2024-12-18T15:13:01.461575-06:00,0.030000,2024-12-18T15:12:55.645731-06:00,/avatars/red.png,2024-12-18T15:12:48.960776-06:00,"{""contextSize"":4,""contextStructure"":""noncomp"",""feedbackDuration"":1,""maxTimeout"":3,""numRepetitionsWithPartner"":2,""playerCount"":2,""selectionDuration"":30,""showNegativeFeedback"":1}",2024-12-18T15:12:08.635007-06:00,quick-noncomp,2024-12-18T15:12:08.635007-06:00,"{""participantKey"":""1734556325176""}",2024-12-18T15:12:08.689978-06:00
