id,batchID,batchIDLastChangedAt,gameID,gameIDLastChangedAt,playerID,playerIDLastChangedAt,roundID,roundIDLastChangedAt
01JCR9FVVBNJGC7S8597B5W52K,01JCR96EQ8TKT30PG60MKNZGBX,2024-11-15T10:11:23.883074-06:00,01JCR96ER19PXF2MX7P3FJHQQS,2024-11-15T10:11:23.883074-06:00,01JCR9717Y0R73AJJ1WHF36GF4,2024-11-15T10:11:23.883074-06:00,01JCR984Y4NYNNX5S8Q9KJJH03,2024-11-15T10:11:23.883074-06:00
01JCR9Z9JETMWGJRVFT1SQ9JPT,01JCR96EQ8TKT30PG60MKNZGBX,2024-11-15T10:19:49.454911-06:00,01JCR96ER19PXF2MX7P3FJHQQS,2024-11-15T10:19:49.454911-06:00,01JCR9717Y0R73AJJ1WHF36GF4,2024-11-15T10:19:49.454911-06:00,01JCR984Y8W62SBJP8F77TPH8Z,2024-11-15T10:19:49.454911-06:00
01JFDVYJ24QCR3FDGS3ADY60A2,01JFDVW0ZVCHYT1ZVSG6HK4GFC,2024-12-18T15:49:26.468444-06:00,01JFDVW10EHHD4K5YPBZGJAPC1,2024-12-18T15:49:26.468444-06:00,01JFDVW94SYZT0GHEVK487YKK7,2024-12-18T15:49:26.468444-06:00,01JFDVXMBFJ2DY4TX2W2ZMZ5BG,2024-12-18T15:49:26.468444-06:00
01JFDWGG3QRVJC3P8CW0GAT0WT,01JFDWD1V5FG32CJV82YZTH5ZT,2024-12-18T15:59:14.295161-06:00,01JFDWD1VKRSE9VH05R3S3T0R9,2024-12-18T15:59:14.295161-06:00,01JFDWD7S3M5G569W7ZFF8KTQQ,2024-12-18T15:59:14.295161-06:00,01JFDWE9PS6PYE0WKC2P6YP2F3,2024-12-18T15:59:14.295161-06:00
01JFDYCV5WZ6YHRH7YDY6SBAQB,01JFDY9HWAP51JH296XYDSWE5D,2024-12-18T16:32:11.708505-06:00,01JFDY9HX1C9VEESZ2BQ8ARY5B,2024-12-18T16:32:11.708505-06:00,01JFDYAFZWAQJZSYZDAPVT46Y6,2024-12-18T16:32:11.708505-06:00,01JFDYB1Q87SGKKCXVQTA85XTK,2024-12-18T16:32:11.708505-06:00
01JFDYMVSRAW806CA6AMM5QF6J,01JFDY9HWAP51JH296XYDSWE5D,2024-12-18T16:36:34.488754-06:00,01JFDY9HX1C9VEESZ2BQ8ARY5B,2024-12-18T16:36:34.488754-06:00,01JFDY9ZZGMG8TCH1J95MT38M8,2024-12-18T16:36:34.488754-06:00,01JFDYB1Q87SGKKCXVTZSRYETH,2024-12-18T16:36:34.488754-06:00
01JCRAT9T6DF6QP1YJAZ83CKM3,01JCR96EQ8TKT30PG60MKNZGBX,2024-11-15T10:34:34.438961-06:00,01JCR96ER19PXF2MX7P3FJHQQS,2024-11-15T10:34:34.438961-06:00,01JCR9717Y0R73AJJ1WHF36GF4,2024-11-15T10:34:34.438961-06:00,01JCR984YE9CDHD19NVEE0441Z,2024-11-15T10:34:34.438961-06:00
01JFDVBKSVJJ6BWY1ZP5QR456W,01JFDV84DCC4SQ40N3E8PTX0C8,2024-12-18T15:39:05.659139-06:00,01JFDV84E34ZPR7YDZ5Y8KWKWT,2024-12-18T15:39:05.659139-06:00,01JFDV8MWK4YRP3E2WXQN0KXBY,2024-12-18T15:39:05.659139-06:00,01JFDV9PPR89G4T5V6SQ9MXWBS,2024-12-18T15:39:05.659139-06:00
01JFDVQY7RKSBGR1AT66RZRR7Q,01JFDV84DCC4SQ40N3E8PTX0C8,2024-12-18T15:45:49.560362-06:00,01JFDV84E34ZPR7YDZ5Y8KWKWT,2024-12-18T15:45:49.560362-06:00,01JFDV8JZHYBJNJ807JCHZZVYG,2024-12-18T15:45:49.560362-06:00,01JFDV9PPSRDJZ85BPVG1EM2Y8,2024-12-18T15:45:49.560362-06:00
01JFDYCV5V9AG7DX81PWKT163F,01JFDY9HWAP51JH296XYDSWE5D,2024-12-18T16:32:11.707381-06:00,01JFDY9HX1C9VEESZ2BQ8ARY5B,2024-12-18T16:32:11.707381-06:00,01JFDY9ZZGMG8TCH1J95MT38M8,2024-12-18T16:32:11.707381-06:00,01JFDYB1Q87SGKKCXVQTA85XTK,2024-12-18T16:32:11.707381-06:00
01JCRA8YXGCH2P7MNEKG8EMDJ4,01JCR96EQ8TKT30PG60MKNZGBX,2024-11-15T10:25:06.224839-06:00,01JCR96ER19PXF2MX7P3FJHQQS,2024-11-15T10:25:06.224839-06:00,01JCR96W8Z845MS0NRDTMYXVSW,2024-11-15T10:25:06.224839-06:00,01JCR984YBG2RZ10SPXHYRZ4KG,2024-11-15T10:25:06.224839-06:00
01JFDSVPK9S1GSD3EW1M6Q2EXH,01JFDSSSVXWHGZDM22E8FFSECT,2024-12-18T15:12:55.657474-06:00,01JFDSSSWN6M8D0YAAM6P5C6FC,2024-12-18T15:12:55.657474-06:00,01JFDST75B45G1BJNDBXG34QP0,2024-12-18T15:12:55.657474-06:00,01JFDSVG1KT49QMAYDWKM20ADF,2024-12-18T15:12:55.657474-06:00
01JFDVDGF0ANCEW2VDV7QEHZC2,01JFDV84DCC4SQ40N3E8PTX0C8,2024-12-18T15:40:07.776883-06:00,01JFDV84E34ZPR7YDZ5Y8KWKWT,2024-12-18T15:40:07.776883-06:00,01JFDV8JZHYBJNJ807JCHZZVYG,2024-12-18T15:40:07.776883-06:00,01JFDV9PPQ5Y71AP3QQKJMS97D,2024-12-18T15:40:07.776883-06:00
01JFDVFD5NHDAEE19JSVHT96CN,01JFDV84DCC4SQ40N3E8PTX0C8,2024-12-18T15:41:09.941516-06:00,01JFDV84E34ZPR7YDZ5Y8KWKWT,2024-12-18T15:41:09.941516-06:00,01JFDV8MWK4YRP3E2WXQN0KXBY,2024-12-18T15:41:09.941516-06:00,01JFDV9PPR89G4T5V6X8N71N60,2024-12-18T15:41:09.941516-06:00
01JFDWFTHYFY1XWNV5RAB2EM7V,01JFDWD1V5FG32CJV82YZTH5ZT,2024-12-18T15:58:52.222321-06:00,01JFDWD1VKRSE9VH05R3S3T0R9,2024-12-18T15:58:52.222321-06:00,01JFDWD7S3M5G569W7ZFF8KTQQ,2024-12-18T15:58:52.222321-06:00,01JFDWE9PQS20XN40A0CV44YKV,2024-12-18T15:58:52.222321-06:00
01JFDYD5B6XB0C18107FDPX8JF,01JFDY9HWAP51JH296XYDSWE5D,2024-12-18T16:32:22.118124-06:00,01JFDY9HX1C9VEESZ2BQ8ARY5B,2024-12-18T16:32:22.118124-06:00,01JFDYAFZWAQJZSYZDAPVT46Y6,2024-12-18T16:32:22.118124-06:00,01JFDYB1Q7X43YN3PMHXQKT9EX,2024-12-18T16:32:22.118124-06:00
01JFDSVGEB81ADFKZC2ESCPJYE,01JFDSSSVXWHGZDM22E8FFSECT,2024-12-18T15:12:49.355782-06:00,01JFDSSSWN6M8D0YAAM6P5C6FC,2024-12-18T15:12:49.355782-06:00,01JFDST8NM1B00AKP6S5KCFRBB,2024-12-18T15:12:49.355782-06:00,01JFDSVG1J4DZVB372NQQNXKX6,2024-12-18T15:12:49.355782-06:00
01JFDVANEFYZD344VQECYZJKQ8,01JFDV84DCC4SQ40N3E8PTX0C8,2024-12-18T15:38:34.575411-06:00,01JFDV84E34ZPR7YDZ5Y8KWKWT,2024-12-18T15:38:34.575411-06:00,01JFDV8JZHYBJNJ807JCHZZVYG,2024-12-18T15:38:34.575411-06:00,01JFDV9PPR89G4T5V6VG5Y61YD,2024-12-18T15:38:34.575411-06:00
01JFDVQY7QWA4GY5C1HMEDYTA3,01JFDV84DCC4SQ40N3E8PTX0C8,2024-12-18T15:45:49.559978-06:00,01JFDV84E34ZPR7YDZ5Y8KWKWT,2024-12-18T15:45:49.559978-06:00,01JFDV8MWK4YRP3E2WXQN0KXBY,2024-12-18T15:45:49.559978-06:00,01JFDV9PPSRDJZ85BPVG1EM2Y8,2024-12-18T15:45:49.559978-06:00
01JFDWEA3ZFAA0NJ30AZ4SX85C,01JFDWD1V5FG32CJV82YZTH5ZT,2024-12-18T15:58:02.623463-06:00,01JFDWD1VKRSE9VH05R3S3T0R9,2024-12-18T15:58:02.623463-06:00,01JFDWD7S3M5G569W7ZFF8KTQQ,2024-12-18T15:58:02.623463-06:00,01JFDWE9PM0XC2RFWMR52W2VDY,2024-12-18T15:58:02.623463-06:00
01JCR9HSEM17HE5080NGV7YN3M,01JCR96EQ8TKT30PG60MKNZGBX,2024-11-15T10:12:26.964886-06:00,01JCR96ER19PXF2MX7P3FJHQQS,2024-11-15T10:12:26.964886-06:00,01JCR9717Y0R73AJJ1WHF36GF4,2024-11-15T10:12:26.964886-06:00,01JCR984Y5GVZFAE0235FCTZNA,2024-11-15T10:12:26.964886-06:00
01JFDVEET2YWZH2T6FSBED6MEE,01JFDV84DCC4SQ40N3E8PTX0C8,2024-12-18T15:40:38.850411-06:00,01JFDV84E34ZPR7YDZ5Y8KWKWT,2024-12-18T15:40:38.850411-06:00,01JFDV8JZHYBJNJ807JCHZZVYG,2024-12-18T15:40:38.850411-06:00,01JFDV9PPPY98QW0T59VGKGXTJ,2024-12-18T15:40:38.850411-06:00
01JFDVH9W4APMX13WGGB1KAG0X,01JFDV84DCC4SQ40N3E8PTX0C8,2024-12-18T15:42:12.100593-06:00,01JFDV84E34ZPR7YDZ5Y8KWKWT,2024-12-18T15:42:12.100593-06:00,01JFDV8JZHYBJNJ807JCHZZVYG,2024-12-18T15:42:12.100593-06:00,01JFDV9PPR89G4T5V6W8ZZ8BV4,2024-12-18T15:42:12.100593-06:00
01JFDVYB58AAD9N4480FSH46ER,01JFDVW0ZVCHYT1ZVSG6HK4GFC,2024-12-18T15:49:19.400073-06:00,01JFDVW10EHHD4K5YPBZGJAPC1,2024-12-18T15:49:19.400073-06:00,01JFDVWBW0MDWMPWREB89KZ60E,2024-12-18T15:49:19.400073-06:00,01JFDVXMBE9YY5535FGK8VBRHH,2024-12-18T15:49:19.400073-06:00
01JFDYBC9S7KDWN9D81WPS7Z0W,01JFDY9HWAP51JH296XYDSWE5D,2024-12-18T16:31:23.705734-06:00,01JFDY9HX1C9VEESZ2BQ8ARY5B,2024-12-18T16:31:23.705734-06:00,01JFDY9ZZGMG8TCH1J95MT38M8,2024-12-18T16:31:23.705734-06:00,01JFDYB1Q7X43YN3PMH1R96PSX,2024-12-18T16:31:23.705734-06:00
01JCRB3XXVVT0WTNW3TK67QY7N,01JCR96EQ8TKT30PG60MKNZGBX,2024-11-15T10:39:49.94732-06:00,01JCR96ER19PXF2MX7P3FJHQQS,2024-11-15T10:39:49.94732-06:00,01JCR96W8Z845MS0NRDTMYXVSW,2024-11-15T10:39:49.94732-06:00,01JCR984YDMTGWK0WG0CFA888D,2024-11-15T10:39:49.94732-06:00
01JFDVN38E5VFKABVZZWPRZS7G,01JFDV84DCC4SQ40N3E8PTX0C8,2024-12-18T15:44:16.398432-06:00,01JFDV84E34ZPR7YDZ5Y8KWKWT,2024-12-18T15:44:16.398432-06:00,01JFDV8JZHYBJNJ807JCHZZVYG,2024-12-18T15:44:16.398432-06:00,01JFDV9PPVHW4P38FRZSZV5DFC,2024-12-18T15:44:16.398432-06:00
01JFDVTS8H33TD2WAQMHN1FDZG,01JFDV84DCC4SQ40N3E8PTX0C8,2024-12-18T15:47:22.769992-06:00,01JFDV84E34ZPR7YDZ5Y8KWKWT,2024-12-18T15:47:22.769992-06:00,01JFDV8MWK4YRP3E2WXQN0KXBY,2024-12-18T15:47:22.769992-06:00,01JFDV9PPVHW4P38FRY7V4YAX6,2024-12-18T15:47:22.769992-06:00
01JFDVYRXS98F9VG4YQMP0NBSF,01JFDVW0ZVCHYT1ZVSG6HK4GFC,2024-12-18T15:49:33.497801-06:00,01JFDVW10EHHD4K5YPBZGJAPC1,2024-12-18T15:49:33.497801-06:00,01JFDVW94SYZT0GHEVK487YKK7,2024-12-18T15:49:33.497801-06:00,01JFDVXMBG5YPHPEEBAW04SWGB,2024-12-18T15:49:33.497801-06:00
01JFDYCC1Y4AV7R9C0M3TE40Y3,01JFDY9HWAP51JH296XYDSWE5D,2024-12-18T16:31:56.222813-06:00,01JFDY9HX1C9VEESZ2BQ8ARY5B,2024-12-18T16:31:56.222813-06:00,01JFDYAFZWAQJZSYZDAPVT46Y6,2024-12-18T16:31:56.222813-06:00,01JFDYB1Q87SGKKCXVPZX7TKW0,2024-12-18T16:31:56.222813-06:00
01JCR985B6DNQH3YB4KJEWNVDV,01JCR96EQ8TKT30PG60MKNZGBX,2024-11-15T10:07:11.46299-06:00,01JCR96ER19PXF2MX7P3FJHQQS,2024-11-15T10:07:11.46299-06:00,01JCR96W8Z845MS0NRDTMYXVSW,2024-11-15T10:07:11.46299-06:00,01JCR984Y3RBZGKQA650QPWYY6,2024-11-15T10:07:11.46299-06:00
01JCRAER0WV7GMXPX85YMR80AD,01JCR96EQ8TKT30PG60MKNZGBX,2024-11-15T10:28:15.772346-06:00,01JCR96ER19PXF2MX7P3FJHQQS,2024-11-15T10:28:15.772346-06:00,01JCR9717Y0R73AJJ1WHF36GF4,2024-11-15T10:28:15.772346-06:00,01JCR984YE9CDHD19NSQMB1D0N,2024-11-15T10:28:15.772346-06:00
01JCRAGNPKCF15RBGV0Y1M3HJY,01JCR96EQ8TKT30PG60MKNZGBX,2024-11-15T10:29:18.931569-06:00,01JCR96ER19PXF2MX7P3FJHQQS,2024-11-15T10:29:18.931569-06:00,01JCR96W8Z845MS0NRDTMYXVSW,2024-11-15T10:29:18.931569-06:00,01JCR984YDMTGWK0WFYMT021DP,2024-11-15T10:29:18.931569-06:00
01JCRAW7EFBSCQASNVHATK3THG,01JCR96EQ8TKT30PG60MKNZGBX,2024-11-15T10:35:37.551202-06:00,01JCR96ER19PXF2MX7P3FJHQQS,2024-11-15T10:35:37.551202-06:00,01JCR96W8Z845MS0NRDTMYXVSW,2024-11-15T10:35:37.551202-06:00,01JCR984YDMTGWK0WG16QBGB6S,2024-11-15T10:35:37.551202-06:00
01JFDVCJ4BGH162GD6SYH68VRP,01JFDV84DCC4SQ40N3E8PTX0C8,2024-12-18T15:39:36.715096-06:00,01JFDV84E34ZPR7YDZ5Y8KWKWT,2024-12-18T15:39:36.715096-06:00,01JFDV8MWK4YRP3E2WXQN0KXBY,2024-12-18T15:39:36.715096-06:00,01JFDV9PPSRDJZ85BPTNXA1KQT,2024-12-18T15:39:36.715096-06:00
01JFDYPSCZ7JVPCNM8FF14PS3N,01JFDY9HWAP51JH296XYDSWE5D,2024-12-18T16:37:37.567595-06:00,01JFDY9HX1C9VEESZ2BQ8ARY5B,2024-12-18T16:37:37.567595-06:00,01JFDYAFZWAQJZSYZDAPVT46Y6,2024-12-18T16:37:37.567595-06:00,01JFDYB1QA9Q0AG5ESWXW6Y38W,2024-12-18T16:37:37.567595-06:00
01JCRAJKAQW9AWQZ8ZJ5WQMFJ0,01JCR96EQ8TKT30PG60MKNZGBX,2024-11-15T10:30:22.039499-06:00,01JCR96ER19PXF2MX7P3FJHQQS,2024-11-15T10:30:22.039499-06:00,01JCR96W8Z845MS0NRDTMYXVSW,2024-11-15T10:30:22.039499-06:00,01JCR984YE9CDHD19NTJMT5X43,2024-11-15T10:30:22.039499-06:00
01JCRAW7EFBSCQASNVHS8RDX13,01JCR96EQ8TKT30PG60MKNZGBX,2024-11-15T10:35:37.551486-06:00,01JCR96ER19PXF2MX7P3FJHQQS,2024-11-15T10:35:37.551486-06:00,01JCR9717Y0R73AJJ1WHF36GF4,2024-11-15T10:35:37.551486-06:00,01JCR984YDMTGWK0WG16QBGB6S,2024-11-15T10:35:37.551486-06:00
01JCRB3XXVVT0WTNW3TXVHM0TV,01JCR96EQ8TKT30PG60MKNZGBX,2024-11-15T10:39:49.947669-06:00,01JCR96ER19PXF2MX7P3FJHQQS,2024-11-15T10:39:49.947669-06:00,01JCR9717Y0R73AJJ1WHF36GF4,2024-11-15T10:39:49.947669-06:00,01JCR984YDMTGWK0WG0CFA888D,2024-11-15T10:39:49.947669-06:00
01JFDVYRXTRKXDJAD3NDPZ0SWS,01JFDVW0ZVCHYT1ZVSG6HK4GFC,2024-12-18T15:49:33.498345-06:00,01JFDVW10EHHD4K5YPBZGJAPC1,2024-12-18T15:49:33.498345-06:00,01JFDVWBW0MDWMPWREB89KZ60E,2024-12-18T15:49:33.498345-06:00,01JFDVXMBG5YPHPEEBAW04SWGB,2024-12-18T15:49:33.498345-06:00
01JFDSVPK9S1GSD3EW1SFCGVTK,01JFDSSSVXWHGZDM22E8FFSECT,2024-12-18T15:12:55.657829-06:00,01JFDSSSWN6M8D0YAAM6P5C6FC,2024-12-18T15:12:55.657829-06:00,01JFDST8NM1B00AKP6S5KCFRBB,2024-12-18T15:12:55.657829-06:00,01JFDSVG1KT49QMAYDWKM20ADF,2024-12-18T15:12:55.657829-06:00
01JFDVANEFYZD344VQESE2KB0Q,01JFDV84DCC4SQ40N3E8PTX0C8,2024-12-18T15:38:34.575819-06:00,01JFDV84E34ZPR7YDZ5Y8KWKWT,2024-12-18T15:38:34.575819-06:00,01JFDV8MWK4YRP3E2WXQN0KXBY,2024-12-18T15:38:34.575819-06:00,01JFDV9PPR89G4T5V6VG5Y61YD,2024-12-18T15:38:34.575819-06:00
01JFDWPFQE8SVB2V5KZV7DZZAA,01JFDWJ1E2AAQX94WK9V33MAP0,2024-12-18T16:02:30.511011-06:00,01JFDWJ1EWNRFQBF7A39JYQJPM,2024-12-18T16:02:30.511011-06:00,01JFDWJQJR4E1D8QS1KT5WSD3C,2024-12-18T16:02:30.511011-06:00,01JFDWK454Q3FM6PDN59B5V18Q,2024-12-18T16:02:30.511011-06:00
01JCR9NMP46W3E9VK81S015Q7S,01JCR96EQ8TKT30PG60MKNZGBX,2024-11-15T10:14:33.156289-06:00,01JCR96ER19PXF2MX7P3FJHQQS,2024-11-15T10:14:33.156289-06:00,01JCR9717Y0R73AJJ1WHF36GF4,2024-11-15T10:14:33.156289-06:00,01JCR984Y5GVZFAE024N7K70YN,2024-11-15T10:14:33.156289-06:00
01JCR9QJBVWV67RTP18JAB907T,01JCR96EQ8TKT30PG60MKNZGBX,2024-11-15T10:15:36.315961-06:00,01JCR96ER19PXF2MX7P3FJHQQS,2024-11-15T10:15:36.315961-06:00,01JCR96W8Z845MS0NRDTMYXVSW,2024-11-15T10:15:36.315961-06:00,01JCR984Y5GVZFAE023X6NHEF9,2024-11-15T10:15:36.315961-06:00
01JCRAPEJ3YH4EW1WSFZ27YDEA,01JCR96EQ8TKT30PG60MKNZGBX,2024-11-15T10:32:28.227526-06:00,01JCR96ER19PXF2MX7P3FJHQQS,2024-11-15T10:32:28.227526-06:00,01JCR96W8Z845MS0NRDTMYXVSW,2024-11-15T10:32:28.227526-06:00,01JCR984YDMTGWK0WFXYDNCCFB,2024-11-15T10:32:28.227526-06:00
01JCRB20A5CCSC624JH1XNAP0K,01JCR96EQ8TKT30PG60MKNZGBX,2024-11-15T10:38:46.853949-06:00,01JCR96ER19PXF2MX7P3FJHQQS,2024-11-15T10:38:46.853949-06:00,01JCR9717Y0R73AJJ1WHF36GF4,2024-11-15T10:38:46.853949-06:00,01JCR984YFMNW4C1TTXHA9YYKB,2024-11-15T10:38:46.853949-06:00
01JFDWFTHYFY1XWNV5RM84DFT3,01JFDWD1V5FG32CJV82YZTH5ZT,2024-12-18T15:58:52.222786-06:00,01JFDWD1VKRSE9VH05R3S3T0R9,2024-12-18T15:58:52.222786-06:00,01JFDWDWEMQAFWBJGR52GT4E77,2024-12-18T15:58:52.222786-06:00,01JFDWE9PQS20XN40A0CV44YKV,2024-12-18T15:58:52.222786-06:00
01JFDWK4J0PZ9TJFYH7FTR6ASF,01JFDWJ1E2AAQX94WK9V33MAP0,2024-12-18T16:00:40.768884-06:00,01JFDWJ1EWNRFQBF7A39JYQJPM,2024-12-18T16:00:40.768884-06:00,01JFDWJQJR4E1D8QS1KT5WSD3C,2024-12-18T16:00:40.768884-06:00,01JFDWK44RDYQA9BSSQ9TWXRDE,2024-12-18T16:00:40.768884-06:00
01JFDWM7YT0SRQ0RXMS66KDKBA,01JFDWJ1E2AAQX94WK9V33MAP0,2024-12-18T16:01:17.018768-06:00,01JFDWJ1EWNRFQBF7A39JYQJPM,2024-12-18T16:01:17.018768-06:00,01JFDWJ8418ZFF409B878Y1K22,2024-12-18T16:01:17.018768-06:00,01JFDWK44WEWSJQQ785B86554F,2024-12-18T16:01:17.018768-06:00
01JFDVDGF0ANCEW2VDTVYHNXEB,01JFDV84DCC4SQ40N3E8PTX0C8,2024-12-18T15:40:07.776314-06:00,01JFDV84E34ZPR7YDZ5Y8KWKWT,2024-12-18T15:40:07.776314-06:00,01JFDV8MWK4YRP3E2WXQN0KXBY,2024-12-18T15:40:07.776314-06:00,01JFDV9PPQ5Y71AP3QQKJMS97D,2024-12-18T15:40:07.776314-06:00
01JFDVJ86S9FDQF35FWKV2C1XN,01JFDV84DCC4SQ40N3E8PTX0C8,2024-12-18T15:42:43.161653-06:00,01JFDV84E34ZPR7YDZ5Y8KWKWT,2024-12-18T15:42:43.161653-06:00,01JFDV8MWK4YRP3E2WXQN0KXBY,2024-12-18T15:42:43.161653-06:00,01JFDV9PPTCAD3C900S9WEEHRE,2024-12-18T15:42:43.161653-06:00
01JFDVPZXXKPSFX4VA1A6Y3GMD,01JFDV84DCC4SQ40N3E8PTX0C8,2024-12-18T15:45:18.525554-06:00,01JFDV84E34ZPR7YDZ5Y8KWKWT,2024-12-18T15:45:18.525554-06:00,01JFDV8JZHYBJNJ807JCHZZVYG,2024-12-18T15:45:18.525554-06:00,01JFDV9PPTCAD3C900T2KZED4H,2024-12-18T15:45:18.525554-06:00
01JFDVPZXXKPSFX4VA1R603VN9,01JFDV84DCC4SQ40N3E8PTX0C8,2024-12-18T15:45:18.525792-06:00,01JFDV84E34ZPR7YDZ5Y8KWKWT,2024-12-18T15:45:18.525792-06:00,01JFDV8MWK4YRP3E2WXQN0KXBY,2024-12-18T15:45:18.525792-06:00,01JFDV9PPTCAD3C900T2KZED4H,2024-12-18T15:45:18.525792-06:00
01JFDVRWJQQ63Y4TNAQ7EW0DH5,01JFDV84DCC4SQ40N3E8PTX0C8,2024-12-18T15:46:20.631255-06:00,01JFDV84E34ZPR7YDZ5Y8KWKWT,2024-12-18T15:46:20.631255-06:00,01JFDV8MWK4YRP3E2WXQN0KXBY,2024-12-18T15:46:20.631255-06:00,01JFDV9PPSRDJZ85BPWBFH4N02,2024-12-18T15:46:20.631255-06:00
01JFDVY4VH8BEN4SGBDXWC7EPF,01JFDVW0ZVCHYT1ZVSG6HK4GFC,2024-12-18T15:49:12.945813-06:00,01JFDVW10EHHD4K5YPBZGJAPC1,2024-12-18T15:49:12.945813-06:00,01JFDVW94SYZT0GHEVK487YKK7,2024-12-18T15:49:12.945813-06:00,01JFDVXMBFJ2DY4TX2V5BZ5M42,2024-12-18T15:49:12.945813-06:00
01JFDWEA3ZFAA0NJ30BCK5ZCR3,01JFDWD1V5FG32CJV82YZTH5ZT,2024-12-18T15:58:02.623594-06:00,01JFDWD1VKRSE9VH05R3S3T0R9,2024-12-18T15:58:02.623594-06:00,01JFDWDWEMQAFWBJGR52GT4E77,2024-12-18T15:58:02.623594-06:00,01JFDWE9PM0XC2RFWMR52W2VDY,2024-12-18T15:58:02.623594-06:00
01JCRA35CV586CXZVMT2M7WNJM,01JCR96EQ8TKT30PG60MKNZGBX,2024-11-15T10:21:56.2518-06:00,01JCR96ER19PXF2MX7P3FJHQQS,2024-11-15T10:21:56.2518-06:00,01JCR96W8Z845MS0NRDTMYXVSW,2024-11-15T10:21:56.2518-06:00,01JCR984Y8W62SBJP8FYWQPACB,2024-11-15T10:21:56.2518-06:00
01JFDSVGEB81ADFKZC2QDA4GQX,01JFDSSSVXWHGZDM22E8FFSECT,2024-12-18T15:12:49.355997-06:00,01JFDSSSWN6M8D0YAAM6P5C6FC,2024-12-18T15:12:49.355997-06:00,01JFDST75B45G1BJNDBXG34QP0,2024-12-18T15:12:49.355997-06:00,01JFDSVG1J4DZVB372NQQNXKX6,2024-12-18T15:12:49.355997-06:00
01JFDVGBGZJPX5HSXEPFJKZ3EJ,01JFDV84DCC4SQ40N3E8PTX0C8,2024-12-18T15:41:41.024018-06:00,01JFDV84E34ZPR7YDZ5Y8KWKWT,2024-12-18T15:41:41.024018-06:00,01JFDV8JZHYBJNJ807JCHZZVYG,2024-12-18T15:41:41.024018-06:00,01JFDV9PPR89G4T5V6TF0FB9T3,2024-12-18T15:41:41.024018-06:00
01JFDVN38E5VFKABW006P67ARF,01JFDV84DCC4SQ40N3E8PTX0C8,2024-12-18T15:44:16.398998-06:00,01JFDV84E34ZPR7YDZ5Y8KWKWT,2024-12-18T15:44:16.398998-06:00,01JFDV8MWK4YRP3E2WXQN0KXBY,2024-12-18T15:44:16.398998-06:00,01JFDV9PPVHW4P38FRZSZV5DFC,2024-12-18T15:44:16.398998-06:00
01JFDVXXT2QZ520WEFK50XCQTC,01JFDVW0ZVCHYT1ZVSG6HK4GFC,2024-12-18T15:49:05.730613-06:00,01JFDVW10EHHD4K5YPBZGJAPC1,2024-12-18T15:49:05.730613-06:00,01JFDVW94SYZT0GHEVK487YKK7,2024-12-18T15:49:05.730613-06:00,01JFDVXMBCMKPJWV50K9487JBW,2024-12-18T15:49:05.730613-06:00
01JFDVZ0T5D5869A5CJXJ55KZT,01JFDVW0ZVCHYT1ZVSG6HK4GFC,2024-12-18T15:49:41.573113-06:00,01JFDVW10EHHD4K5YPBZGJAPC1,2024-12-18T15:49:41.573113-06:00,01JFDVW94SYZT0GHEVK487YKK7,2024-12-18T15:49:41.573113-06:00,01JFDVXMBE9YY5535FHC7R6T18,2024-12-18T15:49:41.573113-06:00
01JFDYB24E53ZWAHE4F1QC99A0,01JFDY9HWAP51JH296XYDSWE5D,2024-12-18T16:31:13.294398-06:00,01JFDY9HX1C9VEESZ2BQ8ARY5B,2024-12-18T16:31:13.294398-06:00,01JFDY9ZZGMG8TCH1J95MT38M8,2024-12-18T16:31:13.294398-06:00,01JFDYB1Q2SR88QA1KBJCX8J1J,2024-12-18T16:31:13.294398-06:00
01JFDVZC2HN494QBS9BWJ0GZ4A,01JFDVW0ZVCHYT1ZVSG6HK4GFC,2024-12-18T15:49:53.105499-06:00,01JFDVW10EHHD4K5YPBZGJAPC1,2024-12-18T15:49:53.105499-06:00,01JFDVWBW0MDWMPWREB89KZ60E,2024-12-18T15:49:53.105499-06:00,01JFDVXMBG5YPHPEEBCA6CXZRH,2024-12-18T15:49:53.105499-06:00
01JCR9A2Z6ZC0QKAYFNWQ8DM08,01JCR96EQ8TKT30PG60MKNZGBX,2024-11-15T10:08:14.566799-06:00,01JCR96ER19PXF2MX7P3FJHQQS,2024-11-15T10:08:14.566799-06:00,01JCR9717Y0R73AJJ1WHF36GF4,2024-11-15T10:08:14.566799-06:00,01JCR984Y4NYNNX5S8MD0R320F,2024-11-15T10:08:14.566799-06:00
01JCR9DY7DS5MV41GGSVV9Z5DS,01JCR96EQ8TKT30PG60MKNZGBX,2024-11-15T10:10:20.781733-06:00,01JCR96ER19PXF2MX7P3FJHQQS,2024-11-15T10:10:20.781733-06:00,01JCR9717Y0R73AJJ1WHF36GF4,2024-11-15T10:10:20.781733-06:00,01JCR984Y4NYNNX5S8NAY7VZW0,2024-11-15T10:10:20.781733-06:00
01JCR9SG267318Q0XX6FEXEZRQ,01JCR96EQ8TKT30PG60MKNZGBX,2024-11-15T10:16:39.494619-06:00,01JCR96ER19PXF2MX7P3FJHQQS,2024-11-15T10:16:39.494619-06:00,01JCR96W8Z845MS0NRDTMYXVSW,2024-11-15T10:16:39.494619-06:00,01JCR984Y6S15YG84JRC8YT22R,2024-11-15T10:16:39.494619-06:00
01JCR9VDTFKBF4WRH85H6956V6,01JCR96EQ8TKT30PG60MKNZGBX,2024-11-15T10:17:42.735123-06:00,01JCR96ER19PXF2MX7P3FJHQQS,2024-11-15T10:17:42.735123-06:00,01JCR9717Y0R73AJJ1WHF36GF4,2024-11-15T10:17:42.735123-06:00,01JCR984Y5GVZFAE025EEFBJ38,2024-11-15T10:17:42.735123-06:00
01JFDSVW8GM1RHHGND04NK063W,01JFDSSSVXWHGZDM22E8FFSECT,2024-12-18T15:13:01.456992-06:00,01JFDSSSWN6M8D0YAAM6P5C6FC,2024-12-18T15:13:01.456992-06:00,01JFDST75B45G1BJNDBXG34QP0,2024-12-18T15:13:01.456992-06:00,01JFDSVG1MQP1ZW9NVK769RPJM,2024-12-18T15:13:01.456992-06:00
01JFDV9Q3TFMSKZK1TCH4ED9ZS,01JFDV84DCC4SQ40N3E8PTX0C8,2024-12-18T15:38:03.514265-06:00,01JFDV84E34ZPR7YDZ5Y8KWKWT,2024-12-18T15:38:03.514265-06:00,01JFDV8JZHYBJNJ807JCHZZVYG,2024-12-18T15:38:03.514265-06:00,01JFDV9PPPY98QW0T595RBTKC8,2024-12-18T15:38:03.514265-06:00
01JFDVH9W4APMX13WGG1S4AMEK,01JFDV84DCC4SQ40N3E8PTX0C8,2024-12-18T15:42:12.100323-06:00,01JFDV84E34ZPR7YDZ5Y8KWKWT,2024-12-18T15:42:12.100323-06:00,01JFDV8MWK4YRP3E2WXQN0KXBY,2024-12-18T15:42:12.100323-06:00,01JFDV9PPR89G4T5V6W8ZZ8BV4,2024-12-18T15:42:12.100323-06:00
01JFDWFAVEVV1ZDS8CEXAX0NH4,01JFDWD1V5FG32CJV82YZTH5ZT,2024-12-18T15:58:36.142846-06:00,01JFDWD1VKRSE9VH05R3S3T0R9,2024-12-18T15:58:36.142846-06:00,01JFDWDWEMQAFWBJGR52GT4E77,2024-12-18T15:58:36.142846-06:00,01JFDWE9PQS20XN40A279FYMMT,2024-12-18T15:58:36.142846-06:00
01JFDWGG3QRVJC3P8CWG9FSK6B,01JFDWD1V5FG32CJV82YZTH5ZT,2024-12-18T15:59:14.295685-06:00,01JFDWD1VKRSE9VH05R3S3T0R9,2024-12-18T15:59:14.295685-06:00,01JFDWDWEMQAFWBJGR52GT4E77,2024-12-18T15:59:14.295685-06:00,01JFDWE9PS6PYE0WKC2P6YP2F3,2024-12-18T15:59:14.295685-06:00
01JFDWPFQE8SVB2V5KZEK8ZAKX,01JFDWJ1E2AAQX94WK9V33MAP0,2024-12-18T16:02:30.510228-06:00,01JFDWJ1EWNRFQBF7A39JYQJPM,2024-12-18T16:02:30.510228-06:00,01JFDWJ8418ZFF409B878Y1K22,2024-12-18T16:02:30.510228-06:00,01JFDWK454Q3FM6PDN59B5V18Q,2024-12-18T16:02:30.510228-06:00
01JCR9KQ2PD3AV9B6J4AB4JAK1,01JCR96EQ8TKT30PG60MKNZGBX,2024-11-15T10:13:30.070392-06:00,01JCR96ER19PXF2MX7P3FJHQQS,2024-11-15T10:13:30.070392-06:00,01JCR96W8Z845MS0NRDTMYXVSW,2024-11-15T10:13:30.070392-06:00,01JCR984Y4NYNNX5S8PEXZE20Q,2024-11-15T10:13:30.070392-06:00
01JCRAJKAQW9AWQZ8ZJDJMCVWM,01JCR96EQ8TKT30PG60MKNZGBX,2024-11-15T10:30:22.039779-06:00,01JCR96ER19PXF2MX7P3FJHQQS,2024-11-15T10:30:22.039779-06:00,01JCR9717Y0R73AJJ1WHF36GF4,2024-11-15T10:30:22.039779-06:00,01JCR984YE9CDHD19NTJMT5X43,2024-11-15T10:30:22.039779-06:00
01JCRB02PQRHYPPCSYZ74354WJ,01JCR96EQ8TKT30PG60MKNZGBX,2024-11-15T10:37:43.767578-06:00,01JCR96ER19PXF2MX7P3FJHQQS,2024-11-15T10:37:43.767578-06:00,01JCR96W8Z845MS0NRDTMYXVSW,2024-11-15T10:37:43.767578-06:00,01JCR984YE9CDHD19NR8BSDKH1,2024-11-15T10:37:43.767578-06:00
01JCRB20A5CCSC624JGPJ9WV0G,01JCR96EQ8TKT30PG60MKNZGBX,2024-11-15T10:38:46.853746-06:00,01JCR96ER19PXF2MX7P3FJHQQS,2024-11-15T10:38:46.853746-06:00,01JCR96W8Z845MS0NRDTMYXVSW,2024-11-15T10:38:46.853746-06:00,01JCR984YFMNW4C1TTXHA9YYKB,2024-11-15T10:38:46.853746-06:00
01JFDVGBH00YP6YD2FDC80FSSN,01JFDV84DCC4SQ40N3E8PTX0C8,2024-12-18T15:41:41.024794-06:00,01JFDV84E34ZPR7YDZ5Y8KWKWT,2024-12-18T15:41:41.024794-06:00,01JFDV8MWK4YRP3E2WXQN0KXBY,2024-12-18T15:41:41.024794-06:00,01JFDV9PPR89G4T5V6TF0FB9T3,2024-12-18T15:41:41.024794-06:00
01JFDVXMRMR5F0B04BP8VYSH94,01JFDVW0ZVCHYT1ZVSG6HK4GFC,2024-12-18T15:48:56.468888-06:00,01JFDVW10EHHD4K5YPBZGJAPC1,2024-12-18T15:48:56.468888-06:00,01JFDVW94SYZT0GHEVK487YKK7,2024-12-18T15:48:56.468888-06:00,01JFDVXMBBNWNAT04RQ6415MS9,2024-12-18T15:48:56.468888-06:00
01JFDVZ5V3K8J7BRSPHSTFFNJF,01JFDVW0ZVCHYT1ZVSG6HK4GFC,2024-12-18T15:49:46.72389-06:00,01JFDVW10EHHD4K5YPBZGJAPC1,2024-12-18T15:49:46.72389-06:00,01JFDVW94SYZT0GHEVK487YKK7,2024-12-18T15:49:46.72389-06:00,01JFDVXMBG5YPHPEEBBQ8ZV4HT,2024-12-18T15:49:46.72389-06:00
01JCRARC5ZB27H68GSTJ93S4J4,01JCR96EQ8TKT30PG60MKNZGBX,2024-11-15T10:33:31.327632-06:00,01JCR96ER19PXF2MX7P3FJHQQS,2024-11-15T10:33:31.327632-06:00,01JCR96W8Z845MS0NRDTMYXVSW,2024-11-15T10:33:31.327632-06:00,01JCR984YE9CDHD19NS0YDX2BR,2024-11-15T10:33:31.327632-06:00
01JFDVBKSVJJ6BWY1ZPDTVTWEG,01JFDV84DCC4SQ40N3E8PTX0C8,2024-12-18T15:39:05.659655-06:00,01JFDV84E34ZPR7YDZ5Y8KWKWT,2024-12-18T15:39:05.659655-06:00,01JFDV8JZHYBJNJ807JCHZZVYG,2024-12-18T15:39:05.659655-06:00,01JFDV9PPR89G4T5V6SQ9MXWBS,2024-12-18T15:39:05.659655-06:00
01JFDVZ5V4C9H4T7T6J55BFEP5,01JFDVW0ZVCHYT1ZVSG6HK4GFC,2024-12-18T15:49:46.724329-06:00,01JFDVW10EHHD4K5YPBZGJAPC1,2024-12-18T15:49:46.724329-06:00,01JFDVWBW0MDWMPWREB89KZ60E,2024-12-18T15:49:46.724329-06:00,01JFDVXMBG5YPHPEEBBQ8ZV4HT,2024-12-18T15:49:46.724329-06:00
01JFDWF11GAZVKD0373EQTF1PW,01JFDWD1V5FG32CJV82YZTH5ZT,2024-12-18T15:58:26.096506-06:00,01JFDWD1VKRSE9VH05R3S3T0R9,2024-12-18T15:58:26.096506-06:00,01JFDWD7S3M5G569W7ZFF8KTQQ,2024-12-18T15:58:26.096506-06:00,01JFDWE9PQS20XN409ZHEJ9RBW,2024-12-18T15:58:26.096506-06:00
01JCR9C0KF8Z4V1TN772QZN01S,01JCR96EQ8TKT30PG60MKNZGBX,2024-11-15T10:09:17.679834-06:00,01JCR96ER19PXF2MX7P3FJHQQS,2024-11-15T10:09:17.679834-06:00,01JCR9717Y0R73AJJ1WHF36GF4,2024-11-15T10:09:17.679834-06:00,01JCR984Y5GVZFAE022DZ7WHRA,2024-11-15T10:09:17.679834-06:00
01JCRA8YXH6GYNM9SVZNRP4ZSZ,01JCR96EQ8TKT30PG60MKNZGBX,2024-11-15T10:25:06.225024-06:00,01JCR96ER19PXF2MX7P3FJHQQS,2024-11-15T10:25:06.225024-06:00,01JCR9717Y0R73AJJ1WHF36GF4,2024-11-15T10:25:06.225024-06:00,01JCR984YBG2RZ10SPXHYRZ4KG,2024-11-15T10:25:06.225024-06:00
01JCRAAWJM4HZ68GNQ8GX8A0W7,01JCR96EQ8TKT30PG60MKNZGBX,2024-11-15T10:26:09.364048-06:00,01JCR96ER19PXF2MX7P3FJHQQS,2024-11-15T10:26:09.364048-06:00,01JCR96W8Z845MS0NRDTMYXVSW,2024-11-15T10:26:09.364048-06:00,01JCR984YCSVZ1XX7SJCPR4K8Q,2024-11-15T10:26:09.364048-06:00
01JCRARC5ZB27H68GST43JZ504,01JCR96EQ8TKT30PG60MKNZGBX,2024-11-15T10:33:31.327445-06:00,01JCR96ER19PXF2MX7P3FJHQQS,2024-11-15T10:33:31.327445-06:00,01JCR9717Y0R73AJJ1WHF36GF4,2024-11-15T10:33:31.327445-06:00,01JCR984YE9CDHD19NS0YDX2BR,2024-11-15T10:33:31.327445-06:00
01JFDVSTXPAFQ17F4GR2W3G2AK,01JFDV84DCC4SQ40N3E8PTX0C8,2024-12-18T15:46:51.702363-06:00,01JFDV84E34ZPR7YDZ5Y8KWKWT,2024-12-18T15:46:51.702363-06:00,01JFDV8MWK4YRP3E2WXQN0KXBY,2024-12-18T15:46:51.702363-06:00,01JFDV9PPVHW4P38FRYXNMPW38,2024-12-18T15:46:51.702363-06:00
01JFDVYB57EDDJ7JRP8DBBCWBS,01JFDVW0ZVCHYT1ZVSG6HK4GFC,2024-12-18T15:49:19.399597-06:00,01JFDVW10EHHD4K5YPBZGJAPC1,2024-12-18T15:49:19.399597-06:00,01JFDVW94SYZT0GHEVK487YKK7,2024-12-18T15:49:19.399597-06:00,01JFDVXMBE9YY5535FGK8VBRHH,2024-12-18T15:49:19.399597-06:00
01JFDYCC1Z73NV1DW2F442YSK1,01JFDY9HWAP51JH296XYDSWE5D,2024-12-18T16:31:56.223345-06:00,01JFDY9HX1C9VEESZ2BQ8ARY5B,2024-12-18T16:31:56.223345-06:00,01JFDY9ZZGMG8TCH1J95MT38M8,2024-12-18T16:31:56.223345-06:00,01JFDYB1Q87SGKKCXVPZX7TKW0,2024-12-18T16:31:56.223345-06:00
01JCR9A2Z6ZC0QKAYFNMWTTA7X,01JCR96EQ8TKT30PG60MKNZGBX,2024-11-15T10:08:14.56658-06:00,01JCR96ER19PXF2MX7P3FJHQQS,2024-11-15T10:08:14.56658-06:00,01JCR96W8Z845MS0NRDTMYXVSW,2024-11-15T10:08:14.56658-06:00,01JCR984Y4NYNNX5S8MD0R320F,2024-11-15T10:08:14.56658-06:00
01JCR9VDTG7RZP3H89SG4166Y8,01JCR96EQ8TKT30PG60MKNZGBX,2024-11-15T10:17:42.736029-06:00,01JCR96ER19PXF2MX7P3FJHQQS,2024-11-15T10:17:42.736029-06:00,01JCR96W8Z845MS0NRDTMYXVSW,2024-11-15T10:17:42.736029-06:00,01JCR984Y5GVZFAE025EEFBJ38,2024-11-15T10:17:42.736029-06:00
01JCRA17E9W8RGDXVGQMZW5G0H,01JCR96EQ8TKT30PG60MKNZGBX,2024-11-15T10:20:52.809249-06:00,01JCR96ER19PXF2MX7P3FJHQQS,2024-11-15T10:20:52.809249-06:00,01JCR9717Y0R73AJJ1WHF36GF4,2024-11-15T10:20:52.809249-06:00,01JCR984Y7YP7C70WSDN063XNG,2024-11-15T10:20:52.809249-06:00
01JCRA717P8861SMXF2H9R2B5T,01JCR96EQ8TKT30PG60MKNZGBX,2024-11-15T10:24:03.06225-06:00,01JCR96ER19PXF2MX7P3FJHQQS,2024-11-15T10:24:03.06225-06:00,01JCR96W8Z845MS0NRDTMYXVSW,2024-11-15T10:24:03.06225-06:00,01JCR984YBG2RZ10SPX1ZBQMEN,2024-11-15T10:24:03.06225-06:00
01JFDVYJ24QCR3FDGS3RZN90NJ,01JFDVW0ZVCHYT1ZVSG6HK4GFC,2024-12-18T15:49:26.468818-06:00,01JFDVW10EHHD4K5YPBZGJAPC1,2024-12-18T15:49:26.468818-06:00,01JFDVWBW0MDWMPWREB89KZ60E,2024-12-18T15:49:26.468818-06:00,01JFDVXMBFJ2DY4TX2W2ZMZ5BG,2024-12-18T15:49:26.468818-06:00
01JFDWER7MMZN1HRM67HF9EQKG,01JFDWD1V5FG32CJV82YZTH5ZT,2024-12-18T15:58:17.0767-06:00,01JFDWD1VKRSE9VH05R3S3T0R9,2024-12-18T15:58:17.0767-06:00,01JFDWDWEMQAFWBJGR52GT4E77,2024-12-18T15:58:17.0767-06:00,01JFDWE9PPGJ9MSCDSNXAHVXJZ,2024-12-18T15:58:17.0767-06:00
01JFDWKQW7YJBAY12CBC4VK1X8,01JFDWJ1E2AAQX94WK9V33MAP0,2024-12-18T16:01:00.551339-06:00,01JFDWJ1EWNRFQBF7A39JYQJPM,2024-12-18T16:01:00.551339-06:00,01JFDWJQJR4E1D8QS1KT5WSD3C,2024-12-18T16:01:00.551339-06:00,01JFDWK45CZWEMCDAS5T442VRG,2024-12-18T16:01:00.551339-06:00
01JFDWKQW7YJBAY12CBJZCK4K0,01JFDWJ1E2AAQX94WK9V33MAP0,2024-12-18T16:01:00.551935-06:00,01JFDWJ1EWNRFQBF7A39JYQJPM,2024-12-18T16:01:00.551935-06:00,01JFDWJ8418ZFF409B878Y1K22,2024-12-18T16:01:00.551935-06:00,01JFDWK45CZWEMCDAS5T442VRG,2024-12-18T16:01:00.551935-06:00
01JCRA717N6M48Y88Q5RP88TMW,01JCR96EQ8TKT30PG60MKNZGBX,2024-11-15T10:24:03.061832-06:00,01JCR96ER19PXF2MX7P3FJHQQS,2024-11-15T10:24:03.061832-06:00,01JCR9717Y0R73AJJ1WHF36GF4,2024-11-15T10:24:03.061832-06:00,01JCR984YBG2RZ10SPX1ZBQMEN,2024-11-15T10:24:03.061832-06:00
01JCRAAWJK9P7CYBJE14RQPHHY,01JCR96EQ8TKT30PG60MKNZGBX,2024-11-15T10:26:09.36373-06:00,01JCR96ER19PXF2MX7P3FJHQQS,2024-11-15T10:26:09.36373-06:00,01JCR9717Y0R73AJJ1WHF36GF4,2024-11-15T10:26:09.36373-06:00,01JCR984YCSVZ1XX7SJCPR4K8Q,2024-11-15T10:26:09.36373-06:00
01JCRAPEJ3YH4EW1WSGBDYTTN3,01JCR96EQ8TKT30PG60MKNZGBX,2024-11-15T10:32:28.227875-06:00,01JCR96ER19PXF2MX7P3FJHQQS,2024-11-15T10:32:28.227875-06:00,01JCR9717Y0R73AJJ1WHF36GF4,2024-11-15T10:32:28.227875-06:00,01JCR984YDMTGWK0WFXYDNCCFB,2024-11-15T10:32:28.227875-06:00
01JFDSVW8HF7NDEQCK2CHV700H,01JFDSSSVXWHGZDM22E8FFSECT,2024-12-18T15:13:01.457289-06:00,01JFDSSSWN6M8D0YAAM6P5C6FC,2024-12-18T15:13:01.457289-06:00,01JFDST8NM1B00AKP6S5KCFRBB,2024-12-18T15:13:01.457289-06:00,01JFDSVG1MQP1ZW9NVK769RPJM,2024-12-18T15:13:01.457289-06:00
01JFDVSTXPAFQ17F4GQMXVRRY9,01JFDV84DCC4SQ40N3E8PTX0C8,2024-12-18T15:46:51.702088-06:00,01JFDV84E34ZPR7YDZ5Y8KWKWT,2024-12-18T15:46:51.702088-06:00,01JFDV8JZHYBJNJ807JCHZZVYG,2024-12-18T15:46:51.702088-06:00,01JFDV9PPVHW4P38FRYXNMPW38,2024-12-18T15:46:51.702088-06:00
01JFDVZ0T4QA0ADAXXNAJ90FR3,01JFDVW0ZVCHYT1ZVSG6HK4GFC,2024-12-18T15:49:41.572377-06:00,01JFDVW10EHHD4K5YPBZGJAPC1,2024-12-18T15:49:41.572377-06:00,01JFDVWBW0MDWMPWREB89KZ60E,2024-12-18T15:49:41.572377-06:00,01JFDVXMBE9YY5535FHC7R6T18,2024-12-18T15:49:41.572377-06:00
01JFDWFJV5QJ8824H248V409BS,01JFDWD1V5FG32CJV82YZTH5ZT,2024-12-18T15:58:44.326024-06:00,01JFDWD1VKRSE9VH05R3S3T0R9,2024-12-18T15:58:44.326024-06:00,01JFDWDWEMQAFWBJGR52GT4E77,2024-12-18T15:58:44.326024-06:00,01JFDWE9PQS20XN40A16SE2X28,2024-12-18T15:58:44.326024-06:00
01JFDWMJ3BQ8Z0AF7YXYNNB5J6,01JFDWJ1E2AAQX94WK9V33MAP0,2024-12-18T16:01:27.403426-06:00,01JFDWJ1EWNRFQBF7A39JYQJPM,2024-12-18T16:01:27.403426-06:00,01JFDWJ8418ZFF409B878Y1K22,2024-12-18T16:01:27.403426-06:00,01JFDWK45ES159H0RQWGVH4YZM,2024-12-18T16:01:27.403426-06:00
01JCR9NMP343DVQYVSB5ZDGHAB,01JCR96EQ8TKT30PG60MKNZGBX,2024-11-15T10:14:33.15542-06:00,01JCR96ER19PXF2MX7P3FJHQQS,2024-11-15T10:14:33.15542-06:00,01JCR96W8Z845MS0NRDTMYXVSW,2024-11-15T10:14:33.15542-06:00,01JCR984Y5GVZFAE024N7K70YN,2024-11-15T10:14:33.15542-06:00
01JCR9XBKHPXX5Q982ZT6MJZ7D,01JCR96EQ8TKT30PG60MKNZGBX,2024-11-15T10:18:46.001205-06:00,01JCR96ER19PXF2MX7P3FJHQQS,2024-11-15T10:18:46.001205-06:00,01JCR96W8Z845MS0NRDTMYXVSW,2024-11-15T10:18:46.001205-06:00,01JCR984Y6S15YG84JQSD7ZEKQ,2024-11-15T10:18:46.001205-06:00
01JFDVM4X9CHV52BH891514XCN,01JFDV84DCC4SQ40N3E8PTX0C8,2024-12-18T15:43:45.321634-06:00,01JFDV84E34ZPR7YDZ5Y8KWKWT,2024-12-18T15:43:45.321634-06:00,01JFDV8MWK4YRP3E2WXQN0KXBY,2024-12-18T15:43:45.321634-06:00,01JFDV9PPTCAD3C900RPAHVB5R,2024-12-18T15:43:45.321634-06:00
01JFDWFJV5QJ8824H23YFESMV6,01JFDWD1V5FG32CJV82YZTH5ZT,2024-12-18T15:58:44.325435-06:00,01JFDWD1VKRSE9VH05R3S3T0R9,2024-12-18T15:58:44.325435-06:00,01JFDWD7S3M5G569W7ZFF8KTQQ,2024-12-18T15:58:44.325435-06:00,01JFDWE9PQS20XN40A16SE2X28,2024-12-18T15:58:44.325435-06:00
01JFDWG28BZYTX1RBSX69626YX,01JFDWD1V5FG32CJV82YZTH5ZT,2024-12-18T15:59:00.107435-06:00,01JFDWD1VKRSE9VH05R3S3T0R9,2024-12-18T15:59:00.107435-06:00,01JFDWDWEMQAFWBJGR52GT4E77,2024-12-18T15:59:00.107435-06:00,01JFDWE9PR2XNGVDHW2GSWDNQM,2024-12-18T15:59:00.107435-06:00
01JFDYF2YXB5389QWVDKZWPM65,01JFDY9HWAP51JH296XYDSWE5D,2024-12-18T16:33:25.213752-06:00,01JFDY9HX1C9VEESZ2BQ8ARY5B,2024-12-18T16:33:25.213752-06:00,01JFDYAFZWAQJZSYZDAPVT46Y6,2024-12-18T16:33:25.213752-06:00,01JFDYB1Q87SGKKCXVSVG1Q8XJ,2024-12-18T16:33:25.213752-06:00
01JFDYJY6AAFKSWX207HXV13YB,01JFDY9HWAP51JH296XYDSWE5D,2024-12-18T16:35:31.402357-06:00,01JFDY9HX1C9VEESZ2BQ8ARY5B,2024-12-18T16:35:31.402357-06:00,01JFDYAFZWAQJZSYZDAPVT46Y6,2024-12-18T16:35:31.402357-06:00,01JFDYB1Q92P29QR9R77XHZ171,2024-12-18T16:35:31.402357-06:00
01JCRACT9ZJGQYEGQ2Y61AKGSH,01JCR96EQ8TKT30PG60MKNZGBX,2024-11-15T10:27:12.575784-06:00,01JCR96ER19PXF2MX7P3FJHQQS,2024-11-15T10:27:12.575784-06:00,01JCR96W8Z845MS0NRDTMYXVSW,2024-11-15T10:27:12.575784-06:00,01JCR984YBG2RZ10SPY99JA75W,2024-11-15T10:27:12.575784-06:00
01JCRAMGY71C7E07QDFFXSJY0F,01JCR96EQ8TKT30PG60MKNZGBX,2024-11-15T10:31:25.127589-06:00,01JCR96ER19PXF2MX7P3FJHQQS,2024-11-15T10:31:25.127589-06:00,01JCR96W8Z845MS0NRDTMYXVSW,2024-11-15T10:31:25.127589-06:00,01JCR984YE9CDHD19NQKE5ZRPJ,2024-11-15T10:31:25.127589-06:00
01JCRAY51TE414J4BMG8EK57M7,01JCR96EQ8TKT30PG60MKNZGBX,2024-11-15T10:36:40.63417-06:00,01JCR96ER19PXF2MX7P3FJHQQS,2024-11-15T10:36:40.63417-06:00,01JCR9717Y0R73AJJ1WHF36GF4,2024-11-15T10:36:40.63417-06:00,01JCR984YDMTGWK0WFZFX94MDK,2024-11-15T10:36:40.63417-06:00
01JFDVK6HVS4MHXYY2BANM63FN,01JFDV84DCC4SQ40N3E8PTX0C8,2024-12-18T15:43:14.235841-06:00,01JFDV84E34ZPR7YDZ5Y8KWKWT,2024-12-18T15:43:14.235841-06:00,01JFDV8JZHYBJNJ807JCHZZVYG,2024-12-18T15:43:14.235841-06:00,01JFDV9PPR89G4T5V6RWPH7ZC4,2024-12-18T15:43:14.235841-06:00
01JFDVVQKVJ1WEEAFG3RER8JAV,01JFDV84DCC4SQ40N3E8PTX0C8,2024-12-18T15:47:53.851215-06:00,01JFDV84E34ZPR7YDZ5Y8KWKWT,2024-12-18T15:47:53.851215-06:00,01JFDV8JZHYBJNJ807JCHZZVYG,2024-12-18T15:47:53.851215-06:00,01JFDV9PPVHW4P38FS0GMW1KK4,2024-12-18T15:47:53.851215-06:00
01JFDWHE20FB680TRND8B3GMRA,01JFDWD1V5FG32CJV82YZTH5ZT,2024-12-18T15:59:44.960875-06:00,01JFDWD1VKRSE9VH05R3S3T0R9,2024-12-18T15:59:44.960875-06:00,01JFDWDWEMQAFWBJGR52GT4E77,2024-12-18T15:59:44.960875-06:00,01JFDWE9PS6PYE0WKC14M8YAMJ,2024-12-18T15:59:44.960875-06:00
01JFDWHE21FFZKCHV3PM8F1AEZ,01JFDWD1V5FG32CJV82YZTH5ZT,2024-12-18T15:59:44.96132-06:00,01JFDWD1VKRSE9VH05R3S3T0R9,2024-12-18T15:59:44.96132-06:00,01JFDWD7S3M5G569W7ZFF8KTQQ,2024-12-18T15:59:44.96132-06:00,01JFDWE9PS6PYE0WKC14M8YAMJ,2024-12-18T15:59:44.96132-06:00
01JFDYF2YYEX52V84NZ2E3JG7Q,01JFDY9HWAP51JH296XYDSWE5D,2024-12-18T16:33:25.214247-06:00,01JFDY9HX1C9VEESZ2BQ8ARY5B,2024-12-18T16:33:25.214247-06:00,01JFDY9ZZGMG8TCH1J95MT38M8,2024-12-18T16:33:25.214247-06:00,01JFDYB1Q87SGKKCXVSVG1Q8XJ,2024-12-18T16:33:25.214247-06:00
01JCR9KQ2PD3AV9B6J4P5E52KE,01JCR96EQ8TKT30PG60MKNZGBX,2024-11-15T10:13:30.070574-06:00,01JCR96ER19PXF2MX7P3FJHQQS,2024-11-15T10:13:30.070574-06:00,01JCR9717Y0R73AJJ1WHF36GF4,2024-11-15T10:13:30.070574-06:00,01JCR984Y4NYNNX5S8PEXZE20Q,2024-11-15T10:13:30.070574-06:00
01JCRA35CW64GEW98V1QZYYBJA,01JCR96EQ8TKT30PG60MKNZGBX,2024-11-15T10:21:56.252644-06:00,01JCR96ER19PXF2MX7P3FJHQQS,2024-11-15T10:21:56.252644-06:00,01JCR9717Y0R73AJJ1WHF36GF4,2024-11-15T10:21:56.252644-06:00,01JCR984Y8W62SBJP8FYWQPACB,2024-11-15T10:21:56.252644-06:00
01JCRAY51SVDK5F6KF45R1K53S,01JCR96EQ8TKT30PG60MKNZGBX,2024-11-15T10:36:40.633734-06:00,01JCR96ER19PXF2MX7P3FJHQQS,2024-11-15T10:36:40.633734-06:00,01JCR96W8Z845MS0NRDTMYXVSW,2024-11-15T10:36:40.633734-06:00,01JCR984YDMTGWK0WFZFX94MDK,2024-11-15T10:36:40.633734-06:00
01JCRB02PQRHYPPCSYZEG4DK2N,01JCR96EQ8TKT30PG60MKNZGBX,2024-11-15T10:37:43.767977-06:00,01JCR96ER19PXF2MX7P3FJHQQS,2024-11-15T10:37:43.767977-06:00,01JCR9717Y0R73AJJ1WHF36GF4,2024-11-15T10:37:43.767977-06:00,01JCR984YE9CDHD19NR8BSDKH1,2024-11-15T10:37:43.767977-06:00
01JFDVFD5NHDAEE19JT42VQNX3,01JFDV84DCC4SQ40N3E8PTX0C8,2024-12-18T15:41:09.941839-06:00,01JFDV84E34ZPR7YDZ5Y8KWKWT,2024-12-18T15:41:09.941839-06:00,01JFDV8JZHYBJNJ807JCHZZVYG,2024-12-18T15:41:09.941839-06:00,01JFDV9PPR89G4T5V6X8N71N60,2024-12-18T15:41:09.941839-06:00
01JFDVM4X9CHV52BH88KNGDCYQ,01JFDV84DCC4SQ40N3E8PTX0C8,2024-12-18T15:43:45.321178-06:00,01JFDV84E34ZPR7YDZ5Y8KWKWT,2024-12-18T15:43:45.321178-06:00,01JFDV8JZHYBJNJ807JCHZZVYG,2024-12-18T15:43:45.321178-06:00,01JFDV9PPTCAD3C900RPAHVB5R,2024-12-18T15:43:45.321178-06:00
01JFDVTS8H33TD2WAQM91VW15S,01JFDV84DCC4SQ40N3E8PTX0C8,2024-12-18T15:47:22.769537-06:00,01JFDV84E34ZPR7YDZ5Y8KWKWT,2024-12-18T15:47:22.769537-06:00,01JFDV8JZHYBJNJ807JCHZZVYG,2024-12-18T15:47:22.769537-06:00,01JFDV9PPVHW4P38FRY7V4YAX6,2024-12-18T15:47:22.769537-06:00
01JFDYH0JQYWQ2DDKB60DYM75Q,01JFDY9HWAP51JH296XYDSWE5D,2024-12-18T16:34:28.311853-06:00,01JFDY9HX1C9VEESZ2BQ8ARY5B,2024-12-18T16:34:28.311853-06:00,01JFDY9ZZGMG8TCH1J95MT38M8,2024-12-18T16:34:28.311853-06:00,01JFDYB1Q87SGKKCXVRVHMGHWH,2024-12-18T16:34:28.311853-06:00
01JFDYPSCYSNME1SGVBCRBHKBR,01JFDY9HWAP51JH296XYDSWE5D,2024-12-18T16:37:37.566835-06:00,01JFDY9HX1C9VEESZ2BQ8ARY5B,2024-12-18T16:37:37.566835-06:00,01JFDY9ZZGMG8TCH1J95MT38M8,2024-12-18T16:37:37.566835-06:00,01JFDYB1QA9Q0AG5ESWXW6Y38W,2024-12-18T16:37:37.566835-06:00
01JFDVRWJP1SZNVQ054DNPVTX7,01JFDV84DCC4SQ40N3E8PTX0C8,2024-12-18T15:46:20.630943-06:00,01JFDV84E34ZPR7YDZ5Y8KWKWT,2024-12-18T15:46:20.630943-06:00,01JFDV8JZHYBJNJ807JCHZZVYG,2024-12-18T15:46:20.630943-06:00,01JFDV9PPSRDJZ85BPWBFH4N02,2024-12-18T15:46:20.630943-06:00
01JFDYH0JR1N7SYYYK86HRKV4G,01JFDY9HWAP51JH296XYDSWE5D,2024-12-18T16:34:28.312478-06:00,01JFDY9HX1C9VEESZ2BQ8ARY5B,2024-12-18T16:34:28.312478-06:00,01JFDYAFZWAQJZSYZDAPVT46Y6,2024-12-18T16:34:28.312478-06:00,01JFDYB1Q87SGKKCXVRVHMGHWH,2024-12-18T16:34:28.312478-06:00
01JCRA17E7GSTAVFQSVCFC5HAZ,01JCR96EQ8TKT30PG60MKNZGBX,2024-11-15T10:20:52.807946-06:00,01JCR96ER19PXF2MX7P3FJHQQS,2024-11-15T10:20:52.807946-06:00,01JCR96W8Z845MS0NRDTMYXVSW,2024-11-15T10:20:52.807946-06:00,01JCR984Y7YP7C70WSDN063XNG,2024-11-15T10:20:52.807946-06:00
01JFDVEET2YWZH2T6FS28NM48C,01JFDV84DCC4SQ40N3E8PTX0C8,2024-12-18T15:40:38.850086-06:00,01JFDV84E34ZPR7YDZ5Y8KWKWT,2024-12-18T15:40:38.850086-06:00,01JFDV8MWK4YRP3E2WXQN0KXBY,2024-12-18T15:40:38.850086-06:00,01JFDV9PPPY98QW0T59VGKGXTJ,2024-12-18T15:40:38.850086-06:00
01JFDV9Q3TFMSKZK1TCZFFCM12,01JFDV84DCC4SQ40N3E8PTX0C8,2024-12-18T15:38:03.514382-06:00,01JFDV84E34ZPR7YDZ5Y8KWKWT,2024-12-18T15:38:03.514382-06:00,01JFDV8MWK4YRP3E2WXQN0KXBY,2024-12-18T15:38:03.514382-06:00,01JFDV9PPPY98QW0T595RBTKC8,2024-12-18T15:38:03.514382-06:00
01JFDVJ86S9FDQF35FWBB98V9V,01JFDV84DCC4SQ40N3E8PTX0C8,2024-12-18T15:42:43.16142-06:00,01JFDV84E34ZPR7YDZ5Y8KWKWT,2024-12-18T15:42:43.16142-06:00,01JFDV8JZHYBJNJ807JCHZZVYG,2024-12-18T15:42:43.16142-06:00,01JFDV9PPTCAD3C900S9WEEHRE,2024-12-18T15:42:43.16142-06:00
01JFDWFAVEVV1ZDS8CEKRSNA3B,01JFDWD1V5FG32CJV82YZTH5ZT,2024-12-18T15:58:36.142475-06:00,01JFDWD1VKRSE9VH05R3S3T0R9,2024-12-18T15:58:36.142475-06:00,01JFDWD7S3M5G569W7ZFF8KTQQ,2024-12-18T15:58:36.142475-06:00,01JFDWE9PQS20XN40A279FYMMT,2024-12-18T15:58:36.142475-06:00
01JFDYD5B572208MMDSJBGWW7K,01JFDY9HWAP51JH296XYDSWE5D,2024-12-18T16:32:22.117719-06:00,01JFDY9HX1C9VEESZ2BQ8ARY5B,2024-12-18T16:32:22.117719-06:00,01JFDY9ZZGMG8TCH1J95MT38M8,2024-12-18T16:32:22.117719-06:00,01JFDYB1Q7X43YN3PMHXQKT9EX,2024-12-18T16:32:22.117719-06:00
01JFDYJY6B4Q709YSAESMB5XDV,01JFDY9HWAP51JH296XYDSWE5D,2024-12-18T16:35:31.403092-06:00,01JFDY9HX1C9VEESZ2BQ8ARY5B,2024-12-18T16:35:31.403092-06:00,01JFDY9ZZGMG8TCH1J95MT38M8,2024-12-18T16:35:31.403092-06:00,01JFDYB1Q92P29QR9R77XHZ171,2024-12-18T16:35:31.403092-06:00
01JCR9Z9JETMWGJRVFSTAHJPK5,01JCR96EQ8TKT30PG60MKNZGBX,2024-11-15T10:19:49.454115-06:00,01JCR96ER19PXF2MX7P3FJHQQS,2024-11-15T10:19:49.454115-06:00,01JCR96W8Z845MS0NRDTMYXVSW,2024-11-15T10:19:49.454115-06:00,01JCR984Y8W62SBJP8F77TPH8Z,2024-11-15T10:19:49.454115-06:00
01JCR9QJBWVWJXAYH81FNNRPM0,01JCR96EQ8TKT30PG60MKNZGBX,2024-11-15T10:15:36.316153-06:00,01JCR96ER19PXF2MX7P3FJHQQS,2024-11-15T10:15:36.316153-06:00,01JCR9717Y0R73AJJ1WHF36GF4,2024-11-15T10:15:36.316153-06:00,01JCR984Y5GVZFAE023X6NHEF9,2024-11-15T10:15:36.316153-06:00
01JFDVP1K8PQN5CCHRMNNT4BC8,01JFDV84DCC4SQ40N3E8PTX0C8,2024-12-18T15:44:47.464646-06:00,01JFDV84E34ZPR7YDZ5Y8KWKWT,2024-12-18T15:44:47.464646-06:00,01JFDV8JZHYBJNJ807JCHZZVYG,2024-12-18T15:44:47.464646-06:00,01JFDV9PPWNQ5PS23KBT5R0KTX,2024-12-18T15:44:47.464646-06:00
01JFDVP1K9B066S4D33GZEXFAG,01JFDV84DCC4SQ40N3E8PTX0C8,2024-12-18T15:44:47.465194-06:00,01JFDV84E34ZPR7YDZ5Y8KWKWT,2024-12-18T15:44:47.465194-06:00,01JFDV8MWK4YRP3E2WXQN0KXBY,2024-12-18T15:44:47.465194-06:00,01JFDV9PPWNQ5PS23KBT5R0KTX,2024-12-18T15:44:47.465194-06:00
01JFDVXMRNT5BXPFH0TDK8TNQQ,01JFDVW0ZVCHYT1ZVSG6HK4GFC,2024-12-18T15:48:56.469239-06:00,01JFDVW10EHHD4K5YPBZGJAPC1,2024-12-18T15:48:56.469239-06:00,01JFDVWBW0MDWMPWREB89KZ60E,2024-12-18T15:48:56.469239-06:00,01JFDVXMBBNWNAT04RQ6415MS9,2024-12-18T15:48:56.469239-06:00
01JFDYB24E53ZWAHE4F9AR40N6,01JFDY9HWAP51JH296XYDSWE5D,2024-12-18T16:31:13.294853-06:00,01JFDY9HX1C9VEESZ2BQ8ARY5B,2024-12-18T16:31:13.294853-06:00,01JFDYAFZWAQJZSYZDAPVT46Y6,2024-12-18T16:31:13.294853-06:00,01JFDYB1Q2SR88QA1KBJCX8J1J,2024-12-18T16:31:13.294853-06:00
01JCRACT9YX6WD7YPT61PY4BNQ,01JCR96EQ8TKT30PG60MKNZGBX,2024-11-15T10:27:12.57427-06:00,01JCR96ER19PXF2MX7P3FJHQQS,2024-11-15T10:27:12.57427-06:00,01JCR9717Y0R73AJJ1WHF36GF4,2024-11-15T10:27:12.57427-06:00,01JCR984YBG2RZ10SPY99JA75W,2024-11-15T10:27:12.57427-06:00
01JCRAGNPKCF15RBGV1821FWP2,01JCR96EQ8TKT30PG60MKNZGBX,2024-11-15T10:29:18.931814-06:00,01JCR96ER19PXF2MX7P3FJHQQS,2024-11-15T10:29:18.931814-06:00,01JCR9717Y0R73AJJ1WHF36GF4,2024-11-15T10:29:18.931814-06:00,01JCR984YDMTGWK0WFYMT021DP,2024-11-15T10:29:18.931814-06:00
01JFDVVQKVJ1WEEAFG3YZ5VSDC,01JFDV84DCC4SQ40N3E8PTX0C8,2024-12-18T15:47:53.851606-06:00,01JFDV84E34ZPR7YDZ5Y8KWKWT,2024-12-18T15:47:53.851606-06:00,01JFDV8MWK4YRP3E2WXQN0KXBY,2024-12-18T15:47:53.851606-06:00,01JFDV9PPVHW4P38FS0GMW1KK4,2024-12-18T15:47:53.851606-06:00
01JFDYBXWQBA0MC4RR8KHYJJQ0,01JFDY9HWAP51JH296XYDSWE5D,2024-12-18T16:31:41.71988-06:00,01JFDY9HX1C9VEESZ2BQ8ARY5B,2024-12-18T16:31:41.71988-06:00,01JFDY9ZZGMG8TCH1J95MT38M8,2024-12-18T16:31:41.71988-06:00,01JFDYB1Q6JQ20CGZQ2EJWD6B8,2024-12-18T16:31:41.71988-06:00
01JCR985B73CMJ37AACS8FPYQ9,01JCR96EQ8TKT30PG60MKNZGBX,2024-11-15T10:07:11.46308-06:00,01JCR96ER19PXF2MX7P3FJHQQS,2024-11-15T10:07:11.46308-06:00,01JCR9717Y0R73AJJ1WHF36GF4,2024-11-15T10:07:11.46308-06:00,01JCR984Y3RBZGKQA650QPWYY6,2024-11-15T10:07:11.46308-06:00
01JCRA53ASSRN773PRXGBMP1BS,01JCR96EQ8TKT30PG60MKNZGBX,2024-11-15T10:22:59.673783-06:00,01JCR96ER19PXF2MX7P3FJHQQS,2024-11-15T10:22:59.673783-06:00,01JCR96W8Z845MS0NRDTMYXVSW,2024-11-15T10:22:59.673783-06:00,01JCR984YAQFDRQNTYT4NBSWCV,2024-11-15T10:22:59.673783-06:00
01JCRAMGY71C7E07QDFPRSHR4Q,01JCR96EQ8TKT30PG60MKNZGBX,2024-11-15T10:31:25.127884-06:00,01JCR96ER19PXF2MX7P3FJHQQS,2024-11-15T10:31:25.127884-06:00,01JCR9717Y0R73AJJ1WHF36GF4,2024-11-15T10:31:25.127884-06:00,01JCR984YE9CDHD19NQKE5ZRPJ,2024-11-15T10:31:25.127884-06:00
01JCRAT9T6DF6QP1YJAN0D08RV,01JCR96EQ8TKT30PG60MKNZGBX,2024-11-15T10:34:34.438709-06:00,01JCR96ER19PXF2MX7P3FJHQQS,2024-11-15T10:34:34.438709-06:00,01JCR96W8Z845MS0NRDTMYXVSW,2024-11-15T10:34:34.438709-06:00,01JCR984YE9CDHD19NVEE0441Z,2024-11-15T10:34:34.438709-06:00
01JFDYMVSRAW806CA6A73NV30T,01JFDY9HWAP51JH296XYDSWE5D,2024-12-18T16:36:34.488046-06:00,01JFDY9HX1C9VEESZ2BQ8ARY5B,2024-12-18T16:36:34.488046-06:00,01JFDYAFZWAQJZSYZDAPVT46Y6,2024-12-18T16:36:34.488046-06:00,01JFDYB1Q87SGKKCXVTZSRYETH,2024-12-18T16:36:34.488046-06:00
01JCR9C0KF8Z4V1TN76R2MHRFP,01JCR96EQ8TKT30PG60MKNZGBX,2024-11-15T10:09:17.679425-06:00,01JCR96ER19PXF2MX7P3FJHQQS,2024-11-15T10:09:17.679425-06:00,01JCR96W8Z845MS0NRDTMYXVSW,2024-11-15T10:09:17.679425-06:00,01JCR984Y5GVZFAE022DZ7WHRA,2024-11-15T10:09:17.679425-06:00
01JCR9DY7DS5MV41GGSQTC03C9,01JCR96EQ8TKT30PG60MKNZGBX,2024-11-15T10:10:20.781473-06:00,01JCR96ER19PXF2MX7P3FJHQQS,2024-11-15T10:10:20.781473-06:00,01JCR96W8Z845MS0NRDTMYXVSW,2024-11-15T10:10:20.781473-06:00,01JCR984Y4NYNNX5S8NAY7VZW0,2024-11-15T10:10:20.781473-06:00
01JCRAER0VMJMB8W35S65VD1EJ,01JCR96EQ8TKT30PG60MKNZGBX,2024-11-15T10:28:15.771373-06:00,01JCR96ER19PXF2MX7P3FJHQQS,2024-11-15T10:28:15.771373-06:00,01JCR96W8Z845MS0NRDTMYXVSW,2024-11-15T10:28:15.771373-06:00,01JCR984YE9CDHD19NSQMB1D0N,2024-11-15T10:28:15.771373-06:00
01JFDVY4VH8BEN4SGBDH7VC6D0,01JFDVW0ZVCHYT1ZVSG6HK4GFC,2024-12-18T15:49:12.945339-06:00,01JFDVW10EHHD4K5YPBZGJAPC1,2024-12-18T15:49:12.945339-06:00,01JFDVWBW0MDWMPWREB89KZ60E,2024-12-18T15:49:12.945339-06:00,01JFDVXMBFJ2DY4TX2V5BZ5M42,2024-12-18T15:49:12.945339-06:00
01JFDWER7MMZN1HRM6791ACW8V,01JFDWD1V5FG32CJV82YZTH5ZT,2024-12-18T15:58:17.076102-06:00,01JFDWD1VKRSE9VH05R3S3T0R9,2024-12-18T15:58:17.076102-06:00,01JFDWD7S3M5G569W7ZFF8KTQQ,2024-12-18T15:58:17.076102-06:00,01JFDWE9PPGJ9MSCDSNXAHVXJZ,2024-12-18T15:58:17.076102-06:00
01JFDWMJ3CAGVY18165E982FBK,01JFDWJ1E2AAQX94WK9V33MAP0,2024-12-18T16:01:27.404284-06:00,01JFDWJ1EWNRFQBF7A39JYQJPM,2024-12-18T16:01:27.404284-06:00,01JFDWJQJR4E1D8QS1KT5WSD3C,2024-12-18T16:01:27.404284-06:00,01JFDWK45ES159H0RQWGVH4YZM,2024-12-18T16:01:27.404284-06:00
01JCR9HSEM17HE5080N5HJCN28,01JCR96EQ8TKT30PG60MKNZGBX,2024-11-15T10:12:26.964429-06:00,01JCR96ER19PXF2MX7P3FJHQQS,2024-11-15T10:12:26.964429-06:00,01JCR96W8Z845MS0NRDTMYXVSW,2024-11-15T10:12:26.964429-06:00,01JCR984Y5GVZFAE0235FCTZNA,2024-11-15T10:12:26.964429-06:00
01JCRA53ATE1D41CNPH3MEBM44,01JCR96EQ8TKT30PG60MKNZGBX,2024-11-15T10:22:59.67452-06:00,01JCR96ER19PXF2MX7P3FJHQQS,2024-11-15T10:22:59.67452-06:00,01JCR9717Y0R73AJJ1WHF36GF4,2024-11-15T10:22:59.67452-06:00,01JCR984YAQFDRQNTYT4NBSWCV,2024-11-15T10:22:59.67452-06:00
01JFDVXXT3B1AK3G9HH6T8VTDQ,01JFDVW0ZVCHYT1ZVSG6HK4GFC,2024-12-18T15:49:05.73111-06:00,01JFDVW10EHHD4K5YPBZGJAPC1,2024-12-18T15:49:05.73111-06:00,01JFDVWBW0MDWMPWREB89KZ60E,2024-12-18T15:49:05.73111-06:00,01JFDVXMBCMKPJWV50K9487JBW,2024-12-18T15:49:05.73111-06:00
01JFDVZC2HN494QBS9BJCYZR73,01JFDVW0ZVCHYT1ZVSG6HK4GFC,2024-12-18T15:49:53.105038-06:00,01JFDVW10EHHD4K5YPBZGJAPC1,2024-12-18T15:49:53.105038-06:00,01JFDVW94SYZT0GHEVK487YKK7,2024-12-18T15:49:53.105038-06:00,01JFDVXMBG5YPHPEEBCA6CXZRH,2024-12-18T15:49:53.105038-06:00
01JFDWF11FQK9DMRHXNHF9WEBF,01JFDWD1V5FG32CJV82YZTH5ZT,2024-12-18T15:58:26.095965-06:00,01JFDWD1VKRSE9VH05R3S3T0R9,2024-12-18T15:58:26.095965-06:00,01JFDWDWEMQAFWBJGR52GT4E77,2024-12-18T15:58:26.095965-06:00,01JFDWE9PQS20XN409ZHEJ9RBW,2024-12-18T15:58:26.095965-06:00
01JFDWM7YR1X1SDMQ9HPHBB9KH,01JFDWJ1E2AAQX94WK9V33MAP0,2024-12-18T16:01:17.016661-06:00,01JFDWJ1EWNRFQBF7A39JYQJPM,2024-12-18T16:01:17.016661-06:00,01JFDWJQJR4E1D8QS1KT5WSD3C,2024-12-18T16:01:17.016661-06:00,01JFDWK44WEWSJQQ785B86554F,2024-12-18T16:01:17.016661-06:00
01JCR9FVVA1CTKPQBV96445W2M,01JCR96EQ8TKT30PG60MKNZGBX,2024-11-15T10:11:23.882869-06:00,01JCR96ER19PXF2MX7P3FJHQQS,2024-11-15T10:11:23.882869-06:00,01JCR96W8Z845MS0NRDTMYXVSW,2024-11-15T10:11:23.882869-06:00,01JCR984Y4NYNNX5S8Q9KJJH03,2024-11-15T10:11:23.882869-06:00
01JCR9XBKGC4QVFRST4Z7Y60HD,01JCR96EQ8TKT30PG60MKNZGBX,2024-11-15T10:18:46.000594-06:00,01JCR96ER19PXF2MX7P3FJHQQS,2024-11-15T10:18:46.000594-06:00,01JCR9717Y0R73AJJ1WHF36GF4,2024-11-15T10:18:46.000594-06:00,01JCR984Y6S15YG84JQSD7ZEKQ,2024-11-15T10:18:46.000594-06:00
01JFDWG28BZYTX1RBSWV0XDX37,01JFDWD1V5FG32CJV82YZTH5ZT,2024-12-18T15:59:00.107075-06:00,01JFDWD1VKRSE9VH05R3S3T0R9,2024-12-18T15:59:00.107075-06:00,01JFDWD7S3M5G569W7ZFF8KTQQ,2024-12-18T15:59:00.107075-06:00,01JFDWE9PR2XNGVDHW2GSWDNQM,2024-12-18T15:59:00.107075-06:00
01JFDWK4J0PZ9TJFYH76JVJ7BP,01JFDWJ1E2AAQX94WK9V33MAP0,2024-12-18T16:00:40.76866-06:00,01JFDWJ1EWNRFQBF7A39JYQJPM,2024-12-18T16:00:40.76866-06:00,01JFDWJ8418ZFF409B878Y1K22,2024-12-18T16:00:40.76866-06:00,01JFDWK44RDYQA9BSSQ9TWXRDE,2024-12-18T16:00:40.76866-06:00
01JFDYBC9TYPMSRF9AQP7V5KWF,01JFDY9HWAP51JH296XYDSWE5D,2024-12-18T16:31:23.706781-06:00,01JFDY9HX1C9VEESZ2BQ8ARY5B,2024-12-18T16:31:23.706781-06:00,01JFDYAFZWAQJZSYZDAPVT46Y6,2024-12-18T16:31:23.706781-06:00,01JFDYB1Q7X43YN3PMH1R96PSX,2024-12-18T16:31:23.706781-06:00
01JFDYBXWQBA0MC4RR895M4VM7,01JFDY9HWAP51JH296XYDSWE5D,2024-12-18T16:31:41.719367-06:00,01JFDY9HX1C9VEESZ2BQ8ARY5B,2024-12-18T16:31:41.719367-06:00,01JFDYAFZWAQJZSYZDAPVT46Y6,2024-12-18T16:31:41.719367-06:00,01JFDYB1Q6JQ20CGZQ2EJWD6B8,2024-12-18T16:31:41.719367-06:00
01JCR9SG271GH4ZREQNF163WD4,01JCR96EQ8TKT30PG60MKNZGBX,2024-11-15T10:16:39.495806-06:00,01JCR96ER19PXF2MX7P3FJHQQS,2024-11-15T10:16:39.495806-06:00,01JCR9717Y0R73AJJ1WHF36GF4,2024-11-15T10:16:39.495806-06:00,01JCR984Y6S15YG84JRC8YT22R,2024-11-15T10:16:39.495806-06:00
01JFDVCJ4AEFHRC1157BPQ2YSJ,01JFDV84DCC4SQ40N3E8PTX0C8,2024-12-18T15:39:36.714924-06:00,01JFDV84E34ZPR7YDZ5Y8KWKWT,2024-12-18T15:39:36.714924-06:00,01JFDV8JZHYBJNJ807JCHZZVYG,2024-12-18T15:39:36.714924-06:00,01JFDV9PPSRDJZ85BPTNXA1KQT,2024-12-18T15:39:36.714924-06:00
01JFDVK6HVS4MHXYY2B06XAFJC,01JFDV84DCC4SQ40N3E8PTX0C8,2024-12-18T15:43:14.235133-06:00,01JFDV84E34ZPR7YDZ5Y8KWKWT,2024-12-18T15:43:14.235133-06:00,01JFDV8MWK4YRP3E2WXQN0KXBY,2024-12-18T15:43:14.235133-06:00,01JFDV9PPR89G4T5V6RWPH7ZC4,2024-12-18T15:43:14.235133-06:00
