id,batchID,batchIDLastChangedAt,gameID,gameIDLastChangedAt,playerID,playerIDLastChangedAt
01JHKNJ3WWTB99SZ41038KXXG2,01JHKN9S118K6VDBJSY68VSGED,2025-01-15T00:24:37.532296861Z,01JHKN9S19518NS7AEVR073WB1,2025-01-15T00:24:37.532296861Z,01JHKNC56GHSJ2099M2BA1SZ1J,2025-01-15T00:24:37.532296861Z
01JHKNK7FBGW0DJ1N97VS9SNVK,01JHKN9SHR3SAERG8F4NA009SP,2025-01-15T00:25:13.963702765Z,01JHKN9SJ2W5864JM0EVN2RN2V,2025-01-15T00:25:13.963702765Z,01JHKNC106RQJQY4AWVJZ068QA,2025-01-15T00:25:13.963702765Z
01JHKNRYDGHVYEQY5ZF2GV2M0C,01JHKN9YWB2YR0Z5PVC1Y35QF2,2025-01-15T00:28:21.296634222Z,01JHKN9YWKX2HRCZ9MFXX8RT2D,2025-01-15T00:28:21.296634222Z,01JHKND22YT9652F2HM4EV9YD2,2025-01-15T00:28:21.296634222Z
01JHKRN9X7DRWZBNY0ZN85KX1K,01JHKNA07ZX4K3XPGK605M4MKB,2025-01-15T01:18:47.719779194Z,01JHKNA085CN6DZZFB3E4Y1B2Q,2025-01-15T01:18:47.719779194Z,01JHKPYN5PPS5NKD5ZW16Q6NB3,2025-01-15T01:18:47.719779194Z
01JHKNJ3WXS2S65TPV8W5A9T1X,01JHKN9S118K6VDBJSY68VSGED,2025-01-15T00:24:37.533655522Z,01JHKN9S19518NS7AEVR073WB1,2025-01-15T00:24:37.533655522Z,01JHKNC7V4Y4XFZP5Q0K1X5XWQ,2025-01-15T00:24:37.533655522Z
01JHKNMSAYK5P4E91AVNEFCK3J,01JHKN9YD9SMKDTREKXZ41H61S,2025-01-15T00:26:05.022362125Z,01JHKN9YDF3KJ5DJX9C0Y6J5ST,2025-01-15T00:26:05.022362125Z,01JHKND349CJ1ND160BWQRJ6WP,2025-01-15T00:26:05.022362125Z
01JHKNRN8BCG9340Z9TZ82HX34,01JHKN9YN17PPP6EN8MJGSA5DS,2025-01-15T00:28:11.915986664Z,01JHKN9YN8C3QJZKW7DJ0HDR1F,2025-01-15T00:28:11.915986664Z,01JHKNC25XVD4NXTKG298259YE,2025-01-15T00:28:11.915986664Z
01JHKPZSB7VPFSQ0HFC93S579E,01JHKNA0497EAT2GKSEHHQWXP8,2025-01-15T00:49:34.055947703Z,01JHKNA04HBKQHZZ8DBQ8ZTBC6,2025-01-15T00:49:34.055947703Z,01JHKNK006FN8PXDZ64V0GEBNB,2025-01-15T00:49:34.055947703Z
01JHKNHKGPABEFSYXKBKKK36YE,01JHKN9RHW55ZK030GV17RZGXP,2025-01-15T00:24:20.758370217Z,01JHKN9RJ5713GTZXCBYV128DX,2025-01-15T00:24:20.758370217Z,01JHKNC4TAXAEZ4SV42KMDBQW3,2025-01-15T00:24:20.758370217Z
01JHKNKQKPFFRH5ANXFCEJYXEC,01JHKN9VCP423DKNV9P71NC3TX,2025-01-15T00:25:30.486424816Z,01JHKN9VCY86V93CN49CA5BBCD,2025-01-15T00:25:30.486424816Z,01JHKNCWR42P3ZAQMR0B9ZXM19,2025-01-15T00:25:30.486424816Z
01JHKP5MVMKFXXDNAT0WVEABMQ,01JHKN9ZHZE11SAXB6YAV6C6NG,2025-01-15T00:35:17.492173907Z,01JHKN9ZJ60PR87DYG7JFNBHGG,2025-01-15T00:35:17.492173907Z,01JHKNGRQBAMEY0QVR6AQRVBVM,2025-01-15T00:35:17.492173907Z
01JHKP9Q4RBRC5CGM1APFA8Q9W,01JHKN9ZRG6F5D0MS8KTN27G2T,2025-01-15T00:37:30.904526683Z,01JHKN9ZRQXD8M2QH4QE8AYW46,2025-01-15T00:37:30.904526683Z,01JHKNCRKW5XQ0Z93VA3GYR51X,2025-01-15T00:37:30.904526683Z
01JHKNHKGQY7Z8XCD79ZNCNZ0A,01JHKN9RHW55ZK030GV17RZGXP,2025-01-15T00:24:20.759601817Z,01JHKN9RJ5713GTZXCBYV128DX,2025-01-15T00:24:20.759601817Z,01JHKNECY83PN2JH1HTPS7HAXD,2025-01-15T00:24:20.759601817Z
01JHKP9Q53Y2V9VNX94RVEQT8R,01JHKN9ZRG6F5D0MS8KTN27G2T,2025-01-15T00:37:30.91541553Z,01JHKN9ZRQXD8M2QH4QE8AYW46,2025-01-15T00:37:30.91541553Z,01JHKNRJPQH5SWDVEZ29SJGMCX,2025-01-15T00:37:30.91541553Z
01JHKRN9WM3PFWQBVMB8SNEA7Y,01JHKNA07ZX4K3XPGK605M4MKB,2025-01-15T01:18:47.700732012Z,01JHKNA085CN6DZZFB3E4Y1B2Q,2025-01-15T01:18:47.700732012Z,01JHKNFF60X6HSAVMF3C889MWB,2025-01-15T01:18:47.700732012Z
01JHKNK7FDM17VPEEWP2G3Y3MM,01JHKN9SHR3SAERG8F4NA009SP,2025-01-15T00:25:13.96562927Z,01JHKN9SJ2W5864JM0EVN2RN2V,2025-01-15T00:25:13.96562927Z,01JHKNC276A2WXN11QNGA75QV3,2025-01-15T00:25:13.96562927Z
01JHKNGDFGSD3B1AQQP97QRDM5,01JHKN9QC0RVQAMCC1BXJQEA3Z,2025-01-15T00:23:41.808984718Z,01JHKN9QCJS7PK6P582R98YJP2,2025-01-15T00:23:41.808984718Z,01JHKNBHNVJ592Z61XSJH55N7B,2025-01-15T00:23:41.808984718Z
01JHKNRYDNFBTWJNMFC3TTBTAQ,01JHKN9YWB2YR0Z5PVC1Y35QF2,2025-01-15T00:28:21.301406518Z,01JHKN9YWKX2HRCZ9MFXX8RT2D,2025-01-15T00:28:21.301406518Z,01JHKNDTKBJPGN1PW204EVC01J,2025-01-15T00:28:21.301406518Z
01JHKP5MVBH33P92B26C4X3H7Z,01JHKN9ZHZE11SAXB6YAV6C6NG,2025-01-15T00:35:17.483394588Z,01JHKN9ZJ60PR87DYG7JFNBHGG,2025-01-15T00:35:17.483394588Z,01JHKNFZ6167K0AWPXKP6GWHDS,2025-01-15T00:35:17.483394588Z
01JHKNGDFH374VR0BVCJFW0HMS,01JHKN9QC0RVQAMCC1BXJQEA3Z,2025-01-15T00:23:41.809169978Z,01JHKN9QCJS7PK6P582R98YJP2,2025-01-15T00:23:41.809169978Z,01JHKNBRZPKQQT7FPCDZTM27AF,2025-01-15T00:23:41.809169978Z
01JHKNKQKMJAE9PKB8NR5YE5V9,01JHKN9VCP423DKNV9P71NC3TX,2025-01-15T00:25:30.48491814Z,01JHKN9VCY86V93CN49CA5BBCD,2025-01-15T00:25:30.48491814Z,01JHKNCRDX6JP6CR33KFJWPMQM,2025-01-15T00:25:30.48491814Z
01JHKNMSB12J51B76BYQCFT3J7,01JHKN9YD9SMKDTREKXZ41H61S,2025-01-15T00:26:05.025141409Z,01JHKN9YDF3KJ5DJX9C0Y6J5ST,2025-01-15T00:26:05.025141409Z,01JHKNDCTYR694NE83M6WY3TTC,2025-01-15T00:26:05.025141409Z
01JHKNRN8H57TAPVRHDHX5GRD4,01JHKN9YN17PPP6EN8MJGSA5DS,2025-01-15T00:28:11.92183914Z,01JHKN9YN8C3QJZKW7DJ0HDR1F,2025-01-15T00:28:11.92183914Z,01JHKNE2K1DZ1WA2MN1SREMR8H,2025-01-15T00:28:11.92183914Z
01JHKNVREDW9G9MYS2RJ0J1MR6,01JHKN9Z3DC3K0A0PMVZG97W86,2025-01-15T00:29:53.485170733Z,01JHKN9Z3KDENH41ND7761RTTE,2025-01-15T00:29:53.485170733Z,01JHKNCMKQ5GYSQ5J7FYRGWGFZ,2025-01-15T00:29:53.485170733Z
01JHKNKYK0M11XKRMR9G39NNJB,01JHKN9Y71CSSCB2MGVASP8S1K,2025-01-15T00:25:37.632889931Z,01JHKN9Y7864AY6TMQ13VH5WG8,2025-01-15T00:25:37.632889931Z,01JHKNCX17FC8MGJQDR8SBHZVE,2025-01-15T00:25:37.632889931Z
01JHKNKYK3ZVBM73SEB48HA7Q8,01JHKN9Y71CSSCB2MGVASP8S1K,2025-01-15T00:25:37.63567711Z,01JHKN9Y7864AY6TMQ13VH5WG8,2025-01-15T00:25:37.63567711Z,01JHKNDCMSXFRPTBH65FMZFAQQ,2025-01-15T00:25:37.63567711Z
01JHKNVREMMEDRTWJCTYBFJBGB,01JHKN9Z3DC3K0A0PMVZG97W86,2025-01-15T00:29:53.492052801Z,01JHKN9Z3KDENH41ND7761RTTE,2025-01-15T00:29:53.492052801Z,01JHKNKVFZQSKFVQ97M3TNNGTW,2025-01-15T00:29:53.492052801Z
01JHKPZSBSJB66C7TPY7ANC6Y3,01JHKNA0497EAT2GKSEHHQWXP8,2025-01-15T00:49:34.073502584Z,01JHKNA04HBKQHZZ8DBQ8ZTBC6,2025-01-15T00:49:34.073502584Z,01JHKNVD47DQ4HSZQ4ZB8S2NQ8,2025-01-15T00:49:34.073502584Z
