id,avatar,avatarLastChangedAt,bonus,bonusLastChangedAt,ended,endedLastChangedAt,exitStepDone,exitStepDoneLastChangedAt,exitSurvey,exitSurveyLastChangedAt,gameID,gameIDLastChangedAt,intro,introLastChangedAt,introDone,introDoneLastChangedAt,lobbyTimerGameID,lobbyTimerGameIDLastChangedAt,lobbyTimerID,lobbyTimerIDLastChangedAt,name,nameLastChangedAt,nameColor,nameColorLastChangedAt,participantID,participantIDLastChangedAt,participantIdentifier,participantIdentifierLastChangedAt,partner,partnerLastChangedAt,replayGameReadyCheck,replayGameReadyCheckLastChangedAt,role,roleLastChangedAt,score,scoreLastChangedAt,src,srcLastChangedAt,treatment,treatmentLastChangedAt,treatmentName,treatmentNameLastChangedAt,urlParams,urlParamsLastChangedAt
01JHKNCRKW5XQ0Z93VA3GYR51X,https://api.dicebear.com/8.x/rings/svg?seed=Repi,2025-01-15T00:37:32.10502286Z,1.590000,2025-01-15T01:20:24.870470825Z,game ended,2025-01-15T01:20:24.976755619Z,true,2025-01-15T01:22:59.725805676Z,"{""age"":""22"",""gender"":""Female "",""strategy"":""Tactical communication with analysis of object "",""enjoy"":""Yes, I enjoyed the game. Thumbs up. Especially the conversation "",""feedback"":""Such an insightful study looking forward to taking more surveys "",""education"":""bachelor""}",2025-01-15T01:22:59.748823425Z,01JHKN9ZRQXD8M2QH4QE8AYW46,2025-01-15T00:35:17.454791493Z,2,2025-01-15T00:25:55.459677975Z,true,2025-01-15T00:36:36.031565039Z,01JHKN9ZRQXD8M2QH4QE8AYW46,2025-01-15T00:36:36.054932021Z,01JHKP81JMCGEC08MB86FBWD1P,2025-01-15T00:36:36.054932021Z,Repi,2025-01-15T00:37:32.10502286Z,#29828D,2025-01-15T00:37:32.10502286Z,01JHKNCQ1BW9V5JEEESPVMM5W5,2025-01-15T00:21:42.140280385Z,6768094bc9d2fb5856b858fd,2025-01-15T00:21:42.140280385Z,01JHKNRJPQH5SWDVEZ29SJGMCX,2025-01-15T00:37:32.10502286Z,,,director,2025-01-15T01:19:25.837191313Z,1.590000,2025-01-15T01:20:24.870470825Z,/avatars/blue.png,2025-01-15T00:37:32.10502286Z,"{""contextSize"":4,""contextStructure"":""comp-between"",""feedbackDuration"":3,""maxTimeout"":5,""numRepetitionsWithPartner"":4,""playerCount"":2,""selectionDuration"":60,""showNegativeFeedback"":1}",2025-01-15T00:21:42.146102677Z,full-comp-between,2025-01-15T00:21:42.146102677Z,"{""participantKey"":""6768094bc9d2fb5856b858fd"",""STUDY_ID"":""6785b89c84e8fe5db6959fbc"",""SESSION_ID"":""6786ff69f6dd6de21b847ce6""}",2025-01-15T00:21:42.650124484Z
01JHKNK006FN8PXDZ64V0GEBNB,https://api.dicebear.com/8.x/rings/svg?seed=Repi,2025-01-15T00:49:35.577670747Z,0,2025-01-15T00:49:35.577670747Z,game ended,2025-01-15T00:55:20.032503296Z,,,,,01JHKNA04HBKQHZZ8DBQ8ZTBC6,2025-01-15T00:37:30.867760504Z,2,2025-01-15T00:34:19.905635227Z,true,2025-01-15T00:49:33.966341397Z,01JHKNA04HBKQHZZ8DBQ8ZTBC6,2025-01-15T00:49:34.033656099Z,01JHKPZSAEBTV85S56TEJ44D51,2025-01-15T00:49:34.033656099Z,Repi,2025-01-15T00:49:35.577670747Z,#29828D,2025-01-15T00:49:35.577670747Z,01JHKNJZMBAZTKFT4S2W7QDDYK,2025-01-15T00:25:06.310427332Z,66c4b74d931c3645ea42fcdc,2025-01-15T00:25:06.310427332Z,01JHKNVD47DQ4HSZQ4ZB8S2NQ8,2025-01-15T00:49:35.577670747Z,,,matcher,2025-01-15T00:54:16.333807574Z,0,2025-01-15T00:49:35.577670747Z,/avatars/blue.png,2025-01-15T00:49:35.577670747Z,"{""contextSize"":4,""contextStructure"":""comp-between"",""feedbackDuration"":3,""maxTimeout"":5,""numRepetitionsWithPartner"":4,""playerCount"":2,""selectionDuration"":60,""showNegativeFeedback"":1}",2025-01-15T00:25:06.319105696Z,full-comp-between,2025-01-15T00:25:06.319105696Z,"{""participantKey"":""66c4b74d931c3645ea42fcdc"",""STUDY_ID"":""6785b89c84e8fe5db6959fbc"",""SESSION_ID"":""6786ff636e636fc038235305""}",2025-01-15T00:25:06.506151524Z
01JHKNVD47DQ4HSZQ4ZB8S2NQ8,https://api.dicebear.com/8.x/rings/svg?seed=Minu,2025-01-15T00:49:35.577670747Z,0,2025-01-15T00:49:35.577670747Z,game ended,2025-01-15T00:55:20.032503296Z,true,2025-01-15T00:57:29.204208808Z,"{""age"":""27"",""gender"":""male"",""strategy"":""no comment"",""enjoy"":""not really because the time was too limited"",""feedback"":""no comment"",""education"":""master""}",2025-01-15T00:57:29.161961111Z,01JHKNA04HBKQHZZ8DBQ8ZTBC6,2025-01-15T00:37:30.867760504Z,2,2025-01-15T00:32:49.752216364Z,true,2025-01-15T00:48:17.511310431Z,01JHKNA04HBKQHZZ8DBQ8ZTBC6,2025-01-15T00:48:17.540294026Z,01JHKPXEM0NS51EYDGXZ3AHJM0,2025-01-15T00:48:17.540294026Z,Minu,2025-01-15T00:49:35.577670747Z,#444EA1,2025-01-15T00:49:35.577670747Z,01JHKNVBJ048R44H5DHKW7FY32,2025-01-15T00:29:41.896006098Z,674f68dde0df9b7d0cc274d9,2025-01-15T00:29:41.896006098Z,01JHKNK006FN8PXDZ64V0GEBNB,2025-01-15T00:49:35.577670747Z,,,director,2025-01-15T00:54:16.333807574Z,0,2025-01-15T00:49:35.577670747Z,/avatars/red.png,2025-01-15T00:49:35.577670747Z,"{""contextSize"":4,""contextStructure"":""comp-between"",""feedbackDuration"":3,""maxTimeout"":5,""numRepetitionsWithPartner"":4,""playerCount"":2,""selectionDuration"":60,""showNegativeFeedback"":1}",2025-01-15T00:29:41.910393037Z,full-comp-between,2025-01-15T00:29:41.910393037Z,"{""participantKey"":""674f68dde0df9b7d0cc274d9"",""STUDY_ID"":""6785b89c84e8fe5db6959fbc"",""SESSION_ID"":""67870127b67adc01a8112de7""}",2025-01-15T00:29:42.394361365Z
01JHKNCRXJWB57CMW0A9RAAGZ2,,,,,null,2025-01-15T00:21:42.456129449Z,,,,,01JHKNA0JAR6XT707HSV502H1S,2025-01-15T01:18:47.64712767Z,2,2025-01-15T00:21:54.412219658Z,,,,,,,,,,,01JHKNCQET7E0A18TYEMAGKF4X,2025-01-15T00:21:42.450389448Z,675db7a33ad1590aeb624fda,2025-01-15T00:21:42.450389448Z,,,,,,,,,,,"{""contextSize"":4,""contextStructure"":""comp-between"",""feedbackDuration"":3,""maxTimeout"":5,""numRepetitionsWithPartner"":4,""playerCount"":2,""selectionDuration"":60,""showNegativeFeedback"":1}",2025-01-15T00:21:42.456129449Z,full-comp-between,2025-01-15T00:21:42.456129449Z,"{""participantKey"":""675db7a33ad1590aeb624fda"",""STUDY_ID"":""6785b89c84e8fe5db6959fbc"",""SESSION_ID"":""6786ff61b72bf91622235716""}",2025-01-15T00:21:42.919072595Z
01JHKNFF60X6HSAVMF3C889MWB,https://api.dicebear.com/8.x/rings/svg?seed=Repi,2025-01-15T01:18:49.388289784Z,0,2025-01-15T01:18:49.388289784Z,game ended,2025-01-15T01:24:35.309319771Z,true,2025-01-15T00:43:20.668294752Z,"{""gamefailed"":""nogame""}",2025-01-15T00:43:20.65251506Z,01JHKNA085CN6DZZFB3E4Y1B2Q,2025-01-15T00:49:34.006357394Z,2,2025-01-15T00:24:54.486958046Z,true,2025-01-15T00:38:53.233757226Z,01JHKNA04HBKQHZZ8DBQ8ZTBC6,2025-01-15T00:38:53.252449912Z,01JHKPC7J1WM606HGSRFC4YBTK,2025-01-15T00:38:53.252449912Z,Repi,2025-01-15T01:18:49.388289784Z,#29828D,2025-01-15T01:18:49.388289784Z,01JHKNFDHQQSYVDN7B8WE6SM9P,2025-01-15T00:23:10.784307472Z,6411493f08fd400dc0d5eacc,2025-01-15T00:23:10.784307472Z,01JHKPYN5PPS5NKD5ZW16Q6NB3,2025-01-15T01:18:49.388289784Z,false,2025-01-15T00:49:40.553142431Z,matcher,2025-01-15T01:23:31.799599657Z,0,2025-01-15T01:18:49.388289784Z,/avatars/blue.png,2025-01-15T01:18:49.388289784Z,"{""contextSize"":4,""contextStructure"":""comp-between"",""feedbackDuration"":3,""maxTimeout"":5,""numRepetitionsWithPartner"":4,""playerCount"":2,""selectionDuration"":60,""showNegativeFeedback"":1}",2025-01-15T00:23:10.789154675Z,full-comp-between,2025-01-15T00:23:10.789154675Z,"{""participantKey"":""6411493f08fd400dc0d5eacc"",""STUDY_ID"":""6785b89c84e8fe5db6959fbc"",""SESSION_ID"":""6786ff6f46a33887b37bc20a""}",2025-01-15T00:23:11.504687722Z
01JHKNRJPQH5SWDVEZ29SJGMCX,https://api.dicebear.com/8.x/rings/svg?seed=Minu,2025-01-15T00:37:32.10502286Z,1.590000,2025-01-15T01:20:24.870470825Z,game ended,2025-01-15T01:20:24.976755619Z,true,2025-01-15T01:22:10.332263422Z,"{""age"":""20"",""gender"":""male"",""strategy"":""good"",""enjoy"":""yes"",""feedback"":""no problem"",""education"":""bachelor""}",2025-01-15T01:22:10.356023996Z,01JHKN9ZRQXD8M2QH4QE8AYW46,2025-01-15T00:35:17.454791493Z,2,2025-01-15T00:32:33.678130445Z,true,2025-01-15T00:37:30.838345509Z,01JHKN9ZRQXD8M2QH4QE8AYW46,2025-01-15T00:37:30.885833175Z,01JHKP9Q42GDRMS5M4X4Y843VA,2025-01-15T00:37:30.885833175Z,Minu,2025-01-15T00:37:32.10502286Z,#444EA1,2025-01-15T00:37:32.10502286Z,01JHKNRH8ZT9FTRRZ8WPG4GC2G,2025-01-15T00:28:09.303200287Z,677b664023d3e85a3a5d1a21,2025-01-15T00:28:09.303200287Z,01JHKNCRKW5XQ0Z93VA3GYR51X,2025-01-15T00:37:32.10502286Z,,,matcher,2025-01-15T01:19:25.837191313Z,1.590000,2025-01-15T01:20:24.870470825Z,/avatars/red.png,2025-01-15T00:37:32.10502286Z,"{""contextSize"":4,""contextStructure"":""comp-between"",""feedbackDuration"":3,""maxTimeout"":5,""numRepetitionsWithPartner"":4,""playerCount"":2,""selectionDuration"":60,""showNegativeFeedback"":1}",2025-01-15T00:28:09.314174308Z,full-comp-between,2025-01-15T00:28:09.314174308Z,"{""participantKey"":""677b664023d3e85a3a5d1a21"",""STUDY_ID"":""6785b89c84e8fe5db6959fbc"",""SESSION_ID"":""678700f5373f6060f5b1b949""}",2025-01-15T00:28:09.978163621Z
01JHKNC56GHSJ2099M2BA1SZ1J,https://api.dicebear.com/8.x/rings/svg?seed=Repi,2025-01-15T00:24:37.712840649Z,1.860000,2025-01-15T00:40:58.363573335Z,game ended,2025-01-15T00:40:58.44778199Z,true,2025-01-15T00:42:06.745169589Z,"{""age"":""32"",""gender"":""Male"",""strategy"":""After we came up with a name or each shape, we just typed that name each round to quickly find the one we needed."",""enjoy"":""Yes, my partner selected the correct shape every round!"",""feedback"":""It took a little bit to load a few of the rounds, but overall everything worked properly."",""education"":""high-school""}",2025-01-15T00:42:06.759282022Z,01JHKN9S19518NS7AEVR073WB1,2025-01-15T00:24:20.744388133Z,2,2025-01-15T00:23:07.881331468Z,true,2025-01-15T00:24:37.481856511Z,01JHKN9S19518NS7AEVR073WB1,2025-01-15T00:24:37.527587503Z,01JHKNJ3WM98R56ZECKSDMA0EY,2025-01-15T00:24:37.527587503Z,Repi,2025-01-15T00:24:37.712840649Z,#29828D,2025-01-15T00:24:37.712840649Z,01JHKNC4VEDGWQF8R8FGSB9CQC,2025-01-15T00:21:22.256313784Z,5dad4c34b3446a0015e3de93,2025-01-15T00:21:22.256313784Z,01JHKNC7V4Y4XFZP5Q0K1X5XWQ,2025-01-15T00:24:37.712840649Z,,,director,2025-01-15T00:40:51.451648481Z,1.860000,2025-01-15T00:40:58.363573335Z,/avatars/blue.png,2025-01-15T00:24:37.712840649Z,"{""contextSize"":4,""contextStructure"":""comp-between"",""feedbackDuration"":3,""maxTimeout"":5,""numRepetitionsWithPartner"":4,""playerCount"":2,""selectionDuration"":60,""showNegativeFeedback"":1}",2025-01-15T00:21:22.26165002Z,full-comp-between,2025-01-15T00:21:22.26165002Z,"{""participantKey"":""5dad4c34b3446a0015e3de93"",""STUDY_ID"":""6785b89c84e8fe5db6959fbc"",""SESSION_ID"":""6786ff6c9c527e90212792df""}",2025-01-15T00:21:22.453454914Z
01JHKNCRDX6JP6CR33KFJWPMQM,https://api.dicebear.com/8.x/rings/svg?seed=Repi,2025-01-15T00:25:30.791601366Z,1.860000,2025-01-15T00:58:14.119149628Z,game ended,2025-01-15T00:58:14.230424148Z,true,2025-01-15T01:00:40.157418897Z,"{""age"":""35"",""gender"":""male"",""strategy"":""the strategy was to besiege the given thing as best as possible to your accomplice who guesses"",""enjoy"":""yes of course it was interesting"",""feedback"":""everything was great"",""education"":""master""}",2025-01-15T01:00:40.180577923Z,01JHKN9VCY86V93CN49CA5BBCD,2025-01-15T00:25:13.946158934Z,2,2025-01-15T00:22:40.977837652Z,true,2025-01-15T00:25:30.431515678Z,01JHKN9VCY86V93CN49CA5BBCD,2025-01-15T00:25:30.479754358Z,01JHKNKQKDDQ0K10KVM314SWSF,2025-01-15T00:25:30.479754358Z,Repi,2025-01-15T00:25:30.791601366Z,#29828D,2025-01-15T00:25:30.791601366Z,01JHKNCR52GWMTS1X83G16PFBA,2025-01-15T00:21:41.949304987Z,6705565ffd67124adcd513ec,2025-01-15T00:21:41.949304987Z,01JHKNCWR42P3ZAQMR0B9ZXM19,2025-01-15T00:25:30.791601366Z,,,director,2025-01-15T00:57:33.308552396Z,1.860000,2025-01-15T00:58:14.119149628Z,/avatars/blue.png,2025-01-15T00:25:30.791601366Z,"{""contextSize"":4,""contextStructure"":""comp-between"",""feedbackDuration"":3,""maxTimeout"":5,""numRepetitionsWithPartner"":4,""playerCount"":2,""selectionDuration"":60,""showNegativeFeedback"":1}",2025-01-15T00:21:41.954324504Z,full-comp-between,2025-01-15T00:21:41.954324504Z,"{""participantKey"":""6705565ffd67124adcd513ec"",""STUDY_ID"":""6785b89c84e8fe5db6959fbc"",""SESSION_ID"":""6786ff62e02758bc16fa94c8""}",2025-01-15T00:21:42.123988878Z
01JHKPYN5PPS5NKD5ZW16Q6NB3,https://api.dicebear.com/8.x/rings/svg?seed=Minu,2025-01-15T01:18:49.388289784Z,0,2025-01-15T01:18:49.388289784Z,game ended,2025-01-15T01:24:35.309319771Z,true,2025-01-15T01:28:11.327078254Z,"{""age"":""33"",""gender"":""male"",""strategy"":""i tried my best  "",""enjoy"":""no, he wasn't responding at all "",""feedback"":""it would have been a fun game but my partner was not responding "",""education"":""bachelor""}",2025-01-15T01:28:11.352036339Z,01JHKNA085CN6DZZFB3E4Y1B2Q,2025-01-15T00:49:34.006357394Z,2,2025-01-15T00:59:24.846630991Z,true,2025-01-15T01:18:47.60833427Z,01JHKNA085CN6DZZFB3E4Y1B2Q,2025-01-15T01:18:47.674295308Z,01JHKRN9VNBYSFC0TE4FP8T708,2025-01-15T01:18:47.674295308Z,Minu,2025-01-15T01:18:49.388289784Z,#444EA1,2025-01-15T01:18:49.388289784Z,01JHKPYK9JJDWKDBZTS9QF6BWV,2025-01-15T00:48:57.014885193Z,676d087186fcc3fffa7abe74,2025-01-15T00:48:57.014885193Z,01JHKNFF60X6HSAVMF3C889MWB,2025-01-15T01:18:49.388289784Z,,,director,2025-01-15T01:23:31.799599657Z,0,2025-01-15T01:18:49.388289784Z,/avatars/red.png,2025-01-15T01:18:49.388289784Z,"{""contextSize"":4,""contextStructure"":""comp-between"",""feedbackDuration"":3,""maxTimeout"":5,""numRepetitionsWithPartner"":4,""playerCount"":2,""selectionDuration"":60,""showNegativeFeedback"":1}",2025-01-15T00:48:57.045382993Z,full-comp-between,2025-01-15T00:48:57.045382993Z,"{""participantKey"":""676d087186fcc3fffa7abe74"",""STUDY_ID"":""6785b89c84e8fe5db6959fbc"",""SESSION_ID"":""67870594f0ac1979d64c919f""}",2025-01-15T00:48:57.460055268Z
01JHKNBRZPKQQT7FPCDZTM27AF,https://api.dicebear.com/8.x/rings/svg?seed=Minu,2025-01-15T00:23:42.048616148Z,1.800000,2025-01-15T00:43:27.448575747Z,game ended,2025-01-15T00:43:27.536388206Z,true,2025-01-15T00:43:50.679519043Z,"{""age"":""25"",""gender"":""F"",""strategy"":"""",""enjoy"":"""",""feedback"":"""",""education"":""bachelor""}",2025-01-15T00:43:50.664895125Z,01JHKN9QCJS7PK6P582R98YJP2,2025-01-15T00:21:09.75726996Z,2,2025-01-15T00:22:03.893908277Z,true,2025-01-15T00:23:18.586889319Z,01JHKN9QCJS7PK6P582R98YJP2,2025-01-15T00:23:18.59582056Z,01JHKNFPSZVM40Q424317F1076,2025-01-15T00:23:18.59582056Z,Minu,2025-01-15T00:23:42.048616148Z,#444EA1,2025-01-15T00:23:42.048616148Z,01JHKNBRVNARFBP7AZ6Z7VJ057,2025-01-15T00:21:09.750588111Z,676a19dfc34ce8dac8d6fba4,2025-01-15T00:21:09.750588111Z,01JHKNBHNVJ592Z61XSJH55N7B,2025-01-15T00:23:42.048616148Z,,,matcher,2025-01-15T00:43:15.21532125Z,1.800000,2025-01-15T00:43:27.448575747Z,/avatars/red.png,2025-01-15T00:23:42.048616148Z,"{""contextSize"":4,""contextStructure"":""comp-between"",""feedbackDuration"":3,""maxTimeout"":5,""numRepetitionsWithPartner"":4,""playerCount"":2,""selectionDuration"":60,""showNegativeFeedback"":1}",2025-01-15T00:21:09.75726996Z,full-comp-between,2025-01-15T00:21:09.75726996Z,"{""participantKey"":""676a19dfc34ce8dac8d6fba4"",""STUDY_ID"":""6785b89c84e8fe5db6959fbc"",""SESSION_ID"":""6786ff62f6dd6de21b847ce4""}",2025-01-15T00:21:09.829257956Z
01JHKNC1WSJDAP77HDF459DKW9,,,,,null,2025-01-15T00:21:18.878316744Z,,,,,01JHKNA0JAR6XT707HSV502H1S,2025-01-15T01:18:47.64712767Z,2,2025-01-15T00:21:22.452959854Z,,,,,,,,,,,01JHKNC1SDE265Z470QGHTNQZK,2025-01-15T00:21:18.87353753Z,6785ddd46043d24d92eef91c,2025-01-15T00:21:18.87353753Z,,,,,,,,,,,"{""contextSize"":4,""contextStructure"":""comp-between"",""feedbackDuration"":3,""maxTimeout"":5,""numRepetitionsWithPartner"":4,""playerCount"":2,""selectionDuration"":60,""showNegativeFeedback"":1}",2025-01-15T00:21:18.878316744Z,full-comp-between,2025-01-15T00:21:18.878316744Z,"{""participantKey"":""6785ddd46043d24d92eef91c"",""STUDY_ID"":""6785b89c84e8fe5db6959fbc"",""SESSION_ID"":""6786ff63bd8c27ccd9b25cad""}",2025-01-15T00:21:18.932539198Z
01JHKNC25XVD4NXTKG298259YE,https://api.dicebear.com/8.x/rings/svg?seed=Repi,2025-01-15T00:28:12.413655628Z,1.740000,2025-01-15T00:57:35.974407864Z,game ended,2025-01-15T00:57:36.08432591Z,true,2025-01-15T00:58:36.752870105Z,"{""age"":""49"",""gender"":""female"",""strategy"":""looked for shapes and figures"",""enjoy"":""yes!  It was fun and interesting.  Exciting."",""feedback"":""loved it"",""education"":""bachelor""}",2025-01-15T00:58:36.774933875Z,01JHKN9YN8C3QJZKW7DJ0HDR1F,2025-01-15T00:26:05.003994778Z,2,2025-01-15T00:23:43.694867871Z,true,2025-01-15T00:26:11.980728858Z,01JHKN9YN8C3QJZKW7DJ0HDR1F,2025-01-15T00:26:12.270313686Z,01JHKNN0DBST7J70GS3C2KFRJX,2025-01-15T00:26:12.270313686Z,Repi,2025-01-15T00:28:12.413655628Z,#29828D,2025-01-15T00:28:12.413655628Z,01JHKNC225S3Q1QR9R4BXVPP02,2025-01-15T00:21:19.165507032Z,677c34e1aa931ad863895592,2025-01-15T00:21:19.165507032Z,01JHKNE2K1DZ1WA2MN1SREMR8H,2025-01-15T00:28:12.413655628Z,,,director,2025-01-15T00:57:05.812532904Z,1.740000,2025-01-15T00:57:35.974407864Z,/avatars/blue.png,2025-01-15T00:28:12.413655628Z,"{""contextSize"":4,""contextStructure"":""comp-between"",""feedbackDuration"":3,""maxTimeout"":5,""numRepetitionsWithPartner"":4,""playerCount"":2,""selectionDuration"":60,""showNegativeFeedback"":1}",2025-01-15T00:21:19.1710431Z,full-comp-between,2025-01-15T00:21:19.1710431Z,"{""participantKey"":""677c34e1aa931ad863895592"",""STUDY_ID"":""6785b89c84e8fe5db6959fbc"",""SESSION_ID"":""6786ff6514072c61a8e3ef38""}",2025-01-15T00:21:19.245453391Z
01JHKNECY83PN2JH1HTPS7HAXD,https://api.dicebear.com/8.x/rings/svg?seed=Minu,2025-01-15T00:24:20.967557016Z,1.710000,2025-01-15T00:59:43.00727116Z,game ended,2025-01-15T00:59:43.115935647Z,true,2025-01-15T01:01:14.623087845Z,"{""age"":""25"",""gender"":""Male"",""strategy"":""great"",""enjoy"":""ye my partner was good"",""feedback"":""none"",""education"":""bachelor""}",2025-01-15T01:01:14.601417509Z,01JHKN9RJ5713GTZXCBYV128DX,2025-01-15T00:23:41.795879515Z,2,2025-01-15T00:22:46.650052326Z,true,2025-01-15T00:23:52.393731929Z,01JHKN9RJ5713GTZXCBYV128DX,2025-01-15T00:23:52.401538907Z,01JHKNGQTEBD97D879DF8J7Q5G,2025-01-15T00:23:52.401538907Z,Minu,2025-01-15T00:24:20.967557016Z,#444EA1,2025-01-15T00:24:20.967557016Z,01JHKNEBFZ6WG9FDZ4315PEQJA,2025-01-15T00:22:35.720598405Z,67670095630f80028dcebdc6,2025-01-15T00:22:35.720598405Z,01JHKNC4TAXAEZ4SV42KMDBQW3,2025-01-15T00:24:20.967557016Z,,,matcher,2025-01-15T00:58:55.817482295Z,1.710000,2025-01-15T00:59:43.00727116Z,/avatars/red.png,2025-01-15T00:24:20.967557016Z,"{""contextSize"":4,""contextStructure"":""comp-between"",""feedbackDuration"":3,""maxTimeout"":5,""numRepetitionsWithPartner"":4,""playerCount"":2,""selectionDuration"":60,""showNegativeFeedback"":1}",2025-01-15T00:22:35.725864557Z,full-comp-between,2025-01-15T00:22:35.725864557Z,"{""participantKey"":""67670095630f80028dcebdc6"",""STUDY_ID"":""6785b89c84e8fe5db6959fbc"",""SESSION_ID"":""6786ff7178143fbf80c2879a""}",2025-01-15T00:22:36.395150879Z
01JHKNKVFZQSKFVQ97M3TNNGTW,https://api.dicebear.com/8.x/rings/svg?seed=Minu,2025-01-15T00:29:54.182358826Z,1.800000,2025-01-15T01:04:42.324585659Z,game ended,2025-01-15T01:04:42.446352244Z,true,2025-01-15T01:06:11.108195736Z,"{""age"":""35"",""gender"":""Male"",""strategy"":""Figured a name for each shape and went with that"",""enjoy"":""Definitely enjoyed it so much"",""feedback"":""No comments. Everything felt great"",""education"":""master""}",2025-01-15T01:06:11.130907444Z,01JHKN9Z3KDENH41ND7761RTTE,2025-01-15T00:28:21.221669628Z,2,2025-01-15T00:28:22.284300913Z,true,2025-01-15T00:29:07.236754076Z,01JHKN9Z3KDENH41ND7761RTTE,2025-01-15T00:29:07.251869489Z,01JHKNTB9GWDY55CY26FC2GBVJ,2025-01-15T00:29:07.251869489Z,Minu,2025-01-15T00:29:54.182358826Z,#444EA1,2025-01-15T00:29:54.182358826Z,01JHKNKP5D1434EPZW40FTZMWV,2025-01-15T00:25:34.463351599Z,671fbfc9577e11a7776b713e,2025-01-15T00:25:34.463351599Z,01JHKNCMKQ5GYSQ5J7FYRGWGFZ,2025-01-15T00:29:54.182358826Z,,,matcher,2025-01-15T01:03:58.395548268Z,1.800000,2025-01-15T01:04:42.324585659Z,/avatars/red.png,2025-01-15T00:29:54.182358826Z,"{""contextSize"":4,""contextStructure"":""comp-between"",""feedbackDuration"":3,""maxTimeout"":5,""numRepetitionsWithPartner"":4,""playerCount"":2,""selectionDuration"":60,""showNegativeFeedback"":1}",2025-01-15T00:25:35.967177223Z,full-comp-between,2025-01-15T00:25:35.967177223Z,"{""participantKey"":""671fbfc9577e11a7776b713e"",""STUDY_ID"":""6785b89c84e8fe5db6959fbc"",""SESSION_ID"":""6786ff6a905db73abcc031b8""}",2025-01-15T00:25:36.591281947Z
01JHKNCX17FC8MGJQDR8SBHZVE,https://api.dicebear.com/8.x/rings/svg?seed=Repi,2025-01-15T00:25:37.96265868Z,1.860000,2025-01-15T00:52:09.319918308Z,game ended,2025-01-15T00:52:09.444000387Z,true,2025-01-15T00:53:45.391402301Z,"{""age"":""38"",""gender"":"""",""strategy"":""pick a unique shape,mirror the other players descriptions when necessary"",""enjoy"":""we seemed in sync"",""feedback"":""screen froze once, a seemingly correct answer was marked as incorrect."",""education"":""high-school""}",2025-01-15T00:53:45.367661993Z,01JHKN9Y7864AY6TMQ13VH5WG8,2025-01-15T00:25:30.469929854Z,2,2025-01-15T00:23:12.170987429Z,true,2025-01-15T00:25:37.580075194Z,01JHKN9Y7864AY6TMQ13VH5WG8,2025-01-15T00:25:37.628457516Z,01JHKNKYJT62BBWFSS2WM6T3XV,2025-01-15T00:25:37.628457516Z,Repi,2025-01-15T00:25:37.96265868Z,#29828D,2025-01-15T00:25:37.96265868Z,01JHKNCWASYEC3ZJCD69ZW8BMT,2025-01-15T00:21:46.663830583Z,63468b5809bf04222262bfed,2025-01-15T00:21:46.663830583Z,01JHKNDCMSXFRPTBH65FMZFAQQ,2025-01-15T00:25:37.96265868Z,,,director,2025-01-15T00:51:52.539443452Z,1.860000,2025-01-15T00:52:09.319918308Z,/avatars/blue.png,2025-01-15T00:25:37.96265868Z,"{""contextSize"":4,""contextStructure"":""comp-between"",""feedbackDuration"":3,""maxTimeout"":5,""numRepetitionsWithPartner"":4,""playerCount"":2,""selectionDuration"":60,""showNegativeFeedback"":1}",2025-01-15T00:21:46.67223407Z,full-comp-between,2025-01-15T00:21:46.67223407Z,"{""participantKey"":""63468b5809bf04222262bfed"",""STUDY_ID"":""6785b89c84e8fe5db6959fbc"",""SESSION_ID"":""6786ff5fc1a02107c94cbb19""}",2025-01-15T00:21:46.989672047Z
01JHKND349CJ1ND160BWQRJ6WP,https://api.dicebear.com/8.x/rings/svg?seed=Repi,2025-01-15T00:26:05.39128339Z,1.740000,2025-01-15T00:49:14.239026397Z,game ended,2025-01-15T00:49:14.337507826Z,true,2025-01-15T00:50:39.356261161Z,"{""age"":""30"",""gender"":""Male"",""strategy"":""By naming the shapes and we got it right after the first round"",""enjoy"":""Yes. my partner was fast and amazing"",""feedback"":"""",""education"":""master""}",2025-01-15T00:50:39.335608508Z,01JHKN9YDF3KJ5DJX9C0Y6J5ST,2025-01-15T00:25:37.617319355Z,2,2025-01-15T00:24:31.126912229Z,true,2025-01-15T00:26:02.717762Z,01JHKN9YDF3KJ5DJX9C0Y6J5ST,2025-01-15T00:26:02.728840597Z,01JHKNMQ364Y129CR2DWAHF1ZC,2025-01-15T00:26:02.728840597Z,Repi,2025-01-15T00:26:05.39128339Z,#29828D,2025-01-15T00:26:05.39128339Z,01JHKND2X3T0WYYPM5MWTJDREE,2025-01-15T00:21:52.906000489Z,659ff4a75deb2bf60508b419,2025-01-15T00:21:52.906000489Z,01JHKNDCTYR694NE83M6WY3TTC,2025-01-15T00:26:05.39128339Z,,,director,2025-01-15T00:48:23.4037618Z,1.740000,2025-01-15T00:49:14.239026397Z,/avatars/blue.png,2025-01-15T00:26:05.39128339Z,"{""contextSize"":4,""contextStructure"":""comp-between"",""feedbackDuration"":3,""maxTimeout"":5,""numRepetitionsWithPartner"":4,""playerCount"":2,""selectionDuration"":60,""showNegativeFeedback"":1}",2025-01-15T00:21:52.91146377Z,full-comp-between,2025-01-15T00:21:52.91146377Z,"{""participantKey"":""659ff4a75deb2bf60508b419"",""STUDY_ID"":""6785b89c84e8fe5db6959fbc"",""SESSION_ID"":""6786ff71a6a76ab71030e2d3""}",2025-01-15T00:21:53.031304621Z
01JHKNDCTYR694NE83M6WY3TTC,https://api.dicebear.com/8.x/rings/svg?seed=Minu,2025-01-15T00:26:05.39128339Z,1.740000,2025-01-15T00:49:14.239026397Z,game ended,2025-01-15T00:49:14.337507826Z,true,2025-01-15T00:50:48.931216397Z,"{""age"":""36"",""gender"":""Male"",""strategy"":""We found common names for the targets"",""enjoy"":""I did because it was like we were one."",""feedback"":""No problems"",""education"":""bachelor""}",2025-01-15T00:50:48.952867136Z,01JHKN9YDF3KJ5DJX9C0Y6J5ST,2025-01-15T00:25:37.617319355Z,2,2025-01-15T00:25:18.430176192Z,true,2025-01-15T00:26:04.970624119Z,01JHKN9YDF3KJ5DJX9C0Y6J5ST,2025-01-15T00:26:05.014097832Z,01JHKNMSAK4CFWQ9DR6BCWSB5K,2025-01-15T00:26:05.014097832Z,Minu,2025-01-15T00:26:05.39128339Z,#444EA1,2025-01-15T00:26:05.39128339Z,01JHKNDCGQS0XCVGFA5QV54G52,2025-01-15T00:22:02.846515507Z,5f01d812e83c5732b0dd15e6,2025-01-15T00:22:02.846515507Z,01JHKND349CJ1ND160BWQRJ6WP,2025-01-15T00:26:05.39128339Z,,,matcher,2025-01-15T00:48:23.4037618Z,1.740000,2025-01-15T00:49:14.239026397Z,/avatars/red.png,2025-01-15T00:26:05.39128339Z,"{""contextSize"":4,""contextStructure"":""comp-between"",""feedbackDuration"":3,""maxTimeout"":5,""numRepetitionsWithPartner"":4,""playerCount"":2,""selectionDuration"":60,""showNegativeFeedback"":1}",2025-01-15T00:22:02.853937795Z,full-comp-between,2025-01-15T00:22:02.853937795Z,"{""participantKey"":""5f01d812e83c5732b0dd15e6"",""STUDY_ID"":""6785b89c84e8fe5db6959fbc"",""SESSION_ID"":""6786ff6f1286c8386e009dcd""}",2025-01-15T00:22:03.068070315Z
01JHKNCWR42P3ZAQMR0B9ZXM19,https://api.dicebear.com/8.x/rings/svg?seed=Minu,2025-01-15T00:25:30.791601366Z,1.860000,2025-01-15T00:58:14.119149628Z,game ended,2025-01-15T00:58:14.230424148Z,true,2025-01-15T00:59:38.318319186Z,"{""age"":""47"",""gender"":""Male"",""strategy"":""Just to say what you see"",""enjoy"":""yes, it was fun. but felt like we cracked it early "",""feedback"":""no issues"",""education"":""high-school""}",2025-01-15T00:59:38.341132117Z,01JHKN9VCY86V93CN49CA5BBCD,2025-01-15T00:25:13.946158934Z,2,2025-01-15T00:24:55.963768588Z,true,2025-01-15T00:25:29.330066474Z,01JHKN9VCY86V93CN49CA5BBCD,2025-01-15T00:25:29.339258633Z,01JHKNKPFRW5QAHYYP36JWKR6Z,2025-01-15T00:25:29.339258633Z,Minu,2025-01-15T00:25:30.791601366Z,#444EA1,2025-01-15T00:25:30.791601366Z,01JHKNCVZNRZAQFVPMXAA67PQA,2025-01-15T00:21:46.372423834Z,66cdfcb06c7f04ea48149efc,2025-01-15T00:21:46.372423834Z,01JHKNCRDX6JP6CR33KFJWPMQM,2025-01-15T00:25:30.791601366Z,,,matcher,2025-01-15T00:57:33.308552396Z,1.860000,2025-01-15T00:58:14.119149628Z,/avatars/red.png,2025-01-15T00:25:30.791601366Z,"{""contextSize"":4,""contextStructure"":""comp-between"",""feedbackDuration"":3,""maxTimeout"":5,""numRepetitionsWithPartner"":4,""playerCount"":2,""selectionDuration"":60,""showNegativeFeedback"":1}",2025-01-15T00:21:46.377792518Z,full-comp-between,2025-01-15T00:21:46.377792518Z,"{""participantKey"":""66cdfcb06c7f04ea48149efc"",""STUDY_ID"":""6785b89c84e8fe5db6959fbc"",""SESSION_ID"":""6786ff608594f52df7fa69e6""}",2025-01-15T00:21:46.788465147Z
01JHKND22YT9652F2HM4EV9YD2,https://api.dicebear.com/8.x/rings/svg?seed=Repi,2025-01-15T00:28:21.856237971Z,1.890000,2025-01-15T00:48:04.86459629Z,game ended,2025-01-15T00:48:04.970617131Z,true,2025-01-15T00:50:30.114546821Z,"{""age"":""27"",""gender"":""Male"",""strategy"":""We picked one shape per frame and used it through out"",""enjoy"":""Yes, they was super cooperative and fast with their responses"",""feedback"":""None"",""education"":""other""}",2025-01-15T00:50:30.095869026Z,01JHKN9YWKX2HRCZ9MFXX8RT2D,2025-01-15T00:28:11.894949946Z,2,2025-01-15T00:27:26.220781463Z,true,2025-01-15T00:28:21.007434457Z,01JHKN9YWKX2HRCZ9MFXX8RT2D,2025-01-15T00:28:21.287706448Z,01JHKNRYD583WD32C6DWGH4K63,2025-01-15T00:28:21.287706448Z,Repi,2025-01-15T00:28:21.856237971Z,#29828D,2025-01-15T00:28:21.856237971Z,01JHKND13A9SDMFQ1DMAW2FRMX,2025-01-15T00:21:51.839004911Z,676c35343b395298cad4bd7c,2025-01-15T00:21:51.839004911Z,01JHKNDTKBJPGN1PW204EVC01J,2025-01-15T00:28:21.856237971Z,,,director,2025-01-15T00:47:34.745287003Z,1.890000,2025-01-15T00:48:04.86459629Z,/avatars/blue.png,2025-01-15T00:28:21.856237971Z,"{""contextSize"":4,""contextStructure"":""comp-between"",""feedbackDuration"":3,""maxTimeout"":5,""numRepetitionsWithPartner"":4,""playerCount"":2,""selectionDuration"":60,""showNegativeFeedback"":1}",2025-01-15T00:21:51.844979531Z,full-comp-between,2025-01-15T00:21:51.844979531Z,"{""participantKey"":""676c35343b395298cad4bd7c"",""STUDY_ID"":""6785b89c84e8fe5db6959fbc"",""SESSION_ID"":""6786ff66f03aabc26db3d66b""}",2025-01-15T00:21:52.410891712Z
01JHKNC106RQJQY4AWVJZ068QA,https://api.dicebear.com/8.x/rings/svg?seed=Repi,2025-01-15T00:25:14.223863989Z,1.890000,2025-01-15T00:50:50.582273791Z,game ended,2025-01-15T00:50:50.687262732Z,true,2025-01-15T00:51:19.135005893Z,"{""age"":""31"",""gender"":""Male"",""strategy"":""Repeat same things when its the same shape"",""enjoy"":""yes, they performed well and fast"",""feedback"":""none"",""education"":""bachelor""}",2025-01-15T00:51:19.116315735Z,01JHKN9SJ2W5864JM0EVN2RN2V,2025-01-15T00:24:37.518176946Z,2,2025-01-15T00:22:22.590436613Z,true,2025-01-15T00:25:13.905222146Z,01JHKN9SJ2W5864JM0EVN2RN2V,2025-01-15T00:25:13.95619638Z,01JHKNK7F10NNJP6QQN5VG5AH5,2025-01-15T00:25:13.95619638Z,Repi,2025-01-15T00:25:14.223863989Z,#29828D,2025-01-15T00:25:14.223863989Z,01JHKNC0PAEB5ENJ5WKE9CHXSD,2025-01-15T00:21:17.95810649Z,66463e4efb99fba5a67a010a,2025-01-15T00:21:17.95810649Z,01JHKNC276A2WXN11QNGA75QV3,2025-01-15T00:25:14.223863989Z,,,director,2025-01-15T00:50:21.090527987Z,1.890000,2025-01-15T00:50:50.582273791Z,/avatars/blue.png,2025-01-15T00:25:14.223863989Z,"{""contextSize"":4,""contextStructure"":""comp-between"",""feedbackDuration"":3,""maxTimeout"":5,""numRepetitionsWithPartner"":4,""playerCount"":2,""selectionDuration"":60,""showNegativeFeedback"":1}",2025-01-15T00:21:17.966564397Z,full-comp-between,2025-01-15T00:21:17.966564397Z,"{""participantKey"":""66463e4efb99fba5a67a010a"",""STUDY_ID"":""6785b89c84e8fe5db6959fbc"",""SESSION_ID"":""6786ff66d3b6d4d6dd8c9ce6""}",2025-01-15T00:21:18.130326764Z
01JHKNC7V4Y4XFZP5Q0K1X5XWQ,https://api.dicebear.com/8.x/rings/svg?seed=Minu,2025-01-15T00:24:37.712840649Z,1.860000,2025-01-15T00:40:58.363573335Z,game ended,2025-01-15T00:40:58.44778199Z,true,2025-01-15T00:43:22.903063933Z,"{""age"":""41"",""gender"":""male"",""strategy"":""The strategy was to make the most amount of money by working together with my partner."",""enjoy"":""Yes they quickly came up with a system to name the pictures which i liked."",""feedback"":""Had to reload the page a few times as it was unresponsive."",""education"":""high-school""}",2025-01-15T00:43:22.883791018Z,01JHKN9S19518NS7AEVR073WB1,2025-01-15T00:24:20.744388133Z,2,2025-01-15T00:24:00.445516455Z,true,2025-01-15T00:24:33.818824338Z,01JHKN9S19518NS7AEVR073WB1,2025-01-15T00:24:33.824951232Z,01JHKNJ08YVQBJ9KXM2BMDBWG3,2025-01-15T00:24:33.824951232Z,Minu,2025-01-15T00:24:37.712840649Z,#444EA1,2025-01-15T00:24:37.712840649Z,01JHKNC76B5J2AT4QA5AFZYGWY,2025-01-15T00:21:24.964402917Z,5dd05d80b2204f1487f7812c,2025-01-15T00:21:24.964402917Z,01JHKNC56GHSJ2099M2BA1SZ1J,2025-01-15T00:24:37.712840649Z,,,matcher,2025-01-15T00:40:51.451648481Z,1.860000,2025-01-15T00:40:58.363573335Z,/avatars/red.png,2025-01-15T00:24:37.712840649Z,"{""contextSize"":4,""contextStructure"":""comp-between"",""feedbackDuration"":3,""maxTimeout"":5,""numRepetitionsWithPartner"":4,""playerCount"":2,""selectionDuration"":60,""showNegativeFeedback"":1}",2025-01-15T00:21:24.969298033Z,full-comp-between,2025-01-15T00:21:24.969298033Z,"{""participantKey"":""5dd05d80b2204f1487f7812c"",""STUDY_ID"":""6785b89c84e8fe5db6959fbc"",""SESSION_ID"":""6786ff64621a9c066c53579e""}",2025-01-15T00:21:25.306287107Z
01JHKNCMKQ5GYSQ5J7FYRGWGFZ,https://api.dicebear.com/8.x/rings/svg?seed=Repi,2025-01-15T00:29:54.182358826Z,1.800000,2025-01-15T01:04:42.324585659Z,game ended,2025-01-15T01:04:42.446352244Z,true,2025-01-15T01:06:49.745660203Z,"{""age"":""23"",""gender"":""Male"",""strategy"":""lovely tho tricky "",""enjoy"":""I loved it"",""feedback"":""The other player experienced little network issues, but loved his energy"",""education"":""bachelor""}",2025-01-15T01:06:49.784766951Z,01JHKN9Z3KDENH41ND7761RTTE,2025-01-15T00:28:21.221669628Z,2,2025-01-15T00:27:27.606470775Z,true,2025-01-15T00:29:53.428156225Z,01JHKN9Z3KDENH41ND7761RTTE,2025-01-15T00:29:53.474680871Z,01JHKNVRE0K0CNJ0ZXZ9ZJY6MR,2025-01-15T00:29:53.474680871Z,Repi,2025-01-15T00:29:54.182358826Z,#29828D,2025-01-15T00:29:54.182358826Z,01JHKNCK5ZZZKHFP9CGXG0KJBR,2025-01-15T00:21:38.039332352Z,677a8f3c7112f646f3fc6408,2025-01-15T00:21:38.039332352Z,01JHKNKVFZQSKFVQ97M3TNNGTW,2025-01-15T00:29:54.182358826Z,,,director,2025-01-15T01:03:58.395548268Z,1.800000,2025-01-15T01:04:42.324585659Z,/avatars/blue.png,2025-01-15T00:29:54.182358826Z,"{""contextSize"":4,""contextStructure"":""comp-between"",""feedbackDuration"":3,""maxTimeout"":5,""numRepetitionsWithPartner"":4,""playerCount"":2,""selectionDuration"":60,""showNegativeFeedback"":1}",2025-01-15T00:21:38.046098366Z,full-comp-between,2025-01-15T00:21:38.046098366Z,"{""participantKey"":""677a8f3c7112f646f3fc6408"",""STUDY_ID"":""6785b89c84e8fe5db6959fbc"",""SESSION_ID"":""6786ff6eed437ef0f0ca6775""}",2025-01-15T00:21:38.639265821Z
01JHKS6BNAMMGZMAHZ1A6WZK2P,,,,,lobby timed out,2025-01-15T01:35:02.840647363Z,,,,,01JHKNA0JAR6XT707HSV502H1S,2025-01-15T01:28:06.60760112Z,2,2025-01-15T01:28:10.253264027Z,true,2025-01-15T01:32:02.795548411Z,01JHKNA0JAR6XT707HSV502H1S,2025-01-15T01:32:02.834271123Z,01JHKSDJCCMQV7JJNYY3HPQTXW,2025-01-15T01:32:02.834271123Z,,,,,01JHKS6B23XHT40SRP9QMDQP52,2025-01-15T01:28:06.57020239Z,5c4f5967aac8be0001716a65,2025-01-15T01:28:06.57020239Z,,,,,,,,,,,"{""contextSize"":4,""contextStructure"":""comp-between"",""feedbackDuration"":3,""maxTimeout"":5,""numRepetitionsWithPartner"":4,""playerCount"":2,""selectionDuration"":60,""showNegativeFeedback"":1}",2025-01-15T01:28:06.60760112Z,full-comp-between,2025-01-15T01:28:06.60760112Z,"{""participantKey"":""5c4f5967aac8be0001716a65"",""STUDY_ID"":""6785b89c84e8fe5db6959fbc"",""SESSION_ID"":""6786ff6b966b198633597147""}",2025-01-15T01:28:06.927682891Z
01JHKNBHNVJ592Z61XSJH55N7B,https://api.dicebear.com/8.x/rings/svg?seed=Repi,2025-01-15T00:23:42.048616148Z,1.800000,2025-01-15T00:43:27.448575747Z,game ended,2025-01-15T00:43:27.536388206Z,true,2025-01-15T00:45:00.307333446Z,"{""age"":""34"",""gender"":""Male"",""strategy"":""To minimize word bank to achieve maximum efficiency and accuracy."",""enjoy"":""Yes! They had a similar thought process in what we saw in each of the shapes, by the 2nd round we were a well-oiled machine."",""feedback"":""Terrific study! Love cooperating with others so this task was a fun time, thanks!"",""education"":""bachelor""}",2025-01-15T00:45:00.2915812Z,01JHKN9QCJS7PK6P582R98YJP2,2025-01-15T00:21:02.280245062Z,2,2025-01-15T00:23:03.533710819Z,true,2025-01-15T00:23:41.754317182Z,01JHKN9QCJS7PK6P582R98YJP2,2025-01-15T00:23:41.806354267Z,01JHKNGDFAZQBFWJHGG8AFZZXM,2025-01-15T00:23:41.806354267Z,Repi,2025-01-15T00:23:42.048616148Z,#29828D,2025-01-15T00:23:42.048616148Z,01JHKNBHD9BW2JKC0F91F8EZJA,2025-01-15T00:21:02.267615024Z,58935d5d4d77be0001689f14,2025-01-15T00:21:02.267615024Z,01JHKNBRZPKQQT7FPCDZTM27AF,2025-01-15T00:23:42.048616148Z,,,director,2025-01-15T00:43:15.21532125Z,1.800000,2025-01-15T00:43:27.448575747Z,/avatars/blue.png,2025-01-15T00:23:42.048616148Z,"{""contextSize"":4,""contextStructure"":""comp-between"",""feedbackDuration"":3,""maxTimeout"":5,""numRepetitionsWithPartner"":4,""playerCount"":2,""selectionDuration"":60,""showNegativeFeedback"":1}",2025-01-15T00:21:02.280245062Z,full-comp-between,2025-01-15T00:21:02.280245062Z,"{""participantKey"":""58935d5d4d77be0001689f14"",""STUDY_ID"":""6785b89c84e8fe5db6959fbc"",""SESSION_ID"":""6786ff611f8123ca1dde3912""}",2025-01-15T00:21:02.409294197Z
01JHKNC4TAXAEZ4SV42KMDBQW3,https://api.dicebear.com/8.x/rings/svg?seed=Repi,2025-01-15T00:24:20.967557016Z,1.710000,2025-01-15T00:59:43.00727116Z,game ended,2025-01-15T00:59:43.115935647Z,true,2025-01-15T01:01:29.864058349Z,"{""age"":""26"",""gender"":""Male"",""strategy"":""We would find objects that were on some of the objects and then call those out like \""House on top\"" \""Small triangle sticking out bottom\"""",""enjoy"":""Yes I think we worked well and figured on signs to tell each other quickly"",""feedback"":""No problems"",""education"":""bachelor""}",2025-01-15T01:01:29.840530509Z,01JHKN9RJ5713GTZXCBYV128DX,2025-01-15T00:23:41.795879515Z,2,2025-01-15T00:22:40.452229712Z,true,2025-01-15T00:24:20.694331452Z,01JHKN9RJ5713GTZXCBYV128DX,2025-01-15T00:24:20.754024408Z,01JHKNHKGEG7QVHMYTPEHGFJ14,2025-01-15T00:24:20.754024408Z,Repi,2025-01-15T00:24:20.967557016Z,#29828D,2025-01-15T00:24:20.967557016Z,01JHKNC4G49E6WPZZ9JYBJTE3N,2025-01-15T00:21:21.866181766Z,66a02d45a7db35d93c9f6a81,2025-01-15T00:21:21.866181766Z,01JHKNECY83PN2JH1HTPS7HAXD,2025-01-15T00:24:20.967557016Z,,,director,2025-01-15T00:58:55.817482295Z,1.710000,2025-01-15T00:59:43.00727116Z,/avatars/blue.png,2025-01-15T00:24:20.967557016Z,"{""contextSize"":4,""contextStructure"":""comp-between"",""feedbackDuration"":3,""maxTimeout"":5,""numRepetitionsWithPartner"":4,""playerCount"":2,""selectionDuration"":60,""showNegativeFeedback"":1}",2025-01-15T00:21:21.871432099Z,full-comp-between,2025-01-15T00:21:21.871432099Z,"{""participantKey"":""66a02d45a7db35d93c9f6a81"",""STUDY_ID"":""6785b89c84e8fe5db6959fbc"",""SESSION_ID"":""6786ff6a352c3a61a16da61e""}",2025-01-15T00:21:22.060400139Z
01JHKNFZ6167K0AWPXKP6GWHDS,https://api.dicebear.com/8.x/rings/svg?seed=Repi,2025-01-15T00:35:18.443319214Z,1.560000,2025-01-15T01:05:00.620098211Z,game ended,2025-01-15T01:05:00.732064071Z,true,2025-01-15T01:06:45.101269942Z,"{""age"":""26"",""gender"":""Female"",""strategy"":""Trust in others"",""enjoy"":""Yes"",""feedback"":""we learn to understand each other as we proceed "",""education"":""other""}",2025-01-15T01:06:45.078370941Z,01JHKN9ZJ60PR87DYG7JFNBHGG,2025-01-15T00:29:53.461827869Z,2,2025-01-15T00:28:15.641574212Z,true,2025-01-15T00:35:17.423380821Z,01JHKN9ZJ60PR87DYG7JFNBHGG,2025-01-15T00:35:17.471708273Z,01JHKP5MTWQ71EERAV9Q38B00Q,2025-01-15T00:35:17.471708273Z,Repi,2025-01-15T00:35:18.443319214Z,#29828D,2025-01-15T00:35:18.443319214Z,01JHKNFXTSABRBBM286NZW496F,2025-01-15T00:23:27.169044138Z,67791ab8b253240f92a529e9,2025-01-15T00:23:27.169044138Z,01JHKNGRQBAMEY0QVR6AQRVBVM,2025-01-15T00:35:18.443319214Z,,,director,2025-01-15T01:04:48.013508272Z,1.560000,2025-01-15T01:05:00.620098211Z,/avatars/blue.png,2025-01-15T00:35:18.443319214Z,"{""contextSize"":4,""contextStructure"":""comp-between"",""feedbackDuration"":3,""maxTimeout"":5,""numRepetitionsWithPartner"":4,""playerCount"":2,""selectionDuration"":60,""showNegativeFeedback"":1}",2025-01-15T00:23:27.175813329Z,full-comp-between,2025-01-15T00:23:27.175813329Z,"{""participantKey"":""67791ab8b253240f92a529e9"",""STUDY_ID"":""6785b89c84e8fe5db6959fbc"",""SESSION_ID"":""6786ff6a621a9c066c5357a1""}",2025-01-15T00:23:27.925889255Z
01JHKNDCMSXFRPTBH65FMZFAQQ,https://api.dicebear.com/8.x/rings/svg?seed=Minu,2025-01-15T00:25:37.96265868Z,1.860000,2025-01-15T00:52:09.319918308Z,game ended,2025-01-15T00:52:09.444000387Z,true,2025-01-15T00:55:20.179754909Z,"{""age"":""18"",""gender"":""Female"",""strategy"":""I tried to find a certain shape that stood out in the image and then described where that shape was located in the image."",""enjoy"":""Yes, it was fun to see how as the game went on we had memorized what correlated with what and used similar terminology.  At first my partner was describing the image to me as a picture they thought it looked like, but that's when we got one wrong because our perception of the images are different."",""feedback"":""I think this study is very unique and interesting, I really enjoyed it."",""education"":""high-school""}",2025-01-15T00:55:20.150957275Z,01JHKN9Y7864AY6TMQ13VH5WG8,2025-01-15T00:25:30.469929854Z,2,2025-01-15T00:24:31.100685547Z,true,2025-01-15T00:25:31.092534216Z,01JHKN9Y7864AY6TMQ13VH5WG8,2025-01-15T00:25:34.512431363Z,01JHKNKVHCV2RB6GX3SS22G07K,2025-01-15T00:25:34.512431363Z,Minu,2025-01-15T00:25:37.96265868Z,#444EA1,2025-01-15T00:25:37.96265868Z,01JHKNDCB8P6NNV28Q3B3G397X,2025-01-15T00:22:02.649451223Z,67855ba77a8e1aaf8e477978,2025-01-15T00:22:02.649451223Z,01JHKNCX17FC8MGJQDR8SBHZVE,2025-01-15T00:25:37.96265868Z,,,matcher,2025-01-15T00:51:52.539443452Z,1.860000,2025-01-15T00:52:09.319918308Z,/avatars/red.png,2025-01-15T00:25:37.96265868Z,"{""contextSize"":4,""contextStructure"":""comp-between"",""feedbackDuration"":3,""maxTimeout"":5,""numRepetitionsWithPartner"":4,""playerCount"":2,""selectionDuration"":60,""showNegativeFeedback"":1}",2025-01-15T00:22:02.656744209Z,full-comp-between,2025-01-15T00:22:02.656744209Z,"{""participantKey"":""67855ba77a8e1aaf8e477978"",""STUDY_ID"":""6785b89c84e8fe5db6959fbc"",""SESSION_ID"":""6786ff647b3e43e3f67bc3c0""}",2025-01-15T00:22:02.80505333Z
01JHKNDTKBJPGN1PW204EVC01J,https://api.dicebear.com/8.x/rings/svg?seed=Minu,2025-01-15T00:28:21.856237971Z,1.890000,2025-01-15T00:48:04.86459629Z,game ended,2025-01-15T00:48:04.970617131Z,true,2025-01-15T00:52:19.999528234Z,"{""age"":""43"",""gender"":""Female"",""strategy"":""using numbers, letters and standout features for easy identification of the shapes "",""enjoy"":""I enjoyed playing this game a lot as it brought easy and swift communication and team work ability. me and my partner were able to have a sharp communication before the end of the first round. "",""feedback"":""No problems, i would like to participate in more surveys like this to test my communication skills with people i''ve not met before but easy understanding."",""education"":""master""}",2025-01-15T00:52:19.963409068Z,01JHKN9YWKX2HRCZ9MFXX8RT2D,2025-01-15T00:28:11.894949946Z,2,2025-01-15T00:25:36.281425608Z,true,2025-01-15T00:28:14.358086972Z,01JHKN9YWKX2HRCZ9MFXX8RT2D,2025-01-15T00:28:21.232887451Z,01JHKNRYBEW9EVZ3J5K9DGZMR9,2025-01-15T00:28:21.232887451Z,Minu,2025-01-15T00:28:21.856237971Z,#444EA1,2025-01-15T00:28:21.856237971Z,01JHKNDR0QBD50E89RBR7HHVR3,2025-01-15T00:22:16.939373886Z,674fc7eef70c3dd15d13963d,2025-01-15T00:22:16.939373886Z,01JHKND22YT9652F2HM4EV9YD2,2025-01-15T00:28:21.856237971Z,,,matcher,2025-01-15T00:47:34.745287003Z,1.890000,2025-01-15T00:48:04.86459629Z,/avatars/red.png,2025-01-15T00:28:21.856237971Z,"{""contextSize"":4,""contextStructure"":""comp-between"",""feedbackDuration"":3,""maxTimeout"":5,""numRepetitionsWithPartner"":4,""playerCount"":2,""selectionDuration"":60,""showNegativeFeedback"":1}",2025-01-15T00:22:16.944800203Z,full-comp-between,2025-01-15T00:22:16.944800203Z,"{""participantKey"":""674fc7eef70c3dd15d13963d"",""STUDY_ID"":""6785b89c84e8fe5db6959fbc"",""SESSION_ID"":""6786ff6db3371b7998542e46""}",2025-01-15T00:22:17.542484286Z
01JHKNE2K1DZ1WA2MN1SREMR8H,https://api.dicebear.com/8.x/rings/svg?seed=Minu,2025-01-15T00:28:12.413655628Z,1.740000,2025-01-15T00:57:35.974407864Z,game ended,2025-01-15T00:57:36.08432591Z,true,2025-01-15T00:59:39.093589502Z,"{""age"":""54"",""gender"":""Male"",""strategy"":""I tried to related the shapes to familiar things most people would know, or describe what direction something was pointing."",""enjoy"":""Yes, overall my partner and I understood each other well."",""feedback"":""No problems."",""education"":""high-school""}",2025-01-15T00:59:39.071380481Z,01JHKN9YN8C3QJZKW7DJ0HDR1F,2025-01-15T00:26:05.003994778Z,2,2025-01-15T00:26:01.031395855Z,true,2025-01-15T00:28:11.863031907Z,01JHKN9YN8C3QJZKW7DJ0HDR1F,2025-01-15T00:28:11.906477658Z,01JHKNRN7ZC1ATJ9CK23W794RD,2025-01-15T00:28:11.906477658Z,Minu,2025-01-15T00:28:12.413655628Z,#444EA1,2025-01-15T00:28:12.413655628Z,01JHKNE29FNX13B0H63ESG7WKA,2025-01-15T00:22:25.121250382Z,626976d0dfd20d6832fc92aa,2025-01-15T00:22:25.121250382Z,01JHKNC25XVD4NXTKG298259YE,2025-01-15T00:28:12.413655628Z,,,matcher,2025-01-15T00:57:05.812532904Z,1.740000,2025-01-15T00:57:35.974407864Z,/avatars/red.png,2025-01-15T00:28:12.413655628Z,"{""contextSize"":4,""contextStructure"":""comp-between"",""feedbackDuration"":3,""maxTimeout"":5,""numRepetitionsWithPartner"":4,""playerCount"":2,""selectionDuration"":60,""showNegativeFeedback"":1}",2025-01-15T00:22:25.131138282Z,full-comp-between,2025-01-15T00:22:25.131138282Z,"{""participantKey"":""626976d0dfd20d6832fc92aa"",""STUDY_ID"":""6785b89c84e8fe5db6959fbc"",""SESSION_ID"":""6786ff6ef9bd00ed10f8b600""}",2025-01-15T00:22:25.288166727Z
01JHKNC276A2WXN11QNGA75QV3,https://api.dicebear.com/8.x/rings/svg?seed=Minu,2025-01-15T00:25:14.223863989Z,1.890000,2025-01-15T00:50:50.582273791Z,game ended,2025-01-15T00:50:50.687262732Z,true,2025-01-15T00:51:50.736261265Z,"{""age"":""28"",""gender"":""Male"",""strategy"":""Getting on the same page was the first part, once we linked up we was able to use the same descriptions making the game a lot more easier."",""enjoy"":""Yes - they was very good at giving information!"",""feedback"":""It lagged a few times, but other than that, great study!"",""education"":""high-school""}",2025-01-15T00:51:50.713531941Z,01JHKN9SJ2W5864JM0EVN2RN2V,2025-01-15T00:24:37.518176946Z,2,2025-01-15T00:22:39.457881907Z,true,2025-01-15T00:24:58.855793071Z,01JHKN9SJ2W5864JM0EVN2RN2V,2025-01-15T00:24:58.863742266Z,01JHKNJRQCY89AJQ1BJGGZYSEX,2025-01-15T00:24:58.863742266Z,Minu,2025-01-15T00:25:14.223863989Z,#444EA1,2025-01-15T00:25:14.223863989Z,01JHKNC1KVZVMJP3DWCBB1HYY2,2025-01-15T00:21:19.206185762Z,6575c7da000442e5a54f5e24,2025-01-15T00:21:19.206185762Z,01JHKNC106RQJQY4AWVJZ068QA,2025-01-15T00:25:14.223863989Z,,,matcher,2025-01-15T00:50:21.090527987Z,1.890000,2025-01-15T00:50:50.582273791Z,/avatars/red.png,2025-01-15T00:25:14.223863989Z,"{""contextSize"":4,""contextStructure"":""comp-between"",""feedbackDuration"":3,""maxTimeout"":5,""numRepetitionsWithPartner"":4,""playerCount"":2,""selectionDuration"":60,""showNegativeFeedback"":1}",2025-01-15T00:21:19.211461027Z,full-comp-between,2025-01-15T00:21:19.211461027Z,"{""participantKey"":""6575c7da000442e5a54f5e24"",""STUDY_ID"":""6785b89c84e8fe5db6959fbc"",""SESSION_ID"":""6786ff6036145373b007569e""}",2025-01-15T00:21:19.525988021Z
01JHKNFB9ZNV2D42YCGEP92AQP,,,,,null,2025-01-15T00:23:06.820840154Z,,,,,01JHKNA0JAR6XT707HSV502H1S,2025-01-15T01:18:47.64712767Z,2,2025-01-15T00:32:23.365250782Z,,,,,,,,,,,01JHKNEDBG1R2RNN6V8G0YWKHR,2025-01-15T00:23:06.815276433Z,67602a9ccc2e9ddbcc0b3e12,2025-01-15T00:23:06.815276433Z,,,,,,,,,,,"{""contextSize"":4,""contextStructure"":""comp-between"",""feedbackDuration"":3,""maxTimeout"":5,""numRepetitionsWithPartner"":4,""playerCount"":2,""selectionDuration"":60,""showNegativeFeedback"":1}",2025-01-15T00:23:06.820840154Z,full-comp-between,2025-01-15T00:23:06.820840154Z,"{""participantKey"":""67602a9ccc2e9ddbcc0b3e12"",""STUDY_ID"":""6785b89c84e8fe5db6959fbc"",""SESSION_ID"":""6786ff65f5abb0aa321e68e4""}",2025-01-15T00:23:11.456866229Z
01JHKNGRQBAMEY0QVR6AQRVBVM,https://api.dicebear.com/8.x/rings/svg?seed=Minu,2025-01-15T00:35:18.443319214Z,1.560000,2025-01-15T01:05:00.620098211Z,game ended,2025-01-15T01:05:00.732064071Z,true,2025-01-15T01:08:24.606899499Z,"{""age"":""37"",""gender"":""male"",""strategy"":""describing the objects in the most vivid or explicit manner. Also, describing the objects using their mere shapes"",""enjoy"":"""",""feedback"":"""",""education"":""bachelor""}",2025-01-15T01:08:24.584484634Z,01JHKN9ZJ60PR87DYG7JFNBHGG,2025-01-15T00:29:53.461827869Z,2,2025-01-15T00:29:23.682268547Z,true,2025-01-15T00:32:58.322627153Z,01JHKN9ZJ60PR87DYG7JFNBHGG,2025-01-15T00:32:58.339347997Z,01JHKP1CZ01K3GCQF92W833Y68,2025-01-15T00:32:58.339347997Z,Minu,2025-01-15T00:35:18.443319214Z,#444EA1,2025-01-15T00:35:18.443319214Z,01JHKNGPQGZ7944SG258YVJHCE,2025-01-15T00:23:53.323099392Z,6762eda63e31c60cc4d2245a,2025-01-15T00:23:53.323099392Z,01JHKNFZ6167K0AWPXKP6GWHDS,2025-01-15T00:35:18.443319214Z,,,matcher,2025-01-15T01:04:48.013508272Z,1.560000,2025-01-15T01:05:00.620098211Z,/avatars/red.png,2025-01-15T00:35:18.443319214Z,"{""contextSize"":4,""contextStructure"":""comp-between"",""feedbackDuration"":3,""maxTimeout"":5,""numRepetitionsWithPartner"":4,""playerCount"":2,""selectionDuration"":60,""showNegativeFeedback"":1}",2025-01-15T00:23:53.32843831Z,full-comp-between,2025-01-15T00:23:53.32843831Z,"{""participantKey"":""6762eda63e31c60cc4d2245a"",""STUDY_ID"":""6785b89c84e8fe5db6959fbc"",""SESSION_ID"":""6786ff63c062fa1d0c160bed""}",2025-01-15T00:23:53.740740691Z
