id,actualPlayerCount,actualPlayerCountLastChangedAt,batchID,batchIDLastChangedAt,bottomTangrams,bottomTangramsLastChangedAt,contextSize,contextSizeLastChangedAt,contextStructure,contextStructureLastChangedAt,ended,endedLastChangedAt,endedInactive,endedInactiveLastChangedAt,endedReason,endedReasonLastChangedAt,groupID,groupIDLastChangedAt,justStarted,justStartedLastChangedAt,maxTimeout,maxTimeoutLastChangedAt,numRoundsInactive,numRoundsInactiveLastChangedAt,rotation,rotationLastChangedAt,roundIndex,roundIndexLastChangedAt,showNegativeFeedback,showNegativeFeedbackLastChangedAt,stageID,stageIDLastChangedAt,start,startLastChangedAt,starting,startingLastChangedAt,status,statusLastChangedAt,targets,targetsLastChangedAt,topTangrams,topTangramsLastChangedAt,treatment,treatmentLastChangedAt,treatmentName,treatmentNameLastChangedAt
01JHH5HBJQKG6QWQPKTS1GSH5V,,,01JHH5HBJD459BR526HYJK3VXR,2025-01-14T01:06:06.552001992Z,,,,,,,false,2025-01-14T01:06:06.552001992Z,,,,,01JHH5HBK4VCABYHV2EVGY9KYG,2025-01-14T01:06:06.566389731Z,,,,,,,,,,,,,,,false,2025-01-14T01:06:06.552001992Z,,,,,,,,,"{""contextSize"":4,""contextStructure"":""comp-within"",""feedbackDuration"":3,""maxTimeout"":5,""numRepetitionsWithPartner"":4,""playerCount"":2,""selectionDuration"":60,""showNegativeFeedback"":1}",2025-01-14T01:06:06.552001992Z,full-comp-within,2025-01-14T01:06:06.552001992Z
01JHH5HDXNV5NWFQYNX4V0QAAA,,,01JHH5HDXE8Z3CKXSS2ECP52BE,2025-01-14T01:06:08.949950154Z,,,,,,,false,2025-01-14T01:06:08.949950154Z,,,,,01JHH5HDY0YASQ733R89NE561C,2025-01-14T01:06:08.962420316Z,,,,,,,,,,,,,,,false,2025-01-14T01:06:08.949950154Z,,,,,,,,,"{""contextSize"":4,""contextStructure"":""comp-within"",""feedbackDuration"":3,""maxTimeout"":5,""numRepetitionsWithPartner"":4,""playerCount"":2,""selectionDuration"":60,""showNegativeFeedback"":1}",2025-01-14T01:06:08.949950154Z,full-comp-within,2025-01-14T01:06:08.949950154Z
01JHH5GWNWEMQHKRMFXX5YFS7H,2,2025-01-14T01:22:47.396989948Z,01JHH5GWNN5EFFCQ2EJMPJN422,2025-01-14T01:05:51.292591616Z,"[293,186,86,314]",2025-01-14T01:22:48.042642671Z,4,2025-01-14T01:22:47.442736161Z,comp-within,2025-01-14T01:22:47.442736161Z,true,2025-01-14T02:05:26.254435314Z,false,2025-01-14T01:22:47.442736161Z,end of game,2025-01-14T02:05:26.307614453Z,01JHH5GWP81W7YZ4FX4R8YZXMD,2025-01-14T01:05:51.306020604Z,false,2025-01-14T01:22:53.833965933Z,5,2025-01-14T01:22:47.442736161Z,0,2025-01-14T01:38:55.728225973Z,0,2025-01-14T01:22:47.442736161Z,63,2025-01-14T01:22:48.042642671Z,1,2025-01-14T01:22:47.442736161Z,null,2025-01-14T02:05:26.254435314Z,true,2025-01-14T01:22:47.396989948Z,true,2025-01-14T01:22:47.396989948Z,ended,2025-01-14T02:05:26.307614453Z,"[[336,293],[336,186],[336,86],[336,314],[374,293],[374,186],[374,86],[374,314],[300,293],[300,186],[300,86],[300,314],[53,293],[53,186],[53,86],[53,314]]",2025-01-14T01:22:48.042642671Z,"[336,374,300,53]",2025-01-14T01:22:48.042642671Z,"{""contextSize"":4,""contextStructure"":""comp-within"",""feedbackDuration"":3,""maxTimeout"":5,""numRepetitionsWithPartner"":4,""playerCount"":2,""selectionDuration"":60,""showNegativeFeedback"":1}",2025-01-14T01:05:51.292591616Z,full-comp-within,2025-01-14T01:05:51.292591616Z
01JHH5GX0T4VYZ31NFV5J0K208,2,2025-01-14T01:29:23.45880607Z,01JHH5GX0KA1ZQ0SF22V12SWD2,2025-01-14T01:05:51.642565017Z,"[5,10,108,277]",2025-01-14T01:29:24.407694315Z,4,2025-01-14T01:29:23.518757539Z,comp-within,2025-01-14T01:29:23.518757539Z,true,2025-01-14T02:17:37.021763386Z,false,2025-01-14T01:29:23.518757539Z,end of game,2025-01-14T02:17:37.068875916Z,01JHH5GX15YMW2HBQBMECPXW9H,2025-01-14T01:05:51.65505705Z,false,2025-01-14T01:29:38.813563889Z,5,2025-01-14T01:29:23.518757539Z,2,2025-01-14T02:17:36.996338254Z,90,2025-01-14T01:29:23.518757539Z,63,2025-01-14T01:29:24.407694315Z,1,2025-01-14T01:29:23.518757539Z,null,2025-01-14T02:17:37.021763386Z,true,2025-01-14T01:29:23.45880607Z,true,2025-01-14T01:29:23.45880607Z,ended,2025-01-14T02:17:37.068875916Z,"[[191,5],[191,10],[191,108],[191,277],[44,5],[44,10],[44,108],[44,277],[283,5],[283,10],[283,108],[283,277],[411,5],[411,10],[411,108],[411,277]]",2025-01-14T01:29:24.407694315Z,"[191,44,283,411]",2025-01-14T01:29:24.407694315Z,"{""contextSize"":4,""contextStructure"":""comp-within"",""feedbackDuration"":3,""maxTimeout"":5,""numRepetitionsWithPartner"":4,""playerCount"":2,""selectionDuration"":60,""showNegativeFeedback"":1}",2025-01-14T01:05:51.642565017Z,full-comp-within,2025-01-14T01:05:51.642565017Z
01JHH5HB6QDHWA4AYQ34RYT8NF,,,01JHH5HB6F8TDB1QKCRA2JCPGE,2025-01-14T01:06:06.167924481Z,,,,,,,false,2025-01-14T01:06:06.167924481Z,,,,,01JHH5HB72EDAQXQJV9SR3J9GB,2025-01-14T01:06:06.180315321Z,,,,,,,,,,,,,,,false,2025-01-14T01:06:06.167924481Z,,,,,,,,,"{""contextSize"":4,""contextStructure"":""comp-within"",""feedbackDuration"":3,""maxTimeout"":5,""numRepetitionsWithPartner"":4,""playerCount"":2,""selectionDuration"":60,""showNegativeFeedback"":1}",2025-01-14T01:06:06.167924481Z,full-comp-within,2025-01-14T01:06:06.167924481Z
01JHH5HE8KJBCSY6G5RZWPRT07,,,01JHH5HE8B2M7RPCQC6GR1H4NQ,2025-01-14T01:06:09.299067092Z,,,,,,,false,2025-01-14T01:06:09.299067092Z,,,,,01JHH5HE8Y7W79S7NA8J9JSY4B,2025-01-14T01:06:09.311918466Z,,,,,,,,,,,,,,,false,2025-01-14T01:06:09.299067092Z,,,,,,,,,"{""contextSize"":4,""contextStructure"":""comp-within"",""feedbackDuration"":3,""maxTimeout"":5,""numRepetitionsWithPartner"":4,""playerCount"":2,""selectionDuration"":60,""showNegativeFeedback"":1}",2025-01-14T01:06:09.299067092Z,full-comp-within,2025-01-14T01:06:09.299067092Z
01JHH5HEJR3N09JPZ2ABJTSN47,,,01JHH5HEJG95EV381BQ5G0NCAF,2025-01-14T01:06:09.62491679Z,,,,,,,false,2025-01-14T01:06:09.62491679Z,,,,,01JHH5HEK33HZ6ZJKNQE2Y4ZF0,2025-01-14T01:06:09.636938776Z,,,,,,,,,,,,,,,false,2025-01-14T01:06:09.62491679Z,,,,,,,,,"{""contextSize"":4,""contextStructure"":""comp-within"",""feedbackDuration"":3,""maxTimeout"":5,""numRepetitionsWithPartner"":4,""playerCount"":2,""selectionDuration"":60,""showNegativeFeedback"":1}",2025-01-14T01:06:09.62491679Z,full-comp-within,2025-01-14T01:06:09.62491679Z
01JHH5GNSHF20Q4NX1WDZA149X,2,2025-01-14T01:14:15.659479589Z,01JHH5GNS2DYJAKPT6MQVPH418,2025-01-14T01:05:44.24202161Z,"[31,0,155,241]",2025-01-14T01:14:15.874916746Z,4,2025-01-14T01:14:15.684713844Z,comp-within,2025-01-14T01:14:15.684713844Z,true,2025-01-14T01:56:05.297999824Z,false,2025-01-14T01:14:15.684713844Z,end of game,2025-01-14T01:56:05.35201552Z,01JHH5GNT6Z2VH24ZWVGZFSCRY,2025-01-14T01:05:44.264686299Z,false,2025-01-14T01:14:18.293822387Z,5,2025-01-14T01:14:15.684713844Z,0,2025-01-14T01:39:03.313853277Z,270,2025-01-14T01:14:15.684713844Z,63,2025-01-14T01:14:15.874916746Z,1,2025-01-14T01:14:15.684713844Z,null,2025-01-14T01:56:05.297999824Z,true,2025-01-14T01:14:15.659479589Z,true,2025-01-14T01:14:15.659479589Z,ended,2025-01-14T01:56:05.35201552Z,"[[229,31],[229,0],[229,155],[229,241],[355,31],[355,0],[355,155],[355,241],[441,31],[441,0],[441,155],[441,241],[91,31],[91,0],[91,155],[91,241]]",2025-01-14T01:14:15.874916746Z,"[229,355,441,91]",2025-01-14T01:14:15.874916746Z,"{""contextSize"":4,""contextStructure"":""comp-within"",""feedbackDuration"":3,""maxTimeout"":5,""numRepetitionsWithPartner"":4,""playerCount"":2,""selectionDuration"":60,""showNegativeFeedback"":1}",2025-01-14T01:05:44.24202161Z,full-comp-within,2025-01-14T01:05:44.24202161Z
01JHH5GRGTXP7JC8NDKM9GVW04,2,2025-01-14T01:16:10.875479511Z,01JHH5GRGGEKQNACZ7VS3ZFNZ4,2025-01-14T01:05:47.03483159Z,"[166,426,39,358]",2025-01-14T01:16:11.120243023Z,4,2025-01-14T01:16:10.902716644Z,comp-within,2025-01-14T01:16:10.902716644Z,true,2025-01-14T01:50:38.785009176Z,false,2025-01-14T01:16:10.902716644Z,end of game,2025-01-14T01:50:38.832234394Z,01JHH5GRH7SXAYH1AVC3D9P41T,2025-01-14T01:05:47.049559457Z,false,2025-01-14T01:16:15.769710153Z,5,2025-01-14T01:16:10.902716644Z,0,2025-01-14T01:16:10.902716644Z,270,2025-01-14T01:16:10.902716644Z,63,2025-01-14T01:16:11.120243023Z,1,2025-01-14T01:16:10.902716644Z,null,2025-01-14T01:50:38.785009176Z,true,2025-01-14T01:16:10.875479511Z,true,2025-01-14T01:16:10.875479511Z,ended,2025-01-14T01:50:38.832234394Z,"[[140,166],[140,426],[140,39],[140,358],[90,166],[90,426],[90,39],[90,358],[336,166],[336,426],[336,39],[336,358],[411,166],[411,426],[411,39],[411,358]]",2025-01-14T01:16:11.120243023Z,"[140,90,336,411]",2025-01-14T01:16:11.120243023Z,"{""contextSize"":4,""contextStructure"":""comp-within"",""feedbackDuration"":3,""maxTimeout"":5,""numRepetitionsWithPartner"":4,""playerCount"":2,""selectionDuration"":60,""showNegativeFeedback"":1}",2025-01-14T01:05:47.03483159Z,full-comp-within,2025-01-14T01:05:47.03483159Z
01JHH5HA5V5509E4YQJAPY664W,,,01JHH5HA5JTP8VYJ52WFKCHJP8,2025-01-14T01:06:05.115931682Z,,,,,,,false,2025-01-14T01:06:05.115931682Z,,,,,01JHH5HA68FDRJK1RJH7F4AH4C,2025-01-14T01:06:05.131048197Z,,,,,,,,,,,,,,,false,2025-01-14T01:06:05.115931682Z,,,,,,,,,"{""contextSize"":4,""contextStructure"":""comp-within"",""feedbackDuration"":3,""maxTimeout"":5,""numRepetitionsWithPartner"":4,""playerCount"":2,""selectionDuration"":60,""showNegativeFeedback"":1}",2025-01-14T01:06:05.115931682Z,full-comp-within,2025-01-14T01:06:05.115931682Z
01JHH5GWB0CXDHAE1ME247KT48,2,2025-01-14T01:19:13.501564357Z,01JHH5GWARV8RJQXZ0EH2TQD9F,2025-01-14T01:05:50.944742275Z,"[209,237,331,447]",2025-01-14T01:19:13.976529616Z,4,2025-01-14T01:19:13.5447156Z,comp-within,2025-01-14T01:19:13.5447156Z,true,2025-01-14T01:54:24.641363708Z,false,2025-01-14T01:19:13.5447156Z,end of game,2025-01-14T01:54:24.692901825Z,01JHH5GWBCEZ0RZ5EEJ95YECCW,2025-01-14T01:05:50.957946883Z,false,2025-01-14T01:19:21.969932649Z,5,2025-01-14T01:19:13.5447156Z,0,2025-01-14T01:27:37.94124585Z,0,2025-01-14T01:19:13.5447156Z,63,2025-01-14T01:19:13.976529616Z,1,2025-01-14T01:19:13.5447156Z,null,2025-01-14T01:54:24.641363708Z,true,2025-01-14T01:19:13.501564357Z,true,2025-01-14T01:19:13.501564357Z,ended,2025-01-14T01:54:24.692901825Z,"[[374,209],[374,237],[374,331],[374,447],[178,209],[178,237],[178,331],[178,447],[102,209],[102,237],[102,331],[102,447],[83,209],[83,237],[83,331],[83,447]]",2025-01-14T01:19:13.976529616Z,"[374,178,102,83]",2025-01-14T01:19:13.976529616Z,"{""contextSize"":4,""contextStructure"":""comp-within"",""feedbackDuration"":3,""maxTimeout"":5,""numRepetitionsWithPartner"":4,""playerCount"":2,""selectionDuration"":60,""showNegativeFeedback"":1}",2025-01-14T01:05:50.944742275Z,full-comp-within,2025-01-14T01:05:50.944742275Z
01JHH5GXAWDJ272ZGBC2VFMNSJ,2,2025-01-14T01:30:22.032145815Z,01JHH5GXAMZ8W1FW4H6ZQS2TZ7,2025-01-14T01:05:51.96460784Z,"[94,386,100,163]",2025-01-14T01:30:23.042072429Z,4,2025-01-14T01:30:22.09760859Z,comp-within,2025-01-14T01:30:22.09760859Z,true,2025-01-14T01:39:15.423681517Z,true,2025-01-14T01:39:15.405244152Z,timeOut,2025-01-14T01:39:15.405244152Z,01JHH5GXB8CZT3NQH69F941W5S,2025-01-14T01:05:51.978524574Z,false,2025-01-14T01:30:39.880584898Z,5,2025-01-14T01:30:22.09760859Z,5,2025-01-14T01:39:15.405244152Z,90,2025-01-14T01:30:22.09760859Z,63,2025-01-14T01:30:23.042072429Z,1,2025-01-14T01:30:22.09760859Z,null,2025-01-14T01:39:15.423681517Z,true,2025-01-14T01:30:22.032145815Z,true,2025-01-14T01:30:22.032145815Z,ended,2025-01-14T01:39:15.405244152Z,"[[219,94],[219,386],[219,100],[219,163],[255,94],[255,386],[255,100],[255,163],[456,94],[456,386],[456,100],[456,163],[304,94],[304,386],[304,100],[304,163]]",2025-01-14T01:30:23.042072429Z,"[219,255,456,304]",2025-01-14T01:30:23.042072429Z,"{""contextSize"":4,""contextStructure"":""comp-within"",""feedbackDuration"":3,""maxTimeout"":5,""numRepetitionsWithPartner"":4,""playerCount"":2,""selectionDuration"":60,""showNegativeFeedback"":1}",2025-01-14T01:05:51.96460784Z,full-comp-within,2025-01-14T01:05:51.96460784Z
01JHH5GXMVB3FM4TA3STJYWDTG,,,01JHH5GXMMV2K038Q01WR4YFPF,2025-01-14T01:05:52.283428639Z,,,,,,,false,2025-01-14T01:05:52.283428639Z,,,,,01JHH5GXN76BN4X6Q5SK1N432K,2025-01-14T01:05:52.299273232Z,,,,,,,,,,,,,,,false,2025-01-14T01:05:52.283428639Z,,,,,,,,,"{""contextSize"":4,""contextStructure"":""comp-within"",""feedbackDuration"":3,""maxTimeout"":5,""numRepetitionsWithPartner"":4,""playerCount"":2,""selectionDuration"":60,""showNegativeFeedback"":1}",2025-01-14T01:05:52.283428639Z,full-comp-within,2025-01-14T01:05:52.283428639Z
01JHH5HAGNBS4SGE26QPK9P1EW,,,01JHH5HAGD1VSTFKRNMA87WCBX,2025-01-14T01:06:05.461542197Z,,,,,,,false,2025-01-14T01:06:05.461542197Z,,,,,01JHH5HAH1S4S0S87QJZP59E3R,2025-01-14T01:06:05.474928552Z,,,,,,,,,,,,,,,false,2025-01-14T01:06:05.461542197Z,,,,,,,,,"{""contextSize"":4,""contextStructure"":""comp-within"",""feedbackDuration"":3,""maxTimeout"":5,""numRepetitionsWithPartner"":4,""playerCount"":2,""selectionDuration"":60,""showNegativeFeedback"":1}",2025-01-14T01:06:05.461542197Z,full-comp-within,2025-01-14T01:06:05.461542197Z
01JHH5HDKQ1Y9ZE0ZZ3HRZ4X1W,,,01JHH5HDKGG08392GHKXKD2BDN,2025-01-14T01:06:08.631674485Z,,,,,,,false,2025-01-14T01:06:08.631674485Z,,,,,01JHH5HDM3DKX0P1RRSTQ325Z8,2025-01-14T01:06:08.644673782Z,,,,,,,,,,,,,,,false,2025-01-14T01:06:08.631674485Z,,,,,,,,,"{""contextSize"":4,""contextStructure"":""comp-within"",""feedbackDuration"":3,""maxTimeout"":5,""numRepetitionsWithPartner"":4,""playerCount"":2,""selectionDuration"":60,""showNegativeFeedback"":1}",2025-01-14T01:06:08.631674485Z,full-comp-within,2025-01-14T01:06:08.631674485Z
01JHH5GQB236Q77PM2YJ7S6PEH,2,2025-01-14T01:14:52.972734626Z,01JHH5GQASQFVXRA8579N6FW97,2025-01-14T01:05:45.826833133Z,"[239,73,83,336]",2025-01-14T01:14:53.174537517Z,4,2025-01-14T01:14:52.998052973Z,comp-within,2025-01-14T01:14:52.998052973Z,true,2025-01-14T01:39:10.407848656Z,false,2025-01-14T01:14:52.998052973Z,end of game,2025-01-14T01:39:10.44767797Z,01JHH5GQBJ7P9YH9H6ZHYZFG68,2025-01-14T01:05:45.84425423Z,false,2025-01-14T01:14:57.139032298Z,5,2025-01-14T01:14:52.998052973Z,0,2025-01-14T01:14:52.998052973Z,0,2025-01-14T01:14:52.998052973Z,63,2025-01-14T01:14:53.174537517Z,1,2025-01-14T01:14:52.998052973Z,null,2025-01-14T01:39:10.407848656Z,true,2025-01-14T01:14:52.972734626Z,true,2025-01-14T01:14:52.972734626Z,ended,2025-01-14T01:39:10.44767797Z,"[[17,239],[17,73],[17,83],[17,336],[123,239],[123,73],[123,83],[123,336],[405,239],[405,73],[405,83],[405,336],[32,239],[32,73],[32,83],[32,336]]",2025-01-14T01:14:53.174537517Z,"[17,123,405,32]",2025-01-14T01:14:53.174537517Z,"{""contextSize"":4,""contextStructure"":""comp-within"",""feedbackDuration"":3,""maxTimeout"":5,""numRepetitionsWithPartner"":4,""playerCount"":2,""selectionDuration"":60,""showNegativeFeedback"":1}",2025-01-14T01:05:45.826833133Z,full-comp-within,2025-01-14T01:05:45.826833133Z
01JHH5GSCC1GFQ3DW2S1PJ1Y7H,2,2025-01-14T01:16:52.196554217Z,01JHH5GSC32YZXN45R2SZCYVXE,2025-01-14T01:05:47.916487962Z,"[137,93,447,192]",2025-01-14T01:16:52.469970008Z,4,2025-01-14T01:16:52.22303978Z,comp-within,2025-01-14T01:16:52.22303978Z,true,2025-01-14T01:59:14.627022768Z,false,2025-01-14T01:16:52.22303978Z,end of game,2025-01-14T01:59:14.681795047Z,01JHH5GSCS8DNG9MXQ6PHC0EV7,2025-01-14T01:05:47.931112775Z,false,2025-01-14T01:16:58.211383956Z,5,2025-01-14T01:16:52.22303978Z,0,2025-01-14T01:19:03.501264309Z,270,2025-01-14T01:16:52.22303978Z,63,2025-01-14T01:16:52.469970008Z,1,2025-01-14T01:16:52.22303978Z,null,2025-01-14T01:59:14.627022768Z,true,2025-01-14T01:16:52.196554217Z,true,2025-01-14T01:16:52.196554217Z,ended,2025-01-14T01:59:14.681795047Z,"[[232,137],[232,93],[232,447],[232,192],[51,137],[51,93],[51,447],[51,192],[130,137],[130,93],[130,447],[130,192],[408,137],[408,93],[408,447],[408,192]]",2025-01-14T01:16:52.469970008Z,"[232,51,130,408]",2025-01-14T01:16:52.469970008Z,"{""contextSize"":4,""contextStructure"":""comp-within"",""feedbackDuration"":3,""maxTimeout"":5,""numRepetitionsWithPartner"":4,""playerCount"":2,""selectionDuration"":60,""showNegativeFeedback"":1}",2025-01-14T01:05:47.916487962Z,full-comp-within,2025-01-14T01:05:47.916487962Z
01JHH5GV5YV5JX672V227MQG6S,2,2025-01-14T01:17:45.584007066Z,01JHH5GV5P4KKPMCZTQHG3108S,2025-01-14T01:05:49.758929611Z,"[34,207,180,391]",2025-01-14T01:17:45.975457634Z,4,2025-01-14T01:17:45.61653892Z,comp-within,2025-01-14T01:17:45.61653892Z,true,2025-01-14T01:40:27.679945121Z,false,2025-01-14T01:17:45.61653892Z,end of game,2025-01-14T01:40:27.727960098Z,01JHH5GV6CMCP6WZCVQYCTZZ1A,2025-01-14T01:05:49.774385591Z,false,2025-01-14T01:17:49.170733448Z,5,2025-01-14T01:17:45.61653892Z,0,2025-01-14T01:17:45.61653892Z,90,2025-01-14T01:17:45.61653892Z,63,2025-01-14T01:17:45.975457634Z,1,2025-01-14T01:17:45.61653892Z,null,2025-01-14T01:40:27.679945121Z,true,2025-01-14T01:17:45.584007066Z,true,2025-01-14T01:17:45.584007066Z,ended,2025-01-14T01:40:27.727960098Z,"[[63,34],[63,207],[63,180],[63,391],[457,34],[457,207],[457,180],[457,391],[84,34],[84,207],[84,180],[84,391],[384,34],[384,207],[384,180],[384,391]]",2025-01-14T01:17:45.975457634Z,"[63,457,84,384]",2025-01-14T01:17:45.975457634Z,"{""contextSize"":4,""contextStructure"":""comp-within"",""feedbackDuration"":3,""maxTimeout"":5,""numRepetitionsWithPartner"":4,""playerCount"":2,""selectionDuration"":60,""showNegativeFeedback"":1}",2025-01-14T01:05:49.758929611Z,full-comp-within,2025-01-14T01:05:49.758929611Z
01JHH5HAWCMEGJ5PD38ZQ7WH29,,,01JHH5HAW486K4VGCEDWMXQWZ1,2025-01-14T01:06:05.836085822Z,,,,,,,false,2025-01-14T01:06:05.836085822Z,,,,,01JHH5HAWSWNH2SHSY250S6BQG,2025-01-14T01:06:05.850481231Z,,,,,,,,,,,,,,,false,2025-01-14T01:06:05.836085822Z,,,,,,,,,"{""contextSize"":4,""contextStructure"":""comp-within"",""feedbackDuration"":3,""maxTimeout"":5,""numRepetitionsWithPartner"":4,""playerCount"":2,""selectionDuration"":60,""showNegativeFeedback"":1}",2025-01-14T01:06:05.836085822Z,full-comp-within,2025-01-14T01:06:05.836085822Z
01JHH5HD9SKVY7NYFHZJ7YRH8Y,,,01JHH5HD9JF3HVTYEZW4N61Y8B,2025-01-14T01:06:08.313256981Z,,,,,,,false,2025-01-14T01:06:08.313256981Z,,,,,01JHH5HDA6RQZ9ZCWFY7YARZAN,2025-01-14T01:06:08.327881689Z,,,,,,,,,,,,,,,false,2025-01-14T01:06:08.313256981Z,,,,,,,,,"{""contextSize"":4,""contextStructure"":""comp-within"",""feedbackDuration"":3,""maxTimeout"":5,""numRepetitionsWithPartner"":4,""playerCount"":2,""selectionDuration"":60,""showNegativeFeedback"":1}",2025-01-14T01:06:08.313256981Z,full-comp-within,2025-01-14T01:06:08.313256981Z
