id,batchID,batchIDLastChangedAt,gameID,gameIDLastChangedAt,playerID,playerIDLastChangedAt
01JHH63SRCG1KEQ482093PNHV9,01JHH5GRGGEKQNACZ7VS3ZFNZ4,2025-01-14T01:16:10.892786441Z,01JHH5GRGTXP7JC8NDKM9GVW04,2025-01-14T01:16:10.892786441Z,01JHH5YST5KD17EYPZFV6RV5JE,2025-01-14T01:16:10.892786441Z
01JHH6523MWBP66X1B8SAWQTYR,01JHH5GSC32YZXN45R2SZCYVXE,2025-01-14T01:16:52.212719991Z,01JHH5GSCC1GFQ3DW2S1PJ1Y7H,2025-01-14T01:16:52.212719991Z,01JHH5WRJMR4Y4X66A2B4M6RNS,2025-01-14T01:16:52.212719991Z
01JHH6523PEJJ5P9Z1C5C4478S,01JHH5GSC32YZXN45R2SZCYVXE,2025-01-14T01:16:52.214723175Z,01JHH5GSCC1GFQ3DW2S1PJ1Y7H,2025-01-14T01:16:52.214723175Z,01JHH5WVV21TEC4KS2JKHA7ZKG,2025-01-14T01:16:52.214723175Z
01JHH69C3QAAJ1B0VBB8S6DJKK,01JHH5GWARV8RJQXZ0EH2TQD9F,2025-01-14T01:19:13.527512698Z,01JHH5GWB0CXDHAE1ME247KT48,2025-01-14T01:19:13.527512698Z,01JHH6097RA7PBDH96WB0AT3Z0,2025-01-14T01:19:13.527512698Z
01JHH6FX01BZDCNSEME6Z39JDC,01JHH5GWNN5EFFCQ2EJMPJN422,2025-01-14T01:22:47.425927414Z,01JHH5GWNWEMQHKRMFXX5YFS7H,2025-01-14T01:22:47.425927414Z,01JHH61PVH1KRSTBJJBB68MJ56,2025-01-14T01:22:47.425927414Z
01JHH6VZS7YDE0P8HZBQ2H48AZ,01JHH5GX0KA1ZQ0SF22V12SWD2,2025-01-14T01:29:23.495097454Z,01JHH5GX0T4VYZ31NFV5J0K208,2025-01-14T01:29:23.495097454Z,01JHH6M9NVJD07H4TGCSD36P67,2025-01-14T01:29:23.495097454Z
01JHH6XRZS0ZWJMGFMTECEAP7M,01JHH5GXAMZ8W1FW4H6ZQS2TZ7,2025-01-14T01:30:22.073933693Z,01JHH5GXAWDJ272ZGBC2VFMNSJ,2025-01-14T01:30:22.073933693Z,01JHH5XSJPYW2AEFWJ6BGN4KKA,2025-01-14T01:30:22.073933693Z
01JHH6097VQP3FJA387X7S608Y,01JHH5GNS2DYJAKPT6MQVPH418,2025-01-14T01:14:15.675753385Z,01JHH5GNSHF20Q4NX1WDZA149X,2025-01-14T01:14:15.675753385Z,01JHH5W0TJKBQXHQJMTB55AZTC,2025-01-14T01:14:15.675753385Z
01JHH61DNVMGBKA74B52Z4FHTS,01JHH5GQASQFVXRA8579N6FW97,2025-01-14T01:14:52.987288801Z,01JHH5GQB236Q77PM2YJ7S6PEH,2025-01-14T01:14:52.987288801Z,01JHH5TBVQW5K0BH3HCHPY8BM6,2025-01-14T01:14:52.987288801Z
01JHH66P83R8DGJF659C67MXSZ,01JHH5GV5P4KKPMCZTQHG3108S,2025-01-14T01:17:45.603344671Z,01JHH5GV5YV5JX672V227MQG6S,2025-01-14T01:17:45.603344671Z,01JHH5ZDX3TE19MGEE829F2CSY,2025-01-14T01:17:45.603344671Z
01JHH6FWZW9D1BVVAQDN7P5T5Y,01JHH5GWNN5EFFCQ2EJMPJN422,2025-01-14T01:22:47.420859366Z,01JHH5GWNWEMQHKRMFXX5YFS7H,2025-01-14T01:22:47.420859366Z,01JHH5WMPAMAW7S892M72ATEVW,2025-01-14T01:22:47.420859366Z
01JHH6097VQP3FJA387JH7B719,01JHH5GNS2DYJAKPT6MQVPH418,2025-01-14T01:14:15.675271119Z,01JHH5GNSHF20Q4NX1WDZA149X,2025-01-14T01:14:15.675271119Z,01JHH5REM0ZTMWWE4J605PHH8D,2025-01-14T01:14:15.675271119Z
01JHH63SRB3Y17FDB1CYNF0SNE,01JHH5GRGGEKQNACZ7VS3ZFNZ4,2025-01-14T01:16:10.891550057Z,01JHH5GRGTXP7JC8NDKM9GVW04,2025-01-14T01:16:10.891550057Z,01JHH5VFQTFAC80J5P3T51KFK5,2025-01-14T01:16:10.891550057Z
01JHH66P80TA9G1ZCW36YY0V22,01JHH5GV5P4KKPMCZTQHG3108S,2025-01-14T01:17:45.600455308Z,01JHH5GV5YV5JX672V227MQG6S,2025-01-14T01:17:45.600455308Z,01JHH5WD8M6J1JFFX2XQ5FNKEY,2025-01-14T01:17:45.600455308Z
01JHH69C3M26670QVKRAAHZY64,01JHH5GWARV8RJQXZ0EH2TQD9F,2025-01-14T01:19:13.524413888Z,01JHH5GWB0CXDHAE1ME247KT48,2025-01-14T01:19:13.524413888Z,01JHH5W9P89SQQFQHCVYS2EBKZ,2025-01-14T01:19:13.524413888Z
01JHH6VZRYER2J5TP4AYNQCCTB,01JHH5GX0KA1ZQ0SF22V12SWD2,2025-01-14T01:29:23.486799201Z,01JHH5GX0T4VYZ31NFV5J0K208,2025-01-14T01:29:23.486799201Z,01JHH5Y5YB4YMJK9EN0H2KDNC4,2025-01-14T01:29:23.486799201Z
01JHH6XRZH6YFJN754CGBF6RA2,01JHH5GXAMZ8W1FW4H6ZQS2TZ7,2025-01-14T01:30:22.065289772Z,01JHH5GXAWDJ272ZGBC2VFMNSJ,2025-01-14T01:30:22.065289772Z,01JHH5V0Z97VRG3D0V2R4PH2E6,2025-01-14T01:30:22.065289772Z
01JHH61DNWHZ0KVYGGJA203353,01JHH5GQASQFVXRA8579N6FW97,2025-01-14T01:14:52.988372263Z,01JHH5GQB236Q77PM2YJ7S6PEH,2025-01-14T01:14:52.988372263Z,01JHH5WK5XK87A68QQ71ZVF84V,2025-01-14T01:14:52.988372263Z
