id,batchID,batchIDLastChangedAt,gameID,gameIDLastChangedAt,playerID,playerIDLastChangedAt
01JH9DBDF4MMQ1J2JZMB1RB28Q,01JH9BRMEKZCF2MA6AJ67H9FTD,2025-01-11T00:48:45.028783427Z,01JH9BRMEVGAZPCDBY96308MZ7,2025-01-11T00:48:45.028783427Z,01JH9CYXA2V27C61ECR9QA2TVD,2025-01-11T00:48:45.028783427Z
01JH9DMTANJWPVZFVP069DKQTZ,01JH9BRNDMV7QEPRE6J0F03ZEB,2025-01-11T00:53:53.109137226Z,01JH9BRNDVYKXKN9CSJRJVMJHY,2025-01-11T00:53:53.109137226Z,01JH9CKQERPY2GSSNW0V1K3SZW,2025-01-11T00:53:53.109137226Z
01JH9E54W78CMZTQPGNXQQBARF,01JH9BRP99CTZD392P7WRGTWZ2,2025-01-11T01:02:48.199078912Z,01JH9BRP9GE0ZVJS39DBKV0AFR,2025-01-11T01:02:48.199078912Z,01JH9DYPHQHXMZ59WFCBT8NHZQ,2025-01-11T01:02:48.199078912Z
01JH9DMH8G1A9M54ETGZEKKE7Q,01JH9BRMT9A0DFMVRAWQEPJ38D,2025-01-11T00:53:43.824676375Z,01JH9BRMTHGSJFFKTD82MTRQ0M,2025-01-11T00:53:43.824676375Z,01JH9CWPVHDGX0XWD96RKB11QG,2025-01-11T00:53:43.824676375Z
01JH9DMH8MTZ0K5120G69K71ZE,01JH9BRMT9A0DFMVRAWQEPJ38D,2025-01-11T00:53:43.828982335Z,01JH9BRMTHGSJFFKTD82MTRQ0M,2025-01-11T00:53:43.828982335Z,01JH9DEETNS1TJJBX2DJ49RR47,2025-01-11T00:53:43.828982335Z
01JH9DVQ42RV3DV78JTXN8CT1Y,01JH9BRNYYHXEKB1VEKV8Z4T4P,2025-01-11T00:57:39.202934159Z,01JH9BRNZ53EZP16JQY7B7TCJD,2025-01-11T00:57:39.202934159Z,01JH9CHSK1V9G96G5PTHNZBWTC,2025-01-11T00:57:39.202934159Z
01JH9EBZ6M4RQD6MGS8925RTD0,01JH9E6Z600P28KEFHBRWZJC3R,2025-01-11T01:06:31.764726442Z,01JH9E6Z7K62E5HRRZJGEACRWF,2025-01-11T01:06:31.764726442Z,01JH9DZMFF42VCBKBHSA219PX6,2025-01-11T01:06:31.764726442Z
01JH9D1YCE9A35FRBGBHDDXV77,01JH9BREKSM9GWVCQ942EKS85B,2025-01-11T00:43:34.670937811Z,01JH9BREM9CNFMDTE8ZGVGBWWT,2025-01-11T00:43:34.670937811Z,01JH9CX64ZW5JFYZ7B6EXB6TXN,2025-01-11T00:43:34.670937811Z
01JH9D309JPEB75NTHGST4PVHN,01JH9BRH7026TDSMHK7PT05CSY,2025-01-11T00:44:09.395026343Z,01JH9BRH79CNE9WT406Z7STBP1,2025-01-11T00:44:09.395026343Z,01JH9CWX8RRQW50WA8GS29E11S,2025-01-11T00:44:09.395026343Z
01JH9D6ZDY35A1GPWG4PCTC1NG,01JH9BRK0NGX20E7KW6Z2CN9PP,2025-01-11T00:46:19.582272265Z,01JH9BRK0XGF8A62XZ1MCZN3C4,2025-01-11T00:46:19.582272265Z,01JH9CWNRNKM6FQ37J751186X7,2025-01-11T00:46:19.582272265Z
01JH9D6ZDZBXRHME912TQXE4T7,01JH9BRK0NGX20E7KW6Z2CN9PP,2025-01-11T00:46:19.583965622Z,01JH9BRK0XGF8A62XZ1MCZN3C4,2025-01-11T00:46:19.583965622Z,01JH9CX1KV21DCE5XZSCDZC17S,2025-01-11T00:46:19.583965622Z
01JH9EBZ70VB8NXHPRMPN7HQ9F,01JH9E6Z600P28KEFHBRWZJC3R,2025-01-11T01:06:31.776847938Z,01JH9E6Z7K62E5HRRZJGEACRWF,2025-01-11T01:06:31.776847938Z,01JH9E0F1YW33R67MJS5KW6N55,2025-01-11T01:06:31.776847938Z
01JH9D309KCHMYMGMHXZT72P0E,01JH9BRH7026TDSMHK7PT05CSY,2025-01-11T00:44:09.395634303Z,01JH9BRH79CNE9WT406Z7STBP1,2025-01-11T00:44:09.395634303Z,01JH9CX9K11D66PYV2EYSSJR5G,2025-01-11T00:44:09.395634303Z
01JH9D5ZMCBSQTW1PWFNV8MCH6,01JH9BRHQZYSSYWQN75W3PAV17,2025-01-11T00:45:47.020774634Z,01JH9BRHR8QRZ25D3VFBSAAXZH,2025-01-11T00:45:47.020774634Z,01JH9CXCW6W6FMTK0SQCAV3TA7,2025-01-11T00:45:47.020774634Z
01JH9DVQ48E7AGKJBWTN7VZMVV,01JH9BRNYYHXEKB1VEKV8Z4T4P,2025-01-11T00:57:39.208604452Z,01JH9BRNZ53EZP16JQY7B7TCJD,2025-01-11T00:57:39.208604452Z,01JH9DSMPT7WM3C8KVR0TX1T00,2025-01-11T00:57:39.208604452Z
01JH9EA2ESW5JRSRSHRM39B5CJ,01JH9DWKEH6GDE4GTY062FWBF2,2025-01-11T01:05:29.561101068Z,01JH9DWKFQGPKBKV1DG18G1KC7,2025-01-11T01:05:29.561101068Z,01JH9DG6ZD8T8RFSYSBYFFCRYK,2025-01-11T01:05:29.561101068Z
01JH9DBDF7WW46HJR7RZEPN47H,01JH9BRMEKZCF2MA6AJ67H9FTD,2025-01-11T00:48:45.031792141Z,01JH9BRMEVGAZPCDBY96308MZ7,2025-01-11T00:48:45.031792141Z,01JH9D5B50ADNFSEMCE1EQD7EA,2025-01-11T00:48:45.031792141Z
01JH9DMTASDEDY1VMYD9NNNJ4R,01JH9BRNDMV7QEPRE6J0F03ZEB,2025-01-11T00:53:53.113680378Z,01JH9BRNDVYKXKN9CSJRJVMJHY,2025-01-11T00:53:53.113680378Z,01JH9D4JMGEJBH4V40W5GATCHJ,2025-01-11T00:53:53.113680378Z
01JH9E54VXX29S4VVW8GQZFN3H,01JH9BRP99CTZD392P7WRGTWZ2,2025-01-11T01:02:48.189682281Z,01JH9BRP9GE0ZVJS39DBKV0AFR,2025-01-11T01:02:48.189682281Z,01JH9DTFSWB1F6H8BR2RQYTB1Y,2025-01-11T01:02:48.189682281Z
01JH9EA2F4A16X6VTEBKACSH0N,01JH9DWKEH6GDE4GTY062FWBF2,2025-01-11T01:05:29.57214703Z,01JH9DWKFQGPKBKV1DG18G1KC7,2025-01-11T01:05:29.57214703Z,01JH9DXXVWRTMN0SGHZPVD6WE1,2025-01-11T01:05:29.57214703Z
01JH9D1YCE9A35FRBGBAYXE319,01JH9BREKSM9GWVCQ942EKS85B,2025-01-11T00:43:34.670642097Z,01JH9BREM9CNFMDTE8ZGVGBWWT,2025-01-11T00:43:34.670642097Z,01JH9CVSQTWQ87V3ZFBD78PZPM,2025-01-11T00:43:34.670642097Z
01JH9D5ZMBDDJXH8CE7ANK2TM1,01JH9BRHQZYSSYWQN75W3PAV17,2025-01-11T00:45:47.019265564Z,01JH9BRHR8QRZ25D3VFBSAAXZH,2025-01-11T00:45:47.019265564Z,01JH9CX9WKJ2PWF5C4RYYY2MCC,2025-01-11T00:45:47.019265564Z
01JH9D8ZRMZ51FN94A72ARH6ZJ,01JH9BRKGNSDDX0QRWMQFBMC6N,2025-01-11T00:47:25.460098708Z,01JH9BRKGYAQPYRSATFK9G1CDV,2025-01-11T00:47:25.460098708Z,01JH9CWZ2AMHT920P7X6WXWTTK,2025-01-11T00:47:25.460098708Z
01JH9D8ZRQX2VQBWYKB91QBDTS,01JH9BRKGNSDDX0QRWMQFBMC6N,2025-01-11T00:47:25.463896986Z,01JH9BRKGYAQPYRSATFK9G1CDV,2025-01-11T00:47:25.463896986Z,01JH9CX67A9WZBD2V0VJ0G4K1G,2025-01-11T00:47:25.463896986Z
