id,config,configLastChangedAt,endedReason,endedReasonLastChangedAt,initialized,initializedLastChangedAt,lobbyConfig,lobbyConfigLastChangedAt,status,statusLastChangedAt
01JGZ3D6RZSF9DMGSDWTFXFBDS,"{""kind"":""complete"",""config"":{""treatments"":[{""treatment"":{""name"":""full-comp-between"",""factors"":{""contextSize"":4,""contextStructure"":""comp-between"",""feedbackDuration"":3,""maxTimeout"":3,""numRepetitionsWithPartner"":4,""playerCount"":2,""selectionDuration"":60,""showNegativeFeedback"":1}},""count"":1},{""treatment"":{""name"":""full-comp-within"",""factors"":{""contextSize"":4,""contextStructure"":""comp-within"",""feedbackDuration"":3,""maxTimeout"":3,""numRepetitionsWithPartner"":4,""playerCount"":2,""selectionDuration"":60,""showNegativeFeedback"":1}},""count"":1},{""treatment"":{""name"":""full-noncomp"",""factors"":{""contextSize"":4,""contextStructure"":""noncomp"",""feedbackDuration"":3,""maxTimeout"":3,""numRepetitionsWithPartner"":4,""playerCount"":2,""selectionDuration"":60,""showNegativeFeedback"":1}},""count"":1}]}}",2025-01-07T00:42:33.631938558Z,,,true,2025-01-07T00:42:34.757123411Z,"{""name"":""Longer individual"",""kind"":""individual"",""duration"":900000000000,""strategy"":""ignore""}",2025-01-07T00:42:33.631938558Z,terminated,2025-01-07T00:43:39.104770961Z
01JGZ3FW0DTMTAGQ58VA8P6MEE,"{""kind"":""complete"",""config"":{""treatments"":[{""treatment"":{""name"":""full-noncomp"",""factors"":{""contextSize"":4,""contextStructure"":""noncomp"",""feedbackDuration"":3,""maxTimeout"":3,""numRepetitionsWithPartner"":4,""playerCount"":2,""selectionDuration"":60,""showNegativeFeedback"":1}},""count"":1}]}}",2025-01-07T00:44:00.909347086Z,all games finished,2025-01-07T01:11:10.653269556Z,true,2025-01-07T00:44:01.028153211Z,"{""name"":""Default shared fail"",""kind"":""shared"",""duration"":300000000000,""strategy"":""fail""}",2025-01-07T00:44:00.909347086Z,ended,2025-01-07T01:11:10.653269556Z
01JGZ1JTF0VX78WKWJN6R8GA1B,"{""kind"":""complete"",""config"":{""treatments"":[{""treatment"":{""name"":""full-comp-between"",""factors"":{""contextSize"":4,""contextStructure"":""comp-between"",""feedbackDuration"":3,""maxTimeout"":3,""numRepetitionsWithPartner"":4,""playerCount"":2,""selectionDuration"":60,""showNegativeFeedback"":1}},""count"":1},{""treatment"":{""name"":""full-comp-within"",""factors"":{""contextSize"":4,""contextStructure"":""comp-within"",""feedbackDuration"":3,""maxTimeout"":3,""numRepetitionsWithPartner"":4,""playerCount"":2,""selectionDuration"":60,""showNegativeFeedback"":1}},""count"":1},{""treatment"":{""name"":""full-noncomp"",""factors"":{""contextSize"":4,""contextStructure"":""noncomp"",""feedbackDuration"":3,""maxTimeout"":3,""numRepetitionsWithPartner"":4,""playerCount"":2,""selectionDuration"":60,""showNegativeFeedback"":1}},""count"":1}]}}",2025-01-07T00:10:40.480228131Z,all games finished,2025-01-07T01:08:50.351104033Z,true,2025-01-07T00:10:40.504698409Z,"{""name"":""Longer individual"",""kind"":""individual"",""duration"":900000000000,""strategy"":""ignore""}",2025-01-07T00:10:40.480228131Z,ended,2025-01-07T01:08:50.351104033Z
01JGZ1JZ88SWYYRG2SW3JHB9A4,"{""kind"":""complete"",""config"":{""treatments"":[{""treatment"":{""name"":""full-comp-between"",""factors"":{""contextSize"":4,""contextStructure"":""comp-between"",""feedbackDuration"":3,""maxTimeout"":3,""numRepetitionsWithPartner"":4,""playerCount"":2,""selectionDuration"":60,""showNegativeFeedback"":1}},""count"":1},{""treatment"":{""name"":""full-comp-within"",""factors"":{""contextSize"":4,""contextStructure"":""comp-within"",""feedbackDuration"":3,""maxTimeout"":3,""numRepetitionsWithPartner"":4,""playerCount"":2,""selectionDuration"":60,""showNegativeFeedback"":1}},""count"":1},{""treatment"":{""name"":""full-noncomp"",""factors"":{""contextSize"":4,""contextStructure"":""noncomp"",""feedbackDuration"":3,""maxTimeout"":3,""numRepetitionsWithPartner"":4,""playerCount"":2,""selectionDuration"":60,""showNegativeFeedback"":1}},""count"":1}]}}",2025-01-07T00:10:45.3842668Z,all games finished,2025-01-07T01:26:17.623723923Z,true,2025-01-07T00:10:45.396991532Z,"{""name"":""Longer individual"",""kind"":""individual"",""duration"":900000000000,""strategy"":""ignore""}",2025-01-07T00:10:45.3842668Z,ended,2025-01-07T01:26:17.623723923Z
01JGZ2J6YWS750GRPJ6FKAYERT,"{""kind"":""complete"",""config"":{""treatments"":[{""treatment"":{""name"":""full-comp-between"",""factors"":{""contextSize"":4,""contextStructure"":""comp-between"",""feedbackDuration"":3,""maxTimeout"":3,""numRepetitionsWithPartner"":4,""playerCount"":2,""selectionDuration"":60,""showNegativeFeedback"":1}},""count"":1},{""treatment"":{""name"":""full-comp-within"",""factors"":{""contextSize"":4,""contextStructure"":""comp-within"",""feedbackDuration"":3,""maxTimeout"":3,""numRepetitionsWithPartner"":4,""playerCount"":2,""selectionDuration"":60,""showNegativeFeedback"":1}},""count"":1},{""treatment"":{""name"":""full-noncomp"",""factors"":{""contextSize"":4,""contextStructure"":""noncomp"",""feedbackDuration"":3,""maxTimeout"":3,""numRepetitionsWithPartner"":4,""playerCount"":2,""selectionDuration"":60,""showNegativeFeedback"":1}},""count"":1}]}}",2025-01-07T00:27:49.084175864Z,,,true,2025-01-07T00:27:49.194423846Z,"{""name"":""Longer individual"",""kind"":""individual"",""duration"":900000000000,""strategy"":""ignore""}",2025-01-07T00:27:49.084175864Z,terminated,2025-01-07T01:50:12.561063473Z
01JGZ1HQ2ACP5KAXQKEVQPZFA0,"{""kind"":""complete"",""config"":{""treatments"":[{""treatment"":{""name"":""full-comp-between"",""factors"":{""contextSize"":4,""contextStructure"":""comp-between"",""feedbackDuration"":3,""maxTimeout"":3,""numRepetitionsWithPartner"":4,""playerCount"":2,""selectionDuration"":60,""showNegativeFeedback"":1}},""count"":1},{""treatment"":{""name"":""full-comp-within"",""factors"":{""contextSize"":4,""contextStructure"":""comp-within"",""feedbackDuration"":3,""maxTimeout"":3,""numRepetitionsWithPartner"":4,""playerCount"":2,""selectionDuration"":60,""showNegativeFeedback"":1}},""count"":1},{""treatment"":{""name"":""full-noncomp"",""factors"":{""contextSize"":4,""contextStructure"":""noncomp"",""feedbackDuration"":3,""maxTimeout"":3,""numRepetitionsWithPartner"":4,""playerCount"":2,""selectionDuration"":60,""showNegativeFeedback"":1}},""count"":1}]}}",2025-01-07T00:10:04.234449961Z,all games finished,2025-01-07T01:29:11.544608369Z,true,2025-01-07T00:10:04.271138668Z,"{""name"":""Longer individual"",""kind"":""individual"",""duration"":900000000000,""strategy"":""ignore""}",2025-01-07T00:10:04.234449961Z,ended,2025-01-07T01:29:11.544608369Z
01JGZ1J1RQ9RJWEWNQW6SZWDX9,"{""kind"":""complete"",""config"":{""treatments"":[{""treatment"":{""name"":""full-comp-between"",""factors"":{""contextSize"":4,""contextStructure"":""comp-between"",""feedbackDuration"":3,""maxTimeout"":3,""numRepetitionsWithPartner"":4,""playerCount"":2,""selectionDuration"":60,""showNegativeFeedback"":1}},""count"":1},{""treatment"":{""name"":""full-comp-within"",""factors"":{""contextSize"":4,""contextStructure"":""comp-within"",""feedbackDuration"":3,""maxTimeout"":3,""numRepetitionsWithPartner"":4,""playerCount"":2,""selectionDuration"":60,""showNegativeFeedback"":1}},""count"":1},{""treatment"":{""name"":""full-noncomp"",""factors"":{""contextSize"":4,""contextStructure"":""noncomp"",""feedbackDuration"":3,""maxTimeout"":3,""numRepetitionsWithPartner"":4,""playerCount"":2,""selectionDuration"":60,""showNegativeFeedback"":1}},""count"":1}]}}",2025-01-07T00:10:15.191237696Z,all games finished,2025-01-07T00:49:14.234865283Z,true,2025-01-07T00:10:15.212974607Z,"{""name"":""Longer individual"",""kind"":""individual"",""duration"":900000000000,""strategy"":""ignore""}",2025-01-07T00:10:15.191237696Z,ended,2025-01-07T00:49:14.234865283Z
01JGZ1J4W56VM27P6SXN8FAEF4,"{""kind"":""complete"",""config"":{""treatments"":[{""treatment"":{""name"":""full-comp-between"",""factors"":{""contextSize"":4,""contextStructure"":""comp-between"",""feedbackDuration"":3,""maxTimeout"":3,""numRepetitionsWithPartner"":4,""playerCount"":2,""selectionDuration"":60,""showNegativeFeedback"":1}},""count"":1},{""treatment"":{""name"":""full-comp-within"",""factors"":{""contextSize"":4,""contextStructure"":""comp-within"",""feedbackDuration"":3,""maxTimeout"":3,""numRepetitionsWithPartner"":4,""playerCount"":2,""selectionDuration"":60,""showNegativeFeedback"":1}},""count"":1},{""treatment"":{""name"":""full-noncomp"",""factors"":{""contextSize"":4,""contextStructure"":""noncomp"",""feedbackDuration"":3,""maxTimeout"":3,""numRepetitionsWithPartner"":4,""playerCount"":2,""selectionDuration"":60,""showNegativeFeedback"":1}},""count"":1}]}}",2025-01-07T00:10:18.374027289Z,all games finished,2025-01-07T01:10:44.478822103Z,true,2025-01-07T00:10:18.387632851Z,"{""name"":""Longer individual"",""kind"":""individual"",""duration"":900000000000,""strategy"":""ignore""}",2025-01-07T00:10:18.374027289Z,ended,2025-01-07T01:10:44.478822103Z
01JGZ1J6QFQZJ1HAP3QKP7EGZG,"{""kind"":""complete"",""config"":{""treatments"":[{""treatment"":{""name"":""full-comp-between"",""factors"":{""contextSize"":4,""contextStructure"":""comp-between"",""feedbackDuration"":3,""maxTimeout"":3,""numRepetitionsWithPartner"":4,""playerCount"":2,""selectionDuration"":60,""showNegativeFeedback"":1}},""count"":1},{""treatment"":{""name"":""full-comp-within"",""factors"":{""contextSize"":4,""contextStructure"":""comp-within"",""feedbackDuration"":3,""maxTimeout"":3,""numRepetitionsWithPartner"":4,""playerCount"":2,""selectionDuration"":60,""showNegativeFeedback"":1}},""count"":1},{""treatment"":{""name"":""full-noncomp"",""factors"":{""contextSize"":4,""contextStructure"":""noncomp"",""feedbackDuration"":3,""maxTimeout"":3,""numRepetitionsWithPartner"":4,""playerCount"":2,""selectionDuration"":60,""showNegativeFeedback"":1}},""count"":1}]}}",2025-01-07T00:10:20.271130212Z,all games finished,2025-01-07T01:00:36.652229686Z,true,2025-01-07T00:10:20.284844096Z,"{""name"":""Longer individual"",""kind"":""individual"",""duration"":900000000000,""strategy"":""ignore""}",2025-01-07T00:10:20.271130212Z,ended,2025-01-07T01:00:36.652229686Z
