id,batchID,batchIDLastChangedAt,gameID,gameIDLastChangedAt,playerID,playerIDLastChangedAt
01JGZ2MQ09FKEQ2EWW9X2GCKJX,01JGZ1J1RQ9RJWEWNQW6SZWDX9,2025-01-07T00:29:11.049389568Z,01JGZ1J1SAQ65EVEEREPVNZ6VV,2025-01-07T00:29:11.049389568Z,01JGZ204C2S04A0C870XB1VVEX,2025-01-07T00:29:11.049389568Z
01JGZ2Z2ZKPD94XCK0MG3Q83PR,01JGZ1JZ88SWYYRG2SW3JHB9A4,2025-01-07T00:34:50.995173713Z,01JGZ1JZ8NW40KBCX0V187VCKF,2025-01-07T00:34:50.995173713Z,01JGZ29ZYEPST8VT6VPFZ1XZC9,2025-01-07T00:34:50.995173713Z
01JGZ346YZGV4NB86YJFAEM1NE,01JGZ2J6YWS750GRPJ6FKAYERT,2025-01-07T00:37:38.911397685Z,01JGZ2J71XN8Q7J627EBMRDRH5,2025-01-07T00:37:38.911397685Z,01JGZ2RN3HPDEH59H1BFYSCHAT,2025-01-07T00:37:38.911397685Z
01JGZ3BKJ8SYM83MZFTZ6EQ57B,01JGZ1HQ2ACP5KAXQKEVQPZFA0,2025-01-07T00:41:41.192699306Z,01JGZ1HQ3BXW69RFKVBQ3Y8K4V,2025-01-07T00:41:41.192699306Z,01JGZ35JFMKR5D7ZCZQRMAXZAB,2025-01-07T00:41:41.192699306Z
01JGZ4P8DCYR2955HTRXVNJD4X,01JGZ3FW0DTMTAGQ58VA8P6MEE,2025-01-07T01:04:58.797050044Z,01JGZ3FW5F9PB6GEQ6P3RC6MSC,2025-01-07T01:04:58.797050044Z,01JGZ3QHN6V5YVWP5760ADN4JP,2025-01-07T01:04:58.797050044Z
01JGZ46EACS7SAWZEMEGKYW9GB,01JGZ2J6YWS750GRPJ6FKAYERT,2025-01-07T00:56:20.556724297Z,01JGZ2J7237RK699F2RP9MBZAC,2025-01-07T00:56:20.556724297Z,01JGZ37TNV9YXE9AT99DY97WAH,2025-01-07T00:56:20.556724297Z
01JGZ46EC4J5XKYCRVZ6ZKQENH,01JGZ2J6YWS750GRPJ6FKAYERT,2025-01-07T00:56:20.612774669Z,01JGZ2J7237RK699F2RP9MBZAC,2025-01-07T00:56:20.612774669Z,01JGZ3VV3C5A6QWRQZS1XEZF12,2025-01-07T00:56:20.612774669Z
01JGZ2H51765S8C983CSCHMW07,01JGZ1J1RQ9RJWEWNQW6SZWDX9,2025-01-07T00:27:14.343413169Z,01JGZ1J1SBA646C45Q9V7SKXN9,2025-01-07T00:27:14.343413169Z,01JGZ274GWN1Z8AP5YSTM6YKR9,2025-01-07T00:27:14.343413169Z
01JGZ346XT3HX3MEZK36Q63TXY,01JGZ2J6YWS750GRPJ6FKAYERT,2025-01-07T00:37:38.874977311Z,01JGZ2J71XN8Q7J627EBMRDRH5,2025-01-07T00:37:38.874977311Z,01JGZ2FSGNCVJ5K2MHJ7B3P6Q8,2025-01-07T00:37:38.874977311Z
01JGZ3GY9A8K6TBK441DD9XF07,01JGZ1HQ2ACP5KAXQKEVQPZFA0,2025-01-07T00:44:36.010288123Z,01JGZ1HQ3BXW69RFKVC55KXV7B,2025-01-07T00:44:36.010288123Z,01JGZ346ABTAYG44HB9S1PX67R,2025-01-07T00:44:36.010288123Z
01JGZ3ZMAPA9EN0BETFEKFN5M0,01JGZ1HQ2ACP5KAXQKEVQPZFA0,2025-01-07T00:52:37.334452478Z,01JGZ1HQ3D5SE9KTKE87QW9STN,2025-01-07T00:52:37.334452478Z,01JGZ3JVRYF6NH3RSEDXMAK58V,2025-01-07T00:52:37.334452478Z
01JGZ3ZMCFBKB3GB61H60CVJF1,01JGZ1HQ2ACP5KAXQKEVQPZFA0,2025-01-07T00:52:37.391333909Z,01JGZ1HQ3D5SE9KTKE87QW9STN,2025-01-07T00:52:37.391333909Z,01JGZ3TKY23CBK2JNRRAK6CSZC,2025-01-07T00:52:37.391333909Z
01JGZ3BKHKE7E0BNKNNM36Y9JT,01JGZ1HQ2ACP5KAXQKEVQPZFA0,2025-01-07T00:41:41.171482213Z,01JGZ1HQ3BXW69RFKVBQ3Y8K4V,2025-01-07T00:41:41.171482213Z,01JGZ35EM7WTF6KRT67SJC6CXQ,2025-01-07T00:41:41.171482213Z
01JGZ1Y46FSSTQZHWH87YG7E26,01JGZ1J6QFQZJ1HAP3QKP7EGZG,2025-01-07T00:16:50.895099302Z,01JGZ1J6QWPAFKR4CPC8THA3K7,2025-01-07T00:16:50.895099302Z,01JGZ1SHV9MAX6YQ45GGCG788P,2025-01-07T00:16:50.895099302Z
01JGZ1YQQG6ZTZ8NA1QQ17H8BS,01JGZ1JTF0VX78WKWJN6R8GA1B,2025-01-07T00:17:10.896199562Z,01JGZ1JTFPNZ10B2SXBEYNMS9G,2025-01-07T00:17:10.896199562Z,01JGZ1V3JBNF4CFYVAGS88ZS2E,2025-01-07T00:17:10.896199562Z
01JGZ20EVKWDZZSKNDFM872J0Q,01JGZ1J4W56VM27P6SXN8FAEF4,2025-01-07T00:18:07.347490375Z,01JGZ1J4WKTCRGQS8R8214JJH2,2025-01-07T00:18:07.347490375Z,01JGZ1T2E2NQGWSG548FSTVSBS,2025-01-07T00:18:07.347490375Z
01JGZ23TBQK2VGGJHVEQP5F906,01JGZ1J1RQ9RJWEWNQW6SZWDX9,2025-01-07T00:19:57.431558171Z,01JGZ1J1S9HRZETTFT0YBZ9QYK,2025-01-07T00:19:57.431558171Z,01JGZ1Z8415GTZE2EWB2MHN6P2,2025-01-07T00:19:57.431558171Z
01JGZ2TADFDJZZ4THCJVHWHA0R,01JGZ1J6QFQZJ1HAP3QKP7EGZG,2025-01-07T00:32:14.767941827Z,01JGZ1J6QWPAFKR4CPC25F4W67,2025-01-07T00:32:14.767941827Z,01JGZ2K7TZC4RSDH8V7Y3HMSYA,2025-01-07T00:32:14.767941827Z
01JGZ2TACV5X03Q4DN4FHTNMWW,01JGZ1J6QFQZJ1HAP3QKP7EGZG,2025-01-07T00:32:14.747955359Z,01JGZ1J6QWPAFKR4CPC25F4W67,2025-01-07T00:32:14.747955359Z,01JGZ2JYB9TRX3S5Q203831FG4,2025-01-07T00:32:14.747955359Z
01JGZ1X5JP0H8XHZYAM9DCBYC6,01JGZ1J4W56VM27P6SXN8FAEF4,2025-01-07T00:16:19.542434863Z,01JGZ1J4WMY7MA81TRZB8H2YG3,2025-01-07T00:16:19.542434863Z,01JGZ1STC3KCA5ZBRR6JQ5QT7E,2025-01-07T00:16:19.542434863Z
01JGZ1Y46EKD2ZB86V8ZYWV1NF,01JGZ1J6QFQZJ1HAP3QKP7EGZG,2025-01-07T00:16:50.894553415Z,01JGZ1J6QWPAFKR4CPC8THA3K7,2025-01-07T00:16:50.894553415Z,01JGZ1RYJ4KTDP08939A90P03W,2025-01-07T00:16:50.894553415Z
01JGZ23TBNETXQCDMB3E04AX83,01JGZ1J1RQ9RJWEWNQW6SZWDX9,2025-01-07T00:19:57.429567249Z,01JGZ1J1S9HRZETTFT0YBZ9QYK,2025-01-07T00:19:57.429567249Z,01JGZ1SZ21EGZFNGNZ5JZRQVEV,2025-01-07T00:19:57.429567249Z
01JGZ26ED3BNHKNBT976QD6F6Y,01JGZ1J4W56VM27P6SXN8FAEF4,2025-01-07T00:21:23.492003505Z,01JGZ1J4WKTCRGQS8R8HDNJ96R,2025-01-07T00:21:23.492003505Z,01JGZ1SAB2MDGX7YH93HRH7DSB,2025-01-07T00:21:23.492003505Z
01JGZ26ED9AN3ZM90N5JNXXEW8,01JGZ1J4W56VM27P6SXN8FAEF4,2025-01-07T00:21:23.497489893Z,01JGZ1J4WKTCRGQS8R8HDNJ96R,2025-01-07T00:21:23.497489893Z,01JGZ1ZY5F3WYAK7V5DZWPSGQD,2025-01-07T00:21:23.497489893Z
01JGZ4AG4VX9MFPDEJBZRY1RHS,01JGZ1JZ88SWYYRG2SW3JHB9A4,2025-01-07T00:58:33.499587936Z,01JGZ1JZ8NW40KBCX0V75X3ASW,2025-01-07T00:58:33.499587936Z,01JGZ1ZKRCXV78HVQDHPVYQ7JB,2025-01-07T00:58:33.499587936Z
01JGZ1YQQEGEV33715MN6JDPF7,01JGZ1JTF0VX78WKWJN6R8GA1B,2025-01-07T00:17:10.894897286Z,01JGZ1JTFPNZ10B2SXBEYNMS9G,2025-01-07T00:17:10.894897286Z,01JGZ1T59TW9YKBB2WEVWYAQ9H,2025-01-07T00:17:10.894897286Z
01JGZ25RR6TER1F1M2V64JRNRZ,01JGZ1J6QFQZJ1HAP3QKP7EGZG,2025-01-07T00:21:01.318226434Z,01JGZ1J6QX7N1Q5REWV6S61X60,2025-01-07T00:21:01.318226434Z,01JGZ21Z3AX6J8A76HN69MCSPH,2025-01-07T00:21:01.318226434Z
01JGZ2F57ZWFF6STD7XYVV2XC6,01JGZ1JTF0VX78WKWJN6R8GA1B,2025-01-07T00:26:09.023408511Z,01JGZ1JTFN1FD5A54BCQMJHBNZ,2025-01-07T00:26:09.023408511Z,01JGZ1VPDVF3N9XVYQKWC5VSR0,2025-01-07T00:26:09.023408511Z
01JGZ2HKD6VY6M9XJD72E2SJPN,01JGZ1JZ88SWYYRG2SW3JHB9A4,2025-01-07T00:27:29.062052036Z,01JGZ1JZ8NW40KBCX0VGZ5C48M,2025-01-07T00:27:29.062052036Z,01JGZ1V1XA50KBFDA21FZ9GAMM,2025-01-07T00:27:29.062052036Z
01JGZ2WF7G2G4EFP53CHZV4JVK,01JGZ1JTF0VX78WKWJN6R8GA1B,2025-01-07T00:33:25.232992791Z,01JGZ1JTFPNZ10B2SXAYHEV9EZ,2025-01-07T00:33:25.232992791Z,01JGZ2KCC993JR55HD2PMXH70G,2025-01-07T00:33:25.232992791Z
01JGZ25RR2N9WGK99CRQ7FT0D5,01JGZ1J6QFQZJ1HAP3QKP7EGZG,2025-01-07T00:21:01.31482424Z,01JGZ1J6QX7N1Q5REWV6S61X60,2025-01-07T00:21:01.31482424Z,01JGZ1RJTH934E99B6DAFAQ5V5,2025-01-07T00:21:01.31482424Z
01JGZ2Z3058HRNSTC1C0V3BSH9,01JGZ1JZ88SWYYRG2SW3JHB9A4,2025-01-07T00:34:51.013857357Z,01JGZ1JZ8NW40KBCX0V187VCKF,2025-01-07T00:34:51.013857357Z,01JGZ2NWEK2Y904HFY4N6D138M,2025-01-07T00:34:51.013857357Z
01JGZ1X5JNTWY3X8EMG0E4E9KW,01JGZ1J4W56VM27P6SXN8FAEF4,2025-01-07T00:16:19.541877871Z,01JGZ1J4WMY7MA81TRZB8H2YG3,2025-01-07T00:16:19.541877871Z,01JGZ1SJWNZE8QE3NNJR20DXCP,2025-01-07T00:16:19.541877871Z
01JGZ2F584F31YGM3WFK4JZ9XV,01JGZ1JTF0VX78WKWJN6R8GA1B,2025-01-07T00:26:09.028992536Z,01JGZ1JTFN1FD5A54BCQMJHBNZ,2025-01-07T00:26:09.028992536Z,01JGZ1W1EBA4WB7SW4Y5S9Y373,2025-01-07T00:26:09.028992536Z
01JGZ4P8FA2MA972X1EFEAWCP0,01JGZ3FW0DTMTAGQ58VA8P6MEE,2025-01-07T01:04:58.858188209Z,01JGZ3FW5F9PB6GEQ6P3RC6MSC,2025-01-07T01:04:58.858188209Z,01JGZ3TKNDYEW2YBG2WCZDWYAM,2025-01-07T01:04:58.858188209Z
01JGZ3GY866N1VDRCKG9KHT86Y,01JGZ1HQ2ACP5KAXQKEVQPZFA0,2025-01-07T00:44:35.974087281Z,01JGZ1HQ3BXW69RFKVC55KXV7B,2025-01-07T00:44:35.974087281Z,01JGZ32DCV7YZ7BJF3XRYGK165,2025-01-07T00:44:35.974087281Z
01JGZ4AG6F1G87AWB3W9J0MWXS,01JGZ1JZ88SWYYRG2SW3JHB9A4,2025-01-07T00:58:33.551991041Z,01JGZ1JZ8NW40KBCX0V75X3ASW,2025-01-07T00:58:33.551991041Z,01JGZ20NHB5GCD01DCG5E951XC,2025-01-07T00:58:33.551991041Z
01JGZ20EVJPV63ZFJ6NJBEQNFV,01JGZ1J4W56VM27P6SXN8FAEF4,2025-01-07T00:18:07.346076173Z,01JGZ1J4WKTCRGQS8R8214JJH2,2025-01-07T00:18:07.346076173Z,01JGZ1S84XG3Y97MGBG44FP5R0,2025-01-07T00:18:07.346076173Z
01JGZ2H510QE3CACNT2YR0VYRG,01JGZ1J1RQ9RJWEWNQW6SZWDX9,2025-01-07T00:27:14.336666744Z,01JGZ1J1SBA646C45Q9V7SKXN9,2025-01-07T00:27:14.336666744Z,01JGZ23NNQAMGGP4CCDV70T05X,2025-01-07T00:27:14.336666744Z
01JGZ2HKDGKSX9BXBQZ95DTM74,01JGZ1JZ88SWYYRG2SW3JHB9A4,2025-01-07T00:27:29.072566Z,01JGZ1JZ8NW40KBCX0VGZ5C48M,2025-01-07T00:27:29.072566Z,01JGZ223ZQCFW0YN8J1W8Y5HD2,2025-01-07T00:27:29.072566Z
01JGZ2MQ0JGXFGDXF228TTX7GB,01JGZ1J1RQ9RJWEWNQW6SZWDX9,2025-01-07T00:29:11.058723578Z,01JGZ1J1SAQ65EVEEREPVNZ6VV,2025-01-07T00:29:11.058723578Z,01JGZ22DHJXADB0HGG4NS7BEZ1,2025-01-07T00:29:11.058723578Z
01JGZ2WF824544R4H2VN2N265F,01JGZ1JTF0VX78WKWJN6R8GA1B,2025-01-07T00:33:25.25097619Z,01JGZ1JTFPNZ10B2SXAYHEV9EZ,2025-01-07T00:33:25.25097619Z,01JGZ2NAE9P9AYJD43E5V1BPDQ,2025-01-07T00:33:25.25097619Z
