id,batchID,batchIDLastChangedAt,gameID,gameIDLastChangedAt,playerID,playerIDLastChangedAt
01JK4S3K3CN0ZGYFTX3EWYFSZ0,01JK4RQM6KRYEP841PR3J26D8P,2025-02-03T02:09:23.052574436Z,01JK4RQM70MRCM5N5RV752QMW3,2025-02-03T02:09:23.052574436Z,01JK4RX4NE4N3D2Q818T1GPBHH,2025-02-03T02:09:23.052574436Z
01JK4S3K3CN0ZGYFTX3QPW7NQC,01JK4RQM6KRYEP841PR3J26D8P,2025-02-03T02:09:23.052658071Z,01JK4RQM70MRCM5N5RV752QMW3,2025-02-03T02:09:23.052658071Z,01JK4RZRTEVY32H7HPW57A9822,2025-02-03T02:09:23.052658071Z
01JK4SACAQVZWP5CCYESNN0PDC,01JK4RQNABPJQK9TTXRMF0RZ6C,2025-02-03T02:13:05.495199879Z,01JK4RQNAJWBNKQPG5GS2FWSCV,2025-02-03T02:13:05.495199879Z,01JK4RVC5REZ4WW4R1DZNKASBV,2025-02-03T02:13:05.495199879Z
01JK4SACAQVZWP5CCYF2GE6298,01JK4RQNABPJQK9TTXRMF0RZ6C,2025-02-03T02:13:05.495378167Z,01JK4RQNAJWBNKQPG5GS2FWSCV,2025-02-03T02:13:05.495378167Z,01JK4S47VKRW5RT6C76PCKP1D4,2025-02-03T02:13:05.495378167Z
01JK4SE2E3W9FNSXDJ9PVDP7E0,01JK4RQPB81REK8F8AC4HYPBT0,2025-02-03T02:15:06.435888697Z,01JK4RQPBEH5ADW6QYMXY80TY6,2025-02-03T02:15:06.435888697Z,01JK4S3JEE861EJG5REXZ7DHQ3,2025-02-03T02:15:06.435888697Z
01JK4SE2E40MZ2Q65P42WJ88F9,01JK4RQPB81REK8F8AC4HYPBT0,2025-02-03T02:15:06.436468853Z,01JK4RQPBEH5ADW6QYMXY80TY6,2025-02-03T02:15:06.436468853Z,01JK4S4RPKNJ360G99P4GQ0YR1,2025-02-03T02:15:06.436468853Z
