id,batchID,batchIDLastChangedAt,gameID,gameIDLastChangedAt,playerID,playerIDLastChangedAt,roundID,roundIDLastChangedAt
01JK4T2Z4RC2AYVCA1V02V2AP8,01JK4RQM6KRYEP841PR3J26D8P,2025-02-03T02:26:31.192522919Z,01JK4RQM70MRCM5N5RV752QMW3,2025-02-03T02:26:31.192522919Z,01JK4RX4NE4N3D2Q818T1GPBHH,2025-02-03T02:26:31.192522919Z,01JK4S3K7C2SDSBQPSP22Y1SXZ,2025-02-03T02:26:31.192522919Z
01JK4TDY32ARBGXA7W4PH8TFNV,01JK4RQPB81REK8F8AC4HYPBT0,2025-02-03T02:32:30.562617699Z,01JK4RQPBEH5ADW6QYMXY80TY6,2025-02-03T02:32:30.562617699Z,01JK4S4RPKNJ360G99P4GQ0YR1,2025-02-03T02:32:30.562617699Z,01JK4SE2GGNQTD6HKP40VTXWHZ,2025-02-03T02:32:30.562617699Z
01JK4SW0Z0Q9FQB0KE7F9TM2VA,01JK4RQNABPJQK9TTXRMF0RZ6C,2025-02-03T02:22:43.680981912Z,01JK4RQNAJWBNKQPG5GS2FWSCV,2025-02-03T02:22:43.680981912Z,01JK4RVC5REZ4WW4R1DZNKASBV,2025-02-03T02:22:43.680981912Z,01JK4SACCCRA9KZGHJEVH0XW37,2025-02-03T02:22:43.680981912Z
01JK4SWXED3988FVR7EXETS7NK,01JK4RQNABPJQK9TTXRMF0RZ6C,2025-02-03T02:23:12.845714887Z,01JK4RQNAJWBNKQPG5GS2FWSCV,2025-02-03T02:23:12.845714887Z,01JK4RVC5REZ4WW4R1DZNKASBV,2025-02-03T02:23:12.845714887Z,01JK4SACCCRA9KZGHJFPNAD2SK,2025-02-03T02:23:12.845714887Z
01JK4SXM1WQP1NDN2M9J9RG7WJ,01JK4RQPB81REK8F8AC4HYPBT0,2025-02-03T02:23:35.996544204Z,01JK4RQPBEH5ADW6QYMXY80TY6,2025-02-03T02:23:35.996544204Z,01JK4S4RPKNJ360G99P4GQ0YR1,2025-02-03T02:23:35.996544204Z,01JK4SE2FWS9MCP0HQPEQZ559H,2025-02-03T02:23:35.996544204Z
01JK4SYN1WX6EK2S8GFRH6HB3C,01JK4RQM6KRYEP841PR3J26D8P,2025-02-03T02:24:09.78822635Z,01JK4RQM70MRCM5N5RV752QMW3,2025-02-03T02:24:09.78822635Z,01JK4RZRTEVY32H7HPW57A9822,2025-02-03T02:24:09.78822635Z,01JK4S3K7C2SDSBQPSNADFE7BD,2025-02-03T02:24:09.78822635Z
01JK4T4Q3WNRY5AVRRAZGHF49F,01JK4RQNABPJQK9TTXRMF0RZ6C,2025-02-03T02:27:28.508595382Z,01JK4RQNAJWBNKQPG5GS2FWSCV,2025-02-03T02:27:28.508595382Z,01JK4RVC5REZ4WW4R1DZNKASBV,2025-02-03T02:27:28.508595382Z,01JK4SACCFNS5HNZF2HP5ZENPC,2025-02-03T02:27:28.508595382Z
01JK4THAVZJWZWXDXQSGK86WCB,01JK4RQPB81REK8F8AC4HYPBT0,2025-02-03T02:34:21.951879305Z,01JK4RQPBEH5ADW6QYMXY80TY6,2025-02-03T02:34:21.951879305Z,01JK4S3JEE861EJG5REXZ7DHQ3,2025-02-03T02:34:21.951879305Z,01JK4SE2GMV0K0K7TEMJRESSK7,2025-02-03T02:34:21.951879305Z
01JK4TPH8G7V5GZSD1KM4F7Z3D,01JK4RQM6KRYEP841PR3J26D8P,2025-02-03T02:37:12.336052792Z,01JK4RQM70MRCM5N5RV752QMW3,2025-02-03T02:37:12.336052792Z,01JK4RZRTEVY32H7HPW57A9822,2025-02-03T02:37:12.336052792Z,01JK4S3K7B7MMVY71A5MP9MQES,2025-02-03T02:37:12.336052792Z
01JK4SMHYA92PRJ2N4XRZ0EDDV,01JK4RQPB81REK8F8AC4HYPBT0,2025-02-03T02:18:38.922953857Z,01JK4RQPBEH5ADW6QYMXY80TY6,2025-02-03T02:18:38.922953857Z,01JK4S3JEE861EJG5REXZ7DHQ3,2025-02-03T02:18:38.922953857Z,01JK4SE2G7GVHMG0M28ZKDPGGK,2025-02-03T02:18:38.922953857Z
01JK4SN8R9HJ6SDVCM93EWV2Y6,01JK4RQM6KRYEP841PR3J26D8P,2025-02-03T02:19:02.281172306Z,01JK4RQM70MRCM5N5RV752QMW3,2025-02-03T02:19:02.281172306Z,01JK4RZRTEVY32H7HPW57A9822,2025-02-03T02:19:02.281172306Z,01JK4S3K689Q99S6AHHATDEB4D,2025-02-03T02:19:02.281172306Z
01JK4SSG8QQQG9F0PJ7DW2DRB7,01JK4RQM6KRYEP841PR3J26D8P,2025-02-03T02:21:21.047270125Z,01JK4RQM70MRCM5N5RV752QMW3,2025-02-03T02:21:21.047270125Z,01JK4RZRTEVY32H7HPW57A9822,2025-02-03T02:21:21.047270125Z,01JK4S3K6670YZG1GWNAG2MWKJ,2025-02-03T02:21:21.047270125Z
01JK4SZYW5MWZP3FX3S84MRJY0,01JK4RQPB81REK8F8AC4HYPBT0,2025-02-03T02:24:52.613231162Z,01JK4RQPBEH5ADW6QYMXY80TY6,2025-02-03T02:24:52.613231162Z,01JK4S3JEE861EJG5REXZ7DHQ3,2025-02-03T02:24:52.613231162Z,01JK4SE2FYHTJ8SRGS40P35C4C,2025-02-03T02:24:52.613231162Z
01JK4T381KHCQAM8AZJJFKFFW8,01JK4RQPB81REK8F8AC4HYPBT0,2025-02-03T02:26:40.30751143Z,01JK4RQPBEH5ADW6QYMXY80TY6,2025-02-03T02:26:40.30751143Z,01JK4S4RPKNJ360G99P4GQ0YR1,2025-02-03T02:26:40.30751143Z,01JK4SE2G4VPD5QGX6XG3VSBBY,2025-02-03T02:26:40.30751143Z
01JK4TFQ2T23KCPNRZSYH11XBD,01JK4RQM6KRYEP841PR3J26D8P,2025-02-03T02:33:28.922439975Z,01JK4RQM70MRCM5N5RV752QMW3,2025-02-03T02:33:28.922439975Z,01JK4RZRTEVY32H7HPW57A9822,2025-02-03T02:33:28.922439975Z,01JK4S3K77J1TTR9263WZYR6SH,2025-02-03T02:33:28.922439975Z
01JK4TKY31NP9YCBZZ53Y3GR8A,01JK4RQM6KRYEP841PR3J26D8P,2025-02-03T02:35:47.169302115Z,01JK4RQM70MRCM5N5RV752QMW3,2025-02-03T02:35:47.169302115Z,01JK4RZRTEVY32H7HPW57A9822,2025-02-03T02:35:47.169302115Z,01JK4S3K70KSQQJY7VJJ82BBEV,2025-02-03T02:35:47.169302115Z
01JK4SB45CCF4JV3ZT86EAKCPR,01JK4RQNABPJQK9TTXRMF0RZ6C,2025-02-03T02:13:29.900150978Z,01JK4RQNAJWBNKQPG5GS2FWSCV,2025-02-03T02:13:29.900150978Z,01JK4S47VKRW5RT6C76PCKP1D4,2025-02-03T02:13:29.900150978Z,01JK4SACC1NXJS634J8NMN7RMS,2025-02-03T02:13:29.900150978Z
01JK4SEFAFJY2MTDFYTV0XHZ8M,01JK4RQM6KRYEP841PR3J26D8P,2025-02-03T02:15:19.631241326Z,01JK4RQM70MRCM5N5RV752QMW3,2025-02-03T02:15:19.631241326Z,01JK4RZRTEVY32H7HPW57A9822,2025-02-03T02:15:19.631241326Z,01JK4S3K6670YZG1GWJZZHQZCX,2025-02-03T02:15:19.631241326Z
01JK4SPS7ZN14QA8D5K3663M1B,01JK4RQNABPJQK9TTXRMF0RZ6C,2025-02-03T02:19:51.935529886Z,01JK4RQNAJWBNKQPG5GS2FWSCV,2025-02-03T02:19:51.935529886Z,01JK4RVC5REZ4WW4R1DZNKASBV,2025-02-03T02:19:51.935529886Z,01JK4SACCBKGY1Q44J2TZFX724,2025-02-03T02:19:51.935529886Z
01JK4T8EBS9M3RPPJYG8NF06WN,01JK4RQPB81REK8F8AC4HYPBT0,2025-02-03T02:29:30.617381731Z,01JK4RQPBEH5ADW6QYMXY80TY6,2025-02-03T02:29:30.617381731Z,01JK4S3JEE861EJG5REXZ7DHQ3,2025-02-03T02:29:30.617381731Z,01JK4SE2GC6PQVJK7C9FYT1NPS,2025-02-03T02:29:30.617381731Z
01JK4TEPSJNQ116VNX02G097ES,01JK4RQPB81REK8F8AC4HYPBT0,2025-02-03T02:32:55.858393136Z,01JK4RQPBEH5ADW6QYMXY80TY6,2025-02-03T02:32:55.858393136Z,01JK4S4RPKNJ360G99P4GQ0YR1,2025-02-03T02:32:55.858393136Z,01JK4SE2GD9HTVG1YZRM1PZMR5,2025-02-03T02:32:55.858393136Z
01JK4SD3RFVQX8V2N2TC5MWCWX,01JK4RQM6KRYEP841PR3J26D8P,2025-02-03T02:14:35.023772069Z,01JK4RQM70MRCM5N5RV752QMW3,2025-02-03T02:14:35.023772069Z,01JK4RZRTEVY32H7HPW57A9822,2025-02-03T02:14:35.023772069Z,01JK4S3K6670YZG1GWMJ7RQ21B,2025-02-03T02:14:35.023772069Z
01JK4SR4CN87QBZFDHEBEK6YD6,01JK4RQM6KRYEP841PR3J26D8P,2025-02-03T02:20:36.117656145Z,01JK4RQM70MRCM5N5RV752QMW3,2025-02-03T02:20:36.117656145Z,01JK4RX4NE4N3D2Q818T1GPBHH,2025-02-03T02:20:36.117656145Z,01JK4S3K6508QWPNW5Y9B45GSQ,2025-02-03T02:20:36.117656145Z
01JK4SSQP8XAYFD7APBYHNH168,01JK4RQNABPJQK9TTXRMF0RZ6C,2025-02-03T02:21:28.648468386Z,01JK4RQNAJWBNKQPG5GS2FWSCV,2025-02-03T02:21:28.648468386Z,01JK4RVC5REZ4WW4R1DZNKASBV,2025-02-03T02:21:28.648468386Z,01JK4SACCBKGY1Q44J3XGNA43S,2025-02-03T02:21:28.648468386Z
01JK4T3VHTWP22KRDSN1B6E4Y7,01JK4RQM6KRYEP841PR3J26D8P,2025-02-03T02:27:00.282745724Z,01JK4RQM70MRCM5N5RV752QMW3,2025-02-03T02:27:00.282745724Z,01JK4RX4NE4N3D2Q818T1GPBHH,2025-02-03T02:27:00.282745724Z,01JK4S3K7DDKDTV050ATKNVYXQ,2025-02-03T02:27:00.282745724Z
01JK4T64HWH9ENMS6CK8JWWCPF,01JK4RQNABPJQK9TTXRMF0RZ6C,2025-02-03T02:28:15.036918828Z,01JK4RQNAJWBNKQPG5GS2FWSCV,2025-02-03T02:28:15.036918828Z,01JK4S47VKRW5RT6C76PCKP1D4,2025-02-03T02:28:15.036918828Z,01JK4SACCM4GHJ29EZT8ZPSEBR,2025-02-03T02:28:15.036918828Z
01JK4T64YPEBE5V8P4E8ZYTA2K,01JK4RQPB81REK8F8AC4HYPBT0,2025-02-03T02:28:15.446018496Z,01JK4RQPBEH5ADW6QYMXY80TY6,2025-02-03T02:28:15.446018496Z,01JK4S3JEE861EJG5REXZ7DHQ3,2025-02-03T02:28:15.446018496Z,01JK4SE2G8Q62BZWD18X3NTWWB,2025-02-03T02:28:15.446018496Z
01JK4TD2HA15QJ9X1Y2ZG0YKSH,01JK4RQPB81REK8F8AC4HYPBT0,2025-02-03T02:32:02.346521855Z,01JK4RQPBEH5ADW6QYMXY80TY6,2025-02-03T02:32:02.346521855Z,01JK4S3JEE861EJG5REXZ7DHQ3,2025-02-03T02:32:02.346521855Z,01JK4SE2GFA0FXPB4SQYZWSQ5V,2025-02-03T02:32:02.346521855Z
01JK4TD32A5GHAZT33XDMG9BZ0,01JK4RQM6KRYEP841PR3J26D8P,2025-02-03T02:32:02.890535829Z,01JK4RQM70MRCM5N5RV752QMW3,2025-02-03T02:32:02.890535829Z,01JK4RX4NE4N3D2Q818T1GPBHH,2025-02-03T02:32:02.890535829Z,01JK4S3K70KSQQJY7VHNTPX5TJ,2025-02-03T02:32:02.890535829Z
01JK4SNTHD6B0PCWEP5RDH714P,01JK4RQM6KRYEP841PR3J26D8P,2025-02-03T02:19:20.493059991Z,01JK4RQM70MRCM5N5RV752QMW3,2025-02-03T02:19:20.493059991Z,01JK4RZRTEVY32H7HPW57A9822,2025-02-03T02:19:20.493059991Z,01JK4S3K689Q99S6AHJCZBDCHW,2025-02-03T02:19:20.493059991Z
01JK4TGYEFS7YW6FVVQTYDYSMF,01JK4RQM6KRYEP841PR3J26D8P,2025-02-03T02:34:09.231780368Z,01JK4RQM70MRCM5N5RV752QMW3,2025-02-03T02:34:09.231780368Z,01JK4RZRTEVY32H7HPW57A9822,2025-02-03T02:34:09.231780368Z,01JK4S3K73WXJDBA0GXJSB7GX5,2025-02-03T02:34:09.231780368Z
01JK4TD32BY3VPW5YRD4XGQ09T,01JK4RQM6KRYEP841PR3J26D8P,2025-02-03T02:32:02.891387607Z,01JK4RQM70MRCM5N5RV752QMW3,2025-02-03T02:32:02.891387607Z,01JK4RZRTEVY32H7HPW57A9822,2025-02-03T02:32:02.891387607Z,01JK4S3K70KSQQJY7VHNTPX5TJ,2025-02-03T02:32:02.891387607Z
01JK4ST99JXQN0KS779GFCM1DY,01JK4RQPB81REK8F8AC4HYPBT0,2025-02-03T02:21:46.674341986Z,01JK4RQPBEH5ADW6QYMXY80TY6,2025-02-03T02:21:46.674341986Z,01JK4S3JEE861EJG5REXZ7DHQ3,2025-02-03T02:21:46.674341986Z,01JK4SE2FTAWB4M09WPQHQ122G,2025-02-03T02:21:46.674341986Z
01JK4TFF8TNEGAZP6A4SKX6AZS,01JK4RQNABPJQK9TTXRMF0RZ6C,2025-02-03T02:33:20.922973838Z,01JK4RQNAJWBNKQPG5GS2FWSCV,2025-02-03T02:33:20.922973838Z,01JK4RVC5REZ4WW4R1DZNKASBV,2025-02-03T02:33:20.922973838Z,01JK4SACCR1XB350Z4DBEH48QJ,2025-02-03T02:33:20.922973838Z
01JK4TFSZM90P53KWHNZ05ZV2W,01JK4RQNABPJQK9TTXRMF0RZ6C,2025-02-03T02:33:31.892429847Z,01JK4RQNAJWBNKQPG5GS2FWSCV,2025-02-03T02:33:31.892429847Z,01JK4RVC5REZ4WW4R1DZNKASBV,2025-02-03T02:33:31.892429847Z,01JK4SACCS4H59ACNC2GQWA8V9,2025-02-03T02:33:31.892429847Z
01JK4TJW6NH5DK52TE8GKXFM91,01JK4RQNABPJQK9TTXRMF0RZ6C,2025-02-03T02:35:12.469096391Z,01JK4RQNAJWBNKQPG5GS2FWSCV,2025-02-03T02:35:12.469096391Z,01JK4S47VKRW5RT6C76PCKP1D4,2025-02-03T02:35:12.469096391Z,01JK4SACCX8MHK0FGPGX8M1VT7,2025-02-03T02:35:12.469096391Z
01JK4SM96QNKMA7ZQDCDJHVZVK,01JK4RQM6KRYEP841PR3J26D8P,2025-02-03T02:18:29.975049045Z,01JK4RQM70MRCM5N5RV752QMW3,2025-02-03T02:18:29.975049045Z,01JK4RZRTEVY32H7HPW57A9822,2025-02-03T02:18:29.975049045Z,01JK4S3K676P1DZPWB25CJ0CH9,2025-02-03T02:18:29.975049045Z
01JK4SVH49HN17WM6RJFQ2VD7W,01JK4RQPB81REK8F8AC4HYPBT0,2025-02-03T02:22:27.465984763Z,01JK4RQPBEH5ADW6QYMXY80TY6,2025-02-03T02:22:27.465984763Z,01JK4S4RPKNJ360G99P4GQ0YR1,2025-02-03T02:22:27.465984763Z,01JK4SE2FQFZZ66K8E7B7D02WH,2025-02-03T02:22:27.465984763Z
01JK4SXG3NYFR96EE6XXX7W7VC,01JK4RQM6KRYEP841PR3J26D8P,2025-02-03T02:23:31.957841785Z,01JK4RQM70MRCM5N5RV752QMW3,2025-02-03T02:23:31.957841785Z,01JK4RZRTEVY32H7HPW57A9822,2025-02-03T02:23:31.957841785Z,01JK4S3K64VR5N8YAM9RSHBKT6,2025-02-03T02:23:31.957841785Z
01JK4SZBANWC1ZYW33EYBRTBK7,01JK4RQPB81REK8F8AC4HYPBT0,2025-02-03T02:24:32.597646732Z,01JK4RQPBEH5ADW6QYMXY80TY6,2025-02-03T02:24:32.597646732Z,01JK4S4RPKNJ360G99P4GQ0YR1,2025-02-03T02:24:32.597646732Z,01JK4SE2FXGPT3TC2460M8WYT9,2025-02-03T02:24:32.597646732Z
01JK4SAYVR6F5ZFE7DH95Y12ZP,01JK4RQM6KRYEP841PR3J26D8P,2025-02-03T02:13:24.472067018Z,01JK4RQM70MRCM5N5RV752QMW3,2025-02-03T02:13:24.472067018Z,01JK4RX4NE4N3D2Q818T1GPBHH,2025-02-03T02:13:24.472067018Z,01JK4S3K6670YZG1GWJ4FQJ58X,2025-02-03T02:13:24.472067018Z
01JK4SPBVZH3G3X3STH7R9BNXQ,01JK4RQM6KRYEP841PR3J26D8P,2025-02-03T02:19:38.239385408Z,01JK4RQM70MRCM5N5RV752QMW3,2025-02-03T02:19:38.239385408Z,01JK4RX4NE4N3D2Q818T1GPBHH,2025-02-03T02:19:38.239385408Z,01JK4S3K689Q99S6AHGVQ0HSGK,2025-02-03T02:19:38.239385408Z
01JK4SYN1VAKPRBSVDRDYM266C,01JK4RQM6KRYEP841PR3J26D8P,2025-02-03T02:24:09.787562967Z,01JK4RQM70MRCM5N5RV752QMW3,2025-02-03T02:24:09.787562967Z,01JK4RX4NE4N3D2Q818T1GPBHH,2025-02-03T02:24:09.787562967Z,01JK4S3K7C2SDSBQPSNADFE7BD,2025-02-03T02:24:09.787562967Z
01JK4SYV34NGMFGWFY3E016ZAQ,01JK4RQNABPJQK9TTXRMF0RZ6C,2025-02-03T02:24:15.972554959Z,01JK4RQNAJWBNKQPG5GS2FWSCV,2025-02-03T02:24:15.972554959Z,01JK4S47VKRW5RT6C76PCKP1D4,2025-02-03T02:24:15.972554959Z,01JK4SACCESZM6140KSQRG4863,2025-02-03T02:24:15.972554959Z
01JK4T2PCTNHGC3JZ0A0XD8466,01JK4RQNABPJQK9TTXRMF0RZ6C,2025-02-03T02:26:22.234468623Z,01JK4RQNAJWBNKQPG5GS2FWSCV,2025-02-03T02:26:22.234468623Z,01JK4RVC5REZ4WW4R1DZNKASBV,2025-02-03T02:26:22.234468623Z,01JK4SACCFNS5HNZF2FFGRHTRB,2025-02-03T02:26:22.234468623Z
01JK4T64YPEBE5V8P4ER8RR0H6,01JK4RQPB81REK8F8AC4HYPBT0,2025-02-03T02:28:15.446801575Z,01JK4RQPBEH5ADW6QYMXY80TY6,2025-02-03T02:28:15.446801575Z,01JK4S4RPKNJ360G99P4GQ0YR1,2025-02-03T02:28:15.446801575Z,01JK4SE2G8Q62BZWD18X3NTWWB,2025-02-03T02:28:15.446801575Z
01JK4TBE57M8EB06P29P1H2CGE,01JK4RQM6KRYEP841PR3J26D8P,2025-02-03T02:31:08.711677725Z,01JK4RQM70MRCM5N5RV752QMW3,2025-02-03T02:31:08.711677725Z,01JK4RZRTEVY32H7HPW57A9822,2025-02-03T02:31:08.711677725Z,01JK4S3K72JRQZBAN1272DTT68,2025-02-03T02:31:08.711677725Z
01JK4TFSMXA371VYNYNCT0MZ40,01JK4RQPB81REK8F8AC4HYPBT0,2025-02-03T02:33:31.549756184Z,01JK4RQPBEH5ADW6QYMXY80TY6,2025-02-03T02:33:31.549756184Z,01JK4S4RPKNJ360G99P4GQ0YR1,2025-02-03T02:33:31.549756184Z,01JK4SE2GGNQTD6HKP2WQ6KQY2,2025-02-03T02:33:31.549756184Z
01JK4S76KG56BNKZR37F3Y45G1,01JK4RQM6KRYEP841PR3J26D8P,2025-02-03T02:11:21.328367444Z,01JK4RQM70MRCM5N5RV752QMW3,2025-02-03T02:11:21.328367444Z,01JK4RZRTEVY32H7HPW57A9822,2025-02-03T02:11:21.328367444Z,01JK4S3K62CFK6WPNBPW1MBQEE,2025-02-03T02:11:21.328367444Z
01JK4TJXNYPYM6WYQKF9V2R7E0,01JK4RQPB81REK8F8AC4HYPBT0,2025-02-03T02:35:13.982798255Z,01JK4RQPBEH5ADW6QYMXY80TY6,2025-02-03T02:35:13.982798255Z,01JK4S3JEE861EJG5REXZ7DHQ3,2025-02-03T02:35:13.982798255Z,01JK4SE2GQK5B695TWY803NTN8,2025-02-03T02:35:13.982798255Z
01JK4SMHYBAXC4YXFBDHYE0WZQ,01JK4RQPB81REK8F8AC4HYPBT0,2025-02-03T02:18:38.923682332Z,01JK4RQPBEH5ADW6QYMXY80TY6,2025-02-03T02:18:38.923682332Z,01JK4S4RPKNJ360G99P4GQ0YR1,2025-02-03T02:18:38.923682332Z,01JK4SE2G7GVHMG0M28ZKDPGGK,2025-02-03T02:18:38.923682332Z
01JK4SQ1K50JSGNB5STSJSXVB2,01JK4RQPB81REK8F8AC4HYPBT0,2025-02-03T02:20:00.485838732Z,01JK4RQPBEH5ADW6QYMXY80TY6,2025-02-03T02:20:00.485838732Z,01JK4S4RPKNJ360G99P4GQ0YR1,2025-02-03T02:20:00.485838732Z,01JK4SE2FXGPT3TC246Q79PB5Z,2025-02-03T02:20:00.485838732Z
01JK4T1MHDQEM42VK3ZS7RSVYV,01JK4RQPB81REK8F8AC4HYPBT0,2025-02-03T02:25:47.565188041Z,01JK4RQPBEH5ADW6QYMXY80TY6,2025-02-03T02:25:47.565188041Z,01JK4S4RPKNJ360G99P4GQ0YR1,2025-02-03T02:25:47.565188041Z,01JK4SE2G3Z2HF1WX12P7RA9DB,2025-02-03T02:25:47.565188041Z
01JK4T7XH3NKWHDNB8K5SSJR9E,01JK4RQPB81REK8F8AC4HYPBT0,2025-02-03T02:29:13.379749165Z,01JK4RQPBEH5ADW6QYMXY80TY6,2025-02-03T02:29:13.379749165Z,01JK4S3JEE861EJG5REXZ7DHQ3,2025-02-03T02:29:13.379749165Z,01JK4SE2GE8DH38MA6Q828RKDV,2025-02-03T02:29:13.379749165Z
01JK4TBY51HCT758BFKBQW1B57,01JK4RQNABPJQK9TTXRMF0RZ6C,2025-02-03T02:31:25.089616677Z,01JK4RQNAJWBNKQPG5GS2FWSCV,2025-02-03T02:31:25.089616677Z,01JK4RVC5REZ4WW4R1DZNKASBV,2025-02-03T02:31:25.089616677Z,01JK4SACCQ8XS79TFY5T97K1EH,2025-02-03T02:31:25.089616677Z
01JK4TGTDCPA3SQ6WV7FHMCE26,01JK4RQNABPJQK9TTXRMF0RZ6C,2025-02-03T02:34:05.100284989Z,01JK4RQNAJWBNKQPG5GS2FWSCV,2025-02-03T02:34:05.100284989Z,01JK4RVC5REZ4WW4R1DZNKASBV,2025-02-03T02:34:05.100284989Z,01JK4SACCVAW5R8RM9Q6J8WYK8,2025-02-03T02:34:05.100284989Z
01JK4THNQG7BW2HTFABCG9604F,01JK4RQM6KRYEP841PR3J26D8P,2025-02-03T02:34:33.072244347Z,01JK4RQM70MRCM5N5RV752QMW3,2025-02-03T02:34:33.072244347Z,01JK4RZRTEVY32H7HPW57A9822,2025-02-03T02:34:33.072244347Z,01JK4S3K7G1G1CQBY9DNJABM2V,2025-02-03T02:34:33.072244347Z
01JK4SGW7VAT1GD34QE523WCQM,01JK4RQNABPJQK9TTXRMF0RZ6C,2025-02-03T02:16:38.395348871Z,01JK4RQNAJWBNKQPG5GS2FWSCV,2025-02-03T02:16:38.395348871Z,01JK4RVC5REZ4WW4R1DZNKASBV,2025-02-03T02:16:38.395348871Z,01JK4SACC6HSMNX8TG5ZD4BC4V,2025-02-03T02:16:38.395348871Z
01JK4SJH1KB2T9JCSM13EGT3NY,01JK4RQM6KRYEP841PR3J26D8P,2025-02-03T02:17:32.467543993Z,01JK4RQM70MRCM5N5RV752QMW3,2025-02-03T02:17:32.467543993Z,01JK4RX4NE4N3D2Q818T1GPBHH,2025-02-03T02:17:32.467543993Z,01JK4S3K5ZSY8Q5RNQMFQ9Y853,2025-02-03T02:17:32.467543993Z
01JK4SKN9783N16VR7GZN5BMH7,01JK4RQNABPJQK9TTXRMF0RZ6C,2025-02-03T02:18:09.575139789Z,01JK4RQNAJWBNKQPG5GS2FWSCV,2025-02-03T02:18:09.575139789Z,01JK4RVC5REZ4WW4R1DZNKASBV,2025-02-03T02:18:09.575139789Z,01JK4SACC93V627W9J0SQ8EZN5,2025-02-03T02:18:09.575139789Z
01JK4SVPTCHW20HK7GB1J9TZY9,01JK4RQM6KRYEP841PR3J26D8P,2025-02-03T02:22:33.292502822Z,01JK4RQM70MRCM5N5RV752QMW3,2025-02-03T02:22:33.292502822Z,01JK4RX4NE4N3D2Q818T1GPBHH,2025-02-03T02:22:33.292502822Z,01JK4S3K5Y6YFVKP5AHTSKM7HJ,2025-02-03T02:22:33.292502822Z
01JK4T8ZMPPSQTD2ZXPXK0STS1,01JK4RQNABPJQK9TTXRMF0RZ6C,2025-02-03T02:29:48.310956996Z,01JK4RQNAJWBNKQPG5GS2FWSCV,2025-02-03T02:29:48.310956996Z,01JK4S47VKRW5RT6C76PCKP1D4,2025-02-03T02:29:48.310956996Z,01JK4SACCM4GHJ29EZVA7E7T7V,2025-02-03T02:29:48.310956996Z
01JK4TEJHMECMSNDEGFFNXF16F,01JK4RQNABPJQK9TTXRMF0RZ6C,2025-02-03T02:32:51.508462985Z,01JK4RQNAJWBNKQPG5GS2FWSCV,2025-02-03T02:32:51.508462985Z,01JK4S47VKRW5RT6C76PCKP1D4,2025-02-03T02:32:51.508462985Z,01JK4SACCVAW5R8RM9PD7CWJJK,2025-02-03T02:32:51.508462985Z
01JK4TM3J3DA74A39AJBCTDQ99,01JK4RQPB81REK8F8AC4HYPBT0,2025-02-03T02:35:52.771775876Z,01JK4RQPBEH5ADW6QYMXY80TY6,2025-02-03T02:35:52.771775876Z,01JK4S3JEE861EJG5REXZ7DHQ3,2025-02-03T02:35:52.771775876Z,01JK4SE2GTXASRCDGA7RSKFQE8,2025-02-03T02:35:52.771775876Z
01JK4SFHP8XYV0J5DA7NFCH5KN,01JK4RQNABPJQK9TTXRMF0RZ6C,2025-02-03T02:15:54.824377898Z,01JK4RQNAJWBNKQPG5GS2FWSCV,2025-02-03T02:15:54.824377898Z,01JK4S47VKRW5RT6C76PCKP1D4,2025-02-03T02:15:54.824377898Z,01JK4SACC7YD8SFBH8MMH13795,2025-02-03T02:15:54.824377898Z
01JK4T0W0H2YJ3HXH2CZ1F5VY4,01JK4RQM6KRYEP841PR3J26D8P,2025-02-03T02:25:22.449457701Z,01JK4RQM70MRCM5N5RV752QMW3,2025-02-03T02:25:22.449457701Z,01JK4RZRTEVY32H7HPW57A9822,2025-02-03T02:25:22.449457701Z,01JK4S3K71DWRT2YC5S4BAD5FW,2025-02-03T02:25:22.449457701Z
01JK4T1Y9XF11SMRJP014K5SZG,01JK4RQNABPJQK9TTXRMF0RZ6C,2025-02-03T02:25:57.565097742Z,01JK4RQNAJWBNKQPG5GS2FWSCV,2025-02-03T02:25:57.565097742Z,01JK4S47VKRW5RT6C76PCKP1D4,2025-02-03T02:25:57.565097742Z,01JK4SACCFNS5HNZF2GYG8D89A,2025-02-03T02:25:57.565097742Z
01JK4T407F2PWVRG8H2H33W6ZY,01JK4RQPB81REK8F8AC4HYPBT0,2025-02-03T02:27:05.071244934Z,01JK4RQPBEH5ADW6QYMXY80TY6,2025-02-03T02:27:05.071244934Z,01JK4S4RPKNJ360G99P4GQ0YR1,2025-02-03T02:27:05.071244934Z,01JK4SE2G6EPMWSN05FZYRFKZK,2025-02-03T02:27:05.071244934Z
01JK4T6CAZ6DJVQVQBKFPSYVBK,01JK4RQM6KRYEP841PR3J26D8P,2025-02-03T02:28:23.00757125Z,01JK4RQM70MRCM5N5RV752QMW3,2025-02-03T02:28:23.00757125Z,01JK4RZRTEVY32H7HPW57A9822,2025-02-03T02:28:23.00757125Z,01JK4S3K73WXJDBA0GWS2V5BH7,2025-02-03T02:28:23.00757125Z
01JK4T6NF2BB9VNQX612TX9N2E,01JK4RQNABPJQK9TTXRMF0RZ6C,2025-02-03T02:28:32.354834134Z,01JK4RQNAJWBNKQPG5GS2FWSCV,2025-02-03T02:28:32.354834134Z,01JK4S47VKRW5RT6C76PCKP1D4,2025-02-03T02:28:32.354834134Z,01JK4SACCKMHHNHZWWZRNZ3SHW,2025-02-03T02:28:32.354834134Z
01JK4TC0SD3EG4C7MDZTF9573R,01JK4RQM6KRYEP841PR3J26D8P,2025-02-03T02:31:27.789633385Z,01JK4RQM70MRCM5N5RV752QMW3,2025-02-03T02:31:27.789633385Z,01JK4RX4NE4N3D2Q818T1GPBHH,2025-02-03T02:31:27.789633385Z,01JK4S3K7G1G1CQBY9CTSBCVYR,2025-02-03T02:31:27.789633385Z
01JK4SNNWCF969GRW9WGWVSJM3,01JK4RQPB81REK8F8AC4HYPBT0,2025-02-03T02:19:15.724594686Z,01JK4RQPBEH5ADW6QYMXY80TY6,2025-02-03T02:19:15.724594686Z,01JK4S4RPKNJ360G99P4GQ0YR1,2025-02-03T02:19:15.724594686Z,01JK4SE2G3Z2HF1WX13EDTPWJB,2025-02-03T02:19:15.724594686Z
01JK4TKA30K6AA7CQNVK6PJV7G,01JK4RQNABPJQK9TTXRMF0RZ6C,2025-02-03T02:35:26.688728031Z,01JK4RQNAJWBNKQPG5GS2FWSCV,2025-02-03T02:35:26.688728031Z,01JK4S47VKRW5RT6C76PCKP1D4,2025-02-03T02:35:26.688728031Z,01JK4SACCWDKB4F6R7B9XWVFD1,2025-02-03T02:35:26.688728031Z
01JK4TQC9ZT99AYCXTKJVN8SB0,01JK4RQNABPJQK9TTXRMF0RZ6C,2025-02-03T02:37:40.031925316Z,01JK4RQNAJWBNKQPG5GS2FWSCV,2025-02-03T02:37:40.031925316Z,01JK4RVC5REZ4WW4R1DZNKASBV,2025-02-03T02:37:40.031925316Z,01JK4SACCYNCDXMJEC9M7439EX,2025-02-03T02:37:40.031925316Z
01JK4SRDTJ4SKVHQVP8XM0WGSH,01JK4RQPB81REK8F8AC4HYPBT0,2025-02-03T02:20:45.778576793Z,01JK4RQPBEH5ADW6QYMXY80TY6,2025-02-03T02:20:45.778576793Z,01JK4S4RPKNJ360G99P4GQ0YR1,2025-02-03T02:20:45.778576793Z,01JK4SE2FV9WBBRNYEXGQN6Z7R,2025-02-03T02:20:45.778576793Z
01JK4S5ZYMTTVZDME501ES0A0G,01JK4RQM6KRYEP841PR3J26D8P,2025-02-03T02:10:41.748357746Z,01JK4RQM70MRCM5N5RV752QMW3,2025-02-03T02:10:41.748357746Z,01JK4RX4NE4N3D2Q818T1GPBHH,2025-02-03T02:10:41.748357746Z,01JK4S3K676P1DZPWB18528819,2025-02-03T02:10:41.748357746Z
01JK4SJXQYVCK3PHKYBCVDSRZ5,01JK4RQM6KRYEP841PR3J26D8P,2025-02-03T02:17:45.470494605Z,01JK4RQM70MRCM5N5RV752QMW3,2025-02-03T02:17:45.470494605Z,01JK4RZRTEVY32H7HPW57A9822,2025-02-03T02:17:45.470494605Z,01JK4S3K64VR5N8YAMC73YSX3Z,2025-02-03T02:17:45.470494605Z
01JK4SZAB775VJ5AE4K088JFXH,01JK4RQM6KRYEP841PR3J26D8P,2025-02-03T02:24:31.591124885Z,01JK4RQM70MRCM5N5RV752QMW3,2025-02-03T02:24:31.591124885Z,01JK4RZRTEVY32H7HPW57A9822,2025-02-03T02:24:31.591124885Z,01JK4S3K7ANT2X8K18NPHVWA5Q,2025-02-03T02:24:31.591124885Z
01JK4T7KPBS5R39VTYE38Z8XNZ,01JK4RQNABPJQK9TTXRMF0RZ6C,2025-02-03T02:29:03.307164171Z,01JK4RQNAJWBNKQPG5GS2FWSCV,2025-02-03T02:29:03.307164171Z,01JK4S47VKRW5RT6C76PCKP1D4,2025-02-03T02:29:03.307164171Z,01JK4SACCKMHHNHZWWZ8G1PJX6,2025-02-03T02:29:03.307164171Z
01JK4S58E2D50EBKJKZW491M4N,01JK4RQM6KRYEP841PR3J26D8P,2025-02-03T02:10:17.66668482Z,01JK4RQM70MRCM5N5RV752QMW3,2025-02-03T02:10:17.66668482Z,01JK4RX4NE4N3D2Q818T1GPBHH,2025-02-03T02:10:17.66668482Z,01JK4S3K6393454CY4V87BGPNE,2025-02-03T02:10:17.66668482Z
01JK4SFWQZ70T9CDK444D90GN3,01JK4RQM6KRYEP841PR3J26D8P,2025-02-03T02:16:06.143355715Z,01JK4RQM70MRCM5N5RV752QMW3,2025-02-03T02:16:06.143355715Z,01JK4RX4NE4N3D2Q818T1GPBHH,2025-02-03T02:16:06.143355715Z,01JK4S3K5ZSY8Q5RNQN9KSVE4V,2025-02-03T02:16:06.143355715Z
01JK4T0SVXMZQKDTX3HKGRSJDV,01JK4RQNABPJQK9TTXRMF0RZ6C,2025-02-03T02:25:20.25315887Z,01JK4RQNAJWBNKQPG5GS2FWSCV,2025-02-03T02:25:20.25315887Z,01JK4RVC5REZ4WW4R1DZNKASBV,2025-02-03T02:25:20.25315887Z,01JK4SACCESZM6140KTQKZ9QEG,2025-02-03T02:25:20.25315887Z
01JK4T5KPW1K64ADR5F2DQ27V5,01JK4RQNABPJQK9TTXRMF0RZ6C,2025-02-03T02:27:57.788793663Z,01JK4RQNAJWBNKQPG5GS2FWSCV,2025-02-03T02:27:57.788793663Z,01JK4S47VKRW5RT6C76PCKP1D4,2025-02-03T02:27:57.788793663Z,01JK4SACCGGF6S15ZTXE6D70XQ,2025-02-03T02:27:57.788793663Z
01JK4T8Y2001FWEANFVF694X3D,01JK4RQM6KRYEP841PR3J26D8P,2025-02-03T02:29:46.688752768Z,01JK4RQM70MRCM5N5RV752QMW3,2025-02-03T02:29:46.688752768Z,01JK4RX4NE4N3D2Q818T1GPBHH,2025-02-03T02:29:46.688752768Z,01JK4S3K7ERDDZ0P8C8BG7DPXG,2025-02-03T02:29:46.688752768Z
01JK4TDEQVB21KDHN6GHD1S7EN,01JK4RQNABPJQK9TTXRMF0RZ6C,2025-02-03T02:32:14.843066026Z,01JK4RQNAJWBNKQPG5GS2FWSCV,2025-02-03T02:32:14.843066026Z,01JK4RVC5REZ4WW4R1DZNKASBV,2025-02-03T02:32:14.843066026Z,01JK4SACCTA7DPNWFJA3VDP447,2025-02-03T02:32:14.843066026Z
01JK4TGKSQSDZ0C3ZZ90YW8S80,01JK4RQPB81REK8F8AC4HYPBT0,2025-02-03T02:33:58.327425964Z,01JK4RQPBEH5ADW6QYMXY80TY6,2025-02-03T02:33:58.327425964Z,01JK4S3JEE861EJG5REXZ7DHQ3,2025-02-03T02:33:58.327425964Z,01JK4SE2GPW1CR0VD1GZYTR0FN,2025-02-03T02:33:58.327425964Z
01JK4TGTDE84R38721K869S2PD,01JK4RQNABPJQK9TTXRMF0RZ6C,2025-02-03T02:34:05.102846969Z,01JK4RQNAJWBNKQPG5GS2FWSCV,2025-02-03T02:34:05.102846969Z,01JK4S47VKRW5RT6C76PCKP1D4,2025-02-03T02:34:05.102846969Z,01JK4SACCVAW5R8RM9Q6J8WYK8,2025-02-03T02:34:05.102846969Z
01JK4SA6MK4XN34730FNYWJHY5,01JK4RQM6KRYEP841PR3J26D8P,2025-02-03T02:12:59.667131688Z,01JK4RQM70MRCM5N5RV752QMW3,2025-02-03T02:12:59.667131688Z,01JK4RX4NE4N3D2Q818T1GPBHH,2025-02-03T02:12:59.667131688Z,01JK4S3K5WS1HYZEF13513P0AF,2025-02-03T02:12:59.667131688Z
01JK4THDA5N2FRB7494VDC10Y5,01JK4RQNABPJQK9TTXRMF0RZ6C,2025-02-03T02:34:24.453333162Z,01JK4RQNAJWBNKQPG5GS2FWSCV,2025-02-03T02:34:24.453333162Z,01JK4RVC5REZ4WW4R1DZNKASBV,2025-02-03T02:34:24.453333162Z,01JK4SACCWDKB4F6R7C7MMQNC1,2025-02-03T02:34:24.453333162Z
01JK4T7QQHARVXEGA2Y0C7F1K3,01JK4RQM6KRYEP841PR3J26D8P,2025-02-03T02:29:07.441605596Z,01JK4RQM70MRCM5N5RV752QMW3,2025-02-03T02:29:07.441605596Z,01JK4RZRTEVY32H7HPW57A9822,2025-02-03T02:29:07.441605596Z,01JK4S3K7ERDDZ0P8C7N0JXRPB,2025-02-03T02:29:07.441605596Z
01JK4T7XXQ0RNBYS43CE19R6Y9,01JK4RQNABPJQK9TTXRMF0RZ6C,2025-02-03T02:29:13.783247694Z,01JK4RQNAJWBNKQPG5GS2FWSCV,2025-02-03T02:29:13.783247694Z,01JK4RVC5REZ4WW4R1DZNKASBV,2025-02-03T02:29:13.783247694Z,01JK4SACCS4H59ACNC1EJM06RH,2025-02-03T02:29:13.783247694Z
01JK4TJ5ECYDFVGP6GBN1G10VJ,01JK4RQM6KRYEP841PR3J26D8P,2025-02-03T02:34:49.164035208Z,01JK4RQM70MRCM5N5RV752QMW3,2025-02-03T02:34:49.164035208Z,01JK4RX4NE4N3D2Q818T1GPBHH,2025-02-03T02:34:49.164035208Z,01JK4S3K7G1G1CQBY9C63MYBMS,2025-02-03T02:34:49.164035208Z
01JK4T19CBFNM3XGNK8Z5FFCD8,01JK4RQPB81REK8F8AC4HYPBT0,2025-02-03T02:25:36.139447764Z,01JK4RQPBEH5ADW6QYMXY80TY6,2025-02-03T02:25:36.139447764Z,01JK4S3JEE861EJG5REXZ7DHQ3,2025-02-03T02:25:36.139447764Z,01JK4SE2G3Z2HF1WX14BZRG8CC,2025-02-03T02:25:36.139447764Z
01JK4SSQP9TJ91JM0MWB1MESZK,01JK4RQNABPJQK9TTXRMF0RZ6C,2025-02-03T02:21:28.649106834Z,01JK4RQNAJWBNKQPG5GS2FWSCV,2025-02-03T02:21:28.649106834Z,01JK4S47VKRW5RT6C76PCKP1D4,2025-02-03T02:21:28.649106834Z,01JK4SACCBKGY1Q44J3XGNA43S,2025-02-03T02:21:28.649106834Z
01JK4SY39BWW9A8VGE0JJ0CSWN,01JK4RQPB81REK8F8AC4HYPBT0,2025-02-03T02:23:51.595877287Z,01JK4RQPBEH5ADW6QYMXY80TY6,2025-02-03T02:23:51.595877287Z,01JK4S4RPKNJ360G99P4GQ0YR1,2025-02-03T02:23:51.595877287Z,01JK4SE2FWS9MCP0HQNXAFFJY9,2025-02-03T02:23:51.595877287Z
01JK4SZQDVFP7D1PKNTHKJNAQ0,01JK4RQNABPJQK9TTXRMF0RZ6C,2025-02-03T02:24:44.987050003Z,01JK4RQNAJWBNKQPG5GS2FWSCV,2025-02-03T02:24:44.987050003Z,01JK4S47VKRW5RT6C76PCKP1D4,2025-02-03T02:24:44.987050003Z,01JK4SACCDZ91V4N2QVEQ809PA,2025-02-03T02:24:44.987050003Z
01JK4T0SVYWKDM2APT5WHJTGA0,01JK4RQNABPJQK9TTXRMF0RZ6C,2025-02-03T02:25:20.254123918Z,01JK4RQNAJWBNKQPG5GS2FWSCV,2025-02-03T02:25:20.254123918Z,01JK4S47VKRW5RT6C76PCKP1D4,2025-02-03T02:25:20.254123918Z,01JK4SACCESZM6140KTQKZ9QEG,2025-02-03T02:25:20.254123918Z
01JK4T21RWF9STN5T5JBTDS8G6,01JK4RQM6KRYEP841PR3J26D8P,2025-02-03T02:26:01.116871828Z,01JK4RQM70MRCM5N5RV752QMW3,2025-02-03T02:26:01.116871828Z,01JK4RX4NE4N3D2Q818T1GPBHH,2025-02-03T02:26:01.116871828Z,01JK4S3K7C2SDSBQPSMHAHTKTD,2025-02-03T02:26:01.116871828Z
01JK4T6FB85EGNMRCRMK7A33PZ,01JK4RQPB81REK8F8AC4HYPBT0,2025-02-03T02:28:26.088311586Z,01JK4RQPBEH5ADW6QYMXY80TY6,2025-02-03T02:28:26.088311586Z,01JK4S4RPKNJ360G99P4GQ0YR1,2025-02-03T02:28:26.088311586Z,01JK4SE2G9XBZTPB41HNX766V8,2025-02-03T02:28:26.088311586Z
01JK4T6FB9XMFZYNW8V60X11YJ,01JK4RQPB81REK8F8AC4HYPBT0,2025-02-03T02:28:26.089273566Z,01JK4RQPBEH5ADW6QYMXY80TY6,2025-02-03T02:28:26.089273566Z,01JK4S3JEE861EJG5REXZ7DHQ3,2025-02-03T02:28:26.089273566Z,01JK4SE2G9XBZTPB41HNX766V8,2025-02-03T02:28:26.089273566Z
01JK4SCJA9DGYSZ46QSR1WWX0W,01JK4RQNABPJQK9TTXRMF0RZ6C,2025-02-03T02:14:17.161922474Z,01JK4RQNAJWBNKQPG5GS2FWSCV,2025-02-03T02:14:17.161922474Z,01JK4RVC5REZ4WW4R1DZNKASBV,2025-02-03T02:14:17.161922474Z,01JK4SACC5G28K0V36WH86REXB,2025-02-03T02:14:17.161922474Z
01JK4TFSZPEJBY0QNQD3VNDVZH,01JK4RQNABPJQK9TTXRMF0RZ6C,2025-02-03T02:33:31.894522379Z,01JK4RQNAJWBNKQPG5GS2FWSCV,2025-02-03T02:33:31.894522379Z,01JK4S47VKRW5RT6C76PCKP1D4,2025-02-03T02:33:31.894522379Z,01JK4SACCS4H59ACNC2GQWA8V9,2025-02-03T02:33:31.894522379Z
01JK4SFWQZ70T9CDK44EH2D2T3,01JK4RQM6KRYEP841PR3J26D8P,2025-02-03T02:16:06.143938177Z,01JK4RQM70MRCM5N5RV752QMW3,2025-02-03T02:16:06.143938177Z,01JK4RZRTEVY32H7HPW57A9822,2025-02-03T02:16:06.143938177Z,01JK4S3K5ZSY8Q5RNQN9KSVE4V,2025-02-03T02:16:06.143938177Z
01JK4SRDTHHXDFAN5DFQ9ZDW53,01JK4RQPB81REK8F8AC4HYPBT0,2025-02-03T02:20:45.77767578Z,01JK4RQPBEH5ADW6QYMXY80TY6,2025-02-03T02:20:45.77767578Z,01JK4S3JEE861EJG5REXZ7DHQ3,2025-02-03T02:20:45.77767578Z,01JK4SE2FV9WBBRNYEXGQN6Z7R,2025-02-03T02:20:45.77767578Z
01JK4T1JZQDBY31TDVW05FANMN,01JK4RQM6KRYEP841PR3J26D8P,2025-02-03T02:25:45.975723519Z,01JK4RQM70MRCM5N5RV752QMW3,2025-02-03T02:25:45.975723519Z,01JK4RX4NE4N3D2Q818T1GPBHH,2025-02-03T02:25:45.975723519Z,01JK4S3K70KSQQJY7VGZQKJGFZ,2025-02-03T02:25:45.975723519Z
01JK4THDA6ZNJ693SC1YHHAPMX,01JK4RQNABPJQK9TTXRMF0RZ6C,2025-02-03T02:34:24.454322734Z,01JK4RQNAJWBNKQPG5GS2FWSCV,2025-02-03T02:34:24.454322734Z,01JK4S47VKRW5RT6C76PCKP1D4,2025-02-03T02:34:24.454322734Z,01JK4SACCWDKB4F6R7C7MMQNC1,2025-02-03T02:34:24.454322734Z
01JK4TR70JHCBG8C29JX84C9A0,01JK4RQM6KRYEP841PR3J26D8P,2025-02-03T02:38:07.378764638Z,01JK4RQM70MRCM5N5RV752QMW3,2025-02-03T02:38:07.378764638Z,01JK4RX4NE4N3D2Q818T1GPBHH,2025-02-03T02:38:07.378764638Z,01JK4S3K71DWRT2YC5RC7KKTNX,2025-02-03T02:38:07.378764638Z
01JK4SBNTF429K7GP12AHDACBG,01JK4RQM6KRYEP841PR3J26D8P,2025-02-03T02:13:47.983466168Z,01JK4RQM70MRCM5N5RV752QMW3,2025-02-03T02:13:47.983466168Z,01JK4RZRTEVY32H7HPW57A9822,2025-02-03T02:13:47.983466168Z,01JK4S3K6670YZG1GWKP80Y9Q9,2025-02-03T02:13:47.983466168Z
01JK4SHCWF81MVR3KK9FF73HX9,01JK4RQM6KRYEP841PR3J26D8P,2025-02-03T02:16:55.439841996Z,01JK4RQM70MRCM5N5RV752QMW3,2025-02-03T02:16:55.439841996Z,01JK4RX4NE4N3D2Q818T1GPBHH,2025-02-03T02:16:55.439841996Z,01JK4S3K6508QWPNW5WKJK8QHK,2025-02-03T02:16:55.439841996Z
01JK4SHCWGCPZH9W1FNX7QDDMV,01JK4RQM6KRYEP841PR3J26D8P,2025-02-03T02:16:55.44039233Z,01JK4RQM70MRCM5N5RV752QMW3,2025-02-03T02:16:55.44039233Z,01JK4RZRTEVY32H7HPW57A9822,2025-02-03T02:16:55.44039233Z,01JK4S3K6508QWPNW5WKJK8QHK,2025-02-03T02:16:55.44039233Z
01JK4SMN1DZFN28J9GD6FJQN56,01JK4RQNABPJQK9TTXRMF0RZ6C,2025-02-03T02:18:42.093318359Z,01JK4RQNAJWBNKQPG5GS2FWSCV,2025-02-03T02:18:42.093318359Z,01JK4S47VKRW5RT6C76PCKP1D4,2025-02-03T02:18:42.093318359Z,01JK4SACC5G28K0V36XD3ZWJ74,2025-02-03T02:18:42.093318359Z
01JK4T21RXAH5ZPCJDE5WQNKDT,01JK4RQM6KRYEP841PR3J26D8P,2025-02-03T02:26:01.117640618Z,01JK4RQM70MRCM5N5RV752QMW3,2025-02-03T02:26:01.117640618Z,01JK4RZRTEVY32H7HPW57A9822,2025-02-03T02:26:01.117640618Z,01JK4S3K7C2SDSBQPSMHAHTKTD,2025-02-03T02:26:01.117640618Z
01JK4T3D94E147QXTWSJENNP41,01JK4RQNABPJQK9TTXRMF0RZ6C,2025-02-03T02:26:45.668449709Z,01JK4RQNAJWBNKQPG5GS2FWSCV,2025-02-03T02:26:45.668449709Z,01JK4RVC5REZ4WW4R1DZNKASBV,2025-02-03T02:26:45.668449709Z,01JK4SACCFNS5HNZF2G8AJ5R1B,2025-02-03T02:26:45.668449709Z
01JK4T3D950T4PBYYDWX7A25DF,01JK4RQNABPJQK9TTXRMF0RZ6C,2025-02-03T02:26:45.669175926Z,01JK4RQNAJWBNKQPG5GS2FWSCV,2025-02-03T02:26:45.669175926Z,01JK4S47VKRW5RT6C76PCKP1D4,2025-02-03T02:26:45.669175926Z,01JK4SACCFNS5HNZF2G8AJ5R1B,2025-02-03T02:26:45.669175926Z
01JK4T3Y5ND3JRBAV6ENPYBZSY,01JK4RQNABPJQK9TTXRMF0RZ6C,2025-02-03T02:27:02.965807874Z,01JK4RQNAJWBNKQPG5GS2FWSCV,2025-02-03T02:27:02.965807874Z,01JK4S47VKRW5RT6C76PCKP1D4,2025-02-03T02:27:02.965807874Z,01JK4SACCJGGY4WQ88P8D1JANJ,2025-02-03T02:27:02.965807874Z
01JK4S85BK2KDJE9V0X1WQG9E2,01JK4RQM6KRYEP841PR3J26D8P,2025-02-03T02:11:52.819473767Z,01JK4RQM70MRCM5N5RV752QMW3,2025-02-03T02:11:52.819473767Z,01JK4RX4NE4N3D2Q818T1GPBHH,2025-02-03T02:11:52.819473767Z,01JK4S3K5ZSY8Q5RNQKA9088C5,2025-02-03T02:11:52.819473767Z
01JK4THAVYFAHQYWE87EC1SXNE,01JK4RQPB81REK8F8AC4HYPBT0,2025-02-03T02:34:21.950947603Z,01JK4RQPBEH5ADW6QYMXY80TY6,2025-02-03T02:34:21.950947603Z,01JK4S4RPKNJ360G99P4GQ0YR1,2025-02-03T02:34:21.950947603Z,01JK4SE2GMV0K0K7TEMJRESSK7,2025-02-03T02:34:21.950947603Z
01JK4TM2ZJD8AZE4296TK5QFWF,01JK4RQNABPJQK9TTXRMF0RZ6C,2025-02-03T02:35:52.178739247Z,01JK4RQNAJWBNKQPG5GS2FWSCV,2025-02-03T02:35:52.178739247Z,01JK4S47VKRW5RT6C76PCKP1D4,2025-02-03T02:35:52.178739247Z,01JK4SACCX8MHK0FGPFA8HDJW6,2025-02-03T02:35:52.178739247Z
01JK4TPNSYQHW50KQ2SSAM87A3,01JK4RQNABPJQK9TTXRMF0RZ6C,2025-02-03T02:37:16.990447635Z,01JK4RQNAJWBNKQPG5GS2FWSCV,2025-02-03T02:37:16.990447635Z,01JK4S47VKRW5RT6C76PCKP1D4,2025-02-03T02:37:16.990447635Z,01JK4SACCYNCDXMJEC7BVR695C,2025-02-03T02:37:16.990447635Z
01JK4T4Q2CMSTJXYR3GTWMJRAP,01JK4RQPB81REK8F8AC4HYPBT0,2025-02-03T02:27:28.460670109Z,01JK4RQPBEH5ADW6QYMXY80TY6,2025-02-03T02:27:28.460670109Z,01JK4S3JEE861EJG5REXZ7DHQ3,2025-02-03T02:27:28.460670109Z,01JK4SE2G7GVHMG0M2AJR56AAH,2025-02-03T02:27:28.460670109Z
01JK4SJRRVR434A4CTZ2PAX6YN,01JK4RQNABPJQK9TTXRMF0RZ6C,2025-02-03T02:17:40.379355876Z,01JK4RQNAJWBNKQPG5GS2FWSCV,2025-02-03T02:17:40.379355876Z,01JK4S47VKRW5RT6C76PCKP1D4,2025-02-03T02:17:40.379355876Z,01JK4SACC86EPTHW1F5MK2ZYJN,2025-02-03T02:17:40.379355876Z
01JK4SY39BWW9A8VGE08HYGMPQ,01JK4RQPB81REK8F8AC4HYPBT0,2025-02-03T02:23:51.59521265Z,01JK4RQPBEH5ADW6QYMXY80TY6,2025-02-03T02:23:51.59521265Z,01JK4S3JEE861EJG5REXZ7DHQ3,2025-02-03T02:23:51.59521265Z,01JK4SE2FWS9MCP0HQNXAFFJY9,2025-02-03T02:23:51.59521265Z
01JK4SZAB63KH8NKTHVPJMKZ4J,01JK4RQM6KRYEP841PR3J26D8P,2025-02-03T02:24:31.590176718Z,01JK4RQM70MRCM5N5RV752QMW3,2025-02-03T02:24:31.590176718Z,01JK4RX4NE4N3D2Q818T1GPBHH,2025-02-03T02:24:31.590176718Z,01JK4S3K7ANT2X8K18NPHVWA5Q,2025-02-03T02:24:31.590176718Z
01JK4T9X4MMJFG2QY6JP8N24GD,01JK4RQPB81REK8F8AC4HYPBT0,2025-02-03T02:30:18.516976861Z,01JK4RQPBEH5ADW6QYMXY80TY6,2025-02-03T02:30:18.516976861Z,01JK4S4RPKNJ360G99P4GQ0YR1,2025-02-03T02:30:18.516976861Z,01JK4SE2GBXNW6J2HEPEHKM527,2025-02-03T02:30:18.516976861Z
01JK4TAAFV0HV8CH0KF90YYJZN,01JK4RQNABPJQK9TTXRMF0RZ6C,2025-02-03T02:30:32.187380875Z,01JK4RQNAJWBNKQPG5GS2FWSCV,2025-02-03T02:30:32.187380875Z,01JK4RVC5REZ4WW4R1DZNKASBV,2025-02-03T02:30:32.187380875Z,01JK4SACCQ8XS79TFY6QQDWTRA,2025-02-03T02:30:32.187380875Z
01JK4SGW7VAT1GD34QEEK2GDFK,01JK4RQNABPJQK9TTXRMF0RZ6C,2025-02-03T02:16:38.395865671Z,01JK4RQNAJWBNKQPG5GS2FWSCV,2025-02-03T02:16:38.395865671Z,01JK4S47VKRW5RT6C76PCKP1D4,2025-02-03T02:16:38.395865671Z,01JK4SACC6HSMNX8TG5ZD4BC4V,2025-02-03T02:16:38.395865671Z
01JK4T4Q3X08ADKXXP8JRG3VS7,01JK4RQNABPJQK9TTXRMF0RZ6C,2025-02-03T02:27:28.509422068Z,01JK4RQNAJWBNKQPG5GS2FWSCV,2025-02-03T02:27:28.509422068Z,01JK4S47VKRW5RT6C76PCKP1D4,2025-02-03T02:27:28.509422068Z,01JK4SACCFNS5HNZF2HP5ZENPC,2025-02-03T02:27:28.509422068Z
01JK4TD2HB8RMNSBEKKCV9XM11,01JK4RQPB81REK8F8AC4HYPBT0,2025-02-03T02:32:02.347853167Z,01JK4RQPBEH5ADW6QYMXY80TY6,2025-02-03T02:32:02.347853167Z,01JK4S4RPKNJ360G99P4GQ0YR1,2025-02-03T02:32:02.347853167Z,01JK4SE2GFA0FXPB4SQYZWSQ5V,2025-02-03T02:32:02.347853167Z
01JK4SRTNCH5HF5FEKMHM3M17K,01JK4RQM6KRYEP841PR3J26D8P,2025-02-03T02:20:58.924307731Z,01JK4RQM70MRCM5N5RV752QMW3,2025-02-03T02:20:58.924307731Z,01JK4RZRTEVY32H7HPW57A9822,2025-02-03T02:20:58.924307731Z,01JK4S3K676P1DZPWAZKB6BWAN,2025-02-03T02:20:58.924307731Z
01JK4STSS2GAJV2AJXM7XDKTQD,01JK4RQNABPJQK9TTXRMF0RZ6C,2025-02-03T02:22:03.554395589Z,01JK4RQNAJWBNKQPG5GS2FWSCV,2025-02-03T02:22:03.554395589Z,01JK4S47VKRW5RT6C76PCKP1D4,2025-02-03T02:22:03.554395589Z,01JK4SACCCRA9KZGHJEA5SYETR,2025-02-03T02:22:03.554395589Z
01JK4SWM7SJ9HPP2R8C6ND2TYC,01JK4RQM6KRYEP841PR3J26D8P,2025-02-03T02:23:03.417486723Z,01JK4RQM70MRCM5N5RV752QMW3,2025-02-03T02:23:03.417486723Z,01JK4RZRTEVY32H7HPW57A9822,2025-02-03T02:23:03.417486723Z,01JK4S3K64VR5N8YAMBC8ENKP1,2025-02-03T02:23:03.417486723Z
01JK4T6TE77VVG8KX465JQHSSH,01JK4RQPB81REK8F8AC4HYPBT0,2025-02-03T02:28:37.447571418Z,01JK4RQPBEH5ADW6QYMXY80TY6,2025-02-03T02:28:37.447571418Z,01JK4S4RPKNJ360G99P4GQ0YR1,2025-02-03T02:28:37.447571418Z,01JK4SE2G9XBZTPB41JFRKC9VQ,2025-02-03T02:28:37.447571418Z
01JK4T974TNFG4EKNDYMYCQ670,01JK4RQPB81REK8F8AC4HYPBT0,2025-02-03T02:29:55.994021953Z,01JK4RQPBEH5ADW6QYMXY80TY6,2025-02-03T02:29:55.994021953Z,01JK4S3JEE861EJG5REXZ7DHQ3,2025-02-03T02:29:55.994021953Z,01JK4SE2GD9HTVG1YZQWTJ3MV4,2025-02-03T02:29:55.994021953Z
01JK4TE2CD6GKDSWRS5RX3Q8EP,01JK4RQNABPJQK9TTXRMF0RZ6C,2025-02-03T02:32:34.95748096Z,01JK4RQNAJWBNKQPG5GS2FWSCV,2025-02-03T02:32:34.95748096Z,01JK4S47VKRW5RT6C76PCKP1D4,2025-02-03T02:32:34.95748096Z,01JK4SACCS4H59ACNC3ENPBKY3,2025-02-03T02:32:34.95748096Z
01JK4TFF8S60TJ49D7WH67KDN3,01JK4RQNABPJQK9TTXRMF0RZ6C,2025-02-03T02:33:20.921938247Z,01JK4RQNAJWBNKQPG5GS2FWSCV,2025-02-03T02:33:20.921938247Z,01JK4S47VKRW5RT6C76PCKP1D4,2025-02-03T02:33:20.921938247Z,01JK4SACCR1XB350Z4DBEH48QJ,2025-02-03T02:33:20.921938247Z
01JK4TPNSWK7CC5KNHCZWTHHRS,01JK4RQNABPJQK9TTXRMF0RZ6C,2025-02-03T02:37:16.988266201Z,01JK4RQNAJWBNKQPG5GS2FWSCV,2025-02-03T02:37:16.988266201Z,01JK4RVC5REZ4WW4R1DZNKASBV,2025-02-03T02:37:16.988266201Z,01JK4SACCYNCDXMJEC7BVR695C,2025-02-03T02:37:16.988266201Z
01JK4SE4HQ0FACD75TW5QB31JZ,01JK4RQPB81REK8F8AC4HYPBT0,2025-02-03T02:15:08.599618699Z,01JK4RQPBEH5ADW6QYMXY80TY6,2025-02-03T02:15:08.599618699Z,01JK4S3JEE861EJG5REXZ7DHQ3,2025-02-03T02:15:08.599618699Z,01JK4SE2FG7Y1M3F44Q6A3MRVM,2025-02-03T02:15:08.599618699Z
01JK4TQ1D3N5GK56VQ9QZMXBMG,01JK4RQM6KRYEP841PR3J26D8P,2025-02-03T02:37:28.867485558Z,01JK4RQM70MRCM5N5RV752QMW3,2025-02-03T02:37:28.867485558Z,01JK4RX4NE4N3D2Q818T1GPBHH,2025-02-03T02:37:28.867485558Z,01JK4S3K7B7MMVY71A68KMNES2,2025-02-03T02:37:28.867485558Z
01JK4S76KG56BNKZR3765QEYMR,01JK4RQM6KRYEP841PR3J26D8P,2025-02-03T02:11:21.3281557Z,01JK4RQM70MRCM5N5RV752QMW3,2025-02-03T02:11:21.3281557Z,01JK4RX4NE4N3D2Q818T1GPBHH,2025-02-03T02:11:21.3281557Z,01JK4S3K62CFK6WPNBPW1MBQEE,2025-02-03T02:11:21.3281557Z
01JK4SV6X6A1SJ0ERYH0R0DQMD,01JK4RQM6KRYEP841PR3J26D8P,2025-02-03T02:22:16.998981303Z,01JK4RQM70MRCM5N5RV752QMW3,2025-02-03T02:22:16.998981303Z,01JK4RZRTEVY32H7HPW57A9822,2025-02-03T02:22:16.998981303Z,01JK4S3K64VR5N8YAMAPW8XY9V,2025-02-03T02:22:16.998981303Z
01JK4SWHJCA144QBTJS7A852Z0,01JK4RQPB81REK8F8AC4HYPBT0,2025-02-03T02:23:00.684124864Z,01JK4RQPBEH5ADW6QYMXY80TY6,2025-02-03T02:23:00.684124864Z,01JK4S3JEE861EJG5REXZ7DHQ3,2025-02-03T02:23:00.684124864Z,01JK4SE2G1DDCGZQ062SW8BBJ3,2025-02-03T02:23:00.684124864Z
01JK4T09P3HRV0BSG0H067Z5H6,01JK4RQNABPJQK9TTXRMF0RZ6C,2025-02-03T02:25:03.683325538Z,01JK4RQNAJWBNKQPG5GS2FWSCV,2025-02-03T02:25:03.683325538Z,01JK4RVC5REZ4WW4R1DZNKASBV,2025-02-03T02:25:03.683325538Z,01JK4SACCESZM6140KVCTVDQ5S,2025-02-03T02:25:03.683325538Z
01JK4TE2MCK4XA731VNMR9G1B2,01JK4RQM6KRYEP841PR3J26D8P,2025-02-03T02:32:35.21279535Z,01JK4RQM70MRCM5N5RV752QMW3,2025-02-03T02:32:35.21279535Z,01JK4RX4NE4N3D2Q818T1GPBHH,2025-02-03T02:32:35.21279535Z,01JK4S3K7FQEA03YTYPZVJX3G9,2025-02-03T02:32:35.21279535Z
01JK4TKA31PNM631WPXHA6Z7XB,01JK4RQNABPJQK9TTXRMF0RZ6C,2025-02-03T02:35:26.689802558Z,01JK4RQNAJWBNKQPG5GS2FWSCV,2025-02-03T02:35:26.689802558Z,01JK4RVC5REZ4WW4R1DZNKASBV,2025-02-03T02:35:26.689802558Z,01JK4SACCWDKB4F6R7B9XWVFD1,2025-02-03T02:35:26.689802558Z
01JK4S3MZ7TZ5ZDKEXH9DKQZSD,01JK4RQM6KRYEP841PR3J26D8P,2025-02-03T02:09:24.967964654Z,01JK4RQM70MRCM5N5RV752QMW3,2025-02-03T02:09:24.967964654Z,01JK4RZRTEVY32H7HPW57A9822,2025-02-03T02:09:24.967964654Z,01JK4S3K4X23X32GRDTGDS6FKR,2025-02-03T02:09:24.967964654Z
01JK4SJ0TRQZPNTXACQ43XKNPD,01JK4RQPB81REK8F8AC4HYPBT0,2025-02-03T02:17:15.864992451Z,01JK4RQPBEH5ADW6QYMXY80TY6,2025-02-03T02:17:15.864992451Z,01JK4S3JEE861EJG5REXZ7DHQ3,2025-02-03T02:17:15.864992451Z,01JK4SE2G7GVHMG0M29M8YYGEC,2025-02-03T02:17:15.864992451Z
01JK4SXG3NYFR96EE6XHF34QMQ,01JK4RQM6KRYEP841PR3J26D8P,2025-02-03T02:23:31.957163488Z,01JK4RQM70MRCM5N5RV752QMW3,2025-02-03T02:23:31.957163488Z,01JK4RX4NE4N3D2Q818T1GPBHH,2025-02-03T02:23:31.957163488Z,01JK4S3K64VR5N8YAM9RSHBKT6,2025-02-03T02:23:31.957163488Z
01JK4TEPSKB7J7VSHGJR6S8GPT,01JK4RQPB81REK8F8AC4HYPBT0,2025-02-03T02:32:55.859311212Z,01JK4RQPBEH5ADW6QYMXY80TY6,2025-02-03T02:32:55.859311212Z,01JK4S3JEE861EJG5REXZ7DHQ3,2025-02-03T02:32:55.859311212Z,01JK4SE2GD9HTVG1YZRM1PZMR5,2025-02-03T02:32:55.859311212Z
01JK4TMJWHF1P38QH42513G4GD,01JK4RQPB81REK8F8AC4HYPBT0,2025-02-03T02:36:08.465103795Z,01JK4RQPBEH5ADW6QYMXY80TY6,2025-02-03T02:36:08.465103795Z,01JK4S3JEE861EJG5REXZ7DHQ3,2025-02-03T02:36:08.465103795Z,01JK4SE2GWQ4H727VTGFWQ1P49,2025-02-03T02:36:08.465103795Z
01JK4SADA9E3EP6RXH8E29GGFZ,01JK4RQNABPJQK9TTXRMF0RZ6C,2025-02-03T02:13:06.505521938Z,01JK4RQNAJWBNKQPG5GS2FWSCV,2025-02-03T02:13:06.505521938Z,01JK4S47VKRW5RT6C76PCKP1D4,2025-02-03T02:13:06.505521938Z,01JK4SACC03JS4RF6AYAP0C0S8,2025-02-03T02:13:06.505521938Z
01JK4SKWQ4S1PP65P3FH0RZHFW,01JK4RQPB81REK8F8AC4HYPBT0,2025-02-03T02:18:17.188739943Z,01JK4RQPBEH5ADW6QYMXY80TY6,2025-02-03T02:18:17.188739943Z,01JK4S3JEE861EJG5REXZ7DHQ3,2025-02-03T02:18:17.188739943Z,01JK4SE2G9XBZTPB41GXVCQY62,2025-02-03T02:18:17.188739943Z
01JK4T19CCVZKPFJ0G9A23DZ19,01JK4RQPB81REK8F8AC4HYPBT0,2025-02-03T02:25:36.140328426Z,01JK4RQPBEH5ADW6QYMXY80TY6,2025-02-03T02:25:36.140328426Z,01JK4S4RPKNJ360G99P4GQ0YR1,2025-02-03T02:25:36.140328426Z,01JK4SE2G3Z2HF1WX14BZRG8CC,2025-02-03T02:25:36.140328426Z
01JK4T713MHM4DGGW1QGPMEPGW,01JK4RQNABPJQK9TTXRMF0RZ6C,2025-02-03T02:28:44.27686179Z,01JK4RQNAJWBNKQPG5GS2FWSCV,2025-02-03T02:28:44.27686179Z,01JK4S47VKRW5RT6C76PCKP1D4,2025-02-03T02:28:44.27686179Z,01JK4SACCH2BJ091CKM2228ZTB,2025-02-03T02:28:44.27686179Z
01JK4T9GDG2ND107AXNNTF4RCH,01JK4RQNABPJQK9TTXRMF0RZ6C,2025-02-03T02:30:05.489000091Z,01JK4RQNAJWBNKQPG5GS2FWSCV,2025-02-03T02:30:05.489000091Z,01JK4RVC5REZ4WW4R1DZNKASBV,2025-02-03T02:30:05.489000091Z,01JK4SACCN4AHCXBEX264G2G20,2025-02-03T02:30:05.489000091Z
01JK4TBJC6ENX36JKBMNCX63FP,01JK4RQNABPJQK9TTXRMF0RZ6C,2025-02-03T02:31:13.030487038Z,01JK4RQNAJWBNKQPG5GS2FWSCV,2025-02-03T02:31:13.030487038Z,01JK4S47VKRW5RT6C76PCKP1D4,2025-02-03T02:31:13.030487038Z,01JK4SACCN4AHCXBEX3204XV8Z,2025-02-03T02:31:13.030487038Z
01JK4TK94M9M7H3S8CYVZ2MZQ9,01JK4RQPB81REK8F8AC4HYPBT0,2025-02-03T02:35:25.716647753Z,01JK4RQPBEH5ADW6QYMXY80TY6,2025-02-03T02:35:25.716647753Z,01JK4S4RPKNJ360G99P4GQ0YR1,2025-02-03T02:35:25.716647753Z,01JK4SE2GSRJ7YMT65R3643WA2,2025-02-03T02:35:25.716647753Z
01JK4SDGXWKWAJV4KZXE56QFRP,01JK4RQNABPJQK9TTXRMF0RZ6C,2025-02-03T02:14:48.509006094Z,01JK4RQNAJWBNKQPG5GS2FWSCV,2025-02-03T02:14:48.509006094Z,01JK4S47VKRW5RT6C76PCKP1D4,2025-02-03T02:14:48.509006094Z,01JK4SACC7YD8SFBH8KSET57X8,2025-02-03T02:14:48.509006094Z
01JK4TBE58GM2DA0M5ND4DDE5S,01JK4RQM6KRYEP841PR3J26D8P,2025-02-03T02:31:08.712505559Z,01JK4RQM70MRCM5N5RV752QMW3,2025-02-03T02:31:08.712505559Z,01JK4RX4NE4N3D2Q818T1GPBHH,2025-02-03T02:31:08.712505559Z,01JK4S3K72JRQZBAN1272DTT68,2025-02-03T02:31:08.712505559Z
01JK4TKQGCZM3DCF7RQ4ZE3H97,01JK4RQNABPJQK9TTXRMF0RZ6C,2025-02-03T02:35:40.428636594Z,01JK4RQNAJWBNKQPG5GS2FWSCV,2025-02-03T02:35:40.428636594Z,01JK4RVC5REZ4WW4R1DZNKASBV,2025-02-03T02:35:40.428636594Z,01JK4SACCYNCDXMJEC81XQRQGX,2025-02-03T02:35:40.428636594Z
01JK4STXAGP05E40Q8KMXGK210,01JK4RQPB81REK8F8AC4HYPBT0,2025-02-03T02:22:07.184675312Z,01JK4RQPBEH5ADW6QYMXY80TY6,2025-02-03T02:22:07.184675312Z,01JK4S3JEE861EJG5REXZ7DHQ3,2025-02-03T02:22:07.184675312Z,01JK4SE2FSBSHTRRG4QYGDRKZ9,2025-02-03T02:22:07.184675312Z
01JK4STFFF3ZMMS9BN123R4A4R,01JK4RQM6KRYEP841PR3J26D8P,2025-02-03T02:21:53.007165979Z,01JK4RQM70MRCM5N5RV752QMW3,2025-02-03T02:21:53.007165979Z,01JK4RZRTEVY32H7HPW57A9822,2025-02-03T02:21:53.007165979Z,01JK4S3K6508QWPNW5Z3VD8M7R,2025-02-03T02:21:53.007165979Z
01JK4SWHJCA144QBTJSK2E3C2G,01JK4RQPB81REK8F8AC4HYPBT0,2025-02-03T02:23:00.684777206Z,01JK4RQPBEH5ADW6QYMXY80TY6,2025-02-03T02:23:00.684777206Z,01JK4S4RPKNJ360G99P4GQ0YR1,2025-02-03T02:23:00.684777206Z,01JK4SE2G1DDCGZQ062SW8BBJ3,2025-02-03T02:23:00.684777206Z
01JK4SY7TBNQYK6MP2T3CNGBYW,01JK4RQNABPJQK9TTXRMF0RZ6C,2025-02-03T02:23:56.235682664Z,01JK4RQNAJWBNKQPG5GS2FWSCV,2025-02-03T02:23:56.235682664Z,01JK4RVC5REZ4WW4R1DZNKASBV,2025-02-03T02:23:56.235682664Z,01JK4SACCESZM6140KRWDK0GQQ,2025-02-03T02:23:56.235682664Z
01JK4SZYW5MWZP3FX3SSBHKZFZ,01JK4RQPB81REK8F8AC4HYPBT0,2025-02-03T02:24:52.613956637Z,01JK4RQPBEH5ADW6QYMXY80TY6,2025-02-03T02:24:52.613956637Z,01JK4S4RPKNJ360G99P4GQ0YR1,2025-02-03T02:24:52.613956637Z,01JK4SE2FYHTJ8SRGS40P35C4C,2025-02-03T02:24:52.613956637Z
01JK4T1MHC7C5Y9GTESX49FT2K,01JK4RQPB81REK8F8AC4HYPBT0,2025-02-03T02:25:47.564443013Z,01JK4RQPBEH5ADW6QYMXY80TY6,2025-02-03T02:25:47.564443013Z,01JK4S3JEE861EJG5REXZ7DHQ3,2025-02-03T02:25:47.564443013Z,01JK4SE2G3Z2HF1WX12P7RA9DB,2025-02-03T02:25:47.564443013Z
01JK4T6TE6ZMZZAQS7KMN3E780,01JK4RQPB81REK8F8AC4HYPBT0,2025-02-03T02:28:37.44641599Z,01JK4RQPBEH5ADW6QYMXY80TY6,2025-02-03T02:28:37.44641599Z,01JK4S3JEE861EJG5REXZ7DHQ3,2025-02-03T02:28:37.44641599Z,01JK4SE2G9XBZTPB41JFRKC9VQ,2025-02-03T02:28:37.44641599Z
01JK4T9X4MMJFG2QY6JDGVC63R,01JK4RQPB81REK8F8AC4HYPBT0,2025-02-03T02:30:18.516098495Z,01JK4RQPBEH5ADW6QYMXY80TY6,2025-02-03T02:30:18.516098495Z,01JK4S3JEE861EJG5REXZ7DHQ3,2025-02-03T02:30:18.516098495Z,01JK4SE2GBXNW6J2HEPEHKM527,2025-02-03T02:30:18.516098495Z
01JK4SPS80H9GHREA4S7TX4X46,01JK4RQNABPJQK9TTXRMF0RZ6C,2025-02-03T02:19:51.936260901Z,01JK4RQNAJWBNKQPG5GS2FWSCV,2025-02-03T02:19:51.936260901Z,01JK4S47VKRW5RT6C76PCKP1D4,2025-02-03T02:19:51.936260901Z,01JK4SACCBKGY1Q44J2TZFX724,2025-02-03T02:19:51.936260901Z
01JK4TMT66MDS1M9TSBHE8R5QN,01JK4RQM6KRYEP841PR3J26D8P,2025-02-03T02:36:15.94212394Z,01JK4RQM70MRCM5N5RV752QMW3,2025-02-03T02:36:15.94212394Z,01JK4RZRTEVY32H7HPW57A9822,2025-02-03T02:36:15.94212394Z,01JK4S3K73WXJDBA0GYCWR7QTC,2025-02-03T02:36:15.94212394Z
01JK4TE2CC1ECA85RS0DS6BYKS,01JK4RQNABPJQK9TTXRMF0RZ6C,2025-02-03T02:32:34.956215309Z,01JK4RQNAJWBNKQPG5GS2FWSCV,2025-02-03T02:32:34.956215309Z,01JK4RVC5REZ4WW4R1DZNKASBV,2025-02-03T02:32:34.956215309Z,01JK4SACCS4H59ACNC3ENPBKY3,2025-02-03T02:32:34.956215309Z
01JK4TAAFWC2ZK1XR1RHBWA1PN,01JK4RQNABPJQK9TTXRMF0RZ6C,2025-02-03T02:30:32.188650984Z,01JK4RQNAJWBNKQPG5GS2FWSCV,2025-02-03T02:30:32.188650984Z,01JK4S47VKRW5RT6C76PCKP1D4,2025-02-03T02:30:32.188650984Z,01JK4SACCQ8XS79TFY6QQDWTRA,2025-02-03T02:30:32.188650984Z
01JK4TART3D0N7CD64J34Y29P6,01JK4RQPB81REK8F8AC4HYPBT0,2025-02-03T02:30:46.851879087Z,01JK4RQPBEH5ADW6QYMXY80TY6,2025-02-03T02:30:46.851879087Z,01JK4S4RPKNJ360G99P4GQ0YR1,2025-02-03T02:30:46.851879087Z,01JK4SE2GAZA3Z73V43JMPDY38,2025-02-03T02:30:46.851879087Z
01JK4TCVMXG7ZJAKGYBJK46B1C,01JK4RQNABPJQK9TTXRMF0RZ6C,2025-02-03T02:31:55.293964696Z,01JK4RQNAJWBNKQPG5GS2FWSCV,2025-02-03T02:31:55.293964696Z,01JK4RVC5REZ4WW4R1DZNKASBV,2025-02-03T02:31:55.293964696Z,01JK4SACCN4AHCXBEX3WC3N86A,2025-02-03T02:31:55.293964696Z
01JK4T74ESBCN2VG6M9MTJNK8Y,01JK4RQPB81REK8F8AC4HYPBT0,2025-02-03T02:28:47.705727774Z,01JK4RQPBEH5ADW6QYMXY80TY6,2025-02-03T02:28:47.705727774Z,01JK4S3JEE861EJG5REXZ7DHQ3,2025-02-03T02:28:47.705727774Z,01JK4SE2GAZA3Z73V42Q3QVE5M,2025-02-03T02:28:47.705727774Z
01JK4SP0BPCDS0AKV5A7SJ9A4T,01JK4RQNABPJQK9TTXRMF0RZ6C,2025-02-03T02:19:26.454081686Z,01JK4RQNAJWBNKQPG5GS2FWSCV,2025-02-03T02:19:26.454081686Z,01JK4RVC5REZ4WW4R1DZNKASBV,2025-02-03T02:19:26.454081686Z,01JK4SACC6HSMNX8TG4XP98A4P,2025-02-03T02:19:26.454081686Z
01JK4SYV335XMR926WKNRCRCR9,01JK4RQNABPJQK9TTXRMF0RZ6C,2025-02-03T02:24:15.971560641Z,01JK4RQNAJWBNKQPG5GS2FWSCV,2025-02-03T02:24:15.971560641Z,01JK4RVC5REZ4WW4R1DZNKASBV,2025-02-03T02:24:15.971560641Z,01JK4SACCESZM6140KSQRG4863,2025-02-03T02:24:15.971560641Z
01JK4T8JKN3H46GR274710W671,01JK4RQNABPJQK9TTXRMF0RZ6C,2025-02-03T02:29:34.966010901Z,01JK4RQNAJWBNKQPG5GS2FWSCV,2025-02-03T02:29:34.966010901Z,01JK4S47VKRW5RT6C76PCKP1D4,2025-02-03T02:29:34.966010901Z,01JK4SACCPSPHPFA8QK99XBDYM,2025-02-03T02:29:34.966010901Z
01JK4TBJC718XBB7D5DF6EKJ9R,01JK4RQNABPJQK9TTXRMF0RZ6C,2025-02-03T02:31:13.031427195Z,01JK4RQNAJWBNKQPG5GS2FWSCV,2025-02-03T02:31:13.031427195Z,01JK4RVC5REZ4WW4R1DZNKASBV,2025-02-03T02:31:13.031427195Z,01JK4SACCN4AHCXBEX3204XV8Z,2025-02-03T02:31:13.031427195Z
01JK4TBY503EZS4P3SAQJH56N7,01JK4RQNABPJQK9TTXRMF0RZ6C,2025-02-03T02:31:25.088632003Z,01JK4RQNAJWBNKQPG5GS2FWSCV,2025-02-03T02:31:25.088632003Z,01JK4S47VKRW5RT6C76PCKP1D4,2025-02-03T02:31:25.088632003Z,01JK4SACCQ8XS79TFY5T97K1EH,2025-02-03T02:31:25.088632003Z
01JK4TMJWJMCJ9BXKZH0CYJMC8,01JK4RQPB81REK8F8AC4HYPBT0,2025-02-03T02:36:08.466269182Z,01JK4RQPBEH5ADW6QYMXY80TY6,2025-02-03T02:36:08.466269182Z,01JK4S4RPKNJ360G99P4GQ0YR1,2025-02-03T02:36:08.466269182Z,01JK4SE2GWQ4H727VTGFWQ1P49,2025-02-03T02:36:08.466269182Z
01JK4TNAM63FTPJX4ZB9XKJY39,01JK4RQM6KRYEP841PR3J26D8P,2025-02-03T02:36:32.774906935Z,01JK4RQM70MRCM5N5RV752QMW3,2025-02-03T02:36:32.774906935Z,01JK4RX4NE4N3D2Q818T1GPBHH,2025-02-03T02:36:32.774906935Z,01JK4S3K72JRQZBAN136FQQ4VE,2025-02-03T02:36:32.774906935Z
01JK4SEFAFJY2MTDFYV5CFGZEK,01JK4RQM6KRYEP841PR3J26D8P,2025-02-03T02:15:19.631764155Z,01JK4RQM70MRCM5N5RV752QMW3,2025-02-03T02:15:19.631764155Z,01JK4RX4NE4N3D2Q818T1GPBHH,2025-02-03T02:15:19.631764155Z,01JK4S3K6670YZG1GWJZZHQZCX,2025-02-03T02:15:19.631764155Z
01JK4TP0HEG9GT4H0SWY0J94G5,01JK4RQNABPJQK9TTXRMF0RZ6C,2025-02-03T02:36:55.214752556Z,01JK4RQNAJWBNKQPG5GS2FWSCV,2025-02-03T02:36:55.214752556Z,01JK4S47VKRW5RT6C76PCKP1D4,2025-02-03T02:36:55.214752556Z,01JK4SACCZ9JDNJZ15APC0WFCW,2025-02-03T02:36:55.214752556Z
01JK4SPCG47NGWCTX0698EG20H,01JK4RQPB81REK8F8AC4HYPBT0,2025-02-03T02:19:38.884337674Z,01JK4RQPBEH5ADW6QYMXY80TY6,2025-02-03T02:19:38.884337674Z,01JK4S4RPKNJ360G99P4GQ0YR1,2025-02-03T02:19:38.884337674Z,01JK4SE2G0K7BK2DTQV3A1M5BW,2025-02-03T02:19:38.884337674Z
01JK4T1JZR04SQP2PRC13H820C,01JK4RQM6KRYEP841PR3J26D8P,2025-02-03T02:25:45.976443754Z,01JK4RQM70MRCM5N5RV752QMW3,2025-02-03T02:25:45.976443754Z,01JK4RZRTEVY32H7HPW57A9822,2025-02-03T02:25:45.976443754Z,01JK4S3K70KSQQJY7VGZQKJGFZ,2025-02-03T02:25:45.976443754Z
01JK4T28NC38GSN0V02EP6H9RG,01JK4RQPB81REK8F8AC4HYPBT0,2025-02-03T02:26:08.172198347Z,01JK4RQPBEH5ADW6QYMXY80TY6,2025-02-03T02:26:08.172198347Z,01JK4S3JEE861EJG5REXZ7DHQ3,2025-02-03T02:26:08.172198347Z,01JK4SE2G4VPD5QGX6WQCG8QF8,2025-02-03T02:26:08.172198347Z
01JK4T8ZMNQFX2ZAQCKGS7GYZS,01JK4RQNABPJQK9TTXRMF0RZ6C,2025-02-03T02:29:48.309692954Z,01JK4RQNAJWBNKQPG5GS2FWSCV,2025-02-03T02:29:48.309692954Z,01JK4RVC5REZ4WW4R1DZNKASBV,2025-02-03T02:29:48.309692954Z,01JK4SACCM4GHJ29EZVA7E7T7V,2025-02-03T02:29:48.309692954Z
01JK4TGE60890RSQP33QMZ2G1X,01JK4RQNABPJQK9TTXRMF0RZ6C,2025-02-03T02:33:52.576508881Z,01JK4RQNAJWBNKQPG5GS2FWSCV,2025-02-03T02:33:52.576508881Z,01JK4RVC5REZ4WW4R1DZNKASBV,2025-02-03T02:33:52.576508881Z,01JK4SACCX8MHK0FGPG7DCQP7D,2025-02-03T02:33:52.576508881Z
01JK4SB45B4Z431TS9CNNWXDDP,01JK4RQNABPJQK9TTXRMF0RZ6C,2025-02-03T02:13:29.899820434Z,01JK4RQNAJWBNKQPG5GS2FWSCV,2025-02-03T02:13:29.899820434Z,01JK4RVC5REZ4WW4R1DZNKASBV,2025-02-03T02:13:29.899820434Z,01JK4SACC1NXJS634J8NMN7RMS,2025-02-03T02:13:29.899820434Z
01JK4SND18Z64JT05PAD46K23T,01JK4RQNABPJQK9TTXRMF0RZ6C,2025-02-03T02:19:06.664775075Z,01JK4RQNAJWBNKQPG5GS2FWSCV,2025-02-03T02:19:06.664775075Z,01JK4RVC5REZ4WW4R1DZNKASBV,2025-02-03T02:19:06.664775075Z,01JK4SACCA014DX9XSCX9BYMAW,2025-02-03T02:19:06.664775075Z
01JK4SE4HQ0FACD75TVXNRKTZ3,01JK4RQPB81REK8F8AC4HYPBT0,2025-02-03T02:15:08.599104168Z,01JK4RQPBEH5ADW6QYMXY80TY6,2025-02-03T02:15:08.599104168Z,01JK4S4RPKNJ360G99P4GQ0YR1,2025-02-03T02:15:08.599104168Z,01JK4SE2FG7Y1M3F44Q6A3MRVM,2025-02-03T02:15:08.599104168Z
01JK4T381JGD6G4F3XNRXKM629,01JK4RQPB81REK8F8AC4HYPBT0,2025-02-03T02:26:40.306589003Z,01JK4RQPBEH5ADW6QYMXY80TY6,2025-02-03T02:26:40.306589003Z,01JK4S3JEE861EJG5REXZ7DHQ3,2025-02-03T02:26:40.306589003Z,01JK4SE2G4VPD5QGX6XG3VSBBY,2025-02-03T02:26:40.306589003Z
01JK4T3VHV0EG9YWE16QMSDCVY,01JK4RQM6KRYEP841PR3J26D8P,2025-02-03T02:27:00.283506562Z,01JK4RQM70MRCM5N5RV752QMW3,2025-02-03T02:27:00.283506562Z,01JK4RZRTEVY32H7HPW57A9822,2025-02-03T02:27:00.283506562Z,01JK4S3K7DDKDTV050ATKNVYXQ,2025-02-03T02:27:00.283506562Z
01JK4T9GDJ3PP0ARZ2W1856DY9,01JK4RQNABPJQK9TTXRMF0RZ6C,2025-02-03T02:30:05.490114237Z,01JK4RQNAJWBNKQPG5GS2FWSCV,2025-02-03T02:30:05.490114237Z,01JK4S47VKRW5RT6C76PCKP1D4,2025-02-03T02:30:05.490114237Z,01JK4SACCN4AHCXBEX264G2G20,2025-02-03T02:30:05.490114237Z
01JK4TGE61KQK9EQ88JT754Z4E,01JK4RQNABPJQK9TTXRMF0RZ6C,2025-02-03T02:33:52.577780744Z,01JK4RQNAJWBNKQPG5GS2FWSCV,2025-02-03T02:33:52.577780744Z,01JK4S47VKRW5RT6C76PCKP1D4,2025-02-03T02:33:52.577780744Z,01JK4SACCX8MHK0FGPG7DCQP7D,2025-02-03T02:33:52.577780744Z
01JK4TJ5EAWAYQ6Y1F2HTV5S7G,01JK4RQM6KRYEP841PR3J26D8P,2025-02-03T02:34:49.16258539Z,01JK4RQM70MRCM5N5RV752QMW3,2025-02-03T02:34:49.16258539Z,01JK4RZRTEVY32H7HPW57A9822,2025-02-03T02:34:49.16258539Z,01JK4S3K7G1G1CQBY9C63MYBMS,2025-02-03T02:34:49.16258539Z
01JK4TM3J43S3YVR4NY5SXXG3K,01JK4RQPB81REK8F8AC4HYPBT0,2025-02-03T02:35:52.772893758Z,01JK4RQPBEH5ADW6QYMXY80TY6,2025-02-03T02:35:52.772893758Z,01JK4S4RPKNJ360G99P4GQ0YR1,2025-02-03T02:35:52.772893758Z,01JK4SE2GTXASRCDGA7RSKFQE8,2025-02-03T02:35:52.772893758Z
01JK4SV6X7KGWEDKRK135J9GF9,01JK4RQM6KRYEP841PR3J26D8P,2025-02-03T02:22:16.999651359Z,01JK4RQM70MRCM5N5RV752QMW3,2025-02-03T02:22:16.999651359Z,01JK4RX4NE4N3D2Q818T1GPBHH,2025-02-03T02:22:16.999651359Z,01JK4S3K64VR5N8YAMAPW8XY9V,2025-02-03T02:22:16.999651359Z
01JK4SA6MK4XN34730G21B5J2G,01JK4RQM6KRYEP841PR3J26D8P,2025-02-03T02:12:59.667741435Z,01JK4RQM70MRCM5N5RV752QMW3,2025-02-03T02:12:59.667741435Z,01JK4RZRTEVY32H7HPW57A9822,2025-02-03T02:12:59.667741435Z,01JK4S3K5WS1HYZEF13513P0AF,2025-02-03T02:12:59.667741435Z
01JK4SBNTF429K7GP1218VRJKS,01JK4RQM6KRYEP841PR3J26D8P,2025-02-03T02:13:47.983084492Z,01JK4RQM70MRCM5N5RV752QMW3,2025-02-03T02:13:47.983084492Z,01JK4RX4NE4N3D2Q818T1GPBHH,2025-02-03T02:13:47.983084492Z,01JK4S3K6670YZG1GWKP80Y9Q9,2025-02-03T02:13:47.983084492Z
01JK4SWXEEAMSMNT24WPEWRF18,01JK4RQNABPJQK9TTXRMF0RZ6C,2025-02-03T02:23:12.846389156Z,01JK4RQNAJWBNKQPG5GS2FWSCV,2025-02-03T02:23:12.846389156Z,01JK4S47VKRW5RT6C76PCKP1D4,2025-02-03T02:23:12.846389156Z,01JK4SACCCRA9KZGHJFPNAD2SK,2025-02-03T02:23:12.846389156Z
01JK4TR70KSHNNR3CZV7A3A3DV,01JK4RQM6KRYEP841PR3J26D8P,2025-02-03T02:38:07.379918251Z,01JK4RQM70MRCM5N5RV752QMW3,2025-02-03T02:38:07.379918251Z,01JK4RZRTEVY32H7HPW57A9822,2025-02-03T02:38:07.379918251Z,01JK4S3K71DWRT2YC5RC7KKTNX,2025-02-03T02:38:07.379918251Z
01JK4S9NXB5SA4X41PC8TW1PAB,01JK4RQM6KRYEP841PR3J26D8P,2025-02-03T02:12:42.539850392Z,01JK4RQM70MRCM5N5RV752QMW3,2025-02-03T02:12:42.539850392Z,01JK4RZRTEVY32H7HPW57A9822,2025-02-03T02:12:42.539850392Z,01JK4S3K62CFK6WPNBQJKGHXVG,2025-02-03T02:12:42.539850392Z
01JK4TEJHK59PECYRC8ZCWZ1EQ,01JK4RQNABPJQK9TTXRMF0RZ6C,2025-02-03T02:32:51.507367786Z,01JK4RQNAJWBNKQPG5GS2FWSCV,2025-02-03T02:32:51.507367786Z,01JK4RVC5REZ4WW4R1DZNKASBV,2025-02-03T02:32:51.507367786Z,01JK4SACCVAW5R8RM9PD7CWJJK,2025-02-03T02:32:51.507367786Z
01JK4SPSJ91MAT4YGK68Q7TWCH,01JK4RQM6KRYEP841PR3J26D8P,2025-02-03T02:19:52.26587331Z,01JK4RQM70MRCM5N5RV752QMW3,2025-02-03T02:19:52.26587331Z,01JK4RX4NE4N3D2Q818T1GPBHH,2025-02-03T02:19:52.26587331Z,01JK4S3K689Q99S6AHF1BYR5ND,2025-02-03T02:19:52.26587331Z
01JK4TM2ZKEWY1DA3HAQZ3RTQK,01JK4RQNABPJQK9TTXRMF0RZ6C,2025-02-03T02:35:52.179765126Z,01JK4RQNAJWBNKQPG5GS2FWSCV,2025-02-03T02:35:52.179765126Z,01JK4RVC5REZ4WW4R1DZNKASBV,2025-02-03T02:35:52.179765126Z,01JK4SACCX8MHK0FGPFA8HDJW6,2025-02-03T02:35:52.179765126Z
01JK4SAYVR6F5ZFE7DHNNZMCKX,01JK4RQM6KRYEP841PR3J26D8P,2025-02-03T02:13:24.472577835Z,01JK4RQM70MRCM5N5RV752QMW3,2025-02-03T02:13:24.472577835Z,01JK4RZRTEVY32H7HPW57A9822,2025-02-03T02:13:24.472577835Z,01JK4S3K6670YZG1GWJ4FQJ58X,2025-02-03T02:13:24.472577835Z
01JK4SGT02Q30BEY1QSNND3YY6,01JK4RQM6KRYEP841PR3J26D8P,2025-02-03T02:16:36.098574932Z,01JK4RQM70MRCM5N5RV752QMW3,2025-02-03T02:16:36.098574932Z,01JK4RZRTEVY32H7HPW57A9822,2025-02-03T02:16:36.098574932Z,01JK4S3K6508QWPNW5XBYV3723,2025-02-03T02:16:36.098574932Z
01JK4SQQXBGZT6PSS3BTS4XTW9,01JK4RQPB81REK8F8AC4HYPBT0,2025-02-03T02:20:23.339276261Z,01JK4RQPBEH5ADW6QYMXY80TY6,2025-02-03T02:20:23.339276261Z,01JK4S4RPKNJ360G99P4GQ0YR1,2025-02-03T02:20:23.339276261Z,01JK4SE2FV9WBBRNYEYBVGYBJN,2025-02-03T02:20:23.339276261Z
01JK4ST99JXQN0KS779W73GBTB,01JK4RQPB81REK8F8AC4HYPBT0,2025-02-03T02:21:46.674969775Z,01JK4RQPBEH5ADW6QYMXY80TY6,2025-02-03T02:21:46.674969775Z,01JK4S4RPKNJ360G99P4GQ0YR1,2025-02-03T02:21:46.674969775Z,01JK4SE2FTAWB4M09WPQHQ122G,2025-02-03T02:21:46.674969775Z
01JK4SX3AYY8153PRA5SQ60G3N,01JK4RQPB81REK8F8AC4HYPBT0,2025-02-03T02:23:18.878731005Z,01JK4RQPBEH5ADW6QYMXY80TY6,2025-02-03T02:23:18.878731005Z,01JK4S4RPKNJ360G99P4GQ0YR1,2025-02-03T02:23:18.878731005Z,01JK4SE2FYHTJ8SRGS35CERHFJ,2025-02-03T02:23:18.878731005Z
01JK4SZWN59NEBVW002YWBQ0TH,01JK4RQM6KRYEP841PR3J26D8P,2025-02-03T02:24:50.341796171Z,01JK4RQM70MRCM5N5RV752QMW3,2025-02-03T02:24:50.341796171Z,01JK4RZRTEVY32H7HPW57A9822,2025-02-03T02:24:50.341796171Z,01JK4S3K7ANT2X8K18N5VKZB1H,2025-02-03T02:24:50.341796171Z
01JK4T3Y5KPD0ZD5QEXCPZES5Q,01JK4RQNABPJQK9TTXRMF0RZ6C,2025-02-03T02:27:02.963794363Z,01JK4RQNAJWBNKQPG5GS2FWSCV,2025-02-03T02:27:02.963794363Z,01JK4RVC5REZ4WW4R1DZNKASBV,2025-02-03T02:27:02.963794363Z,01JK4SACCJGGY4WQ88P8D1JANJ,2025-02-03T02:27:02.963794363Z
01JK4T74ER8T3AK7N48Y26XM9X,01JK4RQPB81REK8F8AC4HYPBT0,2025-02-03T02:28:47.704918343Z,01JK4RQPBEH5ADW6QYMXY80TY6,2025-02-03T02:28:47.704918343Z,01JK4S4RPKNJ360G99P4GQ0YR1,2025-02-03T02:28:47.704918343Z,01JK4SE2GAZA3Z73V42Q3QVE5M,2025-02-03T02:28:47.704918343Z
01JK4S4S1SAVZ1VWNGJZRQJKQ9,01JK4RQM6KRYEP841PR3J26D8P,2025-02-03T02:10:01.913025051Z,01JK4RQM70MRCM5N5RV752QMW3,2025-02-03T02:10:01.913025051Z,01JK4RZRTEVY32H7HPW57A9822,2025-02-03T02:10:01.913025051Z,01JK4S3K4Y991BH45Z5D17NABH,2025-02-03T02:10:01.913025051Z
01JK4TJJ5HXE2A2KGEG1V1QBBG,01JK4RQPB81REK8F8AC4HYPBT0,2025-02-03T02:35:02.193057307Z,01JK4RQPBEH5ADW6QYMXY80TY6,2025-02-03T02:35:02.193057307Z,01JK4S3JEE861EJG5REXZ7DHQ3,2025-02-03T02:35:02.193057307Z,01JK4SE2GR8DZ5AYCBR5CW4SCQ,2025-02-03T02:35:02.193057307Z
01JK4T7XH43QRM90D8CVH7WHGC,01JK4RQPB81REK8F8AC4HYPBT0,2025-02-03T02:29:13.380968932Z,01JK4RQPBEH5ADW6QYMXY80TY6,2025-02-03T02:29:13.380968932Z,01JK4S4RPKNJ360G99P4GQ0YR1,2025-02-03T02:29:13.380968932Z,01JK4SE2GE8DH38MA6Q828RKDV,2025-02-03T02:29:13.380968932Z
01JK4SYB1YJVBRXAXH6HSKMH5X,01JK4RQM6KRYEP841PR3J26D8P,2025-02-03T02:23:59.550974343Z,01JK4RQM70MRCM5N5RV752QMW3,2025-02-03T02:23:59.550974343Z,01JK4RZRTEVY32H7HPW57A9822,2025-02-03T02:23:59.550974343Z,01JK4S3K6393454CY4VZ1FHPJS,2025-02-03T02:23:59.550974343Z
01JK4SYZBK4X3TT25RT1YA16SG,01JK4RQPB81REK8F8AC4HYPBT0,2025-02-03T02:24:20.339995804Z,01JK4RQPBEH5ADW6QYMXY80TY6,2025-02-03T02:24:20.339995804Z,01JK4S3JEE861EJG5REXZ7DHQ3,2025-02-03T02:24:20.339995804Z,01JK4SE2FZG6213474B9973FC4,2025-02-03T02:24:20.339995804Z
01JK4TE829S8S4VMN8C2D5P0RK,01JK4RQPB81REK8F8AC4HYPBT0,2025-02-03T02:32:40.777442752Z,01JK4RQPBEH5ADW6QYMXY80TY6,2025-02-03T02:32:40.777442752Z,01JK4S4RPKNJ360G99P4GQ0YR1,2025-02-03T02:32:40.777442752Z,01JK4SE2GFA0FXPB4SRJZPD7P5,2025-02-03T02:32:40.777442752Z
01JK4SQQXA95YCB455VCHA85R7,01JK4RQPB81REK8F8AC4HYPBT0,2025-02-03T02:20:23.338468115Z,01JK4RQPBEH5ADW6QYMXY80TY6,2025-02-03T02:20:23.338468115Z,01JK4S3JEE861EJG5REXZ7DHQ3,2025-02-03T02:20:23.338468115Z,01JK4SE2FV9WBBRNYEYBVGYBJN,2025-02-03T02:20:23.338468115Z
01JK4SHDVPARF4KVA0Q9X2BCK8,01JK4RQPB81REK8F8AC4HYPBT0,2025-02-03T02:16:56.438541872Z,01JK4RQPBEH5ADW6QYMXY80TY6,2025-02-03T02:16:56.438541872Z,01JK4S4RPKNJ360G99P4GQ0YR1,2025-02-03T02:16:56.438541872Z,01JK4SE2FMXCZ5DZ9X40TNEB2C,2025-02-03T02:16:56.438541872Z
01JK4SR4CPD04VA97C8B459604,01JK4RQM6KRYEP841PR3J26D8P,2025-02-03T02:20:36.118393866Z,01JK4RQM70MRCM5N5RV752QMW3,2025-02-03T02:20:36.118393866Z,01JK4RZRTEVY32H7HPW57A9822,2025-02-03T02:20:36.118393866Z,01JK4S3K6508QWPNW5Y9B45GSQ,2025-02-03T02:20:36.118393866Z
01JK4T54FA5BFB57C50EHRC4QQ,01JK4RQNABPJQK9TTXRMF0RZ6C,2025-02-03T02:27:42.186749181Z,01JK4RQNAJWBNKQPG5GS2FWSCV,2025-02-03T02:27:42.186749181Z,01JK4RVC5REZ4WW4R1DZNKASBV,2025-02-03T02:27:42.186749181Z,01JK4SACCGGF6S15ZTWQMR33VE,2025-02-03T02:27:42.186749181Z
01JK4T5GCXKCW9XDP4Y75QSFCP,01JK4RQM6KRYEP841PR3J26D8P,2025-02-03T02:27:54.397531266Z,01JK4RQM70MRCM5N5RV752QMW3,2025-02-03T02:27:54.397531266Z,01JK4RZRTEVY32H7HPW57A9822,2025-02-03T02:27:54.397531266Z,01JK4S3K72JRQZBAN11BBRFG8P,2025-02-03T02:27:54.397531266Z
01JK4T8JKN3H46GR273WPEN7WQ,01JK4RQNABPJQK9TTXRMF0RZ6C,2025-02-03T02:29:34.965066456Z,01JK4RQNAJWBNKQPG5GS2FWSCV,2025-02-03T02:29:34.965066456Z,01JK4RVC5REZ4WW4R1DZNKASBV,2025-02-03T02:29:34.965066456Z,01JK4SACCPSPHPFA8QK99XBDYM,2025-02-03T02:29:34.965066456Z
01JK4SDGXWKWAJV4KZX4VJVS7W,01JK4RQNABPJQK9TTXRMF0RZ6C,2025-02-03T02:14:48.508615265Z,01JK4RQNAJWBNKQPG5GS2FWSCV,2025-02-03T02:14:48.508615265Z,01JK4RVC5REZ4WW4R1DZNKASBV,2025-02-03T02:14:48.508615265Z,01JK4SACC7YD8SFBH8KSET57X8,2025-02-03T02:14:48.508615265Z
01JK4SXMMVAVBPF81801TEHM5C,01JK4RQNABPJQK9TTXRMF0RZ6C,2025-02-03T02:23:36.603935326Z,01JK4RQNAJWBNKQPG5GS2FWSCV,2025-02-03T02:23:36.603935326Z,01JK4S47VKRW5RT6C76PCKP1D4,2025-02-03T02:23:36.603935326Z,01JK4SACCDZ91V4N2QTQ944YHR,2025-02-03T02:23:36.603935326Z
01JK4TC2YFFBY5SSN2R7830CRB,01JK4RQPB81REK8F8AC4HYPBT0,2025-02-03T02:31:29.999877885Z,01JK4RQPBEH5ADW6QYMXY80TY6,2025-02-03T02:31:29.999877885Z,01JK4S3JEE861EJG5REXZ7DHQ3,2025-02-03T02:31:29.999877885Z,01JK4SE2GJSCZM2JRAANK7V93E,2025-02-03T02:31:29.999877885Z
01JK4TFSMW5P7WJAJ6SYATESTP,01JK4RQPB81REK8F8AC4HYPBT0,2025-02-03T02:33:31.548365109Z,01JK4RQPBEH5ADW6QYMXY80TY6,2025-02-03T02:33:31.548365109Z,01JK4S3JEE861EJG5REXZ7DHQ3,2025-02-03T02:33:31.548365109Z,01JK4SE2GGNQTD6HKP2WQ6KQY2,2025-02-03T02:33:31.548365109Z
01JK4THM6ZQ0FXF20ZVPM2N1FT,01JK4RQPB81REK8F8AC4HYPBT0,2025-02-03T02:34:31.51988733Z,01JK4RQPBEH5ADW6QYMXY80TY6,2025-02-03T02:34:31.51988733Z,01JK4S4RPKNJ360G99P4GQ0YR1,2025-02-03T02:34:31.51988733Z,01JK4SE2GMV0K0K7TEN69FTQVH,2025-02-03T02:34:31.51988733Z
01JK4TJXNZQFMR82G24RD4BV61,01JK4RQPB81REK8F8AC4HYPBT0,2025-02-03T02:35:13.983864522Z,01JK4RQPBEH5ADW6QYMXY80TY6,2025-02-03T02:35:13.983864522Z,01JK4S4RPKNJ360G99P4GQ0YR1,2025-02-03T02:35:13.983864522Z,01JK4SE2GQK5B695TWY803NTN8,2025-02-03T02:35:13.983864522Z
01JK4TNE4A58MHE07JMAAKK66H,01JK4RQNABPJQK9TTXRMF0RZ6C,2025-02-03T02:36:36.362437284Z,01JK4RQNAJWBNKQPG5GS2FWSCV,2025-02-03T02:36:36.362437284Z,01JK4S47VKRW5RT6C76PCKP1D4,2025-02-03T02:36:36.362437284Z,01JK4SACCZ9JDNJZ15C6579GM1,2025-02-03T02:36:36.362437284Z
01JK4ST1PBXPPGW9XT8WWVYE36,01JK4RQM6KRYEP841PR3J26D8P,2025-02-03T02:21:38.891808957Z,01JK4RQM70MRCM5N5RV752QMW3,2025-02-03T02:21:38.891808957Z,01JK4RX4NE4N3D2Q818T1GPBHH,2025-02-03T02:21:38.891808957Z,01JK4S3K676P1DZPWB0BR70C1S,2025-02-03T02:21:38.891808957Z
01JK4SZQDT5WSNHGSD6MQAMGGY,01JK4RQNABPJQK9TTXRMF0RZ6C,2025-02-03T02:24:44.986355089Z,01JK4RQNAJWBNKQPG5GS2FWSCV,2025-02-03T02:24:44.986355089Z,01JK4RVC5REZ4WW4R1DZNKASBV,2025-02-03T02:24:44.986355089Z,01JK4SACCDZ91V4N2QVEQ809PA,2025-02-03T02:24:44.986355089Z
01JK4T974TNFG4EKNDYX8K1F4E,01JK4RQPB81REK8F8AC4HYPBT0,2025-02-03T02:29:55.99498758Z,01JK4RQPBEH5ADW6QYMXY80TY6,2025-02-03T02:29:55.99498758Z,01JK4S4RPKNJ360G99P4GQ0YR1,2025-02-03T02:29:55.99498758Z,01JK4SE2GD9HTVG1YZQWTJ3MV4,2025-02-03T02:29:55.99498758Z
01JK4TART21Z7MGWNWQPV0WGTK,01JK4RQPB81REK8F8AC4HYPBT0,2025-02-03T02:30:46.850620268Z,01JK4RQPBEH5ADW6QYMXY80TY6,2025-02-03T02:30:46.850620268Z,01JK4S3JEE861EJG5REXZ7DHQ3,2025-02-03T02:30:46.850620268Z,01JK4SE2GAZA3Z73V43JMPDY38,2025-02-03T02:30:46.850620268Z
01JK4TN2YF46P79EHXZFVT3Y81,01JK4RQNABPJQK9TTXRMF0RZ6C,2025-02-03T02:36:24.911695097Z,01JK4RQNAJWBNKQPG5GS2FWSCV,2025-02-03T02:36:24.911695097Z,01JK4RVC5REZ4WW4R1DZNKASBV,2025-02-03T02:36:24.911695097Z,01JK4SACCZ9JDNJZ15BDW5VGHJ,2025-02-03T02:36:24.911695097Z
01JK4SKN9783N16VR7H54W380E,01JK4RQNABPJQK9TTXRMF0RZ6C,2025-02-03T02:18:09.575757735Z,01JK4RQNAJWBNKQPG5GS2FWSCV,2025-02-03T02:18:09.575757735Z,01JK4S47VKRW5RT6C76PCKP1D4,2025-02-03T02:18:09.575757735Z,01JK4SACC93V627W9J0SQ8EZN5,2025-02-03T02:18:09.575757735Z
01JK4SWM7TJMAWW1K6YFM45SC5,01JK4RQM6KRYEP841PR3J26D8P,2025-02-03T02:23:03.418392326Z,01JK4RQM70MRCM5N5RV752QMW3,2025-02-03T02:23:03.418392326Z,01JK4RX4NE4N3D2Q818T1GPBHH,2025-02-03T02:23:03.418392326Z,01JK4S3K64VR5N8YAMBC8ENKP1,2025-02-03T02:23:03.418392326Z
01JK4T09P45GKFZMDNP890VX7T,01JK4RQNABPJQK9TTXRMF0RZ6C,2025-02-03T02:25:03.684339397Z,01JK4RQNAJWBNKQPG5GS2FWSCV,2025-02-03T02:25:03.684339397Z,01JK4S47VKRW5RT6C76PCKP1D4,2025-02-03T02:25:03.684339397Z,01JK4SACCESZM6140KVCTVDQ5S,2025-02-03T02:25:03.684339397Z
01JK4SSHGP3CQ8NV8DFW89ZK38,01JK4RQPB81REK8F8AC4HYPBT0,2025-02-03T02:21:22.326617971Z,01JK4RQPBEH5ADW6QYMXY80TY6,2025-02-03T02:21:22.326617971Z,01JK4S4RPKNJ360G99P4GQ0YR1,2025-02-03T02:21:22.326617971Z,01JK4SE2FTAWB4M09WQG9PNS11,2025-02-03T02:21:22.326617971Z
01JK4SPBVYHA24TFJSH34E8AAC,01JK4RQM6KRYEP841PR3J26D8P,2025-02-03T02:19:38.238600258Z,01JK4RQM70MRCM5N5RV752QMW3,2025-02-03T02:19:38.238600258Z,01JK4RZRTEVY32H7HPW57A9822,2025-02-03T02:19:38.238600258Z,01JK4S3K689Q99S6AHGVQ0HSGK,2025-02-03T02:19:38.238600258Z
01JK4T2PCSCRCACGKNY0H8333N,01JK4RQNABPJQK9TTXRMF0RZ6C,2025-02-03T02:26:22.23376566Z,01JK4RQNAJWBNKQPG5GS2FWSCV,2025-02-03T02:26:22.23376566Z,01JK4S47VKRW5RT6C76PCKP1D4,2025-02-03T02:26:22.23376566Z,01JK4SACCFNS5HNZF2FFGRHTRB,2025-02-03T02:26:22.23376566Z
01JK4T7QQGDZ9XE0SRW5BRBDC0,01JK4RQM6KRYEP841PR3J26D8P,2025-02-03T02:29:07.440827138Z,01JK4RQM70MRCM5N5RV752QMW3,2025-02-03T02:29:07.440827138Z,01JK4RX4NE4N3D2Q818T1GPBHH,2025-02-03T02:29:07.440827138Z,01JK4S3K7ERDDZ0P8C7N0JXRPB,2025-02-03T02:29:07.440827138Z
01JK4SP0BNN9KQESGCFP8752GA,01JK4RQNABPJQK9TTXRMF0RZ6C,2025-02-03T02:19:26.453459022Z,01JK4RQNAJWBNKQPG5GS2FWSCV,2025-02-03T02:19:26.453459022Z,01JK4S47VKRW5RT6C76PCKP1D4,2025-02-03T02:19:26.453459022Z,01JK4SACC6HSMNX8TG4XP98A4P,2025-02-03T02:19:26.453459022Z
01JK4SEKMEK2HYAKNXSJJ5XCHB,01JK4RQNABPJQK9TTXRMF0RZ6C,2025-02-03T02:15:24.04643446Z,01JK4RQNAJWBNKQPG5GS2FWSCV,2025-02-03T02:15:24.04643446Z,01JK4S47VKRW5RT6C76PCKP1D4,2025-02-03T02:15:24.04643446Z,01JK4SACC93V627W9J1VA03N5E,2025-02-03T02:15:24.04643446Z
01JK4SY7TCANQ29SW1HWEQ9VX2,01JK4RQNABPJQK9TTXRMF0RZ6C,2025-02-03T02:23:56.236463469Z,01JK4RQNAJWBNKQPG5GS2FWSCV,2025-02-03T02:23:56.236463469Z,01JK4S47VKRW5RT6C76PCKP1D4,2025-02-03T02:23:56.236463469Z,01JK4SACCESZM6140KRWDK0GQQ,2025-02-03T02:23:56.236463469Z
01JK4T0W0J3Z783ACKBTS13Q96,01JK4RQM6KRYEP841PR3J26D8P,2025-02-03T02:25:22.450555721Z,01JK4RQM70MRCM5N5RV752QMW3,2025-02-03T02:25:22.450555721Z,01JK4RX4NE4N3D2Q818T1GPBHH,2025-02-03T02:25:22.450555721Z,01JK4S3K71DWRT2YC5S4BAD5FW,2025-02-03T02:25:22.450555721Z
01JK4T6CAY5CA42AFVTMF36D07,01JK4RQM6KRYEP841PR3J26D8P,2025-02-03T02:28:23.006797695Z,01JK4RQM70MRCM5N5RV752QMW3,2025-02-03T02:28:23.006797695Z,01JK4RX4NE4N3D2Q818T1GPBHH,2025-02-03T02:28:23.006797695Z,01JK4S3K73WXJDBA0GWS2V5BH7,2025-02-03T02:28:23.006797695Z
01JK4T8Y1ZYZFDBYE98K0GQNGS,01JK4RQM6KRYEP841PR3J26D8P,2025-02-03T02:29:46.687912193Z,01JK4RQM70MRCM5N5RV752QMW3,2025-02-03T02:29:46.687912193Z,01JK4RZRTEVY32H7HPW57A9822,2025-02-03T02:29:46.687912193Z,01JK4S3K7ERDDZ0P8C8BG7DPXG,2025-02-03T02:29:46.687912193Z
01JK4TFQ2SPEM1168ZP4VVTHTB,01JK4RQM6KRYEP841PR3J26D8P,2025-02-03T02:33:28.921499962Z,01JK4RQM70MRCM5N5RV752QMW3,2025-02-03T02:33:28.921499962Z,01JK4RX4NE4N3D2Q818T1GPBHH,2025-02-03T02:33:28.921499962Z,01JK4S3K77J1TTR9263WZYR6SH,2025-02-03T02:33:28.921499962Z
01JK4TK94NK2A43GFWDZ9CB9G2,01JK4RQPB81REK8F8AC4HYPBT0,2025-02-03T02:35:25.717821879Z,01JK4RQPBEH5ADW6QYMXY80TY6,2025-02-03T02:35:25.717821879Z,01JK4S3JEE861EJG5REXZ7DHQ3,2025-02-03T02:35:25.717821879Z,01JK4SE2GSRJ7YMT65R3643WA2,2025-02-03T02:35:25.717821879Z
01JK4S5ZYMTTVZDME50AH7S0RA,01JK4RQM6KRYEP841PR3J26D8P,2025-02-03T02:10:41.748721255Z,01JK4RQM70MRCM5N5RV752QMW3,2025-02-03T02:10:41.748721255Z,01JK4RZRTEVY32H7HPW57A9822,2025-02-03T02:10:41.748721255Z,01JK4S3K676P1DZPWB18528819,2025-02-03T02:10:41.748721255Z
01JK4S4S1RKATA8NSB4HECBRGA,01JK4RQM6KRYEP841PR3J26D8P,2025-02-03T02:10:01.912802416Z,01JK4RQM70MRCM5N5RV752QMW3,2025-02-03T02:10:01.912802416Z,01JK4RX4NE4N3D2Q818T1GPBHH,2025-02-03T02:10:01.912802416Z,01JK4S3K4Y991BH45Z5D17NABH,2025-02-03T02:10:01.912802416Z
01JK4S58E2D50EBKJM05G1501Z,01JK4RQM6KRYEP841PR3J26D8P,2025-02-03T02:10:17.66696775Z,01JK4RQM70MRCM5N5RV752QMW3,2025-02-03T02:10:17.66696775Z,01JK4RZRTEVY32H7HPW57A9822,2025-02-03T02:10:17.66696775Z,01JK4S3K6393454CY4V87BGPNE,2025-02-03T02:10:17.66696775Z
01JK4SFHP7ZVYBN726M5RXM2YS,01JK4RQNABPJQK9TTXRMF0RZ6C,2025-02-03T02:15:54.823839744Z,01JK4RQNAJWBNKQPG5GS2FWSCV,2025-02-03T02:15:54.823839744Z,01JK4RVC5REZ4WW4R1DZNKASBV,2025-02-03T02:15:54.823839744Z,01JK4SACC7YD8SFBH8MMH13795,2025-02-03T02:15:54.823839744Z
01JK4SN5X17C1T136H42K2Z249,01JK4RQPB81REK8F8AC4HYPBT0,2025-02-03T02:18:59.361682037Z,01JK4RQPBEH5ADW6QYMXY80TY6,2025-02-03T02:18:59.361682037Z,01JK4S3JEE861EJG5REXZ7DHQ3,2025-02-03T02:18:59.361682037Z,01JK4SE2G5NPD60MV4041MMTEY,2025-02-03T02:18:59.361682037Z
01JK4SQBVZJ631T4REEYSPBF00,01JK4RQM6KRYEP841PR3J26D8P,2025-02-03T02:20:11.007332995Z,01JK4RQM70MRCM5N5RV752QMW3,2025-02-03T02:20:11.007332995Z,01JK4RX4NE4N3D2Q818T1GPBHH,2025-02-03T02:20:11.007332995Z,01JK4S3K689Q99S6AHG1B9RCHW,2025-02-03T02:20:11.007332995Z
01JK4TAJ03ZT6Z8XBCZJ544Y3C,01JK4RQM6KRYEP841PR3J26D8P,2025-02-03T02:30:39.875881329Z,01JK4RQM70MRCM5N5RV752QMW3,2025-02-03T02:30:39.875881329Z,01JK4RZRTEVY32H7HPW57A9822,2025-02-03T02:30:39.875881329Z,01JK4S3K7DDKDTV050CA5FT4MM,2025-02-03T02:30:39.875881329Z
01JK4TG26M9G87FGDQRPBVSRPJ,01JK4RQPB81REK8F8AC4HYPBT0,2025-02-03T02:33:40.308693197Z,01JK4RQPBEH5ADW6QYMXY80TY6,2025-02-03T02:33:40.308693197Z,01JK4S4RPKNJ360G99P4GQ0YR1,2025-02-03T02:33:40.308693197Z,01JK4SE2GNN26KB9JSSDPNPGBC,2025-02-03T02:33:40.308693197Z
01JK4S3MZ7TZ5ZDKEXH273KM63,01JK4RQM6KRYEP841PR3J26D8P,2025-02-03T02:09:24.967726662Z,01JK4RQM70MRCM5N5RV752QMW3,2025-02-03T02:09:24.967726662Z,01JK4RX4NE4N3D2Q818T1GPBHH,2025-02-03T02:09:24.967726662Z,01JK4S3K4X23X32GRDTGDS6FKR,2025-02-03T02:09:24.967726662Z
01JK4TQ1D4RW6PXPMBP7T1CXAX,01JK4RQM6KRYEP841PR3J26D8P,2025-02-03T02:37:28.868500124Z,01JK4RQM70MRCM5N5RV752QMW3,2025-02-03T02:37:28.868500124Z,01JK4RZRTEVY32H7HPW57A9822,2025-02-03T02:37:28.868500124Z,01JK4S3K7B7MMVY71A68KMNES2,2025-02-03T02:37:28.868500124Z
01JK4SV9S649VPAJS5389CY59G,01JK4RQNABPJQK9TTXRMF0RZ6C,2025-02-03T02:22:19.942423855Z,01JK4RQNAJWBNKQPG5GS2FWSCV,2025-02-03T02:22:19.942423855Z,01JK4RVC5REZ4WW4R1DZNKASBV,2025-02-03T02:22:19.942423855Z,01JK4SACC7YD8SFBH8NMVGYF0K,2025-02-03T02:22:19.942423855Z
01JK4T64HV5D0740WKA3HRTHQ1,01JK4RQNABPJQK9TTXRMF0RZ6C,2025-02-03T02:28:15.035946074Z,01JK4RQNAJWBNKQPG5GS2FWSCV,2025-02-03T02:28:15.035946074Z,01JK4RVC5REZ4WW4R1DZNKASBV,2025-02-03T02:28:15.035946074Z,01JK4SACCM4GHJ29EZT8ZPSEBR,2025-02-03T02:28:15.035946074Z
01JK4T7KPCB923GMHPFQYP1YQE,01JK4RQNABPJQK9TTXRMF0RZ6C,2025-02-03T02:29:03.308145098Z,01JK4RQNAJWBNKQPG5GS2FWSCV,2025-02-03T02:29:03.308145098Z,01JK4RVC5REZ4WW4R1DZNKASBV,2025-02-03T02:29:03.308145098Z,01JK4SACCKMHHNHZWWZ8G1PJX6,2025-02-03T02:29:03.308145098Z
01JK4TMT67HWHBP4A4CPDJKA8W,01JK4RQM6KRYEP841PR3J26D8P,2025-02-03T02:36:15.943753686Z,01JK4RQM70MRCM5N5RV752QMW3,2025-02-03T02:36:15.943753686Z,01JK4RX4NE4N3D2Q818T1GPBHH,2025-02-03T02:36:15.943753686Z,01JK4S3K73WXJDBA0GYCWR7QTC,2025-02-03T02:36:15.943753686Z
01JK4TQCA19Z2M2BKBA43910V7,01JK4RQNABPJQK9TTXRMF0RZ6C,2025-02-03T02:37:40.033743085Z,01JK4RQNAJWBNKQPG5GS2FWSCV,2025-02-03T02:37:40.033743085Z,01JK4S47VKRW5RT6C76PCKP1D4,2025-02-03T02:37:40.033743085Z,01JK4SACCYNCDXMJEC9M7439EX,2025-02-03T02:37:40.033743085Z
01JK4TQSNJ90N11DNZSJ5AZCVY,01JK4RQNABPJQK9TTXRMF0RZ6C,2025-02-03T02:37:53.714556524Z,01JK4RQNAJWBNKQPG5GS2FWSCV,2025-02-03T02:37:53.714556524Z,01JK4S47VKRW5RT6C76PCKP1D4,2025-02-03T02:37:53.714556524Z,01JK4SACCYNCDXMJEC8VS6727M,2025-02-03T02:37:53.714556524Z
01JK4SSG8QQQG9F0PJ7MZ1RYR2,01JK4RQM6KRYEP841PR3J26D8P,2025-02-03T02:21:21.047820558Z,01JK4RQM70MRCM5N5RV752QMW3,2025-02-03T02:21:21.047820558Z,01JK4RX4NE4N3D2Q818T1GPBHH,2025-02-03T02:21:21.047820558Z,01JK4S3K6670YZG1GWNAG2MWKJ,2025-02-03T02:21:21.047820558Z
01JK4SPCG3JE3AFQJ7GMPZYQWV,01JK4RQPB81REK8F8AC4HYPBT0,2025-02-03T02:19:38.883729056Z,01JK4RQPBEH5ADW6QYMXY80TY6,2025-02-03T02:19:38.883729056Z,01JK4S3JEE861EJG5REXZ7DHQ3,2025-02-03T02:19:38.883729056Z,01JK4SE2G0K7BK2DTQV3A1M5BW,2025-02-03T02:19:38.883729056Z
01JK4SW0Z15DAFSCC225HG7RN0,01JK4RQNABPJQK9TTXRMF0RZ6C,2025-02-03T02:22:43.681725946Z,01JK4RQNAJWBNKQPG5GS2FWSCV,2025-02-03T02:22:43.681725946Z,01JK4S47VKRW5RT6C76PCKP1D4,2025-02-03T02:22:43.681725946Z,01JK4SACCCRA9KZGHJEVH0XW37,2025-02-03T02:22:43.681725946Z
01JK4T0KE2AE2DKT7ADAG7FBC5,01JK4RQPB81REK8F8AC4HYPBT0,2025-02-03T02:25:13.666119942Z,01JK4RQPBEH5ADW6QYMXY80TY6,2025-02-03T02:25:13.666119942Z,01JK4S4RPKNJ360G99P4GQ0YR1,2025-02-03T02:25:13.666119942Z,01JK4SE2G5NPD60MV40SW4HY3X,2025-02-03T02:25:13.666119942Z
01JK4TGYEESXWA1JQCD2ANA3WV,01JK4RQM6KRYEP841PR3J26D8P,2025-02-03T02:34:09.230783533Z,01JK4RQM70MRCM5N5RV752QMW3,2025-02-03T02:34:09.230783533Z,01JK4RX4NE4N3D2Q818T1GPBHH,2025-02-03T02:34:09.230783533Z,01JK4S3K73WXJDBA0GXJSB7GX5,2025-02-03T02:34:09.230783533Z
01JK4TJW6MVFDNZG6QSQSBHTE8,01JK4RQNABPJQK9TTXRMF0RZ6C,2025-02-03T02:35:12.468092851Z,01JK4RQNAJWBNKQPG5GS2FWSCV,2025-02-03T02:35:12.468092851Z,01JK4RVC5REZ4WW4R1DZNKASBV,2025-02-03T02:35:12.468092851Z,01JK4SACCX8MHK0FGPGX8M1VT7,2025-02-03T02:35:12.468092851Z
01JK4TNAM889PSGWWRE26MYFT1,01JK4RQM6KRYEP841PR3J26D8P,2025-02-03T02:36:32.776353964Z,01JK4RQM70MRCM5N5RV752QMW3,2025-02-03T02:36:32.776353964Z,01JK4RZRTEVY32H7HPW57A9822,2025-02-03T02:36:32.776353964Z,01JK4S3K72JRQZBAN136FQQ4VE,2025-02-03T02:36:32.776353964Z
01JK4S7PQ9FN1949FPPHXPD7QP,01JK4RQM6KRYEP841PR3J26D8P,2025-02-03T02:11:37.833223081Z,01JK4RQM70MRCM5N5RV752QMW3,2025-02-03T02:11:37.833223081Z,01JK4RX4NE4N3D2Q818T1GPBHH,2025-02-03T02:11:37.833223081Z,01JK4S3K60YWF6N4GZ004VBPD4,2025-02-03T02:11:37.833223081Z
01JK4TGX8QTA6ANQZ6DP1PVQNF,01JK4RQPB81REK8F8AC4HYPBT0,2025-02-03T02:34:08.023391739Z,01JK4RQPBEH5ADW6QYMXY80TY6,2025-02-03T02:34:08.023391739Z,01JK4S3JEE861EJG5REXZ7DHQ3,2025-02-03T02:34:08.023391739Z,01JK4SE2GKKXRQVQYP5JRX3DMG,2025-02-03T02:34:08.023391739Z
01JK4TB4F6YJQPA9QT3FXFMEVJ,01JK4RQPB81REK8F8AC4HYPBT0,2025-02-03T02:30:58.790369062Z,01JK4RQPBEH5ADW6QYMXY80TY6,2025-02-03T02:30:58.790369062Z,01JK4S3JEE861EJG5REXZ7DHQ3,2025-02-03T02:30:58.790369062Z,01JK4SE2GBXNW6J2HENNX4MQTW,2025-02-03T02:30:58.790369062Z
01JK4SJH1JZCZ5D92T9GXEPTCF,01JK4RQM6KRYEP841PR3J26D8P,2025-02-03T02:17:32.46687229Z,01JK4RQM70MRCM5N5RV752QMW3,2025-02-03T02:17:32.46687229Z,01JK4RZRTEVY32H7HPW57A9822,2025-02-03T02:17:32.46687229Z,01JK4S3K5ZSY8Q5RNQMFQ9Y853,2025-02-03T02:17:32.46687229Z
01JK4SJRRTZ3EQCPG5TZ4T4P4J,01JK4RQNABPJQK9TTXRMF0RZ6C,2025-02-03T02:17:40.378803452Z,01JK4RQNAJWBNKQPG5GS2FWSCV,2025-02-03T02:17:40.378803452Z,01JK4RVC5REZ4WW4R1DZNKASBV,2025-02-03T02:17:40.378803452Z,01JK4SACC86EPTHW1F5MK2ZYJN,2025-02-03T02:17:40.378803452Z
01JK4SPSJ91MAT4YGK60KMR60W,01JK4RQM6KRYEP841PR3J26D8P,2025-02-03T02:19:52.265278702Z,01JK4RQM70MRCM5N5RV752QMW3,2025-02-03T02:19:52.265278702Z,01JK4RZRTEVY32H7HPW57A9822,2025-02-03T02:19:52.265278702Z,01JK4S3K689Q99S6AHF1BYR5ND,2025-02-03T02:19:52.265278702Z
01JK4SX3AYY8153PRA5BK5NTF9,01JK4RQPB81REK8F8AC4HYPBT0,2025-02-03T02:23:18.87803437Z,01JK4RQPBEH5ADW6QYMXY80TY6,2025-02-03T02:23:18.87803437Z,01JK4S3JEE861EJG5REXZ7DHQ3,2025-02-03T02:23:18.87803437Z,01JK4SE2FYHTJ8SRGS35CERHFJ,2025-02-03T02:23:18.87803437Z
01JK4T5GH804VJKDYJMQRAV2HC,01JK4RQPB81REK8F8AC4HYPBT0,2025-02-03T02:27:54.536863521Z,01JK4RQPBEH5ADW6QYMXY80TY6,2025-02-03T02:27:54.536863521Z,01JK4S3JEE861EJG5REXZ7DHQ3,2025-02-03T02:27:54.536863521Z,01JK4SE2G8Q62BZWD17ZRY3GDZ,2025-02-03T02:27:54.536863521Z
01JK4TQSNHAYD67Z9BXRNFDYF3,01JK4RQNABPJQK9TTXRMF0RZ6C,2025-02-03T02:37:53.713120468Z,01JK4RQNAJWBNKQPG5GS2FWSCV,2025-02-03T02:37:53.713120468Z,01JK4RVC5REZ4WW4R1DZNKASBV,2025-02-03T02:37:53.713120468Z,01JK4SACCYNCDXMJEC8VS6727M,2025-02-03T02:37:53.713120468Z
01JK4SGT01TBPFC9RHNBGT7F74,01JK4RQM6KRYEP841PR3J26D8P,2025-02-03T02:16:36.097995503Z,01JK4RQM70MRCM5N5RV752QMW3,2025-02-03T02:16:36.097995503Z,01JK4RX4NE4N3D2Q818T1GPBHH,2025-02-03T02:16:36.097995503Z,01JK4S3K6508QWPNW5XBYV3723,2025-02-03T02:16:36.097995503Z
01JK4STSS19SJAHG9ACNTCG5C5,01JK4RQNABPJQK9TTXRMF0RZ6C,2025-02-03T02:22:03.553770648Z,01JK4RQNAJWBNKQPG5GS2FWSCV,2025-02-03T02:22:03.553770648Z,01JK4RVC5REZ4WW4R1DZNKASBV,2025-02-03T02:22:03.553770648Z,01JK4SACCCRA9KZGHJEA5SYETR,2025-02-03T02:22:03.553770648Z
01JK4T1Y9XF11SMRJP0A6MT13A,01JK4RQNABPJQK9TTXRMF0RZ6C,2025-02-03T02:25:57.565942927Z,01JK4RQNAJWBNKQPG5GS2FWSCV,2025-02-03T02:25:57.565942927Z,01JK4RVC5REZ4WW4R1DZNKASBV,2025-02-03T02:25:57.565942927Z,01JK4SACCFNS5HNZF2GYG8D89A,2025-02-03T02:25:57.565942927Z
01JK4THNQEYP0A8NM68A9MN2VJ,01JK4RQM6KRYEP841PR3J26D8P,2025-02-03T02:34:33.070940018Z,01JK4RQM70MRCM5N5RV752QMW3,2025-02-03T02:34:33.070940018Z,01JK4RX4NE4N3D2Q818T1GPBHH,2025-02-03T02:34:33.070940018Z,01JK4S3K7G1G1CQBY9DNJABM2V,2025-02-03T02:34:33.070940018Z
01JK4S7PQ9FN1949FPPSS84MR9,01JK4RQM6KRYEP841PR3J26D8P,2025-02-03T02:11:37.833497488Z,01JK4RQM70MRCM5N5RV752QMW3,2025-02-03T02:11:37.833497488Z,01JK4RZRTEVY32H7HPW57A9822,2025-02-03T02:11:37.833497488Z,01JK4S3K60YWF6N4GZ004VBPD4,2025-02-03T02:11:37.833497488Z
01JK4SVPTB55NB5HHRF3DGMAVD,01JK4RQM6KRYEP841PR3J26D8P,2025-02-03T02:22:33.291764396Z,01JK4RQM70MRCM5N5RV752QMW3,2025-02-03T02:22:33.291764396Z,01JK4RZRTEVY32H7HPW57A9822,2025-02-03T02:22:33.291764396Z,01JK4S3K5Y6YFVKP5AHTSKM7HJ,2025-02-03T02:22:33.291764396Z
01JK4SZBAM5MDNXZRNJPEBWH8S,01JK4RQPB81REK8F8AC4HYPBT0,2025-02-03T02:24:32.596948544Z,01JK4RQPBEH5ADW6QYMXY80TY6,2025-02-03T02:24:32.596948544Z,01JK4S3JEE861EJG5REXZ7DHQ3,2025-02-03T02:24:32.596948544Z,01JK4SE2FXGPT3TC2460M8WYT9,2025-02-03T02:24:32.596948544Z
01JK4T5GH7ZWCXXCXRMTWPTX18,01JK4RQPB81REK8F8AC4HYPBT0,2025-02-03T02:27:54.536001865Z,01JK4RQPBEH5ADW6QYMXY80TY6,2025-02-03T02:27:54.536001865Z,01JK4S4RPKNJ360G99P4GQ0YR1,2025-02-03T02:27:54.536001865Z,01JK4SE2G8Q62BZWD17ZRY3GDZ,2025-02-03T02:27:54.536001865Z
01JK4T713KTDRXFTMCAA96CYFT,01JK4RQNABPJQK9TTXRMF0RZ6C,2025-02-03T02:28:44.2758253Z,01JK4RQNAJWBNKQPG5GS2FWSCV,2025-02-03T02:28:44.2758253Z,01JK4RVC5REZ4WW4R1DZNKASBV,2025-02-03T02:28:44.2758253Z,01JK4SACCH2BJ091CKM2228ZTB,2025-02-03T02:28:44.2758253Z
01JK4T9K71Z4B472B365EXCKQC,01JK4RQPB81REK8F8AC4HYPBT0,2025-02-03T02:30:08.353190107Z,01JK4RQPBEH5ADW6QYMXY80TY6,2025-02-03T02:30:08.353190107Z,01JK4S3JEE861EJG5REXZ7DHQ3,2025-02-03T02:30:08.353190107Z,01JK4SE2GC6PQVJK7CAF8NCJ72,2025-02-03T02:30:08.353190107Z
01JK4TBQ6S4M31RV3WMSX2CM90,01JK4RQPB81REK8F8AC4HYPBT0,2025-02-03T02:31:17.977612632Z,01JK4RQPBEH5ADW6QYMXY80TY6,2025-02-03T02:31:17.977612632Z,01JK4S4RPKNJ360G99P4GQ0YR1,2025-02-03T02:31:17.977612632Z,01JK4SE2GNN26KB9JSTGP29Y3E,2025-02-03T02:31:17.977612632Z
01JK4TC0SE8X18VV05NP3K36G5,01JK4RQM6KRYEP841PR3J26D8P,2025-02-03T02:31:27.790546744Z,01JK4RQM70MRCM5N5RV752QMW3,2025-02-03T02:31:27.790546744Z,01JK4RZRTEVY32H7HPW57A9822,2025-02-03T02:31:27.790546744Z,01JK4S3K7G1G1CQBY9CTSBCVYR,2025-02-03T02:31:27.790546744Z
01JK4SJXQXZW4QVETY0JBVW2J5,01JK4RQM6KRYEP841PR3J26D8P,2025-02-03T02:17:45.469920537Z,01JK4RQM70MRCM5N5RV752QMW3,2025-02-03T02:17:45.469920537Z,01JK4RX4NE4N3D2Q818T1GPBHH,2025-02-03T02:17:45.469920537Z,01JK4S3K64VR5N8YAMC73YSX3Z,2025-02-03T02:17:45.469920537Z
01JK4TPH8E9EVQZY00833CYFD3,01JK4RQM6KRYEP841PR3J26D8P,2025-02-03T02:37:12.334848383Z,01JK4RQM70MRCM5N5RV752QMW3,2025-02-03T02:37:12.334848383Z,01JK4RX4NE4N3D2Q818T1GPBHH,2025-02-03T02:37:12.334848383Z,01JK4S3K7B7MMVY71A5MP9MQES,2025-02-03T02:37:12.334848383Z
01JK4TKQGD9JB30G7PGA609WHE,01JK4RQNABPJQK9TTXRMF0RZ6C,2025-02-03T02:35:40.429708645Z,01JK4RQNAJWBNKQPG5GS2FWSCV,2025-02-03T02:35:40.429708645Z,01JK4S47VKRW5RT6C76PCKP1D4,2025-02-03T02:35:40.429708645Z,01JK4SACCYNCDXMJEC81XQRQGX,2025-02-03T02:35:40.429708645Z
01JK4ST1PCRGDC396KGW0MAGD1,01JK4RQM6KRYEP841PR3J26D8P,2025-02-03T02:21:38.892772977Z,01JK4RQM70MRCM5N5RV752QMW3,2025-02-03T02:21:38.892772977Z,01JK4RZRTEVY32H7HPW57A9822,2025-02-03T02:21:38.892772977Z,01JK4S3K676P1DZPWB0BR70C1S,2025-02-03T02:21:38.892772977Z
01JK4T407EZDX3DXEY05589ADG,01JK4RQPB81REK8F8AC4HYPBT0,2025-02-03T02:27:05.070397689Z,01JK4RQPBEH5ADW6QYMXY80TY6,2025-02-03T02:27:05.070397689Z,01JK4S3JEE861EJG5REXZ7DHQ3,2025-02-03T02:27:05.070397689Z,01JK4SE2G6EPMWSN05FZYRFKZK,2025-02-03T02:27:05.070397689Z
01JK4T7HDKV0QNGAH3NHKXPDFD,01JK4RQPB81REK8F8AC4HYPBT0,2025-02-03T02:29:00.979847613Z,01JK4RQPBEH5ADW6QYMXY80TY6,2025-02-03T02:29:00.979847613Z,01JK4S4RPKNJ360G99P4GQ0YR1,2025-02-03T02:29:00.979847613Z,01JK4SE2FP0KN1SWC1EA1MHGKX,2025-02-03T02:29:00.979847613Z
01JK4T7XXRGQ8R251VZCDEMT8Z,01JK4RQNABPJQK9TTXRMF0RZ6C,2025-02-03T02:29:13.784056068Z,01JK4RQNAJWBNKQPG5GS2FWSCV,2025-02-03T02:29:13.784056068Z,01JK4S47VKRW5RT6C76PCKP1D4,2025-02-03T02:29:13.784056068Z,01JK4SACCS4H59ACNC1EJM06RH,2025-02-03T02:29:13.784056068Z
01JK4TDEQWTNKS46GQ0M4YC2TS,01JK4RQNABPJQK9TTXRMF0RZ6C,2025-02-03T02:32:14.844073197Z,01JK4RQNAJWBNKQPG5GS2FWSCV,2025-02-03T02:32:14.844073197Z,01JK4S47VKRW5RT6C76PCKP1D4,2025-02-03T02:32:14.844073197Z,01JK4SACCTA7DPNWFJA3VDP447,2025-02-03T02:32:14.844073197Z
01JK4TK716CR6RH7868A4RFEBF,01JK4RQM6KRYEP841PR3J26D8P,2025-02-03T02:35:23.558529313Z,01JK4RQM70MRCM5N5RV752QMW3,2025-02-03T02:35:23.558529313Z,01JK4RX4NE4N3D2Q818T1GPBHH,2025-02-03T02:35:23.558529313Z,01JK4S3K79805WZJMP1KT2E5FH,2025-02-03T02:35:23.558529313Z
01JK4TN2YGVBVH2JKAXQMCC034,01JK4RQNABPJQK9TTXRMF0RZ6C,2025-02-03T02:36:24.912717615Z,01JK4RQNAJWBNKQPG5GS2FWSCV,2025-02-03T02:36:24.912717615Z,01JK4S47VKRW5RT6C76PCKP1D4,2025-02-03T02:36:24.912717615Z,01JK4SACCZ9JDNJZ15BDW5VGHJ,2025-02-03T02:36:24.912717615Z
01JK4SN8R8BNKPFSKV4PDV38FF,01JK4RQM6KRYEP841PR3J26D8P,2025-02-03T02:19:02.280602293Z,01JK4RQM70MRCM5N5RV752QMW3,2025-02-03T02:19:02.280602293Z,01JK4RX4NE4N3D2Q818T1GPBHH,2025-02-03T02:19:02.280602293Z,01JK4S3K689Q99S6AHHATDEB4D,2025-02-03T02:19:02.280602293Z
01JK4SMN1CJ8CFM74YY9E3XE4N,01JK4RQNABPJQK9TTXRMF0RZ6C,2025-02-03T02:18:42.092743735Z,01JK4RQNAJWBNKQPG5GS2FWSCV,2025-02-03T02:18:42.092743735Z,01JK4RVC5REZ4WW4R1DZNKASBV,2025-02-03T02:18:42.092743735Z,01JK4SACC5G28K0V36XD3ZWJ74,2025-02-03T02:18:42.092743735Z
01JK4SND192BQ3Z6T79B50SMR7,01JK4RQNABPJQK9TTXRMF0RZ6C,2025-02-03T02:19:06.665406645Z,01JK4RQNAJWBNKQPG5GS2FWSCV,2025-02-03T02:19:06.665406645Z,01JK4S47VKRW5RT6C76PCKP1D4,2025-02-03T02:19:06.665406645Z,01JK4SACCA014DX9XSCX9BYMAW,2025-02-03T02:19:06.665406645Z
01JK4SYB1XKM7PZNQS67ZY4RJ2,01JK4RQM6KRYEP841PR3J26D8P,2025-02-03T02:23:59.549681274Z,01JK4RQM70MRCM5N5RV752QMW3,2025-02-03T02:23:59.549681274Z,01JK4RX4NE4N3D2Q818T1GPBHH,2025-02-03T02:23:59.549681274Z,01JK4S3K6393454CY4VZ1FHPJS,2025-02-03T02:23:59.549681274Z
01JK4T2Z4QPG49001YFSVT68R2,01JK4RQM6KRYEP841PR3J26D8P,2025-02-03T02:26:31.191527178Z,01JK4RQM70MRCM5N5RV752QMW3,2025-02-03T02:26:31.191527178Z,01JK4RZRTEVY32H7HPW57A9822,2025-02-03T02:26:31.191527178Z,01JK4S3K7C2SDSBQPSP22Y1SXZ,2025-02-03T02:26:31.191527178Z
01JK4T9K72G4Z5223PN3N81M8G,01JK4RQPB81REK8F8AC4HYPBT0,2025-02-03T02:30:08.354121442Z,01JK4RQPBEH5ADW6QYMXY80TY6,2025-02-03T02:30:08.354121442Z,01JK4S4RPKNJ360G99P4GQ0YR1,2025-02-03T02:30:08.354121442Z,01JK4SE2GC6PQVJK7CAF8NCJ72,2025-02-03T02:30:08.354121442Z
01JK4TAJ03ZT6Z8XBCZAE0MJP0,01JK4RQM6KRYEP841PR3J26D8P,2025-02-03T02:30:39.875017703Z,01JK4RQM70MRCM5N5RV752QMW3,2025-02-03T02:30:39.875017703Z,01JK4RX4NE4N3D2Q818T1GPBHH,2025-02-03T02:30:39.875017703Z,01JK4S3K7DDKDTV050CA5FT4MM,2025-02-03T02:30:39.875017703Z
01JK4SKWQ5S3CRNWE037PG1DJT,01JK4RQPB81REK8F8AC4HYPBT0,2025-02-03T02:18:17.189321788Z,01JK4RQPBEH5ADW6QYMXY80TY6,2025-02-03T02:18:17.189321788Z,01JK4S4RPKNJ360G99P4GQ0YR1,2025-02-03T02:18:17.189321788Z,01JK4SE2G9XBZTPB41GXVCQY62,2025-02-03T02:18:17.189321788Z
01JK4SRD1S8FZ079DT36ZSG94Q,01JK4RQNABPJQK9TTXRMF0RZ6C,2025-02-03T02:20:44.985988905Z,01JK4RQNAJWBNKQPG5GS2FWSCV,2025-02-03T02:20:44.985988905Z,01JK4S47VKRW5RT6C76PCKP1D4,2025-02-03T02:20:44.985988905Z,01JK4SACCA014DX9XSDKZNH8WK,2025-02-03T02:20:44.985988905Z
01JK4T2PEDGFT12WZCQFXBPZ9G,01JK4RQPB81REK8F8AC4HYPBT0,2025-02-03T02:26:22.285596818Z,01JK4RQPBEH5ADW6QYMXY80TY6,2025-02-03T02:26:22.285596818Z,01JK4S3JEE861EJG5REXZ7DHQ3,2025-02-03T02:26:22.285596818Z,01JK4SE2G6EPMWSN05F0MP43H9,2025-02-03T02:26:22.285596818Z
01JK4T49Z6RS3S8G1F9VRMP2KA,01JK4RQM6KRYEP841PR3J26D8P,2025-02-03T02:27:15.046336675Z,01JK4RQM70MRCM5N5RV752QMW3,2025-02-03T02:27:15.046336675Z,01JK4RX4NE4N3D2Q818T1GPBHH,2025-02-03T02:27:15.046336675Z,01JK4S3K7DDKDTV050BKX3E1VG,2025-02-03T02:27:15.046336675Z
01JK4T7HDKV0QNGAH3NAP7NT81,01JK4RQPB81REK8F8AC4HYPBT0,2025-02-03T02:29:00.97907377Z,01JK4RQPBEH5ADW6QYMXY80TY6,2025-02-03T02:29:00.97907377Z,01JK4S3JEE861EJG5REXZ7DHQ3,2025-02-03T02:29:00.97907377Z,01JK4SE2FP0KN1SWC1EA1MHGKX,2025-02-03T02:29:00.97907377Z
01JK4T9P89CMYKWZTDXK7JWW07,01JK4RQM6KRYEP841PR3J26D8P,2025-02-03T02:30:11.465897454Z,01JK4RQM70MRCM5N5RV752QMW3,2025-02-03T02:30:11.465897454Z,01JK4RX4NE4N3D2Q818T1GPBHH,2025-02-03T02:30:11.465897454Z,01JK4S3K7FQEA03YTYQS211J37,2025-02-03T02:30:11.465897454Z
01JK4TDGARH5RCAB55S658FSF1,01JK4RQPB81REK8F8AC4HYPBT0,2025-02-03T02:32:16.47292793Z,01JK4RQPBEH5ADW6QYMXY80TY6,2025-02-03T02:32:16.47292793Z,01JK4S3JEE861EJG5REXZ7DHQ3,2025-02-03T02:32:16.47292793Z,01JK4SE2GH1DZ60D085NG6XH00,2025-02-03T02:32:16.47292793Z
01JK4TGX8RKCZVZ5YQC1AHBCVV,01JK4RQPB81REK8F8AC4HYPBT0,2025-02-03T02:34:08.024380133Z,01JK4RQPBEH5ADW6QYMXY80TY6,2025-02-03T02:34:08.024380133Z,01JK4S4RPKNJ360G99P4GQ0YR1,2025-02-03T02:34:08.024380133Z,01JK4SE2GKKXRQVQYP5JRX3DMG,2025-02-03T02:34:08.024380133Z
01JK4SN5X25QCYT5TMM3RSH53P,01JK4RQPB81REK8F8AC4HYPBT0,2025-02-03T02:18:59.362302018Z,01JK4RQPBEH5ADW6QYMXY80TY6,2025-02-03T02:18:59.362302018Z,01JK4S4RPKNJ360G99P4GQ0YR1,2025-02-03T02:18:59.362302018Z,01JK4SE2G5NPD60MV4041MMTEY,2025-02-03T02:18:59.362302018Z
01JK4SQBVYH0MC8AF3Y6ZYN7VC,01JK4RQM6KRYEP841PR3J26D8P,2025-02-03T02:20:11.006730135Z,01JK4RQM70MRCM5N5RV752QMW3,2025-02-03T02:20:11.006730135Z,01JK4RZRTEVY32H7HPW57A9822,2025-02-03T02:20:11.006730135Z,01JK4S3K689Q99S6AHG1B9RCHW,2025-02-03T02:20:11.006730135Z
01JK4STXAHGYJ0Z6JK07SN17MC,01JK4RQPB81REK8F8AC4HYPBT0,2025-02-03T02:22:07.185616627Z,01JK4RQPBEH5ADW6QYMXY80TY6,2025-02-03T02:22:07.185616627Z,01JK4S4RPKNJ360G99P4GQ0YR1,2025-02-03T02:22:07.185616627Z,01JK4SE2FSBSHTRRG4QYGDRKZ9,2025-02-03T02:22:07.185616627Z
01JK4SXM1VC377E6J4KC0FJEPT,01JK4RQPB81REK8F8AC4HYPBT0,2025-02-03T02:23:35.995785558Z,01JK4RQPBEH5ADW6QYMXY80TY6,2025-02-03T02:23:35.995785558Z,01JK4S3JEE861EJG5REXZ7DHQ3,2025-02-03T02:23:35.995785558Z,01JK4SE2FWS9MCP0HQPEQZ559H,2025-02-03T02:23:35.995785558Z
01JK4T4Q2DK9GG0XTQTK9KXJR5,01JK4RQPB81REK8F8AC4HYPBT0,2025-02-03T02:27:28.461664873Z,01JK4RQPBEH5ADW6QYMXY80TY6,2025-02-03T02:27:28.461664873Z,01JK4S4RPKNJ360G99P4GQ0YR1,2025-02-03T02:27:28.461664873Z,01JK4SE2G7GVHMG0M2AJR56AAH,2025-02-03T02:27:28.461664873Z
01JK4TBQ6R9Y7DKKB1A8ZFDFVT,01JK4RQPB81REK8F8AC4HYPBT0,2025-02-03T02:31:17.976724677Z,01JK4RQPBEH5ADW6QYMXY80TY6,2025-02-03T02:31:17.976724677Z,01JK4S3JEE861EJG5REXZ7DHQ3,2025-02-03T02:31:17.976724677Z,01JK4SE2GNN26KB9JSTGP29Y3E,2025-02-03T02:31:17.976724677Z
01JK4TE2MDNJW7EY7J16EZY9TZ,01JK4RQM6KRYEP841PR3J26D8P,2025-02-03T02:32:35.213689466Z,01JK4RQM70MRCM5N5RV752QMW3,2025-02-03T02:32:35.213689466Z,01JK4RZRTEVY32H7HPW57A9822,2025-02-03T02:32:35.213689466Z,01JK4S3K7FQEA03YTYPZVJX3G9,2025-02-03T02:32:35.213689466Z
01JK4TJ995Z59NJVHXM69SBG21,01JK4RQPB81REK8F8AC4HYPBT0,2025-02-03T02:34:53.093311912Z,01JK4RQPBEH5ADW6QYMXY80TY6,2025-02-03T02:34:53.093311912Z,01JK4S3JEE861EJG5REXZ7DHQ3,2025-02-03T02:34:53.093311912Z,01JK4SE2GV4YMCA053H0WG2ZHP,2025-02-03T02:34:53.093311912Z
01JK4S85BK2KDJE9V0XCYK1BA3,01JK4RQM6KRYEP841PR3J26D8P,2025-02-03T02:11:52.819771247Z,01JK4RQM70MRCM5N5RV752QMW3,2025-02-03T02:11:52.819771247Z,01JK4RZRTEVY32H7HPW57A9822,2025-02-03T02:11:52.819771247Z,01JK4S3K5ZSY8Q5RNQKA9088C5,2025-02-03T02:11:52.819771247Z
01JK4TNE494ZSDVMV41XEN53RR,01JK4RQNABPJQK9TTXRMF0RZ6C,2025-02-03T02:36:36.361122448Z,01JK4RQNAJWBNKQPG5GS2FWSCV,2025-02-03T02:36:36.361122448Z,01JK4RVC5REZ4WW4R1DZNKASBV,2025-02-03T02:36:36.361122448Z,01JK4SACCZ9JDNJZ15C6579GM1,2025-02-03T02:36:36.361122448Z
01JK4TK7170YKNGCFEZBZB5MBF,01JK4RQM6KRYEP841PR3J26D8P,2025-02-03T02:35:23.559827575Z,01JK4RQM70MRCM5N5RV752QMW3,2025-02-03T02:35:23.559827575Z,01JK4RZRTEVY32H7HPW57A9822,2025-02-03T02:35:23.559827575Z,01JK4S3K79805WZJMP1KT2E5FH,2025-02-03T02:35:23.559827575Z
01JK4SHSSPKVBNM2K89S6CDH9K,01JK4RQNABPJQK9TTXRMF0RZ6C,2025-02-03T02:17:08.662441001Z,01JK4RQNAJWBNKQPG5GS2FWSCV,2025-02-03T02:17:08.662441001Z,01JK4S47VKRW5RT6C76PCKP1D4,2025-02-03T02:17:08.662441001Z,01JK4SACC86EPTHW1F6K2PZQ19,2025-02-03T02:17:08.662441001Z
01JK4STFFE329GE6A25YHB1KY4,01JK4RQM6KRYEP841PR3J26D8P,2025-02-03T02:21:53.006397191Z,01JK4RQM70MRCM5N5RV752QMW3,2025-02-03T02:21:53.006397191Z,01JK4RX4NE4N3D2Q818T1GPBHH,2025-02-03T02:21:53.006397191Z,01JK4S3K6508QWPNW5Z3VD8M7R,2025-02-03T02:21:53.006397191Z
01JK4TE828P7RN0JT51H6PCCND,01JK4RQPB81REK8F8AC4HYPBT0,2025-02-03T02:32:40.776486409Z,01JK4RQPBEH5ADW6QYMXY80TY6,2025-02-03T02:32:40.776486409Z,01JK4S3JEE861EJG5REXZ7DHQ3,2025-02-03T02:32:40.776486409Z,01JK4SE2GFA0FXPB4SRJZPD7P5,2025-02-03T02:32:40.776486409Z
01JK4SFG8ZAQ4K46FQK7WT930V,01JK4RQPB81REK8F8AC4HYPBT0,2025-02-03T02:15:53.375220667Z,01JK4RQPBEH5ADW6QYMXY80TY6,2025-02-03T02:15:53.375220667Z,01JK4S3JEE861EJG5REXZ7DHQ3,2025-02-03T02:15:53.375220667Z,01JK4SE2FJACP3G48M5NA59D61,2025-02-03T02:15:53.375220667Z
01JK4SM96PD1QBTPC7CNJY4VWA,01JK4RQM6KRYEP841PR3J26D8P,2025-02-03T02:18:29.974332677Z,01JK4RQM70MRCM5N5RV752QMW3,2025-02-03T02:18:29.974332677Z,01JK4RX4NE4N3D2Q818T1GPBHH,2025-02-03T02:18:29.974332677Z,01JK4S3K676P1DZPWB25CJ0CH9,2025-02-03T02:18:29.974332677Z
01JK4TF8NJFV585GMT9MD5MDZC,01JK4RQPB81REK8F8AC4HYPBT0,2025-02-03T02:33:14.162123725Z,01JK4RQPBEH5ADW6QYMXY80TY6,2025-02-03T02:33:14.162123725Z,01JK4S4RPKNJ360G99P4GQ0YR1,2025-02-03T02:33:14.162123725Z,01JK4SE2GJSCZM2JRABDNTF0X4,2025-02-03T02:33:14.162123725Z
01JK4THM6Y42RRT8JJY6CN9S4C,01JK4RQPB81REK8F8AC4HYPBT0,2025-02-03T02:34:31.518847695Z,01JK4RQPBEH5ADW6QYMXY80TY6,2025-02-03T02:34:31.518847695Z,01JK4S3JEE861EJG5REXZ7DHQ3,2025-02-03T02:34:31.518847695Z,01JK4SE2GMV0K0K7TEN69FTQVH,2025-02-03T02:34:31.518847695Z
01JK4TJ7VPZ394NZZC4VA2FQA7,01JK4RQNABPJQK9TTXRMF0RZ6C,2025-02-03T02:34:51.638976676Z,01JK4RQNAJWBNKQPG5GS2FWSCV,2025-02-03T02:34:51.638976676Z,01JK4RVC5REZ4WW4R1DZNKASBV,2025-02-03T02:34:51.638976676Z,01JK4SACCWDKB4F6R7AFP0ZC1W,2025-02-03T02:34:51.638976676Z
01JK4SJ0TQ760HC6XTD8NFSJS5,01JK4RQPB81REK8F8AC4HYPBT0,2025-02-03T02:17:15.863539996Z,01JK4RQPBEH5ADW6QYMXY80TY6,2025-02-03T02:17:15.863539996Z,01JK4S4RPKNJ360G99P4GQ0YR1,2025-02-03T02:17:15.863539996Z,01JK4SE2G7GVHMG0M29M8YYGEC,2025-02-03T02:17:15.863539996Z
01JK4T2PEC04JH2CE74R19GPC7,01JK4RQPB81REK8F8AC4HYPBT0,2025-02-03T02:26:22.284795247Z,01JK4RQPBEH5ADW6QYMXY80TY6,2025-02-03T02:26:22.284795247Z,01JK4S4RPKNJ360G99P4GQ0YR1,2025-02-03T02:26:22.284795247Z,01JK4SE2G6EPMWSN05F0MP43H9,2025-02-03T02:26:22.284795247Z
01JK4T5KPVPHDDFRRAB1XNBNJG,01JK4RQNABPJQK9TTXRMF0RZ6C,2025-02-03T02:27:57.787996754Z,01JK4RQNAJWBNKQPG5GS2FWSCV,2025-02-03T02:27:57.787996754Z,01JK4RVC5REZ4WW4R1DZNKASBV,2025-02-03T02:27:57.787996754Z,01JK4SACCGGF6S15ZTXE6D70XQ,2025-02-03T02:27:57.787996754Z
01JK4TDY3376CZJS7M0CTC51CX,01JK4RQPB81REK8F8AC4HYPBT0,2025-02-03T02:32:30.563904699Z,01JK4RQPBEH5ADW6QYMXY80TY6,2025-02-03T02:32:30.563904699Z,01JK4S3JEE861EJG5REXZ7DHQ3,2025-02-03T02:32:30.563904699Z,01JK4SE2GGNQTD6HKP40VTXWHZ,2025-02-03T02:32:30.563904699Z
01JK4TG26KWE8ER1KHRRY5GEF5,01JK4RQPB81REK8F8AC4HYPBT0,2025-02-03T02:33:40.307399144Z,01JK4RQPBEH5ADW6QYMXY80TY6,2025-02-03T02:33:40.307399144Z,01JK4S3JEE861EJG5REXZ7DHQ3,2025-02-03T02:33:40.307399144Z,01JK4SE2GNN26KB9JSSDPNPGBC,2025-02-03T02:33:40.307399144Z
01JK4TJJ5J7REPADWV8VC1ZAB2,01JK4RQPB81REK8F8AC4HYPBT0,2025-02-03T02:35:02.194496964Z,01JK4RQPBEH5ADW6QYMXY80TY6,2025-02-03T02:35:02.194496964Z,01JK4S4RPKNJ360G99P4GQ0YR1,2025-02-03T02:35:02.194496964Z,01JK4SE2GR8DZ5AYCBR5CW4SCQ,2025-02-03T02:35:02.194496964Z
01JK4SVH49HN17WM6RJ639HHJC,01JK4RQPB81REK8F8AC4HYPBT0,2025-02-03T02:22:27.465181871Z,01JK4RQPBEH5ADW6QYMXY80TY6,2025-02-03T02:22:27.465181871Z,01JK4S3JEE861EJG5REXZ7DHQ3,2025-02-03T02:22:27.465181871Z,01JK4SE2FQFZZ66K8E7B7D02WH,2025-02-03T02:22:27.465181871Z
01JK4SNTHC1QP037229TMW9J3G,01JK4RQM6KRYEP841PR3J26D8P,2025-02-03T02:19:20.492436002Z,01JK4RQM70MRCM5N5RV752QMW3,2025-02-03T02:19:20.492436002Z,01JK4RX4NE4N3D2Q818T1GPBHH,2025-02-03T02:19:20.492436002Z,01JK4S3K689Q99S6AHJCZBDCHW,2025-02-03T02:19:20.492436002Z
01JK4T6NF1GBWSDZRTT6R0B14S,01JK4RQNABPJQK9TTXRMF0RZ6C,2025-02-03T02:28:32.3539429Z,01JK4RQNAJWBNKQPG5GS2FWSCV,2025-02-03T02:28:32.3539429Z,01JK4RVC5REZ4WW4R1DZNKASBV,2025-02-03T02:28:32.3539429Z,01JK4SACCKMHHNHZWWZRNZ3SHW,2025-02-03T02:28:32.3539429Z
01JK4TB4F7EW4RBJ5JD5T3Y5M9,01JK4RQPB81REK8F8AC4HYPBT0,2025-02-03T02:30:58.791482295Z,01JK4RQPBEH5ADW6QYMXY80TY6,2025-02-03T02:30:58.791482295Z,01JK4S4RPKNJ360G99P4GQ0YR1,2025-02-03T02:30:58.791482295Z,01JK4SE2GBXNW6J2HENNX4MQTW,2025-02-03T02:30:58.791482295Z
01JK4TDGASAPW52S9C0TY8JX0G,01JK4RQPB81REK8F8AC4HYPBT0,2025-02-03T02:32:16.473863894Z,01JK4RQPBEH5ADW6QYMXY80TY6,2025-02-03T02:32:16.473863894Z,01JK4S4RPKNJ360G99P4GQ0YR1,2025-02-03T02:32:16.473863894Z,01JK4SE2GH1DZ60D085NG6XH00,2025-02-03T02:32:16.473863894Z
01JK4TJ9967V7P84MDQH0KSPD8,01JK4RQPB81REK8F8AC4HYPBT0,2025-02-03T02:34:53.094453349Z,01JK4RQPBEH5ADW6QYMXY80TY6,2025-02-03T02:34:53.094453349Z,01JK4S4RPKNJ360G99P4GQ0YR1,2025-02-03T02:34:53.094453349Z,01JK4SE2GV4YMCA053H0WG2ZHP,2025-02-03T02:34:53.094453349Z
01JK4SNNWBJXKMDNS7T1KN3VP7,01JK4RQPB81REK8F8AC4HYPBT0,2025-02-03T02:19:15.723831858Z,01JK4RQPBEH5ADW6QYMXY80TY6,2025-02-03T02:19:15.723831858Z,01JK4S3JEE861EJG5REXZ7DHQ3,2025-02-03T02:19:15.723831858Z,01JK4SE2G3Z2HF1WX13EDTPWJB,2025-02-03T02:19:15.723831858Z
01JK4SHDVNPDW2QQW687GC4FFA,01JK4RQPB81REK8F8AC4HYPBT0,2025-02-03T02:16:56.437872648Z,01JK4RQPBEH5ADW6QYMXY80TY6,2025-02-03T02:16:56.437872648Z,01JK4S3JEE861EJG5REXZ7DHQ3,2025-02-03T02:16:56.437872648Z,01JK4SE2FMXCZ5DZ9X40TNEB2C,2025-02-03T02:16:56.437872648Z
01JK4SV9S79JR9A4MEA40DAZJJ,01JK4RQNABPJQK9TTXRMF0RZ6C,2025-02-03T02:22:19.94315054Z,01JK4RQNAJWBNKQPG5GS2FWSCV,2025-02-03T02:22:19.94315054Z,01JK4S47VKRW5RT6C76PCKP1D4,2025-02-03T02:22:19.94315054Z,01JK4SACC7YD8SFBH8NMVGYF0K,2025-02-03T02:22:19.94315054Z
01JK4T0KE2AE2DKT7ADQB1P7B7,01JK4RQPB81REK8F8AC4HYPBT0,2025-02-03T02:25:13.666869945Z,01JK4RQPBEH5ADW6QYMXY80TY6,2025-02-03T02:25:13.666869945Z,01JK4S3JEE861EJG5REXZ7DHQ3,2025-02-03T02:25:13.666869945Z,01JK4SE2G5NPD60MV40SW4HY3X,2025-02-03T02:25:13.666869945Z
01JK4T5GCYR7SPRWX08D5RQ6ZV,01JK4RQM6KRYEP841PR3J26D8P,2025-02-03T02:27:54.398286177Z,01JK4RQM70MRCM5N5RV752QMW3,2025-02-03T02:27:54.398286177Z,01JK4RX4NE4N3D2Q818T1GPBHH,2025-02-03T02:27:54.398286177Z,01JK4S3K72JRQZBAN11BBRFG8P,2025-02-03T02:27:54.398286177Z
01JK4TCVMYGHW0HF7T87D80FFV,01JK4RQNABPJQK9TTXRMF0RZ6C,2025-02-03T02:31:55.294795255Z,01JK4RQNAJWBNKQPG5GS2FWSCV,2025-02-03T02:31:55.294795255Z,01JK4S47VKRW5RT6C76PCKP1D4,2025-02-03T02:31:55.294795255Z,01JK4SACCN4AHCXBEX3WC3N86A,2025-02-03T02:31:55.294795255Z
01JK4SEKMDN8H3EV2XDAN5C378,01JK4RQNABPJQK9TTXRMF0RZ6C,2025-02-03T02:15:24.045670626Z,01JK4RQNAJWBNKQPG5GS2FWSCV,2025-02-03T02:15:24.045670626Z,01JK4RVC5REZ4WW4R1DZNKASBV,2025-02-03T02:15:24.045670626Z,01JK4SACC93V627W9J1VA03N5E,2025-02-03T02:15:24.045670626Z
01JK4SD3RFVQX8V2N2T5D5MHB3,01JK4RQM6KRYEP841PR3J26D8P,2025-02-03T02:14:35.023298666Z,01JK4RQM70MRCM5N5RV752QMW3,2025-02-03T02:14:35.023298666Z,01JK4RX4NE4N3D2Q818T1GPBHH,2025-02-03T02:14:35.023298666Z,01JK4S3K6670YZG1GWMJ7RQ21B,2025-02-03T02:14:35.023298666Z
01JK4T28NB5GSPN49PN0PY1DQW,01JK4RQPB81REK8F8AC4HYPBT0,2025-02-03T02:26:08.17127039Z,01JK4RQPBEH5ADW6QYMXY80TY6,2025-02-03T02:26:08.17127039Z,01JK4S4RPKNJ360G99P4GQ0YR1,2025-02-03T02:26:08.17127039Z,01JK4SE2G4VPD5QGX6WQCG8QF8,2025-02-03T02:26:08.17127039Z
01JK4T54FBYJDRAY7P1SD7VRPG,01JK4RQNABPJQK9TTXRMF0RZ6C,2025-02-03T02:27:42.187501218Z,01JK4RQNAJWBNKQPG5GS2FWSCV,2025-02-03T02:27:42.187501218Z,01JK4S47VKRW5RT6C76PCKP1D4,2025-02-03T02:27:42.187501218Z,01JK4SACCGGF6S15ZTWQMR33VE,2025-02-03T02:27:42.187501218Z
01JK4TJ7VQNV76TCW5GRCVR22X,01JK4RQNABPJQK9TTXRMF0RZ6C,2025-02-03T02:34:51.639966886Z,01JK4RQNAJWBNKQPG5GS2FWSCV,2025-02-03T02:34:51.639966886Z,01JK4S47VKRW5RT6C76PCKP1D4,2025-02-03T02:34:51.639966886Z,01JK4SACCWDKB4F6R7AFP0ZC1W,2025-02-03T02:34:51.639966886Z
01JK4TP0HDP983XMVYCFWK2FV8,01JK4RQNABPJQK9TTXRMF0RZ6C,2025-02-03T02:36:55.213614335Z,01JK4RQNAJWBNKQPG5GS2FWSCV,2025-02-03T02:36:55.213614335Z,01JK4RVC5REZ4WW4R1DZNKASBV,2025-02-03T02:36:55.213614335Z,01JK4SACCZ9JDNJZ15APC0WFCW,2025-02-03T02:36:55.213614335Z
01JK4SCJAAJARYB0YXEQR5CV6B,01JK4RQNABPJQK9TTXRMF0RZ6C,2025-02-03T02:14:17.162316502Z,01JK4RQNAJWBNKQPG5GS2FWSCV,2025-02-03T02:14:17.162316502Z,01JK4S47VKRW5RT6C76PCKP1D4,2025-02-03T02:14:17.162316502Z,01JK4SACC5G28K0V36WH86REXB,2025-02-03T02:14:17.162316502Z
01JK4SADA8X3G6NMZZPSQJS991,01JK4RQNABPJQK9TTXRMF0RZ6C,2025-02-03T02:13:06.504016301Z,01JK4RQNAJWBNKQPG5GS2FWSCV,2025-02-03T02:13:06.504016301Z,01JK4RVC5REZ4WW4R1DZNKASBV,2025-02-03T02:13:06.504016301Z,01JK4SACC03JS4RF6AYAP0C0S8,2025-02-03T02:13:06.504016301Z
01JK4SQ1K50JSGNB5STFEDQVZK,01JK4RQPB81REK8F8AC4HYPBT0,2025-02-03T02:20:00.485256484Z,01JK4RQPBEH5ADW6QYMXY80TY6,2025-02-03T02:20:00.485256484Z,01JK4S3JEE861EJG5REXZ7DHQ3,2025-02-03T02:20:00.485256484Z,01JK4SE2FXGPT3TC246Q79PB5Z,2025-02-03T02:20:00.485256484Z
01JK4SRD1TCT02V77AR5H6N3HC,01JK4RQNABPJQK9TTXRMF0RZ6C,2025-02-03T02:20:44.986662991Z,01JK4RQNAJWBNKQPG5GS2FWSCV,2025-02-03T02:20:44.986662991Z,01JK4RVC5REZ4WW4R1DZNKASBV,2025-02-03T02:20:44.986662991Z,01JK4SACCA014DX9XSDKZNH8WK,2025-02-03T02:20:44.986662991Z
01JK4SXMMWH53079VER55ZHKJ2,01JK4RQNABPJQK9TTXRMF0RZ6C,2025-02-03T02:23:36.604765201Z,01JK4RQNAJWBNKQPG5GS2FWSCV,2025-02-03T02:23:36.604765201Z,01JK4RVC5REZ4WW4R1DZNKASBV,2025-02-03T02:23:36.604765201Z,01JK4SACCDZ91V4N2QTQ944YHR,2025-02-03T02:23:36.604765201Z
01JK4SYZBMCYS17GENJ3R0AG6B,01JK4RQPB81REK8F8AC4HYPBT0,2025-02-03T02:24:20.340621831Z,01JK4RQPBEH5ADW6QYMXY80TY6,2025-02-03T02:24:20.340621831Z,01JK4S4RPKNJ360G99P4GQ0YR1,2025-02-03T02:24:20.340621831Z,01JK4SE2FZG6213474B9973FC4,2025-02-03T02:24:20.340621831Z
01JK4TC2YGX86XJWJDQ69FW71C,01JK4RQPB81REK8F8AC4HYPBT0,2025-02-03T02:31:30.00088267Z,01JK4RQPBEH5ADW6QYMXY80TY6,2025-02-03T02:31:30.00088267Z,01JK4S4RPKNJ360G99P4GQ0YR1,2025-02-03T02:31:30.00088267Z,01JK4SE2GJSCZM2JRAANK7V93E,2025-02-03T02:31:30.00088267Z
01JK4TF8NH6EYJ9PFK3NNPY3MT,01JK4RQPB81REK8F8AC4HYPBT0,2025-02-03T02:33:14.161150547Z,01JK4RQPBEH5ADW6QYMXY80TY6,2025-02-03T02:33:14.161150547Z,01JK4S3JEE861EJG5REXZ7DHQ3,2025-02-03T02:33:14.161150547Z,01JK4SE2GJSCZM2JRABDNTF0X4,2025-02-03T02:33:14.161150547Z
01JK4S9NXC71K0HMHPV9B9Q1Q0,01JK4RQM6KRYEP841PR3J26D8P,2025-02-03T02:12:42.540136113Z,01JK4RQM70MRCM5N5RV752QMW3,2025-02-03T02:12:42.540136113Z,01JK4RX4NE4N3D2Q818T1GPBHH,2025-02-03T02:12:42.540136113Z,01JK4S3K62CFK6WPNBQJKGHXVG,2025-02-03T02:12:42.540136113Z
01JK4SZWN59NEBVW002NW6XAC9,01JK4RQM6KRYEP841PR3J26D8P,2025-02-03T02:24:50.341163477Z,01JK4RQM70MRCM5N5RV752QMW3,2025-02-03T02:24:50.341163477Z,01JK4RX4NE4N3D2Q818T1GPBHH,2025-02-03T02:24:50.341163477Z,01JK4S3K7ANT2X8K18N5VKZB1H,2025-02-03T02:24:50.341163477Z
01JK4T8EBT4C4ZPKDRWGA8PBJ3,01JK4RQPB81REK8F8AC4HYPBT0,2025-02-03T02:29:30.618167517Z,01JK4RQPBEH5ADW6QYMXY80TY6,2025-02-03T02:29:30.618167517Z,01JK4S4RPKNJ360G99P4GQ0YR1,2025-02-03T02:29:30.618167517Z,01JK4SE2GC6PQVJK7C9FYT1NPS,2025-02-03T02:29:30.618167517Z
01JK4T9P8A8TM4S8ZMB2V60235,01JK4RQM6KRYEP841PR3J26D8P,2025-02-03T02:30:11.46674327Z,01JK4RQM70MRCM5N5RV752QMW3,2025-02-03T02:30:11.46674327Z,01JK4RZRTEVY32H7HPW57A9822,2025-02-03T02:30:11.46674327Z,01JK4S3K7FQEA03YTYQS211J37,2025-02-03T02:30:11.46674327Z
01JK4SSHGNX5SV7CGKNT2VZE0F,01JK4RQPB81REK8F8AC4HYPBT0,2025-02-03T02:21:22.325964322Z,01JK4RQPBEH5ADW6QYMXY80TY6,2025-02-03T02:21:22.325964322Z,01JK4S3JEE861EJG5REXZ7DHQ3,2025-02-03T02:21:22.325964322Z,01JK4SE2FTAWB4M09WQG9PNS11,2025-02-03T02:21:22.325964322Z
01JK4SRTNBHXHNBVK7FSPANC05,01JK4RQM6KRYEP841PR3J26D8P,2025-02-03T02:20:58.923592309Z,01JK4RQM70MRCM5N5RV752QMW3,2025-02-03T02:20:58.923592309Z,01JK4RX4NE4N3D2Q818T1GPBHH,2025-02-03T02:20:58.923592309Z,01JK4S3K676P1DZPWAZKB6BWAN,2025-02-03T02:20:58.923592309Z
01JK4TGKSRAS5KJEXY9J3Y11KX,01JK4RQPB81REK8F8AC4HYPBT0,2025-02-03T02:33:58.328611681Z,01JK4RQPBEH5ADW6QYMXY80TY6,2025-02-03T02:33:58.328611681Z,01JK4S4RPKNJ360G99P4GQ0YR1,2025-02-03T02:33:58.328611681Z,01JK4SE2GPW1CR0VD1GZYTR0FN,2025-02-03T02:33:58.328611681Z
01JK4SFG8ZAQ4K46FQKHZJF97B,01JK4RQPB81REK8F8AC4HYPBT0,2025-02-03T02:15:53.375729364Z,01JK4RQPBEH5ADW6QYMXY80TY6,2025-02-03T02:15:53.375729364Z,01JK4S4RPKNJ360G99P4GQ0YR1,2025-02-03T02:15:53.375729364Z,01JK4SE2FJACP3G48M5NA59D61,2025-02-03T02:15:53.375729364Z
01JK4T49Z5DY1771MHQ2JXG7J0,01JK4RQM6KRYEP841PR3J26D8P,2025-02-03T02:27:15.045400365Z,01JK4RQM70MRCM5N5RV752QMW3,2025-02-03T02:27:15.045400365Z,01JK4RZRTEVY32H7HPW57A9822,2025-02-03T02:27:15.045400365Z,01JK4S3K7DDKDTV050BKX3E1VG,2025-02-03T02:27:15.045400365Z
01JK4TKY2Z0K0B6NP828ZH3SGE,01JK4RQM6KRYEP841PR3J26D8P,2025-02-03T02:35:47.167870438Z,01JK4RQM70MRCM5N5RV752QMW3,2025-02-03T02:35:47.167870438Z,01JK4RX4NE4N3D2Q818T1GPBHH,2025-02-03T02:35:47.167870438Z,01JK4S3K70KSQQJY7VJJ82BBEV,2025-02-03T02:35:47.167870438Z
01JK4SHSSNJ77JQR2ZAZ4CZV9A,01JK4RQNABPJQK9TTXRMF0RZ6C,2025-02-03T02:17:08.661703789Z,01JK4RQNAJWBNKQPG5GS2FWSCV,2025-02-03T02:17:08.661703789Z,01JK4RVC5REZ4WW4R1DZNKASBV,2025-02-03T02:17:08.661703789Z,01JK4SACC86EPTHW1F6K2PZQ19,2025-02-03T02:17:08.661703789Z
