id,batchID,batchIDLastChangedAt,gameID,gameIDLastChangedAt,playerID,playerIDLastChangedAt
01M0WXEAZP9PKFN6F8XEJKCEB1,01M0WWQ73PEDYQHEYYBB88AXMD,2026-08-25T16:53:17.942116751Z,01M0WWQ74M3NWYAJGQB0ESKAD2,2026-08-25T16:53:17.942116751Z,01M0WWZBDJ6CA985ZGF4JYT3P6,2026-08-25T16:53:17.942116751Z
01M0WY7G1K2MDM36QA04E6W9HQ,01M0WWQ9XB6TMTWDYN7GB59TN7,2026-08-25T17:07:02.323173152Z,01M0WWQ9XW83PGVA4HF3WT9HVR,2026-08-25T17:07:02.323173152Z,01M0WXR5QX7RT0467EJCPJ9Y2Y,2026-08-25T17:07:02.323173152Z
01M0WYEEJ1KWRHBZMAPFWR78BQ,01M0WWQAZ72GMKNB5E8VWC3WG2,2026-08-25T17:10:50.17773997Z,01M0WWQAZRRWZPK3N7VE24RFV2,2026-08-25T17:10:50.17773997Z,01M0WYD27PCMGYRRX23HHYX14S,2026-08-25T17:10:50.17773997Z
01M0WXAVWX8FK59PGCTJ7W1QPV,01M0WWQ73PEDYQHEYYBB88AXMD,2026-08-25T16:51:24.189144641Z,01M0WWQ74H7CSGCPAHPDSCJ0PV,2026-08-25T16:51:24.189144641Z,01M0WX9MXH1SX7Q50079HW9F7E,2026-08-25T16:51:24.189144641Z
01M0WXGE7HQXKXP8P4MR5Q906Z,01M0WWQ73PEDYQHEYYBB88AXMD,2026-08-25T16:54:26.801956454Z,01M0WWQ74ND1AHANTF309RNWJE,2026-08-25T16:54:26.801956454Z,01M0WX0T78NE9YVPZSCJ5NTGX1,2026-08-25T16:54:26.801956454Z
01M0WY7G1M582666NW6ZAMJ1DS,01M0WWQ9XB6TMTWDYN7GB59TN7,2026-08-25T17:07:02.324573169Z,01M0WWQ9XW83PGVA4HF3WT9HVR,2026-08-25T17:07:02.324573169Z,01M0WY0ECEQWZG8FEZD72ENETD,2026-08-25T17:07:02.324573169Z
01M0WY8WFWASW2BAN6P1Y0N6C1,01M0WWQAZ72GMKNB5E8VWC3WG2,2026-08-25T17:07:47.836912457Z,01M0WWQAZTRSENW9JN2FSQ4BA7,2026-08-25T17:07:47.836912457Z,01M0WY0YPE1FGB7GNWHKCY08ZN,2026-08-25T17:07:47.836912457Z
01M0WXAVWWCS1G07339G3Z3V52,01M0WWQ73PEDYQHEYYBB88AXMD,2026-08-25T16:51:24.18895757Z,01M0WWQ74H7CSGCPAHPDSCJ0PV,2026-08-25T16:51:24.18895757Z,01M0WX667JRE4461924BYZ6YJ1,2026-08-25T16:51:24.18895757Z
01M0WXEAZP9PKFN6F8XTNBTDQ5,01M0WWQ73PEDYQHEYYBB88AXMD,2026-08-25T16:53:17.942519556Z,01M0WWQ74M3NWYAJGQB0ESKAD2,2026-08-25T16:53:17.942519556Z,01M0WX6P9Z1RRJ4EYT8244HGBW,2026-08-25T16:53:17.942519556Z
01M0WXGE7HQXKXP8P4ME73B5FQ,01M0WWQ73PEDYQHEYYBB88AXMD,2026-08-25T16:54:26.801278768Z,01M0WWQ74ND1AHANTF309RNWJE,2026-08-25T16:54:26.801278768Z,01M0WWVKKHKMSSWB9WS1N6GRNZ,2026-08-25T16:54:26.801278768Z
01M0WY8D1C2GEZN4Z9D9SE06A0,01M0WWQ9XB6TMTWDYN7GB59TN7,2026-08-25T17:07:32.012765379Z,01M0WWQ9XT2Q7RF2RHNCTTRDNK,2026-08-25T17:07:32.012765379Z,01M0WY1V9QET0HYE5N0547967Y,2026-08-25T17:07:32.012765379Z
01M0WY9659KQ8MKZTKYF0M39V3,01M0WWQAZ72GMKNB5E8VWC3WG2,2026-08-25T17:07:57.737216941Z,01M0WWQAZPP7VBJF1WXDE2YKFW,2026-08-25T17:07:57.737216941Z,01M0WXSYNRXCYGT80QAR430CBD,2026-08-25T17:07:57.737216941Z
01M0WY965BBZW1JXV43RK0J38X,01M0WWQAZ72GMKNB5E8VWC3WG2,2026-08-25T17:07:57.739558396Z,01M0WWQAZPP7VBJF1WXDE2YKFW,2026-08-25T17:07:57.739558396Z,01M0WY2T8PBZPVGKC7BWFHJ59J,2026-08-25T17:07:57.739558396Z
01M0WY4EPW18TMZ2W6KG9SXZR5,01M0WWQ9XB6TMTWDYN7GB59TN7,2026-08-25T17:05:22.652072305Z,01M0WWQ9XVXJV1JR4118CY5W09,2026-08-25T17:05:22.652072305Z,01M0WY0C090AZDG2K9X542KKDB,2026-08-25T17:05:22.652072305Z
01M0WY4EPXPDZAN02A4XAJPQ1N,01M0WWQ9XB6TMTWDYN7GB59TN7,2026-08-25T17:05:22.653196357Z,01M0WWQ9XVXJV1JR4118CY5W09,2026-08-25T17:05:22.653196357Z,01M0WY0ENCGBGZ9MKY7CZKA71D,2026-08-25T17:05:22.653196357Z
01M0WY8D1APNHX0Z022YVY216G,01M0WWQ9XB6TMTWDYN7GB59TN7,2026-08-25T17:07:32.010975857Z,01M0WWQ9XT2Q7RF2RHNCTTRDNK,2026-08-25T17:07:32.010975857Z,01M0WY1FH5WQS14DQ3V446M8AM,2026-08-25T17:07:32.010975857Z
01M0WY8WFVFJ8CBPWGHXJWGGZR,01M0WWQAZ72GMKNB5E8VWC3WG2,2026-08-25T17:07:47.83560205Z,01M0WWQAZTRSENW9JN2FSQ4BA7,2026-08-25T17:07:47.83560205Z,01M0WY09KXZQGZCXQXZTYFDW8C,2026-08-25T17:07:47.83560205Z
01M0WYEEHXHHQKB8SM3H8PPH67,01M0WWQAZ72GMKNB5E8VWC3WG2,2026-08-25T17:10:50.173939264Z,01M0WWQAZRRWZPK3N7VE24RFV2,2026-08-25T17:10:50.173939264Z,01M0WX5VAPVJ9YCV9FVF85YXW2,2026-08-25T17:10:50.173939264Z
