id,avatar,avatarLastChangedAt,bonus,bonusLastChangedAt,clicked,clickedLastChangedAt,ended,endedLastChangedAt,endedInactive,endedInactiveLastChangedAt,exitStepDone,exitStepDoneLastChangedAt,exitSurvey,exitSurveyLastChangedAt,gameID,gameIDLastChangedAt,intro,introLastChangedAt,introDone,introDoneLastChangedAt,lobbyTimerGameID,lobbyTimerGameIDLastChangedAt,lobbyTimerID,lobbyTimerIDLastChangedAt,name,nameLastChangedAt,nameColor,nameColorLastChangedAt,numRoundsInactive,numRoundsInactiveLastChangedAt,participantID,participantIDLastChangedAt,participantIdentifier,participantIdentifierLastChangedAt,partner,partnerLastChangedAt,role,roleLastChangedAt,score,scoreLastChangedAt,src,srcLastChangedAt,treatment,treatmentLastChangedAt,treatmentName,treatmentNameLastChangedAt,urlParams,urlParamsLastChangedAt
01JGMQHEQZ0K9F09G7HBFJKHVH,,,,,,,game terminated,2025-01-03T00:56:01.165605738Z,,,,,,,01JGMPETJ1NYR6E3J1F4NX8HFM,2025-01-03T00:14:39.808259684Z,2,2025-01-03T00:04:05.138214321Z,,,,,,,,,,,,,01JGMQHEA6BE299FZ2CBVQMMVP,2025-01-03T00:02:45.631996578Z,664ad2b692b9f17e3c51ea2d,2025-01-03T00:02:45.631996578Z,,,,,,,,,"{""contextSize"":4,""contextStructure"":""noncomp"",""feedbackDuration"":3,""maxTimeout"":3,""numRepetitionsWithPartner"":4,""playerCount"":2,""selectionDuration"":60,""showNegativeFeedback"":1}",2025-01-03T00:02:45.641206334Z,full-noncomp,2025-01-03T00:02:45.641206334Z,"{""participantKey"":""664ad2b692b9f17e3c51ea2d"",""STUDY_ID"":""677727dda3537aa7cbd6434b"",""SESSION_ID"":""677728f5ed087c573d991b46""}",2025-01-03T00:02:45.858824706Z
01JGMQTDCNJ97HMMS04T3PJX4W,https://api.dicebear.com/8.x/rings/svg?seed=Minu,2025-01-03T00:12:05.386479691Z,0.360000,2025-01-03T00:27:17.909959924Z,,2025-01-03T00:27:18.012336701Z,game ended,2025-01-03T00:31:32.007581359Z,true,2025-01-03T00:31:31.948064916Z,true,2025-01-03T00:32:56.034500209Z,"{""age"":""28"",""gender"":""Female"",""strategy"":""Using objects or holes to describe"",""enjoy"":""No. Because they were very wordy and constantly guessed wrong."",""feedback"":"""",""education"":""high-school""}",2025-01-03T00:32:56.049300326Z,01JGMPDZ43FFD9JRQ4A4DMTRA1,2025-01-03T00:10:13.023681722Z,2,2025-01-03T00:09:54.788276217Z,true,2025-01-03T00:12:04.82788961Z,01JGMPDZ43FFD9JRQ4A4DMTRA1,2025-01-03T00:12:04.876331467Z,01JGMR2GW5ZGMWEB91RVSXX5PN,2025-01-03T00:12:04.876331467Z,Minu,2025-01-03T00:12:05.386479691Z,#444EA1,2025-01-03T00:12:05.386479691Z,4,2025-01-03T00:31:31.948064916Z,01JGMQTD0XAPDP1TPGWFVE0W1F,2025-01-03T00:07:39.157641209Z,64a2f68799cfe91aa4f9da77,2025-01-03T00:07:39.157641209Z,01JGMQGH43JPF97JBRB7ERV7Y0,2025-01-03T00:12:05.386479691Z,matcher,2025-01-03T00:30:28.543746428Z,0.360000,2025-01-03T00:27:17.909959924Z,/avatars/red.png,2025-01-03T00:12:05.386479691Z,"{""contextSize"":4,""contextStructure"":""noncomp"",""feedbackDuration"":3,""maxTimeout"":3,""numRepetitionsWithPartner"":4,""playerCount"":2,""selectionDuration"":60,""showNegativeFeedback"":1}",2025-01-03T00:07:39.192288629Z,full-noncomp,2025-01-03T00:07:39.192288629Z,"{""participantKey"":""64a2f68799cfe91aa4f9da77"",""STUDY_ID"":""677727dda3537aa7cbd6434b"",""SESSION_ID"":""67772a2dcb31d7b13de77c48""}",2025-01-03T00:07:39.391215343Z
01JGMQYJGYFT15GF82RNQ1RSY5,https://api.dicebear.com/8.x/rings/svg?seed=Minu,2025-01-03T00:14:40.327626366Z,1.680000,2025-01-03T00:49:27.851013795Z,/tangrams/280_202.png,2025-01-03T00:49:24.437229411Z,game ended,2025-01-03T00:49:27.991937749Z,false,2025-01-03T00:14:40.327626366Z,true,2025-01-03T00:50:46.370821147Z,"{""age"":""29"",""gender"":""Female"",""strategy"":""Just do my best to explain and pay attention.  Not much of a strategy to be honest. "",""enjoy"":""I was a bit annoyed with my partner to be honest.  They wouldn't give me clues until the timer was almost done for most of the times they were the Director which was stressful.  But their clues were mostly good. "",""feedback"":""No problems, this was an interesting study. "",""education"":""other""}",2025-01-03T00:50:46.352091081Z,01JGMPE5881R3V1FHKJHHTTK7K,2025-01-03T00:12:04.858719177Z,2,2025-01-03T00:12:04.814707012Z,true,2025-01-03T00:13:56.098651652Z,01JGMPE5881R3V1FHKJHHTTK7K,2025-01-03T00:13:56.113315575Z,01JGMR5XGC4D3G2WF7FDMEPJSS,2025-01-03T00:13:56.113315575Z,Minu,2025-01-03T00:14:40.327626366Z,#444EA1,2025-01-03T00:14:40.327626366Z,0,2025-01-03T00:18:57.468558163Z,01JGMQYJAE0BAVV72M95KTCD3Z,2025-01-03T00:09:55.486410303Z,665d61bbaf19822f9f7f8cbf,2025-01-03T00:09:55.486410303Z,01JGMQVN9N493768F6VFVA1BXW,2025-01-03T00:14:40.327626366Z,matcher,2025-01-03T00:49:06.498793183Z,1.680000,2025-01-03T00:49:27.851013795Z,/avatars/red.png,2025-01-03T00:14:40.327626366Z,"{""contextSize"":4,""contextStructure"":""noncomp"",""feedbackDuration"":3,""maxTimeout"":3,""numRepetitionsWithPartner"":4,""playerCount"":2,""selectionDuration"":60,""showNegativeFeedback"":1}",2025-01-03T00:09:55.498851503Z,full-noncomp,2025-01-03T00:09:55.498851503Z,"{""participantKey"":""665d61bbaf19822f9f7f8cbf"",""STUDY_ID"":""677727dda3537aa7cbd6434b"",""SESSION_ID"":""67772aab6158345b112dbf15""}",2025-01-03T00:09:55.598611886Z
01JGMR8CWXATX2HZMR9ZR8AGN6,,,,,,,game terminated,2025-01-03T00:55:56.453940025Z,,,,,,,01JGMPE5881R3V1FHKJ19MG8QG,2025-01-03T00:26:45.520006804Z,2,2025-01-03T00:25:27.065654218Z,,,,,,,,,,,,,01JGMR8AEH7T0YZMZV5D5MBE6S,2025-01-03T00:15:17.405059448Z,67367560f6f894f6dcb2e5c4,2025-01-03T00:15:17.405059448Z,,,,,,,,,"{""contextSize"":4,""contextStructure"":""comp-within"",""feedbackDuration"":3,""maxTimeout"":3,""numRepetitionsWithPartner"":4,""playerCount"":2,""selectionDuration"":60,""showNegativeFeedback"":1}",2025-01-03T00:15:17.422915873Z,full-comp-within,2025-01-03T00:15:17.422915873Z,"{""participantKey"":""67367560f6f894f6dcb2e5c4"",""STUDY_ID"":""677727dda3537aa7cbd6434b"",""SESSION_ID"":""67772b96168395b382f04fb5""}",2025-01-03T00:15:19.249294375Z
01JGMQGH43JPF97JBRB7ERV7Y0,https://api.dicebear.com/8.x/rings/svg?seed=Repi,2025-01-03T00:12:05.386479691Z,0.360000,2025-01-03T00:27:17.909959924Z,,2025-01-03T00:27:18.012336701Z,game ended,2025-01-03T00:31:32.007581359Z,true,2025-01-03T00:31:31.948064916Z,,,,,01JGMPDZ43FFD9JRQ4A4DMTRA1,2025-01-03T00:10:13.023681722Z,2,2025-01-03T00:07:55.587852393Z,true,2025-01-03T00:11:20.385575032Z,01JGMPDZ43FFD9JRQ4A4DMTRA1,2025-01-03T00:11:20.402046082Z,01JGMR15ED3Q7VR3BY98XWMT0S,2025-01-03T00:11:20.402046082Z,Repi,2025-01-03T00:12:05.386479691Z,#29828D,2025-01-03T00:12:05.386479691Z,4,2025-01-03T00:31:31.948064916Z,01JGMQGFWYQE2AECECM6PJM9KK,2025-01-03T00:02:15.30059304Z,67753865269cdfb8ded2d607,2025-01-03T00:02:15.30059304Z,01JGMQTDCNJ97HMMS04T3PJX4W,2025-01-03T00:12:05.386479691Z,director,2025-01-03T00:30:28.543746428Z,0.360000,2025-01-03T00:27:17.909959924Z,/avatars/blue.png,2025-01-03T00:12:05.386479691Z,"{""contextSize"":4,""contextStructure"":""noncomp"",""feedbackDuration"":3,""maxTimeout"":3,""numRepetitionsWithPartner"":4,""playerCount"":2,""selectionDuration"":60,""showNegativeFeedback"":1}",2025-01-03T00:02:15.310092416Z,full-noncomp,2025-01-03T00:02:15.310092416Z,"{""participantKey"":""67753865269cdfb8ded2d607"",""STUDY_ID"":""677727dda3537aa7cbd6434b"",""SESSION_ID"":""677728e2d2aa386a73c31e51""}",2025-01-03T00:02:16.278929084Z
01JGMQGY3640PH0M1EA7GVTRQJ,https://api.dicebear.com/8.x/rings/svg?seed=Minu,2025-01-03T00:05:12.355864588Z,0,2025-01-03T00:05:12.355864588Z,,2025-01-03T00:06:45.362010149Z,game ended,2025-01-03T00:11:03.698278021Z,true,2025-01-03T00:11:03.668631821Z,,,,,01JGMPEGCCTMJ7086RP1QDWA0E,2025-01-03T00:04:57.300010251Z,2,2025-01-03T00:03:27.928287351Z,true,2025-01-03T00:05:12.11518266Z,01JGMPEGCCTMJ7086RP1QDWA0E,2025-01-03T00:05:12.144967741Z,01JGMQNXTCJ2BAKEF97TZ4F061,2025-01-03T00:05:12.144967741Z,Minu,2025-01-03T00:05:12.355864588Z,#444EA1,2025-01-03T00:05:12.355864588Z,4,2025-01-03T00:11:03.668631821Z,01JGMQGWMMXWN0N9JYZRJP1C9V,2025-01-03T00:02:28.582271927Z,6771305109a9d89b22d54d8c,2025-01-03T00:02:28.582271927Z,01JGMQGTYAV3ABPWNRWXQAPZMH,2025-01-03T00:05:12.355864588Z,matcher,2025-01-03T00:10:00.516310449Z,0,2025-01-03T00:05:12.355864588Z,/avatars/red.png,2025-01-03T00:05:12.355864588Z,"{""contextSize"":4,""contextStructure"":""comp-between"",""feedbackDuration"":3,""maxTimeout"":3,""numRepetitionsWithPartner"":4,""playerCount"":2,""selectionDuration"":60,""showNegativeFeedback"":1}",2025-01-03T00:02:28.592011732Z,full-comp-between,2025-01-03T00:02:28.592011732Z,"{""participantKey"":""6771305109a9d89b22d54d8c"",""STUDY_ID"":""677727dda3537aa7cbd6434b"",""SESSION_ID"":""677728da924013b18b5c7751""}",2025-01-03T00:02:29.398263068Z
01JGMQHGD1VY3YMYX1SRZDF4P2,https://api.dicebear.com/8.x/rings/svg?seed=Repi,2025-01-03T00:10:13.403615267Z,1.740000,2025-01-03T00:43:00.199167112Z,/tangrams/357_48.png,2025-01-03T00:42:56.734399397Z,game ended,2025-01-03T00:43:00.308304273Z,false,2025-01-03T00:10:13.403615267Z,true,2025-01-03T00:45:27.988818371Z,"{""age"":""34"",""gender"":""female"",""strategy"":""Fantastic descriptions"",""enjoy"":""I enjoyed it, My Partner was smart with relatable descriptions"",""feedback"":""ok though some shapes were difficult to describe"",""education"":""bachelor""}",2025-01-03T00:45:27.972424473Z,01JGMPEGCD0EX4TXSSNEY3A670,2025-01-03T00:08:33.855470412Z,2,2025-01-03T00:07:47.398160012Z,true,2025-01-03T00:09:41.316253607Z,01JGMPEGCD0EX4TXSSNEY3A670,2025-01-03T00:09:41.330262357Z,01JGMQY4PDVARP80GD3ANPCY6J,2025-01-03T00:09:41.330262357Z,Repi,2025-01-03T00:10:13.403615267Z,#29828D,2025-01-03T00:10:13.403615267Z,0,2025-01-03T00:12:41.160084954Z,01JGMQHG4TBEVPKCCRPBFNVB73,2025-01-03T00:02:47.329998407Z,67570819d5dd1638a79ca255,2025-01-03T00:02:47.329998407Z,01JGMQRP99CPYVH2GR0Y3QBAEC,2025-01-03T00:10:13.403615267Z,director,2025-01-03T00:42:40.776144742Z,1.740000,2025-01-03T00:43:00.199167112Z,/avatars/blue.png,2025-01-03T00:10:13.403615267Z,"{""contextSize"":4,""contextStructure"":""noncomp"",""feedbackDuration"":3,""maxTimeout"":3,""numRepetitionsWithPartner"":4,""playerCount"":2,""selectionDuration"":60,""showNegativeFeedback"":1}",2025-01-03T00:02:47.33787996Z,full-noncomp,2025-01-03T00:02:47.33787996Z,"{""participantKey"":""67570819d5dd1638a79ca255"",""STUDY_ID"":""677727dda3537aa7cbd6434b"",""SESSION_ID"":""677728e115436777da8c79a6""}",2025-01-03T00:02:47.467315291Z
01JGMQN37GA63YF1JCJ0D8D9JB,,,,,,,game terminated,2025-01-03T00:56:01.240570263Z,,,,,,,01JGMPETJ1NYR6E3J1EVCQBS9H,2025-01-03T00:21:57.75069758Z,2,2025-01-03T00:04:55.769829511Z,,,,,,,,,,,,,01JGMQN079YDNE94H3007RQ5TN,2025-01-03T00:04:44.912459496Z,673cb1a204cd9f7c3ae43a14,2025-01-03T00:04:44.912459496Z,,,,,,,,,"{""contextSize"":4,""contextStructure"":""comp-between"",""feedbackDuration"":3,""maxTimeout"":3,""numRepetitionsWithPartner"":4,""playerCount"":2,""selectionDuration"":60,""showNegativeFeedback"":1}",2025-01-03T00:04:44.921825845Z,full-comp-between,2025-01-03T00:04:44.921825845Z,"{""participantKey"":""673cb1a204cd9f7c3ae43a14"",""STUDY_ID"":""677727dda3537aa7cbd6434b"",""SESSION_ID"":""677728e64398533b55527473""}",2025-01-03T00:04:46.388294328Z
01JGMQRP99CPYVH2GR0Y3QBAEC,https://api.dicebear.com/8.x/rings/svg?seed=Minu,2025-01-03T00:10:13.403615267Z,1.740000,2025-01-03T00:43:00.199167112Z,/tangrams/357_48.png,2025-01-03T00:42:56.753683537Z,game ended,2025-01-03T00:43:00.308304273Z,false,2025-01-03T00:10:13.403615267Z,true,2025-01-03T00:44:32.267809398Z,"{""age"":""25"",""gender"":""Female"",""strategy"":""I kept it as simple as possible and also used my partner's descriptions to help them select the right one"",""enjoy"":""Yes I enjoyed collaborating and helping each other"",""feedback"":""I didn't have any problems"",""education"":""high-school""}",2025-01-03T00:44:32.251019567Z,01JGMPEGCD0EX4TXSSNEY3A670,2025-01-03T00:08:33.855470412Z,2,2025-01-03T00:08:52.431248744Z,true,2025-01-03T00:10:12.986204616Z,01JGMPEGCD0EX4TXSSNEY3A670,2025-01-03T00:10:13.040530261Z,01JGMQZ3N9GWAJ4FEZGYCMVCH0,2025-01-03T00:10:13.040530261Z,Minu,2025-01-03T00:10:13.403615267Z,#444EA1,2025-01-03T00:10:13.403615267Z,0,2025-01-03T00:12:41.160084954Z,01JGMQRP1AK1CXBANW7Z1RH2SV,2025-01-03T00:06:42.729289485Z,58ccfada8460040001e1ec4f,2025-01-03T00:06:42.729289485Z,01JGMQHGD1VY3YMYX1SRZDF4P2,2025-01-03T00:10:13.403615267Z,matcher,2025-01-03T00:42:40.776144742Z,1.740000,2025-01-03T00:43:00.199167112Z,/avatars/red.png,2025-01-03T00:10:13.403615267Z,"{""contextSize"":4,""contextStructure"":""noncomp"",""feedbackDuration"":3,""maxTimeout"":3,""numRepetitionsWithPartner"":4,""playerCount"":2,""selectionDuration"":60,""showNegativeFeedback"":1}",2025-01-03T00:06:42.740388718Z,full-noncomp,2025-01-03T00:06:42.740388718Z,"{""participantKey"":""58ccfada8460040001e1ec4f"",""STUDY_ID"":""677727dda3537aa7cbd6434b"",""SESSION_ID"":""677728e8fea5902015c37801""}",2025-01-03T00:06:42.893640441Z
01JGMQRW7FD5VMY04QVT366J66,,,,,,,game terminated,2025-01-03T00:56:01.165605738Z,,,,,,,01JGMPETJ1NYR6E3J1F4NX8HFM,2025-01-03T00:14:39.808259684Z,1,2025-01-03T00:06:51.842163115Z,,,,,,,,,,,,,01JGMQRVW5XNVDMAXEC2BQ91TR,2025-01-03T00:06:48.815477063Z,d,2025-01-03T00:06:48.815477063Z,,,,,,,,,"{""contextSize"":4,""contextStructure"":""noncomp"",""feedbackDuration"":3,""maxTimeout"":3,""numRepetitionsWithPartner"":4,""playerCount"":2,""selectionDuration"":60,""showNegativeFeedback"":1}",2025-01-03T00:06:48.825206964Z,full-noncomp,2025-01-03T00:06:48.825206964Z,"{""participantKey"":""66c200eb18faca39cc482e5b"",""STUDY_ID"":""677727dda3537aa7cbd6434b"",""SESSION_ID"":""677728fb404df7237953171f""}",2025-01-03T00:06:48.995467087Z
01JGMR506EKTHCWNRC8VJS56MM,,,,,,,game terminated,2025-01-03T00:55:56.453940025Z,,,,,,,01JGMPE5881R3V1FHKJ19MG8QG,2025-01-03T00:26:45.520006804Z,2,2025-01-03T00:14:11.090997701Z,,,,,,,,,,,,,01JGMR4ZTGTVV4B9VX11B3186Z,2025-01-03T00:13:26.09415289Z,664ad2b692b9f17e3c51ea2d@email.prolific.com,2025-01-03T00:13:26.09415289Z,,,,,,,,,"{""contextSize"":4,""contextStructure"":""comp-within"",""feedbackDuration"":3,""maxTimeout"":3,""numRepetitionsWithPartner"":4,""playerCount"":2,""selectionDuration"":60,""showNegativeFeedback"":1}",2025-01-03T00:13:26.110164091Z,full-comp-within,2025-01-03T00:13:26.110164091Z,"{""participantKey"":""664ad2b692b9f17e3c51ea2d"",""STUDY_ID"":""677727dda3537aa7cbd6434b"",""SESSION_ID"":""677728f5ed087c573d991b46""}",2025-01-03T00:13:26.322417405Z
01JGMRH8V5KRAGH34CQ6RX81DS,https://api.dicebear.com/8.x/rings/svg?seed=Minu,2025-01-03T00:21:58.391538829Z,1.890000,2025-01-03T00:55:47.942626438Z,/tangrams/165_99.png,2025-01-03T00:55:44.527554279Z,game ended,2025-01-03T00:55:48.088542282Z,false,2025-01-03T00:21:58.391538829Z,true,2025-01-03T00:56:59.841091805Z,"{""age"":""32"",""gender"":""Male"",""strategy"":""Be good and quick"",""enjoy"":""I did"",""feedback"":""All good"",""education"":""bachelor""}",2025-01-03T00:56:59.820031536Z,01JGMPDZ42BSHFVYVY6M672P0G,2025-01-03T00:20:08.187773628Z,2,2025-01-03T00:21:15.197412512Z,true,2025-01-03T00:21:57.724697809Z,01JGMPDZ42BSHFVYVY6M672P0G,2025-01-03T00:21:57.767760461Z,01JGMRMKW3QM8E43QMKES2QE7Q,2025-01-03T00:21:57.767760461Z,Minu,2025-01-03T00:21:58.391538829Z,#444EA1,2025-01-03T00:21:58.391538829Z,0,2025-01-03T00:24:07.98006793Z,01JGMRH8GG12EWS19R0DWYA9CY,2025-01-03T00:20:08.165817065Z,63d82b2de40f94ceb14816cc,2025-01-03T00:20:08.165817065Z,01JGMQJ42PPSDJSC12K8X2G1ZT,2025-01-03T00:21:58.391538829Z,matcher,2025-01-03T00:55:20.3571053Z,1.890000,2025-01-03T00:55:47.942626438Z,/avatars/red.png,2025-01-03T00:21:58.391538829Z,"{""contextSize"":4,""contextStructure"":""comp-between"",""feedbackDuration"":3,""maxTimeout"":3,""numRepetitionsWithPartner"":4,""playerCount"":2,""selectionDuration"":60,""showNegativeFeedback"":1}",2025-01-03T00:20:08.187773628Z,full-comp-between,2025-01-03T00:20:08.187773628Z,"{""participantKey"":""63d82b2de40f94ceb14816cc"",""STUDY_ID"":""677727dda3537aa7cbd6434b"",""SESSION_ID"":""67772c2062629a2a6d23a18e""}",2025-01-03T00:20:08.360963257Z
01JGMQG1E0QCEHXYNRX23WD747,https://api.dicebear.com/8.x/rings/svg?seed=Repi,2025-01-03T00:04:57.46129049Z,1.800000,2025-01-03T00:31:14.799030088Z,/tangrams/224_219.png,2025-01-03T00:31:11.402285105Z,game ended,2025-01-03T00:31:14.896935271Z,false,2025-01-03T00:04:57.46129049Z,true,2025-01-03T00:32:31.343414208Z,"{""age"":""29"",""gender"":""Male"",""strategy"":""Accurately describing the shapes I was seeing and the directions they were pointing"",""enjoy"":""It was fun to see how we evolved on describing the objects over time. "",""feedback"":""None. Thanks for the study. "",""education"":""bachelor""}",2025-01-03T00:32:31.358629872Z,01JGMPEKWGHHVPTB7Y1WE4VE72,2025-01-03T00:01:59.24337769Z,2,2025-01-03T00:03:51.054606561Z,true,2025-01-03T00:04:14.831527247Z,01JGMPEKWGHHVPTB7Y1WE4VE72,2025-01-03T00:04:14.841682083Z,01JGMQM5VM5BS6D6TQJ06VJBBF,2025-01-03T00:04:14.841682083Z,Repi,2025-01-03T00:04:57.46129049Z,#29828D,2025-01-03T00:04:57.46129049Z,0,2025-01-03T00:17:43.058495785Z,01JGMQG12602H8AKCMR6ZWGSC4,2025-01-03T00:01:59.232583728Z,66abb9487518e84e9073fbb3,2025-01-03T00:01:59.232583728Z,01JGMQGPEY1GXAKW4XBP7WJQCG,2025-01-03T00:04:57.46129049Z,director,2025-01-03T00:31:05.567376911Z,1.800000,2025-01-03T00:31:14.799030088Z,/avatars/blue.png,2025-01-03T00:04:57.46129049Z,"{""contextSize"":4,""contextStructure"":""comp-between"",""feedbackDuration"":3,""maxTimeout"":3,""numRepetitionsWithPartner"":4,""playerCount"":2,""selectionDuration"":60,""showNegativeFeedback"":1}",2025-01-03T00:01:59.24337769Z,full-comp-between,2025-01-03T00:01:59.24337769Z,"{""participantKey"":""66abb9487518e84e9073fbb3"",""STUDY_ID"":""677727dda3537aa7cbd6434b"",""SESSION_ID"":""677728d09c3656f80d22d365""}",2025-01-03T00:01:59.426298142Z
01JGMQG4C69YM2PCB6S4AQP0MY,https://api.dicebear.com/8.x/rings/svg?seed=Repi,2025-01-03T00:08:50.614067868Z,1.860000,2025-01-03T00:35:24.547478509Z,/tangrams/48_379.png,2025-01-03T00:35:21.249240757Z,game ended,2025-01-03T00:35:24.667017789Z,false,2025-01-03T00:08:50.614067868Z,true,2025-01-03T00:36:10.182671471Z,"{""age"":""35"",""gender"":""trans man"",""strategy"":""shortened phrase to represent"",""enjoy"":""yes, great communication"",""feedback"":""n/a"",""education"":""master""}",2025-01-03T00:36:10.166961737Z,01JGMPE587BR7N7WSVT2WDGBYZ,2025-01-03T00:05:12.134915304Z,2,2025-01-03T00:04:48.032262718Z,true,2025-01-03T00:08:50.313416384Z,01JGMPE587BR7N7WSVT2WDGBYZ,2025-01-03T00:08:50.340742535Z,01JGMQWJX0DJH4FFAK6GMZM0TT,2025-01-03T00:08:50.340742535Z,Repi,2025-01-03T00:08:50.614067868Z,#29828D,2025-01-03T00:08:50.614067868Z,0,2025-01-03T00:20:13.798672314Z,01JGMQG3ZA0NX22P19GPEN7P89,2025-01-03T00:02:02.246952016Z,57d2f3fd68010e0001243313,2025-01-03T00:02:02.246952016Z,01JGMQGFQMT0FM1WQB0GH5XYEB,2025-01-03T00:08:50.614067868Z,director,2025-01-03T00:35:02.335780282Z,1.860000,2025-01-03T00:35:24.547478509Z,/avatars/blue.png,2025-01-03T00:08:50.614067868Z,"{""contextSize"":4,""contextStructure"":""comp-between"",""feedbackDuration"":3,""maxTimeout"":3,""numRepetitionsWithPartner"":4,""playerCount"":2,""selectionDuration"":60,""showNegativeFeedback"":1}",2025-01-03T00:02:02.258318272Z,full-comp-between,2025-01-03T00:02:02.258318272Z,"{""participantKey"":""57d2f3fd68010e0001243313"",""STUDY_ID"":""677727dda3537aa7cbd6434b"",""SESSION_ID"":""677728dd4f9364b503bbd0aa""}",2025-01-03T00:02:02.49477483Z
01JGMR2BHV2HJ522CPN31HK0RX,,,,,,,game terminated,2025-01-03T00:55:56.453940025Z,,,true,2025-01-03T00:57:15.409525739Z,"{""gamefailed"":""nogame""}",2025-01-03T00:57:15.384590829Z,01JGMPE5881R3V1FHKJ19MG8QG,2025-01-03T00:26:45.520006804Z,2,2025-01-03T00:15:17.303842808Z,true,2025-01-03T00:40:53.619645762Z,01JGMPE5881R3V1FHKJ19MG8QG,2025-01-03T00:40:53.648426412Z,01JGMSQ94BMXP557AQ151GZSXW,2025-01-03T00:40:53.648426412Z,,,,,,,01JGMR28ARYW43RCFAECKXKYX1,2025-01-03T00:11:59.419871235Z,671fd431566a10fce97aa962@email.prolific.com,2025-01-03T00:11:59.419871235Z,,,,,,,,,"{""contextSize"":4,""contextStructure"":""comp-within"",""feedbackDuration"":3,""maxTimeout"":3,""numRepetitionsWithPartner"":4,""playerCount"":2,""selectionDuration"":60,""showNegativeFeedback"":1}",2025-01-03T00:11:59.433594618Z,full-comp-within,2025-01-03T00:11:59.433594618Z,"{""participantKey"":""671fd431566a10fce97aa962"",""STUDY_ID"":""677727dda3537aa7cbd6434b"",""SESSION_ID"":""67772a6fcb416c3806aaf268""}",2025-01-03T00:12:00.426727619Z
01JGMR9VGE3YSXYM894MNXD849,,,,,,,game terminated,2025-01-03T00:56:01.240570263Z,,,,,,,01JGMPETJ1NYR6E3J1EVCQBS9H,2025-01-03T00:21:57.75069758Z,1,2025-01-03T00:16:59.017597915Z,,,,,,,,,,,,,01JGMR9S91T3ZKNCAPVJTKME99,2025-01-03T00:16:05.13449645Z,6772a5ec7d8d564668455ea0,2025-01-03T00:16:05.13449645Z,,,,,,,,,"{""contextSize"":4,""contextStructure"":""comp-between"",""feedbackDuration"":3,""maxTimeout"":3,""numRepetitionsWithPartner"":4,""playerCount"":2,""selectionDuration"":60,""showNegativeFeedback"":1}",2025-01-03T00:16:05.152048022Z,full-comp-between,2025-01-03T00:16:05.152048022Z,"{""participantKey"":""676194a88b105d80e1b2b63f"",""STUDY_ID"":""677727dda3537aa7cbd6434b"",""SESSION_ID"":""67772a3badbccb82d85b527d""}",2025-01-03T00:16:05.752976065Z
01JGMRS4R165EHN6VR9W1JT35B,https://api.dicebear.com/8.x/rings/svg?seed=Minu,2025-01-03T00:26:46.391067742Z,0,2025-01-03T00:26:46.391067742Z,,2025-01-03T00:27:07.72495802Z,game ended,2025-01-03T00:31:22.140771884Z,true,2025-01-03T00:31:22.101857077Z,true,2025-01-03T00:32:38.140717065Z,"{""age"":""30"",""gender"":""Male"",""strategy"":""Describing using letters or logos"",""enjoy"":""N/A"",""feedback"":""Other player was not responsive and I was not able to click the images"",""education"":""bachelor""}",2025-01-03T00:32:38.125612372Z,01JGMPDZ43FFD9JRQ4AJG1MR0F,2025-01-03T00:24:26.133037849Z,2,2025-01-03T00:26:14.084329408Z,true,2025-01-03T00:26:45.479757065Z,01JGMPDZ43FFD9JRQ4AJG1MR0F,2025-01-03T00:26:45.540809136Z,01JGMRXCWYB4X5JF5JE7TES64V,2025-01-03T00:26:45.540809136Z,Minu,2025-01-03T00:26:46.391067742Z,#444EA1,2025-01-03T00:26:46.391067742Z,4,2025-01-03T00:31:22.101857077Z,01JGMRS4E4NC2E6Y265EDZNAFC,2025-01-03T00:24:26.113132672Z,673918cac1da9f53da621209,2025-01-03T00:24:26.113132672Z,01JGMQWE23QVFGNB9JWRF64CG4,2025-01-03T00:26:46.391067742Z,matcher,2025-01-03T00:30:18.575685318Z,0,2025-01-03T00:26:46.391067742Z,/avatars/red.png,2025-01-03T00:26:46.391067742Z,"{""contextSize"":4,""contextStructure"":""comp-within"",""feedbackDuration"":3,""maxTimeout"":3,""numRepetitionsWithPartner"":4,""playerCount"":2,""selectionDuration"":60,""showNegativeFeedback"":1}",2025-01-03T00:24:26.133037849Z,full-comp-within,2025-01-03T00:24:26.133037849Z,"{""participantKey"":""673918cac1da9f53da621209"",""STUDY_ID"":""677727dda3537aa7cbd6434b"",""SESSION_ID"":""67772ddec5ba4ecf789b5a39""}",2025-01-03T00:24:26.306741806Z
01JGMQGTYAV3ABPWNRWXQAPZMH,https://api.dicebear.com/8.x/rings/svg?seed=Repi,2025-01-03T00:05:12.355864588Z,0,2025-01-03T00:05:12.355864588Z,,2025-01-03T00:06:45.362010149Z,game ended,2025-01-03T00:11:03.698278021Z,true,2025-01-03T00:11:03.668631821Z,,,,,01JGMPEGCCTMJ7086RP1QDWA0E,2025-01-03T00:04:57.300010251Z,2,2025-01-03T00:03:01.708835605Z,true,2025-01-03T00:05:04.616234604Z,01JGMPEGCCTMJ7086RP1QDWA0E,2025-01-03T00:05:04.626686019Z,01JGMQNPFE1RB0GSRCG687SNPW,2025-01-03T00:05:04.626686019Z,Repi,2025-01-03T00:05:12.355864588Z,#29828D,2025-01-03T00:05:12.355864588Z,4,2025-01-03T00:11:03.668631821Z,01JGMQGTB3RW94ERMPYRDGGG3G,2025-01-03T00:02:25.354288573Z,62b626b7cc2365d4e7f5c5aa,2025-01-03T00:02:25.354288573Z,01JGMQGY3640PH0M1EA7GVTRQJ,2025-01-03T00:05:12.355864588Z,director,2025-01-03T00:10:00.516310449Z,0,2025-01-03T00:05:12.355864588Z,/avatars/blue.png,2025-01-03T00:05:12.355864588Z,"{""contextSize"":4,""contextStructure"":""comp-between"",""feedbackDuration"":3,""maxTimeout"":3,""numRepetitionsWithPartner"":4,""playerCount"":2,""selectionDuration"":60,""showNegativeFeedback"":1}",2025-01-03T00:02:25.36300774Z,full-comp-between,2025-01-03T00:02:25.36300774Z,"{""participantKey"":""62b626b7cc2365d4e7f5c5aa"",""STUDY_ID"":""677727dda3537aa7cbd6434b"",""SESSION_ID"":""677728f8fb0459de5aa7d8a1""}",2025-01-03T00:02:25.700416385Z
01JGMQKY713V088X62R9FZW88W,,,,,,,game terminated,2025-01-03T00:56:01.165605738Z,,,,,,,01JGMPETJ1NYR6E3J1F4NX8HFM,2025-01-03T00:14:39.808259684Z,2,2025-01-03T00:04:13.321849402Z,,,,,,,,,,,,,01JGMQKWT54XMKJ51J0EQCJBWQ,2025-01-03T00:04:07.009538323Z,67549026e8cf175e545fbd66,2025-01-03T00:04:07.009538323Z,,,,,,,,,"{""contextSize"":4,""contextStructure"":""noncomp"",""feedbackDuration"":3,""maxTimeout"":3,""numRepetitionsWithPartner"":4,""playerCount"":2,""selectionDuration"":60,""showNegativeFeedback"":1}",2025-01-03T00:04:07.019121156Z,full-noncomp,2025-01-03T00:04:07.019121156Z,"{""participantKey"":""67549026e8cf175e545fbd66"",""STUDY_ID"":""677727dda3537aa7cbd6434b"",""SESSION_ID"":""67772907ef38f184da0fc54a""}",2025-01-03T00:04:07.697855479Z
01JGMQGPEY1GXAKW4XBP7WJQCG,https://api.dicebear.com/8.x/rings/svg?seed=Minu,2025-01-03T00:04:57.46129049Z,1.800000,2025-01-03T00:31:14.799030088Z,/tangrams/224_219.png,2025-01-03T00:31:11.068189758Z,game ended,2025-01-03T00:31:14.896935271Z,false,2025-01-03T00:04:57.46129049Z,true,2025-01-03T00:32:54.991460761Z,"{""age"":""32"",""gender"":""F"",""strategy"":""Come up with descriptions to eliminate the other images. Re use the same descriptors to get through the game efficiently."",""enjoy"":""My partner was good, we both understood and explained the images similarly in a way we could both understand"",""feedback"":""Some questions it would lag when I was the matcher to pick the answer. Not sure if it was the game itself or connection."",""education"":""bachelor""}",2025-01-03T00:32:55.007697859Z,01JGMPEKWGHHVPTB7Y1WE4VE72,2025-01-03T00:02:20.773104851Z,2,2025-01-03T00:03:51.643064251Z,true,2025-01-03T00:04:57.281687684Z,01JGMPEKWGHHVPTB7Y1WE4VE72,2025-01-03T00:04:57.311807577Z,01JGMQNFASCXV1RMSN8S9GJR0Y,2025-01-03T00:04:57.311807577Z,Minu,2025-01-03T00:04:57.46129049Z,#444EA1,2025-01-03T00:04:57.46129049Z,0,2025-01-03T00:17:43.058495785Z,01JGMQGP5H6MN7V1ERE7XJJRK0,2025-01-03T00:02:20.766434932Z,65569cafdc6a3a8bf6d31671,2025-01-03T00:02:20.766434932Z,01JGMQG1E0QCEHXYNRX23WD747,2025-01-03T00:04:57.46129049Z,matcher,2025-01-03T00:31:05.567376911Z,1.800000,2025-01-03T00:31:14.799030088Z,/avatars/red.png,2025-01-03T00:04:57.46129049Z,"{""contextSize"":4,""contextStructure"":""comp-between"",""feedbackDuration"":3,""maxTimeout"":3,""numRepetitionsWithPartner"":4,""playerCount"":2,""selectionDuration"":60,""showNegativeFeedback"":1}",2025-01-03T00:02:20.773104851Z,full-comp-between,2025-01-03T00:02:20.773104851Z,"{""participantKey"":""65569cafdc6a3a8bf6d31671"",""STUDY_ID"":""677727dda3537aa7cbd6434b"",""SESSION_ID"":""677728e8bd6067c8572af9d1""}",2025-01-03T00:02:20.955741164Z
01JGMQGPZBFPBPR8RRNHWD81EA,https://api.dicebear.com/8.x/rings/svg?seed=Repi,2025-01-03T00:04:51.731822425Z,1.890000,2025-01-03T00:34:34.2155804Z,/tangrams/376_46.png,2025-01-03T00:34:30.906502541Z,game ended,2025-01-03T00:34:34.317306274Z,false,2025-01-03T00:04:51.731822425Z,true,2025-01-03T00:35:52.842406747Z,"{""age"":""33"",""gender"":""Male"",""strategy"":""Split the shape up into left/right side and describe them as best as I can."",""enjoy"":""Yes. It felt like we understood each other."",""feedback"":""I found some of the shapes hard to describe."",""education"":""bachelor""}",2025-01-03T00:35:52.618063912Z,01JGMPEKWH8QMTD4WJEC8GZVHA,2025-01-03T00:02:21.300885523Z,2,2025-01-03T00:02:58.498366009Z,true,2025-01-03T00:04:16.008597806Z,01JGMPEKWH8QMTD4WJEC8GZVHA,2025-01-03T00:04:16.016051001Z,01JGMQM70CN43ZVPR2JSX560KE,2025-01-03T00:04:16.016051001Z,Repi,2025-01-03T00:04:51.731822425Z,#29828D,2025-01-03T00:04:51.731822425Z,0,2025-01-03T00:04:51.731822425Z,01JGMQGPKCDRSRJXJTT3QB9803,2025-01-03T00:02:21.291850551Z,663109c3a79e9e7cd778a93d,2025-01-03T00:02:21.291850551Z,01JGMQH1FMA0SZ0ZMDHAFWQJ3A,2025-01-03T00:04:51.731822425Z,director,2025-01-03T00:34:17.550603509Z,1.890000,2025-01-03T00:34:34.2155804Z,/avatars/blue.png,2025-01-03T00:04:51.731822425Z,"{""contextSize"":4,""contextStructure"":""comp-within"",""feedbackDuration"":3,""maxTimeout"":3,""numRepetitionsWithPartner"":4,""playerCount"":2,""selectionDuration"":60,""showNegativeFeedback"":1}",2025-01-03T00:02:21.300885523Z,full-comp-within,2025-01-03T00:02:21.300885523Z,"{""participantKey"":""663109c3a79e9e7cd778a93d"",""STUDY_ID"":""677727dda3537aa7cbd6434b"",""SESSION_ID"":""677728e6d0da16b07ec8041c""}",2025-01-03T00:02:21.578304833Z
01JGMPFKE0PPW30VR446G9ZZP9,,,,,,,game terminated,2025-01-03T00:56:01.198170297Z,,,,,,,01JGMPETJ1NYR6E3J1FJPCHZ1Q,2025-01-02T23:44:16.331153234Z,2,2025-01-02T23:45:03.15491074Z,,,,,,,,,,,,,01JGMPFK67QMFYRSEZTQZQ6GK6,2025-01-02T23:44:16.320224923Z,test0,2025-01-02T23:44:16.320224923Z,,,,,,,,,"{""contextSize"":4,""contextStructure"":""comp-within"",""feedbackDuration"":3,""maxTimeout"":3,""numRepetitionsWithPartner"":4,""playerCount"":2,""selectionDuration"":60,""showNegativeFeedback"":1}",2025-01-02T23:44:16.331153234Z,full-comp-within,2025-01-02T23:44:16.331153234Z,"{""participantKey"":""test0""}",2025-01-02T23:44:16.452322633Z
01JGMQEZ9MR57BRTHEEV7XFTBE,,,,,,,game terminated,2025-01-03T00:55:56.453940025Z,,,,,,,01JGMPE5881R3V1FHKJ19MG8QG,2025-01-03T00:26:45.520006804Z,1,2025-01-03T00:01:25.74423425Z,,,,,,,,,,,,,01JGMQEZ1X16NTXT66V7ZB1H31,2025-01-03T00:01:24.276821943Z,test3,2025-01-03T00:01:24.276821943Z,,,,,,,,,"{""contextSize"":4,""contextStructure"":""comp-within"",""feedbackDuration"":3,""maxTimeout"":3,""numRepetitionsWithPartner"":4,""playerCount"":2,""selectionDuration"":60,""showNegativeFeedback"":1}",2025-01-03T00:01:24.290098018Z,full-comp-within,2025-01-03T00:01:24.290098018Z,{},2025-01-03T00:01:24.41028134Z
01JGMQJ6RWFFD55KC33JE4KK0N,,,,,,,game terminated,2025-01-03T00:55:56.453940025Z,,,,,,,01JGMPE5881R3V1FHKJ19MG8QG,2025-01-03T00:26:45.520006804Z,2,2025-01-03T00:03:16.353506528Z,,,,,,,,,,,,,01JGMQJ51WTTYDJ0X6CMWM715P,2025-01-03T00:03:10.236441881Z,6776c4770fe5e5dd8c219c79,2025-01-03T00:03:10.236441881Z,,,,,,,,,"{""contextSize"":4,""contextStructure"":""comp-within"",""feedbackDuration"":3,""maxTimeout"":3,""numRepetitionsWithPartner"":4,""playerCount"":2,""selectionDuration"":60,""showNegativeFeedback"":1}",2025-01-03T00:03:10.244709835Z,full-comp-within,2025-01-03T00:03:10.244709835Z,"{""participantKey"":""6776c4770fe5e5dd8c219c79"",""STUDY_ID"":""677727dda3537aa7cbd6434b"",""SESSION_ID"":""677728d16c47db10c5d7f190""}",2025-01-03T00:03:10.837345036Z
01JGMQVN9N493768F6VFVA1BXW,https://api.dicebear.com/8.x/rings/svg?seed=Repi,2025-01-03T00:14:40.327626366Z,1.680000,2025-01-03T00:49:27.851013795Z,/tangrams/280_202.png,2025-01-03T00:49:24.455683535Z,game ended,2025-01-03T00:49:27.991937749Z,false,2025-01-03T00:14:40.327626366Z,true,2025-01-03T00:51:25.826698644Z,"{""age"":""22"",""gender"":""male"",""strategy"":""using similar shapes in real life"",""enjoy"":""it was a very interesting game i loved it "",""feedback"":""no problems encountered"",""education"":""high-school""}",2025-01-03T00:51:25.722589859Z,01JGMPE5881R3V1FHKJHHTTK7K,2025-01-03T00:12:04.858719177Z,2,2025-01-03T00:12:59.417462732Z,true,2025-01-03T00:14:39.776435373Z,01JGMPE5881R3V1FHKJHHTTK7K,2025-01-03T00:14:39.823539196Z,01JGMR786ATG2WHNPDCB9M3VJA,2025-01-03T00:14:39.823539196Z,Repi,2025-01-03T00:14:40.327626366Z,#29828D,2025-01-03T00:14:40.327626366Z,0,2025-01-03T00:18:57.468558163Z,01JGMQVM17E5P8XG36E6RK4GZ7,2025-01-03T00:08:20.021501291Z,67741caeee1b8af04980d113,2025-01-03T00:08:20.021501291Z,01JGMQYJGYFT15GF82RNQ1RSY5,2025-01-03T00:14:40.327626366Z,director,2025-01-03T00:49:06.498793183Z,1.680000,2025-01-03T00:49:27.851013795Z,/avatars/blue.png,2025-01-03T00:14:40.327626366Z,"{""contextSize"":4,""contextStructure"":""noncomp"",""feedbackDuration"":3,""maxTimeout"":3,""numRepetitionsWithPartner"":4,""playerCount"":2,""selectionDuration"":60,""showNegativeFeedback"":1}",2025-01-03T00:08:20.031726655Z,full-noncomp,2025-01-03T00:08:20.031726655Z,"{""participantKey"":""67741caeee1b8af04980d113"",""STUDY_ID"":""677727dda3537aa7cbd6434b"",""SESSION_ID"":""677728e9d7a018d7d4b6384d""}",2025-01-03T00:08:20.910398362Z
01JGMQGA5P18KJM2PXRT8SPJ8X,,,,,,,game terminated,2025-01-03T00:56:01.240570263Z,,,,,,,01JGMPETJ1NYR6E3J1EVCQBS9H,2025-01-03T00:21:57.75069758Z,2,2025-01-03T00:03:40.746501886Z,,,,,,,,,,,,,01JGMQG8XP6FG935E5W895YSHZ,2025-01-03T00:02:08.182628259Z,57b4face0fc08b00019fe2fe,2025-01-03T00:02:08.182628259Z,,,,,,,,,"{""contextSize"":4,""contextStructure"":""comp-between"",""feedbackDuration"":3,""maxTimeout"":3,""numRepetitionsWithPartner"":4,""playerCount"":2,""selectionDuration"":60,""showNegativeFeedback"":1}",2025-01-03T00:02:08.191507451Z,full-comp-between,2025-01-03T00:02:08.191507451Z,"{""participantKey"":""57b4face0fc08b00019fe2fe"",""STUDY_ID"":""677727dda3537aa7cbd6434b"",""SESSION_ID"":""677728da7b5b0c1f5c4be379""}",2025-01-03T00:02:08.657650088Z
01JGMQGNK9QXSGJ4S5SV1S4F5C,https://api.dicebear.com/8.x/rings/svg?seed=Repi,2025-01-03T00:13:58.726182174Z,1.830000,2025-01-03T00:42:58.431814629Z,/tangrams/349_52.png,2025-01-03T00:42:55.090718848Z,game ended,2025-01-03T00:42:58.556118516Z,false,2025-01-03T00:13:58.726182174Z,true,2025-01-03T00:45:50.306882844Z,"{""age"":""30"",""gender"":""female"",""strategy"":""My strategy was relating the images to familiar objects or animals and then describing them such as if they had legs or had an object above them."",""enjoy"":""Yes, I really enjoyed playing with my partner. They were quick to respond and also used familiar objects to describe the images"",""feedback"":""Asides the initial glitch to get the survey to load, I did not experience any other problems."",""education"":""bachelor""}",2025-01-03T00:45:50.288890627Z,01JGMPEGCD0EX4TXSSNR8YRX74,2025-01-03T00:04:51.485376441Z,2,2025-01-03T00:05:51.048253464Z,true,2025-01-03T00:10:16.046485514Z,01JGMPEGCD0EX4TXSSNR8YRX74,2025-01-03T00:10:22.064606328Z,01JGMQZCFAWKE1FTT0P71B397J,2025-01-03T00:10:22.064606328Z,Repi,2025-01-03T00:13:58.726182174Z,#29828D,2025-01-03T00:13:58.726182174Z,0,2025-01-03T00:13:58.726182174Z,01JGMQGMWV2QB7FTGTAXEEG9S9,2025-01-03T00:02:19.881851861Z,6742140cd853c7db5ddf3305,2025-01-03T00:02:19.881851861Z,01JGMR1BVG17G9BSEFQKMNT6JZ,2025-01-03T00:13:58.726182174Z,director,2025-01-03T00:42:07.386931259Z,1.830000,2025-01-03T00:42:58.431814629Z,/avatars/blue.png,2025-01-03T00:13:58.726182174Z,"{""contextSize"":4,""contextStructure"":""comp-within"",""feedbackDuration"":3,""maxTimeout"":3,""numRepetitionsWithPartner"":4,""playerCount"":2,""selectionDuration"":60,""showNegativeFeedback"":1}",2025-01-03T00:02:19.891608152Z,full-comp-within,2025-01-03T00:02:19.891608152Z,"{""participantKey"":""6742140cd853c7db5ddf3305"",""STUDY_ID"":""677727dda3537aa7cbd6434b"",""SESSION_ID"":""677728e63e6b746eb20750c0""}",2025-01-03T00:02:20.263710878Z
01JGMQQYTWF1V3CCTES3HZPM3N,,,,,,,game terminated,2025-01-03T00:56:01.165605738Z,,,,,,,01JGMPETJ1NYR6E3J1F4NX8HFM,2025-01-03T00:14:39.808259684Z,2,2025-01-03T00:06:29.339745135Z,,,,,,,,,,,,,01JGMQQX813BAAY9E4DKSN0M51,2025-01-03T00:06:18.716144276Z,675af08c189afe1ee76c95df,2025-01-03T00:06:18.716144276Z,,,,,,,,,"{""contextSize"":4,""contextStructure"":""noncomp"",""feedbackDuration"":3,""maxTimeout"":3,""numRepetitionsWithPartner"":4,""playerCount"":2,""selectionDuration"":60,""showNegativeFeedback"":1}",2025-01-03T00:06:18.726951012Z,full-noncomp,2025-01-03T00:06:18.726951012Z,"{""participantKey"":""675af08c189afe1ee76c95df"",""STUDY_ID"":""677727dda3537aa7cbd6434b"",""SESSION_ID"":""67772985df650b447b410ca8""}",2025-01-03T00:06:19.444646946Z
01JGMQWE23QVFGNB9JWRF64CG4,https://api.dicebear.com/8.x/rings/svg?seed=Repi,2025-01-03T00:26:46.391067742Z,0,2025-01-03T00:26:46.391067742Z,,2025-01-03T00:27:07.72495802Z,game ended,2025-01-03T00:31:22.140771884Z,true,2025-01-03T00:31:22.101857077Z,,,,,01JGMPDZ43FFD9JRQ4AJG1MR0F,2025-01-03T00:13:58.179034056Z,2,2025-01-03T00:09:00.956189342Z,true,2025-01-03T00:22:33.059522375Z,01JGMPDZ43FFD9JRQ4AJG1MR0F,2025-01-03T00:22:33.081006745Z,01JGMRNPBKRGGPV7Z2BKMQ4JDW,2025-01-03T00:22:33.081006745Z,Repi,2025-01-03T00:26:46.391067742Z,#29828D,2025-01-03T00:26:46.391067742Z,4,2025-01-03T00:31:22.101857077Z,01JGMQWC1ESJFKZ8Q6FQGM59YB,2025-01-03T00:08:45.379890984Z,676194a88b105d80e1b2b63f@email.prolific.com,2025-01-03T00:08:45.379890984Z,01JGMRS4R165EHN6VR9W1JT35B,2025-01-03T00:26:46.391067742Z,director,2025-01-03T00:30:18.575685318Z,0,2025-01-03T00:26:46.391067742Z,/avatars/blue.png,2025-01-03T00:26:46.391067742Z,"{""contextSize"":4,""contextStructure"":""comp-within"",""feedbackDuration"":3,""maxTimeout"":3,""numRepetitionsWithPartner"":4,""playerCount"":2,""selectionDuration"":60,""showNegativeFeedback"":1}",2025-01-03T00:08:45.3909192Z,full-comp-within,2025-01-03T00:08:45.3909192Z,"{""participantKey"":""676194a88b105d80e1b2b63f"",""STUDY_ID"":""677727dda3537aa7cbd6434b"",""SESSION_ID"":""67772a3badbccb82d85b527d""}",2025-01-03T00:08:46.44115845Z
01JGMR1BVG17G9BSEFQKMNT6JZ,https://api.dicebear.com/8.x/rings/svg?seed=Minu,2025-01-03T00:13:58.726182174Z,1.830000,2025-01-03T00:42:58.431814629Z,/tangrams/349_52.png,2025-01-03T00:42:54.930248009Z,game ended,2025-01-03T00:42:58.556118516Z,false,2025-01-03T00:13:58.726182174Z,true,2025-01-03T00:44:01.274997869Z,"{""age"":""44"",""gender"":""M"",""strategy"":""simple symbols, reuse them"",""enjoy"":""yes, clear and collaborative nature"",""feedback"":""--"",""education"":""other""}",2025-01-03T00:44:01.25741455Z,01JGMPEGCD0EX4TXSSNR8YRX74,2025-01-03T00:11:26.97501716Z,2,2025-01-03T00:13:21.973939353Z,true,2025-01-03T00:13:58.133981137Z,01JGMPEGCD0EX4TXSSNR8YRX74,2025-01-03T00:13:58.198407893Z,01JGMR5ZHGZ38AZXWXJ364FWW5,2025-01-03T00:13:58.198407893Z,Minu,2025-01-03T00:13:58.726182174Z,#444EA1,2025-01-03T00:13:58.726182174Z,0,2025-01-03T00:13:58.726182174Z,01JGMR1B8MM68JD31B2AWNJ2WQ,2025-01-03T00:11:26.960635346Z,5c6c260dce4e560001f75731,2025-01-03T00:11:26.960635346Z,01JGMQGNK9QXSGJ4S5SV1S4F5C,2025-01-03T00:13:58.726182174Z,matcher,2025-01-03T00:42:07.386931259Z,1.830000,2025-01-03T00:42:58.431814629Z,/avatars/red.png,2025-01-03T00:13:58.726182174Z,"{""contextSize"":4,""contextStructure"":""comp-within"",""feedbackDuration"":3,""maxTimeout"":3,""numRepetitionsWithPartner"":4,""playerCount"":2,""selectionDuration"":60,""showNegativeFeedback"":1}",2025-01-03T00:11:26.97501716Z,full-comp-within,2025-01-03T00:11:26.97501716Z,"{""participantKey"":""5c6c260dce4e560001f75731"",""STUDY_ID"":""677727dda3537aa7cbd6434b"",""SESSION_ID"":""67772b0e5491be3bfef45559""}",2025-01-03T00:11:27.326860588Z
01JGMQHBD3M47PTPQ4DWDKRJMH,,,,,,,game terminated,2025-01-03T00:56:01.240570263Z,,,,,,,01JGMPETJ1NYR6E3J1EVCQBS9H,2025-01-03T00:21:57.75069758Z,2,2025-01-03T00:03:47.669867819Z,,,,,,,,,,,,,01JGMQHB64STSX448XFZ5BV0MX,2025-01-03T00:02:42.21148254Z,669424e6b661e0a098ec66a4,2025-01-03T00:02:42.21148254Z,,,,,,,,,"{""contextSize"":4,""contextStructure"":""comp-between"",""feedbackDuration"":3,""maxTimeout"":3,""numRepetitionsWithPartner"":4,""playerCount"":2,""selectionDuration"":60,""showNegativeFeedback"":1}",2025-01-03T00:02:42.220223658Z,full-comp-between,2025-01-03T00:02:42.220223658Z,"{""participantKey"":""669424e6b661e0a098ec66a4"",""STUDY_ID"":""677727dda3537aa7cbd6434b"",""SESSION_ID"":""677728df33ee922bde91e50b""}",2025-01-03T00:02:42.467825621Z
01JGMQJ4XXK6S05MGKMK1YV2FZ,https://api.dicebear.com/8.x/rings/svg?seed=Minu,2025-01-03T00:08:34.175621072Z,0,2025-01-03T00:08:34.175621072Z,,2025-01-03T00:08:37.743182569Z,game ended,2025-01-03T00:12:52.327179223Z,true,2025-01-03T00:12:52.295299168Z,true,2025-01-03T00:14:49.834545179Z,"{""age"":""39"",""gender"":""Male"",""strategy"":""Trying to describe left or right part of the piece"",""enjoy"":""It was frustrating because I couldn't see if someone was really there or not"",""feedback"":""I didn't see communications from my partner and I could not select any of the pieces"",""education"":""bachelor""}",2025-01-03T00:14:49.82945939Z,01JGMPEKWGHHVPTB7Y2D6260DM,2025-01-03T00:03:08.359187921Z,2,2025-01-03T00:05:50.656624733Z,true,2025-01-03T00:08:33.812282966Z,01JGMPEKWGHHVPTB7Y2D6260DM,2025-01-03T00:08:33.867794306Z,01JGMQW2T6MS1YZHVAFYEH5PRN,2025-01-03T00:08:33.867794306Z,Minu,2025-01-03T00:08:34.175621072Z,#444EA1,2025-01-03T00:08:34.175621072Z,4,2025-01-03T00:12:52.295299168Z,01JGMQJ4KBTTVCNGXNXPQ5WGXA,2025-01-03T00:03:08.349466452Z,66c200eb18faca39cc482e5b,2025-01-03T00:03:08.349466452Z,01JGMQG16VDRHX8E6H6D5KJQCM,2025-01-03T00:08:34.175621072Z,matcher,2025-01-03T00:11:49.108475032Z,0,2025-01-03T00:08:34.175621072Z,/avatars/red.png,2025-01-03T00:08:34.175621072Z,"{""contextSize"":4,""contextStructure"":""noncomp"",""feedbackDuration"":3,""maxTimeout"":3,""numRepetitionsWithPartner"":4,""playerCount"":2,""selectionDuration"":60,""showNegativeFeedback"":1}",2025-01-03T00:03:08.359187921Z,full-noncomp,2025-01-03T00:03:08.359187921Z,"{""participantKey"":""66c200eb18faca39cc482e5b"",""STUDY_ID"":""677727dda3537aa7cbd6434b"",""SESSION_ID"":""677728fb404df7237953171f""}",2025-01-03T00:03:08.531096511Z
01JGMQGFQMT0FM1WQB0GH5XYEB,https://api.dicebear.com/8.x/rings/svg?seed=Minu,2025-01-03T00:08:50.614067868Z,1.860000,2025-01-03T00:35:24.547478509Z,/tangrams/48_379.png,2025-01-03T00:35:21.205892897Z,game ended,2025-01-03T00:35:24.667017789Z,false,2025-01-03T00:08:50.614067868Z,true,2025-01-03T00:36:57.667750923Z,"{""age"":""20"",""gender"":""Male"",""strategy"":""figuring out any key differences to differentiate the shapes"",""enjoy"":""yes because we found it easy and formed a connection"",""feedback"":"""",""education"":""high-school""}",2025-01-03T00:36:57.651547461Z,01JGMPE587BR7N7WSVT2WDGBYZ,2025-01-03T00:05:12.134915304Z,2,2025-01-03T00:04:23.89031485Z,true,2025-01-03T00:05:13.81451388Z,01JGMPE587BR7N7WSVT2WDGBYZ,2025-01-03T00:05:17.768909008Z,01JGMQP3A3TPVEQ5BR31AMWHNS,2025-01-03T00:05:17.768909008Z,Minu,2025-01-03T00:08:50.614067868Z,#444EA1,2025-01-03T00:08:50.614067868Z,0,2025-01-03T00:20:13.798672314Z,01JGMQGF4EPZ40PJF45JYC7W2H,2025-01-03T00:02:13.876745197Z,63e96959678f35bee3bd2de9,2025-01-03T00:02:13.876745197Z,01JGMQG4C69YM2PCB6S4AQP0MY,2025-01-03T00:08:50.614067868Z,matcher,2025-01-03T00:35:02.335780282Z,1.860000,2025-01-03T00:35:24.547478509Z,/avatars/red.png,2025-01-03T00:08:50.614067868Z,"{""contextSize"":4,""contextStructure"":""comp-between"",""feedbackDuration"":3,""maxTimeout"":3,""numRepetitionsWithPartner"":4,""playerCount"":2,""selectionDuration"":60,""showNegativeFeedback"":1}",2025-01-03T00:02:13.88840278Z,full-comp-between,2025-01-03T00:02:13.88840278Z,"{""participantKey"":""63e96959678f35bee3bd2de9"",""STUDY_ID"":""677727dda3537aa7cbd6434b"",""SESSION_ID"":""677728f18311542ab9a5aa27""}",2025-01-03T00:02:14.196417839Z
01JGMQJ42PPSDJSC12K8X2G1ZT,https://api.dicebear.com/8.x/rings/svg?seed=Repi,2025-01-03T00:21:58.391538829Z,1.890000,2025-01-03T00:55:47.942626438Z,/tangrams/165_99.png,2025-01-03T00:55:44.545810689Z,game ended,2025-01-03T00:55:48.088542282Z,false,2025-01-03T00:21:58.391538829Z,true,2025-01-03T00:58:37.005914189Z,"{""age"":""33"",""gender"":""Male"",""strategy"":""The strategy employed was to give each shape a name base on look, so it's easier to describe it to my partner."",""enjoy"":""Yes, it was fun"",""feedback"":""None"",""education"":""other""}",2025-01-03T00:58:36.989202981Z,01JGMPDZ42BSHFVYVY6M672P0G,2025-01-03T00:08:50.33018846Z,2,2025-01-03T00:09:00.904870946Z,true,2025-01-03T00:15:15.581041118Z,01JGMPDZ42BSHFVYVY6M672P0G,2025-01-03T00:15:15.598742535Z,01JGMR8B494BVA8QCQ2QPHWDC1,2025-01-03T00:15:15.598742535Z,Repi,2025-01-03T00:21:58.391538829Z,#29828D,2025-01-03T00:21:58.391538829Z,0,2025-01-03T00:24:07.98006793Z,01JGMQJ2NW372Z2PWKKWVMF0E8,2025-01-03T00:03:07.478690549Z,676d220cd6e7101ccba18ba5,2025-01-03T00:03:07.478690549Z,01JGMRH8V5KRAGH34CQ6RX81DS,2025-01-03T00:21:58.391538829Z,director,2025-01-03T00:55:20.3571053Z,1.890000,2025-01-03T00:55:47.942626438Z,/avatars/blue.png,2025-01-03T00:21:58.391538829Z,"{""contextSize"":4,""contextStructure"":""comp-between"",""feedbackDuration"":3,""maxTimeout"":3,""numRepetitionsWithPartner"":4,""playerCount"":2,""selectionDuration"":60,""showNegativeFeedback"":1}",2025-01-03T00:03:07.488068142Z,full-comp-between,2025-01-03T00:03:07.488068142Z,"{""participantKey"":""676d220cd6e7101ccba18ba5"",""STUDY_ID"":""677727dda3537aa7cbd6434b"",""SESSION_ID"":""677728e3b667c84a85a58058""}",2025-01-03T00:03:08.258851356Z
01JGMQM72HVBEWHDXGN76H59WS,,,,,,,game terminated,2025-01-03T00:55:56.453940025Z,,,,,,,01JGMPE5881R3V1FHKJ19MG8QG,2025-01-03T00:26:45.520006804Z,1,2025-01-03T00:04:17.40488634Z,,,,,,,,,,,,,01JGMQM6BHNCMWBKPWG6C801M0,2025-01-03T00:04:16.081408708Z,DSD,2025-01-03T00:04:16.081408708Z,,,,,,,,,"{""contextSize"":4,""contextStructure"":""comp-within"",""feedbackDuration"":3,""maxTimeout"":3,""numRepetitionsWithPartner"":4,""playerCount"":2,""selectionDuration"":60,""showNegativeFeedback"":1}",2025-01-03T00:04:16.088320288Z,full-comp-within,2025-01-03T00:04:16.088320288Z,"{""participantKey"":""62b626b7cc2365d4e7f5c5aa"",""STUDY_ID"":""677727dda3537aa7cbd6434b"",""SESSION_ID"":""677728f8fb0459de5aa7d8a1""}",2025-01-03T00:04:16.478246804Z
01JGMQNQRADMXTB8ZG1R92KZAB,,,,,,,game terminated,2025-01-03T00:56:01.165605738Z,,,true,2025-01-03T00:33:28.378287924Z,"{""gamefailed"":""nogame""}",2025-01-03T00:33:28.536502544Z,01JGMPETJ1NYR6E3J1F4NX8HFM,2025-01-03T00:14:39.808259684Z,2,2025-01-03T00:07:00.166295143Z,true,2025-01-03T00:17:51.488058482Z,01JGMPETJ1NYR6E3J1F4NX8HFM,2025-01-03T00:17:51.518921081Z,01JGMRD3CNFS9R8F3T9Z32TC74,2025-01-03T00:17:51.518921081Z,,,,,,,01JGMQNP99BNMXYCAA76RXD05C,2025-01-03T00:05:05.930926604Z,672f24a50a91f97ff3526f3f,2025-01-03T00:05:05.930926604Z,,,,,,,,,"{""contextSize"":4,""contextStructure"":""noncomp"",""feedbackDuration"":3,""maxTimeout"":3,""numRepetitionsWithPartner"":4,""playerCount"":2,""selectionDuration"":60,""showNegativeFeedback"":1}",2025-01-03T00:05:05.940717296Z,full-noncomp,2025-01-03T00:05:05.940717296Z,"{""participantKey"":""672f24a50a91f97ff3526f3f"",""STUDY_ID"":""677727dda3537aa7cbd6434b"",""SESSION_ID"":""677728e1144618d7eec9f1be""}",2025-01-03T00:05:06.455992525Z
01JGMR4AJ8PWNHEXRDHZNZX3EV,,,,,,,game terminated,2025-01-03T00:55:56.453940025Z,,,,,,,01JGMPE5881R3V1FHKJ19MG8QG,2025-01-03T00:26:45.520006804Z,1,2025-01-03T00:13:05.974995185Z,,,,,,,,,,,,,01JGMR4ADDTTWW05J7AWC7WC5X,2025-01-03T00:13:03.94417751Z,6564fa10de4976d2bd35c0c1,2025-01-03T00:13:03.94417751Z,,,,,,,,,"{""contextSize"":4,""contextStructure"":""comp-within"",""feedbackDuration"":3,""maxTimeout"":3,""numRepetitionsWithPartner"":4,""playerCount"":2,""selectionDuration"":60,""showNegativeFeedback"":1}",2025-01-03T00:13:03.966413387Z,full-comp-within,2025-01-03T00:13:03.966413387Z,"{""participantKey"":""6564fa10de4976d2bd35c0c1"",""STUDY_ID"":""677727dda3537aa7cbd6434b"",""SESSION_ID"":""67772b59e33df4b813fc36fc""}",2025-01-03T00:13:04.084765661Z
01JGMQBX4R9EPK6JYEDV0B0NBK,,,,,,,game terminated,2025-01-03T00:55:56.453940025Z,,,,,,,01JGMPE5881R3V1FHKJ19MG8QG,2025-01-03T00:26:45.520006804Z,,,,,,,,,,,,,,,01JGMQBWWCVRANBN86F51TGGFM,2025-01-02T23:59:43.768327257Z,test2,2025-01-02T23:59:43.768327257Z,,,,,,,,,"{""contextSize"":4,""contextStructure"":""comp-within"",""feedbackDuration"":3,""maxTimeout"":3,""numRepetitionsWithPartner"":4,""playerCount"":2,""selectionDuration"":60,""showNegativeFeedback"":1}",2025-01-02T23:59:43.783943452Z,full-comp-within,2025-01-02T23:59:43.783943452Z,"{""participantKey"":""66706c66421d9d62312ca575"",""STUDY_ID"":""677727dda3537aa7cbd6434b"",""SESSION_ID"":""0omm0exrto2""}",2025-01-02T23:59:43.907612331Z
01JGMQG16VDRHX8E6H6D5KJQCM,https://api.dicebear.com/8.x/rings/svg?seed=Repi,2025-01-03T00:08:34.175621072Z,0,2025-01-03T00:08:34.175621072Z,,2025-01-03T00:08:37.743182569Z,game ended,2025-01-03T00:12:52.327179223Z,true,2025-01-03T00:12:52.295299168Z,true,2025-01-03T00:41:45.078489881Z,"{""age"":""25"",""gender"":""male"",""strategy"":""no player"",""enjoy"":""no player"",""feedback"":""no player"",""education"":""other""}",2025-01-03T00:41:45.044030588Z,01JGMPEKWGHHVPTB7Y2D6260DM,2025-01-03T00:01:59.017545195Z,2,2025-01-03T00:03:03.397051393Z,true,2025-01-03T00:03:29.749621388Z,01JGMPEKWGHHVPTB7Y2D6260DM,2025-01-03T00:03:29.764652681Z,01JGMQJSTYQ2ZCVV7ZVWBCQK64,2025-01-03T00:03:29.764652681Z,Repi,2025-01-03T00:08:34.175621072Z,#29828D,2025-01-03T00:08:34.175621072Z,4,2025-01-03T00:12:52.295299168Z,01JGMQG0ZK8GR0CWPSXN185X02,2025-01-03T00:01:59.003358758Z,Dohny,2025-01-03T00:01:59.003358758Z,01JGMQJ4XXK6S05MGKMK1YV2FZ,2025-01-03T00:08:34.175621072Z,director,2025-01-03T00:11:49.108475032Z,0,2025-01-03T00:08:34.175621072Z,/avatars/blue.png,2025-01-03T00:08:34.175621072Z,"{""contextSize"":4,""contextStructure"":""noncomp"",""feedbackDuration"":3,""maxTimeout"":3,""numRepetitionsWithPartner"":4,""playerCount"":2,""selectionDuration"":60,""showNegativeFeedback"":1}",2025-01-03T00:01:59.017545195Z,full-noncomp,2025-01-03T00:01:59.017545195Z,"{""participantKey"":""6776a7b8452ae4bda6294105"",""STUDY_ID"":""677727dda3537aa7cbd6434b"",""SESSION_ID"":""677728e4d0da16b07ec80419""}",2025-01-03T00:01:59.144156571Z
01JGMQH1FMA0SZ0ZMDHAFWQJ3A,https://api.dicebear.com/8.x/rings/svg?seed=Minu,2025-01-03T00:04:51.731822425Z,1.890000,2025-01-03T00:34:34.2155804Z,/tangrams/376_46.png,2025-01-03T00:34:30.8890423Z,game ended,2025-01-03T00:34:34.317306274Z,false,2025-01-03T00:04:51.731822425Z,true,2025-01-03T00:36:26.657380117Z,"{""age"":""23"",""gender"":""Female"",""strategy"":""At first, it was to be as clear as possible to negate any confusion. Later as we got into the flow, we could both use shorter phrases and almost \""code\"" terms"",""enjoy"":""Yes, it was weirdly exciting to play this sort of game with a stranger."",""feedback"":""Had a bit of lag with one round, but it didn't cause any big issues."",""education"":""bachelor""}",2025-01-03T00:36:26.640950095Z,01JGMPEKWH8QMTD4WJEC8GZVHA,2025-01-03T00:02:32.059934675Z,2,2025-01-03T00:04:08.682337615Z,true,2025-01-03T00:04:51.464119467Z,01JGMPEKWH8QMTD4WJEC8GZVHA,2025-01-03T00:04:51.496912985Z,01JGMQN9N2M39XBTD2FJAGEZ3W,2025-01-03T00:04:51.496912985Z,Minu,2025-01-03T00:04:51.731822425Z,#444EA1,2025-01-03T00:04:51.731822425Z,0,2025-01-03T00:04:51.731822425Z,01JGMQH135S2QEN1M9RB1935B4,2025-01-03T00:02:32.05293135Z,665f2989e4dbcfba3aad004e,2025-01-03T00:02:32.05293135Z,01JGMQGPZBFPBPR8RRNHWD81EA,2025-01-03T00:04:51.731822425Z,matcher,2025-01-03T00:34:17.550603509Z,1.890000,2025-01-03T00:34:34.2155804Z,/avatars/red.png,2025-01-03T00:04:51.731822425Z,"{""contextSize"":4,""contextStructure"":""comp-within"",""feedbackDuration"":3,""maxTimeout"":3,""numRepetitionsWithPartner"":4,""playerCount"":2,""selectionDuration"":60,""showNegativeFeedback"":1}",2025-01-03T00:02:32.059934675Z,full-comp-within,2025-01-03T00:02:32.059934675Z,"{""participantKey"":""665f2989e4dbcfba3aad004e"",""STUDY_ID"":""677727dda3537aa7cbd6434b"",""SESSION_ID"":""677728e55491be3bfef45483""}",2025-01-03T00:02:32.19049213Z
