id,actualPlayerCount,actualPlayerCountLastChangedAt,batchID,batchIDLastChangedAt,bottomTangrams,bottomTangramsLastChangedAt,contextSize,contextSizeLastChangedAt,contextStructure,contextStructureLastChangedAt,ended,endedLastChangedAt,endedInactive,endedInactiveLastChangedAt,endedReason,endedReasonLastChangedAt,groupID,groupIDLastChangedAt,justStarted,justStartedLastChangedAt,maxTimeout,maxTimeoutLastChangedAt,numRoundsInactive,numRoundsInactiveLastChangedAt,rotation,rotationLastChangedAt,roundIndex,roundIndexLastChangedAt,showNegativeFeedback,showNegativeFeedbackLastChangedAt,stageID,stageIDLastChangedAt,start,startLastChangedAt,starting,startingLastChangedAt,status,statusLastChangedAt,targets,targetsLastChangedAt,topTangrams,topTangramsLastChangedAt,treatment,treatmentLastChangedAt,treatmentName,treatmentNameLastChangedAt
01JHDRYFJ2BRY23J4SFBVWGDG5,2,2025-01-12T17:37:59.777041532Z,01JHDRYFHR67P3C94Z2470CP6S,2025-01-12T17:28:21.82668154Z,"[179,56,7,411,71,183,278,90,344,334,149,272,304,150,157,219]",2025-01-12T17:38:00.452629413Z,4,2025-01-12T17:37:59.88938163Z,noncomp,2025-01-12T17:37:59.88938163Z,true,2025-01-12T18:17:17.030862925Z,false,2025-01-12T17:37:59.88938163Z,end of game,2025-01-12T18:17:17.157122468Z,01JHDRYFJFX9FZ0R433PQDMJBC,2025-01-12T17:28:21.840887609Z,false,2025-01-12T17:38:09.825486004Z,5,2025-01-12T17:37:59.88938163Z,0,2025-01-12T18:09:57.971769407Z,270,2025-01-12T17:37:59.88938163Z,63,2025-01-12T17:38:00.452629413Z,1,2025-01-12T17:37:59.88938163Z,null,2025-01-12T18:17:17.030862925Z,true,2025-01-12T17:37:59.777041532Z,true,2025-01-12T17:37:59.777041532Z,ended,2025-01-12T18:17:17.157122468Z,"[[318,179],[282,56],[100,7],[200,411],[4,71],[296,183],[48,278],[307,90],[257,344],[409,334],[432,149],[238,272],[292,304],[198,150],[207,157],[413,219]]",2025-01-12T17:38:00.452629413Z,"[318,282,100,200,4,296,48,307,257,409,432,238,292,198,207,413]",2025-01-12T17:38:00.452629413Z,"{""contextSize"":4,""contextStructure"":""noncomp"",""feedbackDuration"":3,""maxTimeout"":5,""numRepetitionsWithPartner"":4,""playerCount"":2,""selectionDuration"":60,""showNegativeFeedback"":1}",2025-01-12T17:28:21.82668154Z,full-noncomp,2025-01-12T17:28:21.82668154Z
01JHDS0G7D57MN6NVVBM5B0W5H,,,01JHDS0G72B8TPHMF9C775SBX1,2025-01-12T17:29:28.045080819Z,,,,,,,false,2025-01-12T17:29:28.045080819Z,,,batch ended,2025-01-12T17:34:52.202278626Z,01JHDS0G8AEZ2DSBWR6Q82KDNV,2025-01-12T17:29:28.076122399Z,,,,,,,,,,,,,,,false,2025-01-12T17:29:28.045080819Z,,,terminated,2025-01-12T17:34:52.202278626Z,,,,,"{""contextSize"":4,""contextStructure"":""noncomp"",""feedbackDuration"":3,""maxTimeout"":5,""numRepetitionsWithPartner"":4,""playerCount"":2,""selectionDuration"":60,""showNegativeFeedback"":1}",2025-01-12T17:29:28.045080819Z,full-noncomp,2025-01-12T17:29:28.045080819Z
01JHDRXZZNS6W0KNGZCH2B1KKK,2,2025-01-12T17:34:47.589841908Z,01JHDRXZZ1K7XTRTT10AGGG9CS,2025-01-12T17:28:05.877408482Z,"[444,465,103,325,107,115,113,11,190,346,100,386,361,445,418,119]",2025-01-12T17:34:47.825912844Z,4,2025-01-12T17:34:47.611627654Z,noncomp,2025-01-12T17:34:47.611627654Z,true,2025-01-12T18:05:53.283615622Z,false,2025-01-12T17:34:47.611627654Z,end of game,2025-01-12T18:05:53.500182374Z,01JHDRY009ZSPM7PHA79X9MD9G,2025-01-12T17:28:05.899824134Z,false,2025-01-12T17:34:50.946159845Z,5,2025-01-12T17:34:47.611627654Z,0,2025-01-12T17:41:48.208315403Z,180,2025-01-12T17:34:47.611627654Z,63,2025-01-12T17:34:47.825912844Z,1,2025-01-12T17:34:47.611627654Z,null,2025-01-12T18:05:53.283615622Z,true,2025-01-12T17:34:47.589841908Z,true,2025-01-12T17:34:47.589841908Z,ended,2025-01-12T18:05:53.500182374Z,"[[259,444],[130,465],[61,103],[218,325],[397,107],[213,115],[285,113],[71,11],[289,190],[6,346],[322,100],[165,386],[224,361],[436,445],[95,418],[407,119]]",2025-01-12T17:34:47.825912844Z,"[259,130,61,218,397,213,285,71,289,6,322,165,224,436,95,407]",2025-01-12T17:34:47.825912844Z,"{""contextSize"":4,""contextStructure"":""noncomp"",""feedbackDuration"":3,""maxTimeout"":5,""numRepetitionsWithPartner"":4,""playerCount"":2,""selectionDuration"":60,""showNegativeFeedback"":1}",2025-01-12T17:28:05.877408482Z,full-noncomp,2025-01-12T17:28:05.877408482Z
01JHDRYFJ2BRY23J4SFMJNZ8M5,2,2025-01-12T17:37:51.528487323Z,01JHDRYFHR67P3C94Z2470CP6S,2025-01-12T17:28:21.826936062Z,"[39,469,351,330,336,246,4,169,427,155,153,65,358,119,82,424]",2025-01-12T17:37:52.057126007Z,4,2025-01-12T17:37:51.586295006Z,noncomp,2025-01-12T17:37:51.586295006Z,true,2025-01-12T18:09:44.46199566Z,false,2025-01-12T17:37:51.586295006Z,end of game,2025-01-12T18:09:44.74623179Z,01JHDRYFJWS3JYGW8EFQND7FRP,2025-01-12T17:28:21.853519035Z,false,2025-01-12T17:38:00.301862803Z,5,2025-01-12T17:37:51.586295006Z,0,2025-01-12T18:06:38.531800753Z,0,2025-01-12T17:37:51.586295006Z,63,2025-01-12T17:37:52.057126007Z,1,2025-01-12T17:37:51.586295006Z,null,2025-01-12T18:09:44.46199566Z,true,2025-01-12T17:37:51.528487323Z,true,2025-01-12T17:37:51.528487323Z,ended,2025-01-12T18:09:44.74623179Z,"[[269,39],[117,469],[244,351],[385,330],[170,336],[441,246],[421,4],[70,169],[292,427],[293,155],[339,153],[381,65],[134,358],[289,119],[15,82],[422,424]]",2025-01-12T17:37:52.057126007Z,"[269,117,244,385,170,441,421,70,292,293,339,381,134,289,15,422]",2025-01-12T17:37:52.057126007Z,"{""contextSize"":4,""contextStructure"":""noncomp"",""feedbackDuration"":3,""maxTimeout"":5,""numRepetitionsWithPartner"":4,""playerCount"":2,""selectionDuration"":60,""showNegativeFeedback"":1}",2025-01-12T17:28:21.826936062Z,full-noncomp,2025-01-12T17:28:21.826936062Z
01JHDS0KXC5VRF4K1N0K42GW13,2,2025-01-12T17:44:07.98383896Z,01JHDS0KWZQDR4ZDSJ946RVYYZ,2025-01-12T17:29:31.82019259Z,"[39,349,127,443,469,431,340,357,358,244,45,459,73,375,316,189]",2025-01-12T17:44:09.366514654Z,4,2025-01-12T17:44:08.074037556Z,noncomp,2025-01-12T17:44:08.074037556Z,true,2025-01-12T18:24:29.668265691Z,false,2025-01-12T17:44:08.074037556Z,end of game,2025-01-12T18:24:29.77545082Z,01JHDS0KXSQQTMD5BKBMZFPCR1,2025-01-12T17:29:31.844332056Z,false,2025-01-12T17:44:29.771509728Z,5,2025-01-12T17:44:08.074037556Z,0,2025-01-12T18:05:56.694704334Z,270,2025-01-12T17:44:08.074037556Z,63,2025-01-12T17:44:09.366514654Z,1,2025-01-12T17:44:08.074037556Z,null,2025-01-12T18:24:29.668265691Z,true,2025-01-12T17:44:07.98383896Z,true,2025-01-12T17:44:07.98383896Z,ended,2025-01-12T18:24:29.77545082Z,"[[268,39],[448,349],[6,127],[78,443],[264,469],[382,431],[434,340],[451,357],[442,358],[305,244],[25,45],[399,459],[374,73],[217,375],[341,316],[37,189]]",2025-01-12T17:44:09.366514654Z,"[268,448,6,78,264,382,434,451,442,305,25,399,374,217,341,37]",2025-01-12T17:44:09.366514654Z,"{""contextSize"":4,""contextStructure"":""noncomp"",""feedbackDuration"":3,""maxTimeout"":5,""numRepetitionsWithPartner"":4,""playerCount"":2,""selectionDuration"":60,""showNegativeFeedback"":1}",2025-01-12T17:29:31.82019259Z,full-noncomp,2025-01-12T17:29:31.82019259Z
01JHDSEFMD6K1XBGABRT6PP5YG,,,01JHDSEFKX60A86FMYSZFBT7QT,2025-01-12T17:37:06.18937877Z,,,,,,,false,2025-01-12T17:37:06.18937877Z,,,batch ended,2025-01-12T17:40:32.512128473Z,01JHDSEFN2JG7AS2QZ4JMRMN54,2025-01-12T17:37:06.211945397Z,,,,,,,,,,,,,,,false,2025-01-12T17:37:06.18937877Z,,,terminated,2025-01-12T17:40:32.512128473Z,,,,,"{""contextSize"":4,""contextStructure"":""noncomp"",""feedbackDuration"":3,""maxTimeout"":5,""numRepetitionsWithPartner"":4,""playerCount"":2,""selectionDuration"":60,""showNegativeFeedback"":1}",2025-01-12T17:37:06.18937877Z,full-noncomp,2025-01-12T17:37:06.18937877Z
01JHDRY6FPS99E2NA6HEZHD8AK,2,2025-01-12T17:35:37.600497479Z,01JHDRY6FB1TBNBEXV082FF6QB,2025-01-12T17:28:12.534542237Z,"[405,310,105,386,186,426,320,117,144,293,466,183,215,444,224,26]",2025-01-12T17:35:37.813026883Z,4,2025-01-12T17:35:37.619202961Z,noncomp,2025-01-12T17:35:37.619202961Z,true,2025-01-12T18:02:29.663025238Z,false,2025-01-12T17:35:37.619202961Z,end of game,2025-01-12T18:02:29.841359214Z,01JHDRY6G4VDZMWH6NPR7QHD6X,2025-01-12T17:28:12.550352013Z,false,2025-01-12T17:35:42.683374008Z,5,2025-01-12T17:35:37.619202961Z,0,2025-01-12T17:37:15.265124449Z,0,2025-01-12T17:35:37.619202961Z,63,2025-01-12T17:35:37.813026883Z,1,2025-01-12T17:35:37.619202961Z,null,2025-01-12T18:02:29.663025238Z,true,2025-01-12T17:35:37.600497479Z,true,2025-01-12T17:35:37.600497479Z,ended,2025-01-12T18:02:29.841359214Z,"[[338,405],[447,310],[68,105],[255,386],[208,186],[316,426],[76,320],[48,117],[282,144],[133,293],[356,466],[399,183],[170,215],[392,444],[38,224],[385,26]]",2025-01-12T17:35:37.813026883Z,"[338,447,68,255,208,316,76,48,282,133,356,399,170,392,38,385]",2025-01-12T17:35:37.813026883Z,"{""contextSize"":4,""contextStructure"":""noncomp"",""feedbackDuration"":3,""maxTimeout"":5,""numRepetitionsWithPartner"":4,""playerCount"":2,""selectionDuration"":60,""showNegativeFeedback"":1}",2025-01-12T17:28:12.534542237Z,full-noncomp,2025-01-12T17:28:12.534542237Z
01JHDS085RCQV90KFQ343HD284,,,01JHDS085DG2JCY6SPVART79EB,2025-01-12T17:29:19.800514096Z,,,,,,,false,2025-01-12T17:29:19.800514096Z,,,batch ended,2025-01-12T17:34:50.639024457Z,01JHDS0865EMCVTD6ZSFY6N014,2025-01-12T17:29:19.815109938Z,,,,,,,,,,,,,,,false,2025-01-12T17:29:19.800514096Z,,,terminated,2025-01-12T17:34:50.639024457Z,,,,,"{""contextSize"":4,""contextStructure"":""noncomp"",""feedbackDuration"":3,""maxTimeout"":5,""numRepetitionsWithPartner"":4,""playerCount"":2,""selectionDuration"":60,""showNegativeFeedback"":1}",2025-01-12T17:29:19.800514096Z,full-noncomp,2025-01-12T17:29:19.800514096Z
01JHDS085RCQV90KFQ3F6XP49D,,,01JHDS085DG2JCY6SPVART79EB,2025-01-12T17:29:19.800757972Z,,,,,,,false,2025-01-12T17:29:19.800757972Z,,,batch ended,2025-01-12T17:34:50.639024457Z,01JHDS086JZ1QKWS03MEZC0DG0,2025-01-12T17:29:19.827863189Z,,,,,,,,,,,,,,,false,2025-01-12T17:29:19.800757972Z,,,terminated,2025-01-12T17:34:50.639024457Z,,,,,"{""contextSize"":4,""contextStructure"":""noncomp"",""feedbackDuration"":3,""maxTimeout"":5,""numRepetitionsWithPartner"":4,""playerCount"":2,""selectionDuration"":60,""showNegativeFeedback"":1}",2025-01-12T17:29:19.800757972Z,full-noncomp,2025-01-12T17:29:19.800757972Z
01JHDS0JDGF55CETX8ZBQ4WAAS,2,2025-01-12T17:41:19.874852296Z,01JHDS0JD6F5ZWXYZ2Y0138XQT,2025-01-12T17:29:30.288228377Z,"[14,85,392,121,321,21,274,417,113,291,253,352,419,255,325,328]",2025-01-12T17:41:20.889891504Z,4,2025-01-12T17:41:19.946875112Z,noncomp,2025-01-12T17:41:19.946875112Z,true,2025-01-12T18:10:23.486383107Z,false,2025-01-12T17:41:19.946875112Z,end of game,2025-01-12T18:10:23.595088015Z,01JHDS0JEAH4DKFJVC25DTN9E0,2025-01-12T17:29:30.316483769Z,false,2025-01-12T17:41:36.756988712Z,5,2025-01-12T17:41:19.946875112Z,0,2025-01-12T18:02:42.777740849Z,0,2025-01-12T17:41:19.946875112Z,63,2025-01-12T17:41:20.889891504Z,1,2025-01-12T17:41:19.946875112Z,null,2025-01-12T18:10:23.486383107Z,true,2025-01-12T17:41:19.874852296Z,true,2025-01-12T17:41:19.874852296Z,ended,2025-01-12T18:10:23.595088015Z,"[[248,14],[361,85],[365,392],[300,121],[53,321],[0,21],[396,274],[224,417],[174,113],[7,291],[202,253],[40,352],[240,419],[400,255],[377,325],[171,328]]",2025-01-12T17:41:20.889891504Z,"[248,361,365,300,53,0,396,224,174,7,202,40,240,400,377,171]",2025-01-12T17:41:20.889891504Z,"{""contextSize"":4,""contextStructure"":""noncomp"",""feedbackDuration"":3,""maxTimeout"":5,""numRepetitionsWithPartner"":4,""playerCount"":2,""selectionDuration"":60,""showNegativeFeedback"":1}",2025-01-12T17:29:30.288228377Z,full-noncomp,2025-01-12T17:29:30.288228377Z
01JHDSEN9DC4QXFP61HDZDXMVF,2,2025-01-12T17:47:24.881669382Z,01JHDSEJNE0PF4D7D0T70GWRBY,2025-01-12T17:37:11.981885122Z,"[34,216,102,321,132,402,101,62,80,133,108,431,265,353,104,147]",2025-01-12T17:47:26.804513016Z,4,2025-01-12T17:47:24.995920882Z,noncomp,2025-01-12T17:47:24.995920882Z,true,2025-01-12T18:29:01.510842537Z,true,2025-01-12T18:29:01.456573163Z,timeOut,2025-01-12T18:29:01.456573163Z,01JHDSEND6F4G7KR0S090FWF7M,2025-01-12T17:37:12.104549132Z,false,2025-01-12T17:48:01.398325302Z,5,2025-01-12T17:47:24.995920882Z,5,2025-01-12T18:29:01.456573163Z,270,2025-01-12T17:47:24.995920882Z,63,2025-01-12T17:47:26.804513016Z,1,2025-01-12T17:47:24.995920882Z,null,2025-01-12T18:29:01.510842537Z,true,2025-01-12T17:47:24.881669382Z,true,2025-01-12T17:47:24.881669382Z,ended,2025-01-12T18:29:01.456573163Z,"[[383,34],[177,216],[270,102],[129,321],[272,132],[255,402],[392,101],[410,62],[390,80],[314,133],[240,108],[183,431],[205,265],[211,353],[39,104],[143,147]]",2025-01-12T17:47:26.804513016Z,"[383,177,270,129,272,255,392,410,390,314,240,183,205,211,39,143]",2025-01-12T17:47:26.804513016Z,"{""contextSize"":4,""contextStructure"":""noncomp"",""feedbackDuration"":3,""maxTimeout"":5,""numRepetitionsWithPartner"":4,""playerCount"":2,""selectionDuration"":60,""showNegativeFeedback"":1}",2025-01-12T17:37:11.981885122Z,full-noncomp,2025-01-12T17:37:11.981885122Z
01JHDSENBHY9B83RV9ECKWENWM,2,2025-01-12T18:03:06.594659074Z,01JHDSEMQ1W9PJDN5ZFGSWNVJD,2025-01-12T17:37:12.049097985Z,"[82,288,443,298,346,216,325,30,460,196,147,109,438,313,159,140]",2025-01-12T18:03:10.037463095Z,4,2025-01-12T18:03:06.958593183Z,noncomp,2025-01-12T18:03:06.958593183Z,true,2025-01-12T18:09:32.700960708Z,true,2025-01-12T18:09:32.644581036Z,timeOut,2025-01-12T18:09:32.644581036Z,01JHDSENGPK7MJ8EK906CTMNRP,2025-01-12T17:37:12.215545559Z,false,2025-01-12T18:04:07.900181594Z,5,2025-01-12T18:03:06.958593183Z,5,2025-01-12T18:09:32.644581036Z,90,2025-01-12T18:03:06.958593183Z,63,2025-01-12T18:03:10.037463095Z,1,2025-01-12T18:03:06.958593183Z,null,2025-01-12T18:09:32.700960708Z,true,2025-01-12T18:03:06.594659074Z,true,2025-01-12T18:03:06.594659074Z,ended,2025-01-12T18:09:32.644581036Z,"[[97,82],[90,288],[328,443],[390,298],[34,346],[103,216],[152,325],[137,30],[80,460],[271,196],[135,147],[310,109],[220,438],[0,313],[81,159],[126,140]]",2025-01-12T18:03:10.037463095Z,"[97,90,328,390,34,103,152,137,80,271,135,310,220,0,81,126]",2025-01-12T18:03:10.037463095Z,"{""contextSize"":4,""contextStructure"":""noncomp"",""feedbackDuration"":3,""maxTimeout"":5,""numRepetitionsWithPartner"":4,""playerCount"":2,""selectionDuration"":60,""showNegativeFeedback"":1}",2025-01-12T17:37:12.049097985Z,full-noncomp,2025-01-12T17:37:12.049097985Z
01JHDRZYSNG3RFE75FZ24N6F1G,,,01JHDRZYSA58F55VK29JEE76Y9,2025-01-12T17:29:10.197969565Z,,,,,,,false,2025-01-12T17:29:10.197969565Z,,,batch ended,2025-01-12T17:34:44.118455997Z,01JHDRZYT2FFS1GYMY2D4SMGC4,2025-01-12T17:29:10.212045776Z,,,,,,,,,,,,,,,false,2025-01-12T17:29:10.197969565Z,,,terminated,2025-01-12T17:34:44.118455997Z,,,,,"{""contextSize"":4,""contextStructure"":""noncomp"",""feedbackDuration"":3,""maxTimeout"":5,""numRepetitionsWithPartner"":4,""playerCount"":2,""selectionDuration"":60,""showNegativeFeedback"":1}",2025-01-12T17:29:10.197969565Z,full-noncomp,2025-01-12T17:29:10.197969565Z
01JHDS1770MB5T74TWS2RP4EDF,,,01JHDS176P2AW3PG6WBZRGX0RE,2025-01-12T17:29:51.584550094Z,,,,,,,false,2025-01-12T17:29:51.584550094Z,,,batch ended,2025-01-12T17:34:42.096786754Z,01JHDS177TP0HP8FXPMNC6A3GG,2025-01-12T17:29:51.613011806Z,,,,,,,,,,,,,,,false,2025-01-12T17:29:51.584550094Z,,,terminated,2025-01-12T17:34:42.096786754Z,,,,,"{""contextSize"":4,""contextStructure"":""noncomp"",""feedbackDuration"":3,""maxTimeout"":5,""numRepetitionsWithPartner"":4,""playerCount"":2,""selectionDuration"":60,""showNegativeFeedback"":1}",2025-01-12T17:29:51.584550094Z,full-noncomp,2025-01-12T17:29:51.584550094Z
01JHDSENYPABY2MSRZV13BSGJF,,,01JHDSENY4G00AY1HMTWTRQZZH,2025-01-12T17:37:12.66243598Z,,,,,,,false,2025-01-12T17:37:12.66243598Z,,,,,01JHDSENZFNCS0BXP7GRVBKMD7,2025-01-12T17:37:12.689642307Z,,,,,,,,,,,,,,,false,2025-01-12T17:37:12.66243598Z,,,,,,,,,"{""contextSize"":4,""contextStructure"":""noncomp"",""feedbackDuration"":3,""maxTimeout"":5,""numRepetitionsWithPartner"":4,""playerCount"":2,""selectionDuration"":60,""showNegativeFeedback"":1}",2025-01-12T17:37:12.66243598Z,full-noncomp,2025-01-12T17:37:12.66243598Z
01JHDSENAEPD9Q0CA36C3V4EG2,2,2025-01-12T17:55:12.196500212Z,01JHDSEKSNXW0NZAB1VJP04TSM,2025-01-12T17:37:12.014820243Z,"[200,108,177,225,42,93,249,45,56,381,67,465,114,61,14,198]",2025-01-12T17:55:14.721130003Z,4,2025-01-12T17:55:12.376715534Z,noncomp,2025-01-12T17:55:12.376715534Z,true,2025-01-12T18:26:59.645038802Z,false,2025-01-12T17:55:12.376715534Z,end of game,2025-01-12T18:26:59.756620527Z,01JHDSENESY1W8WFV55CH9E41C,2025-01-12T17:37:12.155558167Z,false,2025-01-12T17:55:54.870217584Z,5,2025-01-12T17:55:12.376715534Z,0,2025-01-12T18:02:28.733977767Z,180,2025-01-12T17:55:12.376715534Z,63,2025-01-12T17:55:14.721130003Z,1,2025-01-12T17:55:12.376715534Z,null,2025-01-12T18:26:59.645038802Z,true,2025-01-12T17:55:12.196500212Z,true,2025-01-12T17:55:12.196500212Z,ended,2025-01-12T18:26:59.756620527Z,"[[446,200],[378,108],[449,177],[414,225],[267,42],[101,93],[400,249],[18,45],[150,56],[246,381],[138,67],[357,465],[454,114],[418,61],[350,14],[11,198]]",2025-01-12T17:55:14.721130003Z,"[446,378,449,414,267,101,400,18,150,246,138,357,454,418,350,11]",2025-01-12T17:55:14.721130003Z,"{""contextSize"":4,""contextStructure"":""noncomp"",""feedbackDuration"":3,""maxTimeout"":5,""numRepetitionsWithPartner"":4,""playerCount"":2,""selectionDuration"":60,""showNegativeFeedback"":1}",2025-01-12T17:37:12.014820243Z,full-noncomp,2025-01-12T17:37:12.014820243Z
01JHDRY6FPS99E2NA6HQM9PWXY,2,2025-01-12T17:35:41.020658569Z,01JHDRY6FB1TBNBEXV082FF6QB,2025-01-12T17:28:12.535019477Z,"[363,160,43,375,9,403,112,158,47,339,240,405,273,13,88,177]",2025-01-12T17:35:41.246861353Z,4,2025-01-12T17:35:41.066774Z,noncomp,2025-01-12T17:35:41.066774Z,true,2025-01-12T18:01:26.856800967Z,false,2025-01-12T17:35:41.066774Z,end of game,2025-01-12T18:01:27.187683265Z,01JHDRY6GHTZ9S4K31EHN24SZY,2025-01-12T17:28:12.563382645Z,false,2025-01-12T17:35:45.508975548Z,5,2025-01-12T17:35:41.066774Z,0,2025-01-12T17:35:41.066774Z,90,2025-01-12T17:35:41.066774Z,63,2025-01-12T17:35:41.246861353Z,1,2025-01-12T17:35:41.066774Z,null,2025-01-12T18:01:26.856800967Z,true,2025-01-12T17:35:41.020658569Z,true,2025-01-12T17:35:41.020658569Z,ended,2025-01-12T18:01:27.187683265Z,"[[124,363],[337,160],[435,43],[366,375],[432,9],[157,403],[44,112],[191,158],[305,47],[241,339],[228,240],[292,405],[431,273],[68,13],[56,88],[128,177]]",2025-01-12T17:35:41.246861353Z,"[124,337,435,366,432,157,44,191,305,241,228,292,431,68,56,128]",2025-01-12T17:35:41.246861353Z,"{""contextSize"":4,""contextStructure"":""noncomp"",""feedbackDuration"":3,""maxTimeout"":5,""numRepetitionsWithPartner"":4,""playerCount"":2,""selectionDuration"":60,""showNegativeFeedback"":1}",2025-01-12T17:28:12.535019477Z,full-noncomp,2025-01-12T17:28:12.535019477Z
01JHDRYCB4YXZE09EG2KMY001G,2,2025-01-12T17:37:44.364186346Z,01JHDRYCASHM533JE5DAZYMGMC,2025-01-12T17:28:18.532344144Z,"[454,146,249,253,79,376,85,309,202,413,203,33,308,210,339,230]",2025-01-12T17:37:44.76308929Z,4,2025-01-12T17:37:44.394799015Z,noncomp,2025-01-12T17:37:44.394799015Z,true,2025-01-12T18:24:21.441165296Z,false,2025-01-12T17:37:44.394799015Z,end of game,2025-01-12T18:24:21.550206817Z,01JHDRYCBG3W68AKKXAQR45NTA,2025-01-12T17:28:18.546708688Z,false,2025-01-12T17:37:48.277569126Z,5,2025-01-12T17:37:44.394799015Z,0,2025-01-12T18:21:50.318861299Z,270,2025-01-12T17:37:44.394799015Z,63,2025-01-12T17:37:44.76308929Z,1,2025-01-12T17:37:44.394799015Z,null,2025-01-12T18:24:21.441165296Z,true,2025-01-12T17:37:44.364186346Z,true,2025-01-12T17:37:44.364186346Z,ended,2025-01-12T18:24:21.550206817Z,"[[126,454],[208,146],[18,249],[131,253],[259,79],[139,376],[5,85],[28,309],[306,202],[89,413],[7,203],[271,33],[375,308],[430,210],[4,339],[103,230]]",2025-01-12T17:37:44.76308929Z,"[126,208,18,131,259,139,5,28,306,89,7,271,375,430,4,103]",2025-01-12T17:37:44.76308929Z,"{""contextSize"":4,""contextStructure"":""noncomp"",""feedbackDuration"":3,""maxTimeout"":5,""numRepetitionsWithPartner"":4,""playerCount"":2,""selectionDuration"":60,""showNegativeFeedback"":1}",2025-01-12T17:28:18.532344144Z,full-noncomp,2025-01-12T17:28:18.532344144Z
01JHDRYCB5FSS04RVSYX0D80DF,2,2025-01-12T17:37:06.569540019Z,01JHDRYCASHM533JE5DAZYMGMC,2025-01-12T17:28:18.533537593Z,"[4,270,222,179,146,154,465,178,93,108,202,320,421,439,153,28]",2025-01-12T17:37:06.883958932Z,4,2025-01-12T17:37:06.594164493Z,noncomp,2025-01-12T17:37:06.594164493Z,true,2025-01-12T18:25:18.524732991Z,false,2025-01-12T17:37:06.594164493Z,end of game,2025-01-12T18:25:18.640545076Z,01JHDRYCBXRX1E9TED3M3TJRYQ,2025-01-12T17:28:18.55980962Z,false,2025-01-12T17:37:12.472424141Z,5,2025-01-12T17:37:06.594164493Z,0,2025-01-12T18:15:27.789416497Z,0,2025-01-12T17:37:06.594164493Z,63,2025-01-12T17:37:06.883958932Z,1,2025-01-12T17:37:06.594164493Z,null,2025-01-12T18:25:18.524732991Z,true,2025-01-12T17:37:06.569540019Z,true,2025-01-12T17:37:06.569540019Z,ended,2025-01-12T18:25:18.640545076Z,"[[443,4],[440,270],[355,222],[224,179],[143,146],[259,154],[431,465],[267,178],[288,93],[383,108],[280,202],[81,320],[142,421],[256,439],[109,153],[352,28]]",2025-01-12T17:37:06.883958932Z,"[443,440,355,224,143,259,431,267,288,383,280,81,142,256,109,352]",2025-01-12T17:37:06.883958932Z,"{""contextSize"":4,""contextStructure"":""noncomp"",""feedbackDuration"":3,""maxTimeout"":5,""numRepetitionsWithPartner"":4,""playerCount"":2,""selectionDuration"":60,""showNegativeFeedback"":1}",2025-01-12T17:28:18.533537593Z,full-noncomp,2025-01-12T17:28:18.533537593Z
01JHDRYRE2FDEZZD13T1M5NP7E,2,2025-01-12T17:38:51.313502943Z,01JHDRYRDQ4STSHJ7VKH0MF43T,2025-01-12T17:28:30.914632898Z,"[103,197,394,196,115,204,418,101,404,315,159,232,172,269,344,230]",2025-01-12T17:38:51.981082785Z,4,2025-01-12T17:38:51.360964749Z,noncomp,2025-01-12T17:38:51.360964749Z,true,2025-01-12T18:16:33.416121519Z,false,2025-01-12T17:38:51.360964749Z,end of game,2025-01-12T18:16:33.519827909Z,01JHDRYREH554C2MKN6J36KE9J,2025-01-12T17:28:30.930922716Z,false,2025-01-12T17:39:03.844441511Z,5,2025-01-12T17:38:51.360964749Z,0,2025-01-12T18:04:13.79807703Z,180,2025-01-12T17:38:51.360964749Z,63,2025-01-12T17:38:51.981082785Z,1,2025-01-12T17:38:51.360964749Z,null,2025-01-12T18:16:33.416121519Z,true,2025-01-12T17:38:51.313502943Z,true,2025-01-12T17:38:51.313502943Z,ended,2025-01-12T18:16:33.519827909Z,"[[380,103],[456,197],[425,394],[353,196],[2,115],[165,204],[364,418],[433,101],[231,404],[252,315],[338,159],[443,232],[330,172],[0,269],[53,344],[455,230]]",2025-01-12T17:38:51.981082785Z,"[380,456,425,353,2,165,364,433,231,252,338,443,330,0,53,455]",2025-01-12T17:38:51.981082785Z,"{""contextSize"":4,""contextStructure"":""noncomp"",""feedbackDuration"":3,""maxTimeout"":5,""numRepetitionsWithPartner"":4,""playerCount"":2,""selectionDuration"":60,""showNegativeFeedback"":1}",2025-01-12T17:28:30.914632898Z,full-noncomp,2025-01-12T17:28:30.914632898Z
01JHDS0JDFWEZFP4XZA40N32NX,2,2025-01-12T17:42:32.440588642Z,01JHDS0JD6F5ZWXYZ2Y0138XQT,2025-01-12T17:29:30.287387563Z,"[129,443,171,203,72,189,384,266,252,118,39,11,333,428,318,144]",2025-01-12T17:42:33.616712738Z,4,2025-01-12T17:42:32.514014413Z,noncomp,2025-01-12T17:42:32.514014413Z,true,2025-01-12T18:10:30.46751864Z,false,2025-01-12T17:42:32.514014413Z,end of game,2025-01-12T18:10:30.598873278Z,01JHDS0JDXTHV4JH90HV1BQ6DJ,2025-01-12T17:29:30.303019051Z,false,2025-01-12T17:42:51.575449176Z,5,2025-01-12T17:42:32.514014413Z,0,2025-01-12T17:44:42.021540981Z,0,2025-01-12T17:42:32.514014413Z,63,2025-01-12T17:42:33.616712738Z,1,2025-01-12T17:42:32.514014413Z,null,2025-01-12T18:10:30.46751864Z,true,2025-01-12T17:42:32.440588642Z,true,2025-01-12T17:42:32.440588642Z,ended,2025-01-12T18:10:30.598873278Z,"[[281,129],[17,443],[40,171],[314,203],[294,72],[199,189],[214,384],[350,266],[446,252],[134,118],[23,39],[369,11],[177,333],[465,428],[83,318],[179,144]]",2025-01-12T17:42:33.616712738Z,"[281,17,40,314,294,199,214,350,446,134,23,369,177,465,83,179]",2025-01-12T17:42:33.616712738Z,"{""contextSize"":4,""contextStructure"":""noncomp"",""feedbackDuration"":3,""maxTimeout"":5,""numRepetitionsWithPartner"":4,""playerCount"":2,""selectionDuration"":60,""showNegativeFeedback"":1}",2025-01-12T17:29:30.287387563Z,full-noncomp,2025-01-12T17:29:30.287387563Z
01JHDS1770MB5T74TWRRGT4RG1,,,01JHDS176P2AW3PG6WBZRGX0RE,2025-01-12T17:29:51.58412266Z,,,,,,,false,2025-01-12T17:29:51.58412266Z,,,batch ended,2025-01-12T17:34:42.096786754Z,01JHDS177DY4NATND5F98189XT,2025-01-12T17:29:51.599487807Z,,,,,,,,,,,,,,,false,2025-01-12T17:29:51.58412266Z,,,terminated,2025-01-12T17:34:42.096786754Z,,,,,"{""contextSize"":4,""contextStructure"":""noncomp"",""feedbackDuration"":3,""maxTimeout"":5,""numRepetitionsWithPartner"":4,""playerCount"":2,""selectionDuration"":60,""showNegativeFeedback"":1}",2025-01-12T17:29:51.58412266Z,full-noncomp,2025-01-12T17:29:51.58412266Z
01JHDS0G7CG48XJ1H5AV8ETX0X,,,01JHDS0G72B8TPHMF9C775SBX1,2025-01-12T17:29:28.04435367Z,,,,,,,false,2025-01-12T17:29:28.04435367Z,,,batch ended,2025-01-12T17:34:52.202278626Z,01JHDS0G7XFTMRBXT0VKP9MM14,2025-01-12T17:29:28.06481588Z,,,,,,,,,,,,,,,false,2025-01-12T17:29:28.04435367Z,,,terminated,2025-01-12T17:34:52.202278626Z,,,,,"{""contextSize"":4,""contextStructure"":""noncomp"",""feedbackDuration"":3,""maxTimeout"":5,""numRepetitionsWithPartner"":4,""playerCount"":2,""selectionDuration"":60,""showNegativeFeedback"":1}",2025-01-12T17:29:28.04435367Z,full-noncomp,2025-01-12T17:29:28.04435367Z
01JHDSENAYK76DQX37J3H6VY74,2,2025-01-12T17:58:23.444612727Z,01JHDSEMAY2JK76HMF0WAJJX4B,2025-01-12T17:37:12.030602416Z,"[282,220,421,97,358,187,226,205,419,297,257,20,457,161,254,292]",2025-01-12T17:58:26.242053159Z,4,2025-01-12T17:58:23.62906123Z,noncomp,2025-01-12T17:58:23.62906123Z,true,2025-01-12T18:05:22.837701094Z,true,2025-01-12T18:05:22.68255644Z,timeOut,2025-01-12T18:05:22.68255644Z,01JHDSENFK12DDMJC0MPGNRYJ8,2025-01-12T17:37:12.180803564Z,false,2025-01-12T17:59:13.403329354Z,5,2025-01-12T17:58:23.62906123Z,5,2025-01-12T18:05:22.68255644Z,90,2025-01-12T17:58:23.62906123Z,63,2025-01-12T17:58:26.242053159Z,1,2025-01-12T17:58:23.62906123Z,null,2025-01-12T18:05:22.837701094Z,true,2025-01-12T17:58:23.444612727Z,true,2025-01-12T17:58:23.444612727Z,ended,2025-01-12T18:05:22.68255644Z,"[[194,282],[7,220],[128,421],[108,97],[289,358],[308,187],[21,226],[360,205],[189,419],[102,297],[443,257],[346,20],[115,457],[255,161],[347,254],[125,292]]",2025-01-12T17:58:26.242053159Z,"[194,7,128,108,289,308,21,360,189,102,443,346,115,255,347,125]",2025-01-12T17:58:26.242053159Z,"{""contextSize"":4,""contextStructure"":""noncomp"",""feedbackDuration"":3,""maxTimeout"":5,""numRepetitionsWithPartner"":4,""playerCount"":2,""selectionDuration"":60,""showNegativeFeedback"":1}",2025-01-12T17:37:12.030602416Z,full-noncomp,2025-01-12T17:37:12.030602416Z
01JHDSENJ361Q88NK0RNYC6QW9,,,01JHDSENGSXYPSFF0ESZ89GVTZ,2025-01-12T17:37:12.259126992Z,,,,,,,false,2025-01-12T17:37:12.259126992Z,,,,,01JHDSENJY0PDRTF948DN64FGA,2025-01-12T17:37:12.288026399Z,,,,,,,,,,,,,,,false,2025-01-12T17:37:12.259126992Z,,,,,,,,,"{""contextSize"":4,""contextStructure"":""noncomp"",""feedbackDuration"":3,""maxTimeout"":5,""numRepetitionsWithPartner"":4,""playerCount"":2,""selectionDuration"":60,""showNegativeFeedback"":1}",2025-01-12T17:37:12.259126992Z,full-noncomp,2025-01-12T17:37:12.259126992Z
01JHDSGVY5XKZ5JACSCPTE9PS5,,,01JHDSGVX2SRHA23DT0F97EBA0,2025-01-12T17:38:24.325487023Z,,,,,,,false,2025-01-12T17:38:24.325487023Z,,,,,01JHDSGVZM5Y0RJZ3JYVV9N080,2025-01-12T17:38:24.375046291Z,,,,,,,,,,,,,,,false,2025-01-12T17:38:24.325487023Z,,,,,,,,,"{""contextSize"":4,""contextStructure"":""noncomp"",""feedbackDuration"":3,""maxTimeout"":5,""numRepetitionsWithPartner"":4,""playerCount"":2,""selectionDuration"":60,""showNegativeFeedback"":1}",2025-01-12T17:38:24.325487023Z,full-noncomp,2025-01-12T17:38:24.325487023Z
01JHDRZYSNG3RFE75FYPTSYZKD,,,01JHDRZYSA58F55VK29JEE76Y9,2025-01-12T17:29:10.197583889Z,,,,,,,false,2025-01-12T17:29:10.197583889Z,,,batch ended,2025-01-12T17:34:44.118455997Z,01JHDRZYTFAQXYQJT3Q9CGPK3W,2025-01-12T17:29:10.225305631Z,,,,,,,,,,,,,,,false,2025-01-12T17:29:10.197583889Z,,,terminated,2025-01-12T17:34:44.118455997Z,,,,,"{""contextSize"":4,""contextStructure"":""noncomp"",""feedbackDuration"":3,""maxTimeout"":5,""numRepetitionsWithPartner"":4,""playerCount"":2,""selectionDuration"":60,""showNegativeFeedback"":1}",2025-01-12T17:29:10.197583889Z,full-noncomp,2025-01-12T17:29:10.197583889Z
01JHDSEPX9J6D7GHTW5P2YHX80,,,01JHDSEPWRSYEEMJ33KV1P7WXD,2025-01-12T17:37:13.641504491Z,,,,,,,false,2025-01-12T17:37:13.641504491Z,,,,,01JHDSEPY8TFFBQVQK9CM42RKH,2025-01-12T17:37:13.673900041Z,,,,,,,,,,,,,,,false,2025-01-12T17:37:13.641504491Z,,,,,,,,,"{""contextSize"":4,""contextStructure"":""noncomp"",""feedbackDuration"":3,""maxTimeout"":5,""numRepetitionsWithPartner"":4,""playerCount"":2,""selectionDuration"":60,""showNegativeFeedback"":1}",2025-01-12T17:37:13.641504491Z,full-noncomp,2025-01-12T17:37:13.641504491Z
01JHDRXZZNS6W0KNGZCZNFJV0G,2,2025-01-12T17:35:07.758732135Z,01JHDRXZZ1K7XTRTT10AGGG9CS,2025-01-12T17:28:05.877706009Z,"[23,267,315,244,268,91,353,155,382,199,72,221,403,445,69,437]",2025-01-12T17:35:07.920123302Z,4,2025-01-12T17:35:07.776026266Z,noncomp,2025-01-12T17:35:07.776026266Z,true,2025-01-12T18:07:49.094681184Z,false,2025-01-12T17:35:07.776026266Z,end of game,2025-01-12T18:07:49.204629496Z,01JHDRY00T4SDV71DE2X4KRHSM,2025-01-12T17:28:05.916340832Z,false,2025-01-12T17:35:10.638783784Z,5,2025-01-12T17:35:07.776026266Z,0,2025-01-12T17:45:57.504459906Z,270,2025-01-12T17:35:07.776026266Z,63,2025-01-12T17:35:07.920123302Z,1,2025-01-12T17:35:07.776026266Z,null,2025-01-12T18:07:49.094681184Z,true,2025-01-12T17:35:07.758732135Z,true,2025-01-12T17:35:07.758732135Z,ended,2025-01-12T18:07:49.204629496Z,"[[357,23],[5,267],[414,315],[252,244],[74,268],[344,91],[211,353],[316,155],[236,382],[147,199],[400,72],[354,221],[410,403],[37,445],[17,69],[365,437]]",2025-01-12T17:35:07.920123302Z,"[357,5,414,252,74,344,211,316,236,147,400,354,410,37,17,365]",2025-01-12T17:35:07.920123302Z,"{""contextSize"":4,""contextStructure"":""noncomp"",""feedbackDuration"":3,""maxTimeout"":5,""numRepetitionsWithPartner"":4,""playerCount"":2,""selectionDuration"":60,""showNegativeFeedback"":1}",2025-01-12T17:28:05.877706009Z,full-noncomp,2025-01-12T17:28:05.877706009Z
01JHDRYRE386W17NAZS4JBXHMR,2,2025-01-12T17:39:03.001747318Z,01JHDRYRDQ4STSHJ7VKH0MF43T,2025-01-12T17:28:30.915314319Z,"[325,379,5,219,22,26,469,295,157,205,16,19,464,262,287,268]",2025-01-12T17:39:03.910401234Z,4,2025-01-12T17:39:03.1436359Z,noncomp,2025-01-12T17:39:03.1436359Z,true,2025-01-12T18:15:37.680792217Z,false,2025-01-12T17:39:03.1436359Z,end of game,2025-01-12T18:15:37.831767151Z,01JHDRYREY1BHZZ26C6BGTCF1V,2025-01-12T17:28:30.944235888Z,false,2025-01-12T17:39:16.540272483Z,5,2025-01-12T17:39:03.1436359Z,0,2025-01-12T17:59:23.723629273Z,180,2025-01-12T17:39:03.1436359Z,63,2025-01-12T17:39:03.910401234Z,1,2025-01-12T17:39:03.1436359Z,null,2025-01-12T18:15:37.680792217Z,true,2025-01-12T17:39:03.001747318Z,true,2025-01-12T17:39:03.001747318Z,ended,2025-01-12T18:15:37.831767151Z,"[[145,325],[442,379],[281,5],[105,219],[146,22],[169,26],[258,469],[210,295],[448,157],[189,205],[147,16],[122,19],[387,464],[137,262],[356,287],[6,268]]",2025-01-12T17:39:03.910401234Z,"[145,442,281,105,146,169,258,210,448,189,147,122,387,137,356,6]",2025-01-12T17:39:03.910401234Z,"{""contextSize"":4,""contextStructure"":""noncomp"",""feedbackDuration"":3,""maxTimeout"":5,""numRepetitionsWithPartner"":4,""playerCount"":2,""selectionDuration"":60,""showNegativeFeedback"":1}",2025-01-12T17:28:30.915314319Z,full-noncomp,2025-01-12T17:28:30.915314319Z
01JHDS0KXDNZPWE4782ZXE3X1V,2,2025-01-12T17:44:57.462423346Z,01JHDS0KWZQDR4ZDSJ946RVYYZ,2025-01-12T17:29:31.821366012Z,"[73,7,34,292,228,250,232,344,4,300,171,328,379,423,355,246]",2025-01-12T17:44:58.863454776Z,4,2025-01-12T17:44:57.563908565Z,noncomp,2025-01-12T17:44:57.563908565Z,true,2025-01-12T18:14:22.160460837Z,false,2025-01-12T17:44:57.563908565Z,end of game,2025-01-12T18:14:22.521396581Z,01JHDS0KYHY21AVHVXS65AP16Y,2025-01-12T17:29:31.858875253Z,false,2025-01-12T17:45:22.696784201Z,5,2025-01-12T17:44:57.563908565Z,0,2025-01-12T17:44:57.563908565Z,270,2025-01-12T17:44:57.563908565Z,63,2025-01-12T17:44:58.863454776Z,1,2025-01-12T17:44:57.563908565Z,null,2025-01-12T18:14:22.160460837Z,true,2025-01-12T17:44:57.462423346Z,true,2025-01-12T17:44:57.462423346Z,ended,2025-01-12T18:14:22.521396581Z,"[[109,73],[401,7],[298,34],[311,292],[466,228],[11,250],[405,232],[151,344],[178,4],[391,300],[270,171],[200,328],[349,379],[254,423],[45,355],[88,246]]",2025-01-12T17:44:58.863454776Z,"[109,401,298,311,466,11,405,151,178,391,270,200,349,254,45,88]",2025-01-12T17:44:58.863454776Z,"{""contextSize"":4,""contextStructure"":""noncomp"",""feedbackDuration"":3,""maxTimeout"":5,""numRepetitionsWithPartner"":4,""playerCount"":2,""selectionDuration"":60,""showNegativeFeedback"":1}",2025-01-12T17:29:31.821366012Z,full-noncomp,2025-01-12T17:29:31.821366012Z
01JHDSEN9ZXYGTDKT3E4FMPN7Y,2,2025-01-12T17:47:42.250109387Z,01JHDSEK792A1PR6M0877F9RYQ,2025-01-12T17:37:11.999766919Z,"[150,96,218,114,318,16,40,100,366,181,179,117,370,8,265,321]",2025-01-12T17:47:55.770644681Z,4,2025-01-12T17:47:54.132057941Z,noncomp,2025-01-12T17:47:54.132057941Z,true,2025-01-12T18:17:21.447042947Z,false,2025-01-12T17:47:54.132057941Z,end of game,2025-01-12T18:17:21.572034056Z,01JHDSENDZAFADN7KWNKQ5MW5Y,2025-01-12T17:37:12.129274923Z,false,2025-01-12T17:48:25.334491757Z,5,2025-01-12T17:47:54.132057941Z,0,2025-01-12T18:05:50.458436099Z,270,2025-01-12T17:47:54.132057941Z,63,2025-01-12T17:47:55.770644681Z,1,2025-01-12T17:47:54.132057941Z,null,2025-01-12T18:17:21.447042947Z,true,2025-01-12T17:47:42.250109387Z,true,2025-01-12T17:47:42.250109387Z,ended,2025-01-12T18:17:21.572034056Z,"[[130,150],[306,96],[399,218],[168,114],[36,318],[74,16],[387,40],[14,100],[367,366],[67,181],[276,179],[90,117],[385,370],[98,8],[437,265],[233,321]]",2025-01-12T17:47:55.770644681Z,"[130,306,399,168,36,74,387,14,367,67,276,90,385,98,437,233]",2025-01-12T17:47:55.770644681Z,"{""contextSize"":4,""contextStructure"":""noncomp"",""feedbackDuration"":3,""maxTimeout"":5,""numRepetitionsWithPartner"":4,""playerCount"":2,""selectionDuration"":60,""showNegativeFeedback"":1}",2025-01-12T17:37:11.999766919Z,full-noncomp,2025-01-12T17:37:11.999766919Z
01JHDSEPG8YEM2NPJ1TPBYWQMZ,,,01JHDSEPFNSWYVQE90D0ENSYJ1,2025-01-12T17:37:13.224096102Z,,,,,,,false,2025-01-12T17:37:13.224096102Z,,,,,01JHDSEPH3XRPH1T6PT4CKT2MF,2025-01-12T17:37:13.253556146Z,,,,,,,,,,,,,,,false,2025-01-12T17:37:13.224096102Z,,,,,,,,,"{""contextSize"":4,""contextStructure"":""noncomp"",""feedbackDuration"":3,""maxTimeout"":5,""numRepetitionsWithPartner"":4,""playerCount"":2,""selectionDuration"":60,""showNegativeFeedback"":1}",2025-01-12T17:37:13.224096102Z,full-noncomp,2025-01-12T17:37:13.224096102Z
01JHDSGSYZHMW4XGRYGWG120A9,,,01JHDSGSXYQFGE0N3R1RV2QBHR,2025-01-12T17:38:22.303956666Z,,,,,,,false,2025-01-12T17:38:22.303956666Z,,,,,01JHDSGT0FN2Y64BK30BD2708Q,2025-01-12T17:38:22.35355057Z,,,,,,,,,,,,,,,false,2025-01-12T17:38:22.303956666Z,,,,,,,,,"{""contextSize"":4,""contextStructure"":""noncomp"",""feedbackDuration"":3,""maxTimeout"":5,""numRepetitionsWithPartner"":4,""playerCount"":2,""selectionDuration"":60,""showNegativeFeedback"":1}",2025-01-12T17:38:22.303956666Z,full-noncomp,2025-01-12T17:38:22.303956666Z
