id,batchID,batchIDLastChangedAt,gameID,gameIDLastChangedAt,playerID,playerIDLastChangedAt
01JHDSRE95QETK556MJ9ZTQ2EE,01JHDS0JD6F5ZWXYZ2Y0138XQT,2025-01-12T17:42:32.485534463Z,01JHDS0JDFWEZFP4XZA40N32NX,2025-01-12T17:42:32.485534463Z,01JHDSK6Y4KGGVJCD2BHM1XC4V,2025-01-12T17:42:32.485534463Z
01JHDTY3JCYZJ66JZ5TJD93WPW,01JHDSEMQ1W9PJDN5ZFGSWNVJD,2025-01-12T18:03:06.700439274Z,01JHDSENBHY9B83RV9ECKWENWM,2025-01-12T18:03:06.700439274Z,01JHDSED97PC6WD9CM8TCQ8HX8,2025-01-12T18:03:06.700439274Z
01JHDSA89JJJWC9134R4V8KZ92,01JHDRXZZ1K7XTRTT10AGGG9CS,2025-01-12T17:34:47.602150115Z,01JHDRXZZNS6W0KNGZCH2B1KKK,2025-01-12T17:34:47.602150115Z,01JHDS5A9JP9Q3GEGKSNBBRX2Y,2025-01-12T17:34:47.602150115Z
01JHDSVBK4BJ9JQGCTN1WVFK9G,01JHDS0KWZQDR4ZDSJ946RVYYZ,2025-01-12T17:44:08.036714027Z,01JHDS0KXC5VRF4K1N0K42GW13,2025-01-12T17:44:08.036714027Z,01JHDSMF6YFQ77KYTNBYQV6K07,2025-01-12T17:44:08.036714027Z
01JHDSWVXP5MENX1JY8TVSA77E,01JHDS0KWZQDR4ZDSJ946RVYYZ,2025-01-12T17:44:57.526798872Z,01JHDS0KXDNZPWE4782ZXE3X1V,2025-01-12T17:44:57.526798872Z,01JHDSQCJTADJFTC5HDK2Y3PRS,2025-01-12T17:44:57.526798872Z
01JHDSBWG0AASZN2ADF85EJ053,01JHDRY6FB1TBNBEXV082FF6QB,2025-01-12T17:35:41.056147616Z,01JHDRY6FPS99E2NA6HQM9PWXY,2025-01-12T17:35:41.056147616Z,01JHDS6H20JMHTD3ZYTF4D2B0J,2025-01-12T17:35:41.056147616Z
01JHDSEG0PMTEEXYTD0RDVVJK4,01JHDRYCASHM533JE5DAZYMGMC,2025-01-12T17:37:06.582283454Z,01JHDRYCB5FSS04RVSYX0D80DF,2025-01-12T17:37:06.582283454Z,01JHDS7K5MSMNVHKJC24R0KDPD,2025-01-12T17:37:06.582283454Z
01JHDSFMY0WEEVD6HK5DS65M23,01JHDRYCASHM533JE5DAZYMGMC,2025-01-12T17:37:44.384238801Z,01JHDRYCB4YXZE09EG2KMY001G,2025-01-12T17:37:44.384238801Z,01JHDSD98D863DC71RP6NH4MG9,2025-01-12T17:37:44.384238801Z
01JHDSJ1TECRPZ0M7V4W35016K,01JHDRYRDQ4STSHJ7VKH0MF43T,2025-01-12T17:39:03.118207247Z,01JHDRYRE386W17NAZS4JBXHMR,2025-01-12T17:39:03.118207247Z,01JHDSCFYZR1Y28C29QM7C695Z,2025-01-12T17:39:03.118207247Z
01JHDSWVX8XYB1VGD5X8BJ6DGE,01JHDS0KWZQDR4ZDSJ946RVYYZ,2025-01-12T17:44:57.512965026Z,01JHDS0KXDNZPWE4782ZXE3X1V,2025-01-12T17:44:57.512965026Z,01JHDSKTWCGF7WHYYEQQEKYPKF,2025-01-12T17:44:57.512965026Z
01JHDT28B8S5YQX1JA7NWPZ7R4,01JHDSEK792A1PR6M0877F9RYQ,2025-01-12T17:47:54.088261035Z,01JHDSEN9ZXYGTDKT3E4FMPN7Y,2025-01-12T17:47:54.088261035Z,01JHDSNNSF0VRXGZ6TK3EBYZDA,2025-01-12T17:47:54.088261035Z
01JHDTFM8ZWCTW9NFAR1VH8BD3,01JHDSEKSNXW0NZAB1VJP04TSM,2025-01-12T17:55:12.287448134Z,01JHDSENAEPD9Q0CA36C3V4EG2,2025-01-12T17:55:12.287448134Z,01JHDS6A9G1R6A4ZMK1Y97YT1F,2025-01-12T17:55:12.287448134Z
01JHDTNF102ADZ01GEFVV27JZP,01JHDSEMAY2JK76HMF0WAJJX4B,2025-01-12T17:58:23.521019287Z,01JHDSENAYK76DQX37J3H6VY74,2025-01-12T17:58:23.521019287Z,01JHDSD6MRMXJSZX8RJMG5PYJS,2025-01-12T17:58:23.521019287Z
01JHDSBWG0AASZN2ADFHHAGDVP,01JHDRY6FB1TBNBEXV082FF6QB,2025-01-12T17:35:41.05688634Z,01JHDRY6FPS99E2NA6HQM9PWXY,2025-01-12T17:35:41.05688634Z,01JHDS6YV0Y1TT9FGFZD161DJG,2025-01-12T17:35:41.05688634Z
01JHDSG421J9QM8CXPFTZMBM15,01JHDRYFHR67P3C94Z2470CP6S,2025-01-12T17:37:59.873853989Z,01JHDRYFJ2BRY23J4SFBVWGDG5,2025-01-12T17:37:59.873853989Z,01JHDSCBNMD13096ANHBSQM4BQ,2025-01-12T17:37:59.873853989Z
01JHDSRE8VQHTXZ9V2V4TXGP5B,01JHDS0JD6F5ZWXYZ2Y0138XQT,2025-01-12T17:42:32.475899672Z,01JHDS0JDFWEZFP4XZA40N32NX,2025-01-12T17:42:32.475899672Z,01JHDSATWEJAVGBGDHJ8VYX3WA,2025-01-12T17:42:32.475899672Z
01JHDSVBJRHYD4D8EBRJQWT6YN,01JHDS0KWZQDR4ZDSJ946RVYYZ,2025-01-12T17:44:08.024679529Z,01JHDS0KXC5VRF4K1N0K42GW13,2025-01-12T17:44:08.024679529Z,01JHDSFVWJ50Y8GW7AK7M419BB,2025-01-12T17:44:08.024679529Z
01JHDSFMXX91N295E3JA2E8RHJ,01JHDRYCASHM533JE5DAZYMGMC,2025-01-12T17:37:44.381054536Z,01JHDRYCB4YXZE09EG2KMY001G,2025-01-12T17:37:44.381054536Z,01JHDSBRJE9CJTDFTAQ15C7GGJ,2025-01-12T17:37:44.381054536Z
01JHDSP7DGTKXY16WETXM1QD7P,01JHDS0JD6F5ZWXYZ2Y0138XQT,2025-01-12T17:41:19.920712509Z,01JHDS0JDGF55CETX8ZBQ4WAAS,2025-01-12T17:41:19.920712509Z,01JHDSK7HP2Z6GDQJJJ5BAQ2QN,2025-01-12T17:41:19.920712509Z
01JHDTFM9T05B0FCYSDMKAK9FD,01JHDSEKSNXW0NZAB1VJP04TSM,2025-01-12T17:55:12.314773765Z,01JHDSENAEPD9Q0CA36C3V4EG2,2025-01-12T17:55:12.314773765Z,01JHDSPQDN7WY29C2Q4JSX4B1A,2025-01-12T17:55:12.314773765Z
01JHDSP7D87G1XTHRVBT95PX8T,01JHDS0JD6F5ZWXYZ2Y0138XQT,2025-01-12T17:41:19.912187366Z,01JHDS0JDGF55CETX8ZBQ4WAAS,2025-01-12T17:41:19.912187366Z,01JHDSC0GQAV4EJBYQDS5XEH17,2025-01-12T17:41:19.912187366Z
01JHDSBS4CEJ1V05HKA6Z2YK0A,01JHDRY6FB1TBNBEXV082FF6QB,2025-01-12T17:35:37.612483008Z,01JHDRY6FPS99E2NA6HEZHD8AK,2025-01-12T17:35:37.612483008Z,01JHDS6QA5WDMHC91Q2H9NR0NH,2025-01-12T17:35:37.612483008Z
01JHDSFVYMGTEZN7AMFJZR35PR,01JHDRYFHR67P3C94Z2470CP6S,2025-01-12T17:37:51.57207627Z,01JHDRYFJ2BRY23J4SFMJNZ8M5,2025-01-12T17:37:51.57207627Z,01JHDS93NXDVZTCZ6EK12SYWJG,2025-01-12T17:37:51.57207627Z
01JHDSG41XM9JB1BR5DE77S702,01JHDRYFHR67P3C94Z2470CP6S,2025-01-12T17:37:59.869664867Z,01JHDRYFJ2BRY23J4SFBVWGDG5,2025-01-12T17:37:59.869664867Z,01JHDS787A1VA5ZVHKYJW3XETK,2025-01-12T17:37:59.869664867Z
01JHDT1BWPJ3EKM1XZADZ5DYCK,01JHDSEJNE0PF4D7D0T70GWRBY,2025-01-12T17:47:24.950963541Z,01JHDSEN9DC4QXFP61HDZDXMVF,2025-01-12T17:47:24.950963541Z,01JHDSTNNEEQASYS9J6PJVHE98,2025-01-12T17:47:24.950963541Z
01JHDTY3KVFKW3SKYMNKCM4FPV,01JHDSEMQ1W9PJDN5ZFGSWNVJD,2025-01-12T18:03:06.747928311Z,01JHDSENBHY9B83RV9ECKWENWM,2025-01-12T18:03:06.747928311Z,01JHDSG97ZD978XM3EKWS0SZ4X,2025-01-12T18:03:06.747928311Z
01JHDSAVZSJGHPWYPSEZNR5AX5,01JHDRXZZ1K7XTRTT10AGGG9CS,2025-01-12T17:35:07.769835947Z,01JHDRXZZNS6W0KNGZCZNFJV0G,2025-01-12T17:35:07.769835947Z,01JHDS5JY06J9M6DCS8XGSRE4M,2025-01-12T17:35:07.769835947Z
01JHDSAVZTZ9MAF44W9V2MV4AT,01JHDRXZZ1K7XTRTT10AGGG9CS,2025-01-12T17:35:07.770169015Z,01JHDRXZZNS6W0KNGZCZNFJV0G,2025-01-12T17:35:07.770169015Z,01JHDS80XBXFS6KWD67Y24SJSR,2025-01-12T17:35:07.770169015Z
01JHDSFVYQZ1XG34XAPY842935,01JHDRYFHR67P3C94Z2470CP6S,2025-01-12T17:37:51.575230538Z,01JHDRYFJ2BRY23J4SFMJNZ8M5,2025-01-12T17:37:51.575230538Z,01JHDSA19Z398Z2VY5DANPM14M,2025-01-12T17:37:51.575230538Z
01JHDSHPA841N5976MFX45Q8B9,01JHDRYRDQ4STSHJ7VKH0MF43T,2025-01-12T17:38:51.336842293Z,01JHDRYRE2FDEZZD13T1M5NP7E,2025-01-12T17:38:51.336842293Z,01JHDSD418AH8952P31EDPDBWH,2025-01-12T17:38:51.336842293Z
01JHDSHPAFA1WJ3M777MJT6E4M,01JHDRYRDQ4STSHJ7VKH0MF43T,2025-01-12T17:38:51.343543865Z,01JHDRYRE2FDEZZD13T1M5NP7E,2025-01-12T17:38:51.343543865Z,01JHDSDFR5GN4H4MJP39GCQA94,2025-01-12T17:38:51.343543865Z
01JHDSJ1T6K9937Q485EAS7FWW,01JHDRYRDQ4STSHJ7VKH0MF43T,2025-01-12T17:39:03.110835943Z,01JHDRYRE386W17NAZS4JBXHMR,2025-01-12T17:39:03.110835943Z,01JHDSBWFX6SEB3CAHJNXTD2GQ,2025-01-12T17:39:03.110835943Z
01JHDT1BW5KCP1VVQF40S67F9S,01JHDSEJNE0PF4D7D0T70GWRBY,2025-01-12T17:47:24.933190605Z,01JHDSEN9DC4QXFP61HDZDXMVF,2025-01-12T17:47:24.933190605Z,01JHDSM6BSHNDTHT1XB8F0ABAM,2025-01-12T17:47:24.933190605Z
01JHDT28AR067ST7TGNTDDFWT9,01JHDSEK792A1PR6M0877F9RYQ,2025-01-12T17:47:54.072334807Z,01JHDSEN9ZXYGTDKT3E4FMPN7Y,2025-01-12T17:47:54.072334807Z,01JHDSNJTRK82B9E2MQY8SB47W,2025-01-12T17:47:54.072334807Z
01JHDSA89JJJWC9134RGGNKC7C,01JHDRXZZ1K7XTRTT10AGGG9CS,2025-01-12T17:34:47.602602593Z,01JHDRXZZNS6W0KNGZCH2B1KKK,2025-01-12T17:34:47.602602593Z,01JHDS5ZTC0BN0W76NWRXTXAS7,2025-01-12T17:34:47.602602593Z
01JHDSEG0SYTF5TC892MW5RWJ0,01JHDRYCASHM533JE5DAZYMGMC,2025-01-12T17:37:06.585322504Z,01JHDRYCB5FSS04RVSYX0D80DF,2025-01-12T17:37:06.585322504Z,01JHDS8FF9MMV0AQGB1TRZS6WT,2025-01-12T17:37:06.585322504Z
01JHDTNF1W8KJD0PTNAZYEN8BB,01JHDSEMAY2JK76HMF0WAJJX4B,2025-01-12T17:58:23.54858358Z,01JHDSENAYK76DQX37J3H6VY74,2025-01-12T17:58:23.54858358Z,01JHDT7RPC793SRFQG2NYFASKV,2025-01-12T17:58:23.54858358Z
01JHDSBS4DZAYQYF4VEBNAP7FF,01JHDRY6FB1TBNBEXV082FF6QB,2025-01-12T17:35:37.613135248Z,01JHDRY6FPS99E2NA6HEZHD8AK,2025-01-12T17:35:37.613135248Z,01JHDS7RYEWDJ0989DQHQ3JDH3,2025-01-12T17:35:37.613135248Z
