id,batchID,batchIDLastChangedAt,chat,chatLastChangedAt,chatTimestamps,chatTimestampsLastChangedAt,clickBlockedAt,clickBlockedAtLastChangedAt,correct,correctLastChangedAt,director,directorLastChangedAt,displayLabels,displayLabelsLastChangedAt,ended,endedLastChangedAt,gameID,gameIDLastChangedAt,index,indexLastChangedAt,justStarted,justStartedLastChangedAt,matcher,matcherLastChangedAt,numItems,numItemsLastChangedAt,numTrials,numTrialsLastChangedAt,numTrialsPerBlock,numTrialsPerBlockLastChangedAt,phase,phaseLastChangedAt,renderedAt_01M0JJN73CZE71G98JMFPWZYNK,renderedAt_01M0JJN73CZE71G98JMFPWZYNKLastChangedAt,renderedAt_01M0JJNQ7467WJ2QWV6X22DQEN,renderedAt_01M0JJNQ7467WJ2QWV6X22DQENLastChangedAt,renderedAt_01M0JK9G5VWWNZ4YG6653WY0GX,renderedAt_01M0JK9G5VWWNZ4YG6653WY0GXLastChangedAt,renderedAt_01M0JKA224N3Y912RZYHVSM4VX,renderedAt_01M0JKA224N3Y912RZYHVSM4VXLastChangedAt,repNum,repNumLastChangedAt,reps,repsLastChangedAt,response,responseLastChangedAt,selection,selectionLastChangedAt,selectionMadeAt,selectionMadeAtLastChangedAt,setId,setIdLastChangedAt,stageIndex,stageIndexLastChangedAt,start,startLastChangedAt,tangramURLs,tangramURLsLastChangedAt,target,targetLastChangedAt,targetLabel,targetLabelLastChangedAt,targetNum,targetNumLastChangedAt,trialNum,trialNumLastChangedAt
01M0JKAP31PJAEH6S7EBS205N4,01M0JK9BY4R112K1G4R9MXJ5Y6,2026-08-21T11:44:08.161438-05:00,"[{""text"":""dfa"",""sender"":{""id"":""01M0JK9G5VWWNZ4YG6653WY0GX"",""name"":""Repi"",""avatar"":""https://api.dicebear.com/8.x/rings/svg?seed=Repi""}},{""text"":""sdfdasf"",""sender"":{""id"":""01M0JK9G5VWWNZ4YG6653WY0GX"",""name"":""Repi"",""avatar"":""https://api.dicebear.com/8.x/rings/svg?seed=Repi""}},{""text"":""asdfsd"",""sender"":{""id"":""01M0JKA224N3Y912RZYHVSM4VX"",""name"":""Minu"",""avatar"":""https://api.dicebear.com/8.x/rings/svg?seed=Minu""}}]",2026-08-21T11:45:04.299481-05:00,"[1787330700085,1787330702268,1787330704301]",2026-08-21T11:45:04.304148-05:00,,,false,2026-08-21T11:45:06.824136-05:00,01M0JKA224N3Y912RZYHVSM4VX,2026-08-21T11:44:58.483479-05:00,"[""B3"",""A4"",""A2"",""C4""]",2026-08-21T11:44:08.161438-05:00,true,2026-08-21T11:45:06.816046-05:00,01M0JK9BZ1KRYD1KCET8TJ3NXX,2026-08-21T11:44:08.161438-05:00,5,2026-08-21T11:44:08.161438-05:00,false,2026-08-21T11:44:58.507685-05:00,01M0JK9G5VWWNZ4YG6653WY0GX,2026-08-21T11:44:58.483479-05:00,,,12,2026-08-21T11:44:08.161438-05:00,12,2026-08-21T11:44:08.161438-05:00,training,2026-08-21T11:44:08.161438-05:00,,,,,1787330698502,2026-08-21T11:44:58.507535-05:00,1787330698501,2026-08-21T11:44:58.507069-05:00,0,2026-08-21T11:44:08.161438-05:00,1,2026-08-21T11:44:08.161438-05:00,/tangrams/138_339.png,2026-08-21T11:45:06.824136-05:00,/tangrams/138_339.png,2026-08-21T11:45:05.76082-05:00,1787330705755,2026-08-21T11:45:05.759357-05:00,0,2026-08-21T11:44:08.161438-05:00,2,2026-08-21T11:44:08.20563-05:00,true,2026-08-21T11:44:58.471374-05:00,"[""/tangrams/366_405.png"",""/tangrams/138_66.png"",""/tangrams/138_339.png"",""/tangrams/422_66.png""]",2026-08-21T11:44:08.161438-05:00,/tangrams/138_66.png,2026-08-21T11:44:08.161438-05:00,A4,2026-08-21T11:44:08.161438-05:00,5,2026-08-21T11:44:08.161438-05:00,4,2026-08-21T11:44:08.161438-05:00
01M0JKAP32VTNSQ8G401JSR1VD,01M0JK9BY4R112K1G4R9MXJ5Y6,2026-08-21T11:44:08.162485-05:00,,,,,,,,,,,,,true,2026-08-21T11:45:56.57571-05:00,01M0JK9BZ1KRYD1KCET8TJ3NXX,2026-08-21T11:44:08.162485-05:00,13,2026-08-21T11:44:08.162485-05:00,false,2026-08-21T11:45:44.23899-05:00,,,20,2026-08-21T11:44:08.162485-05:00,,,,,posttest,2026-08-21T11:44:08.162485-05:00,,,,,,,,,,,,,,,,2026-08-21T11:45:44.215603-05:00,,,,,1,2026-08-21T11:44:08.229404-05:00,true,2026-08-21T11:45:44.196838-05:00,[],2026-08-21T11:44:08.162485-05:00,,2026-08-21T11:44:08.162485-05:00,,,,,,
01M0JKAP32VTNSQ8G40P7N3Z8Y,01M0JK9BY4R112K1G4R9MXJ5Y6,2026-08-21T11:44:08.16277-05:00,"[{""text"":""asdfds"",""sender"":{""id"":""01M0JKA224N3Y912RZYHVSM4VX"",""name"":""Minu"",""avatar"":""https://api.dicebear.com/8.x/rings/svg?seed=Minu""}}]",2026-08-21T11:45:37.29771-05:00,[1787330737299],2026-08-21T11:45:37.302278-05:00,,,true,2026-08-21T11:45:40.045839-05:00,01M0JKA224N3Y912RZYHVSM4VX,2026-08-21T11:45:35.464522-05:00,"[""C1"",""D3"",""B4"",""C4""]",2026-08-21T11:44:08.16277-05:00,true,2026-08-21T11:45:40.038587-05:00,01M0JK9BZ1KRYD1KCET8TJ3NXX,2026-08-21T11:44:08.16277-05:00,11,2026-08-21T11:44:08.16277-05:00,false,2026-08-21T11:45:35.490708-05:00,01M0JK9G5VWWNZ4YG6653WY0GX,2026-08-21T11:45:35.464522-05:00,,,12,2026-08-21T11:44:08.16277-05:00,12,2026-08-21T11:44:08.16277-05:00,training,2026-08-21T11:44:08.16277-05:00,,,,,1787330735486,2026-08-21T11:45:35.491481-05:00,1787330735486,2026-08-21T11:45:35.491867-05:00,0,2026-08-21T11:44:08.16277-05:00,1,2026-08-21T11:44:08.16277-05:00,/tangrams/422_66.png,2026-08-21T11:45:40.045839-05:00,/tangrams/422_66.png,2026-08-21T11:45:38.983336-05:00,1787330738979,2026-08-21T11:45:38.982074-05:00,0,2026-08-21T11:44:08.16277-05:00,2,2026-08-21T11:44:08.223703-05:00,true,2026-08-21T11:45:35.449123-05:00,"[""/tangrams/422_244.png"",""/tangrams/279_405.png"",""/tangrams/366_66.png"",""/tangrams/422_66.png""]",2026-08-21T11:44:08.16277-05:00,/tangrams/422_66.png,2026-08-21T11:44:08.16277-05:00,C4,2026-08-21T11:44:08.16277-05:00,11,2026-08-21T11:44:08.16277-05:00,10,2026-08-21T11:44:08.16277-05:00
01M0JJP8YS0VCDCQVJXS6FEXF0,01M0JJMWXFA9B8FFW0WBE7QYTZ,2026-08-21T11:32:59.353984-05:00,"[{""text"":""waiting"",""sender"":{""id"":""01M0JJN73CZE71G98JMFPWZYNK"",""name"":""Repi"",""avatar"":""https://api.dicebear.com/8.x/rings/svg?seed=Repi""}}]",2026-08-21T11:36:22.388868-05:00,[1787330182391],2026-08-21T11:36:22.39572-05:00,,,false,2026-08-21T11:36:25.071213-05:00,01M0JJN73CZE71G98JMFPWZYNK,2026-08-21T11:36:15.960179-05:00,"[""C1"",""B4"",""A3"",""A4""]",2026-08-21T11:32:59.353984-05:00,true,2026-08-21T11:36:25.06376-05:00,01M0JJMWY9HJ4DPXE1Y7910VKY,2026-08-21T11:32:59.353984-05:00,6,2026-08-21T11:32:59.353984-05:00,false,2026-08-21T11:36:15.987865-05:00,01M0JJNQ7467WJ2QWV6X22DQEN,2026-08-21T11:36:15.960179-05:00,,,12,2026-08-21T11:32:59.353984-05:00,12,2026-08-21T11:32:59.353984-05:00,training,2026-08-21T11:32:59.353984-05:00,1787330175981,2026-08-21T11:36:15.987389-05:00,1787330175981,2026-08-21T11:36:15.988861-05:00,,,,,0,2026-08-21T11:32:59.353984-05:00,1,2026-08-21T11:32:59.353984-05:00,/tangrams/422_244.png,2026-08-21T11:36:25.071213-05:00,/tangrams/422_244.png,2026-08-21T11:36:24.00193-05:00,1787330183996,2026-08-21T11:36:24.001355-05:00,0,2026-08-21T11:32:59.353984-05:00,2,2026-08-21T11:32:59.391105-05:00,true,2026-08-21T11:36:15.946006-05:00,"[""/tangrams/422_244.png"",""/tangrams/366_66.png"",""/tangrams/138_405.png"",""/tangrams/138_66.png""]",2026-08-21T11:32:59.353984-05:00,/tangrams/138_66.png,2026-08-21T11:32:59.353984-05:00,A4,2026-08-21T11:32:59.353984-05:00,6,2026-08-21T11:32:59.353984-05:00,5,2026-08-21T11:32:59.353984-05:00
01M0JJP8YWC01WQJRDXZK77C32,01M0JJMWXFA9B8FFW0WBE7QYTZ,2026-08-21T11:32:59.356677-05:00,,,,,,,,,,,,,true,2026-08-21T11:38:31.934505-05:00,01M0JJMWY9HJ4DPXE1Y7910VKY,2026-08-21T11:32:59.356677-05:00,13,2026-08-21T11:32:59.356677-05:00,false,2026-08-21T11:37:52.698355-05:00,,,20,2026-08-21T11:32:59.356677-05:00,,,,,posttest,2026-08-21T11:32:59.356677-05:00,,,,,,,,,,,,,,,,2026-08-21T11:37:52.673758-05:00,,,,,1,2026-08-21T11:32:59.414121-05:00,true,2026-08-21T11:37:52.658746-05:00,[],2026-08-21T11:32:59.356677-05:00,,2026-08-21T11:32:59.356677-05:00,,,,,,
01M0JKAP2ZNK0ZP6BXAG5AAP7Y,01M0JK9BY4R112K1G4R9MXJ5Y6,2026-08-21T11:44:08.159256-05:00,"[{""text"":""sds"",""sender"":{""id"":""01M0JK9G5VWWNZ4YG6653WY0GX"",""name"":""Repi"",""avatar"":""https://api.dicebear.com/8.x/rings/svg?seed=Repi""}}]",2026-08-21T11:44:49.618036-05:00,[1787330689620],2026-08-21T11:44:49.62434-05:00,,,true,2026-08-21T11:44:52.117128-05:00,01M0JK9G5VWWNZ4YG6653WY0GX,2026-08-21T11:44:44.092911-05:00,"[""B1"",""A2"",""A3"",""D3""]",2026-08-21T11:44:08.159256-05:00,true,2026-08-21T11:44:52.107973-05:00,01M0JK9BZ1KRYD1KCET8TJ3NXX,2026-08-21T11:44:08.159256-05:00,2,2026-08-21T11:44:08.159256-05:00,false,2026-08-21T11:44:44.122087-05:00,01M0JKA224N3Y912RZYHVSM4VX,2026-08-21T11:44:44.092911-05:00,,,12,2026-08-21T11:44:08.159256-05:00,12,2026-08-21T11:44:08.159256-05:00,training,2026-08-21T11:44:08.159256-05:00,,,,,1787330684110,2026-08-21T11:44:44.125478-05:00,1787330684110,2026-08-21T11:44:44.124939-05:00,0,2026-08-21T11:44:08.159256-05:00,1,2026-08-21T11:44:08.159256-05:00,/tangrams/138_405.png,2026-08-21T11:44:52.117128-05:00,/tangrams/138_405.png,2026-08-21T11:44:51.051547-05:00,1787330691046,2026-08-21T11:44:51.050666-05:00,0,2026-08-21T11:44:08.159256-05:00,2,2026-08-21T11:44:08.189177-05:00,true,2026-08-21T11:44:44.081685-05:00,"[""/tangrams/366_244.png"",""/tangrams/138_339.png"",""/tangrams/138_405.png"",""/tangrams/279_405.png""]",2026-08-21T11:44:08.159256-05:00,/tangrams/138_405.png,2026-08-21T11:44:08.159256-05:00,A3,2026-08-21T11:44:08.159256-05:00,2,2026-08-21T11:44:08.159256-05:00,1,2026-08-21T11:44:08.159256-05:00
01M0JKAP3311BJ0G3J2NDD19QE,01M0JK9BY4R112K1G4R9MXJ5Y6,2026-08-21T11:44:08.163737-05:00,"[{""text"":""dsafds"",""sender"":{""id"":""01M0JKA224N3Y912RZYHVSM4VX"",""name"":""Minu"",""avatar"":""https://api.dicebear.com/8.x/rings/svg?seed=Minu""}}]",2026-08-21T11:45:13.719934-05:00,[1787330713722],2026-08-21T11:45:13.725067-05:00,,,true,2026-08-21T11:45:16.450454-05:00,01M0JKA224N3Y912RZYHVSM4VX,2026-08-21T11:45:11.828095-05:00,"[""D1"",""A4"",""B1"",""D3""]",2026-08-21T11:44:08.163737-05:00,true,2026-08-21T11:45:16.439297-05:00,01M0JK9BZ1KRYD1KCET8TJ3NXX,2026-08-21T11:44:08.163737-05:00,7,2026-08-21T11:44:08.163737-05:00,false,2026-08-21T11:45:11.853947-05:00,01M0JK9G5VWWNZ4YG6653WY0GX,2026-08-21T11:45:11.828095-05:00,,,12,2026-08-21T11:44:08.163737-05:00,12,2026-08-21T11:44:08.163737-05:00,training,2026-08-21T11:44:08.163737-05:00,,,,,1787330711847,2026-08-21T11:45:11.851171-05:00,1787330711846,2026-08-21T11:45:11.852045-05:00,0,2026-08-21T11:44:08.163737-05:00,1,2026-08-21T11:44:08.163737-05:00,/tangrams/279_244.png,2026-08-21T11:45:16.450454-05:00,/tangrams/279_244.png,2026-08-21T11:45:15.373627-05:00,1787330715370,2026-08-21T11:45:15.373355-05:00,0,2026-08-21T11:44:08.163737-05:00,2,2026-08-21T11:44:08.21219-05:00,true,2026-08-21T11:45:11.81039-05:00,"[""/tangrams/279_244.png"",""/tangrams/138_66.png"",""/tangrams/366_244.png"",""/tangrams/279_405.png""]",2026-08-21T11:44:08.163737-05:00,/tangrams/279_244.png,2026-08-21T11:44:08.163737-05:00,D1,2026-08-21T11:44:08.163737-05:00,7,2026-08-21T11:44:08.163737-05:00,6,2026-08-21T11:44:08.163737-05:00
01M0JJP8YWC01WQJRDTTGSTWH2,01M0JJMWXFA9B8FFW0WBE7QYTZ,2026-08-21T11:32:59.356165-05:00,"[{""text"":""t"",""sender"":{""id"":""01M0JJN73CZE71G98JMFPWZYNK"",""name"":""Repi"",""avatar"":""https://api.dicebear.com/8.x/rings/svg?seed=Repi""}}]",2026-08-21T11:37:50.155566-05:00,[1787330270158],2026-08-21T11:37:50.161034-05:00,,,false,2026-08-21T11:37:52.654655-05:00,01M0JJN73CZE71G98JMFPWZYNK,2026-08-21T11:37:47.632041-05:00,"[""B3"",""B4"",""D2"",""A4""]",2026-08-21T11:32:59.356165-05:00,true,2026-08-21T11:37:52.649776-05:00,01M0JJMWY9HJ4DPXE1Y7910VKY,2026-08-21T11:32:59.356165-05:00,12,2026-08-21T11:32:59.356165-05:00,false,2026-08-21T11:37:47.656751-05:00,01M0JJNQ7467WJ2QWV6X22DQEN,2026-08-21T11:37:47.632041-05:00,,,12,2026-08-21T11:32:59.356165-05:00,12,2026-08-21T11:32:59.356165-05:00,training,2026-08-21T11:32:59.356165-05:00,1787330267652,2026-08-21T11:37:47.656366-05:00,1787330267652,2026-08-21T11:37:47.65701-05:00,,,,,0,2026-08-21T11:32:59.356165-05:00,1,2026-08-21T11:32:59.356165-05:00,/tangrams/366_405.png,2026-08-21T11:37:52.654655-05:00,/tangrams/366_405.png,2026-08-21T11:37:51.601809-05:00,1787330271596,2026-08-21T11:37:51.601171-05:00,0,2026-08-21T11:32:59.356165-05:00,2,2026-08-21T11:32:59.411205-05:00,true,2026-08-21T11:37:47.617886-05:00,"[""/tangrams/366_405.png"",""/tangrams/366_66.png"",""/tangrams/279_339.png"",""/tangrams/138_66.png""]",2026-08-21T11:32:59.356165-05:00,/tangrams/366_66.png,2026-08-21T11:32:59.356165-05:00,B4,2026-08-21T11:32:59.356165-05:00,12,2026-08-21T11:32:59.356165-05:00,11,2026-08-21T11:32:59.356165-05:00
01M0JKAP2Y2W534K3FBPM8VA50,01M0JK9BY4R112K1G4R9MXJ5Y6,2026-08-21T11:44:08.158998-05:00,,,,,,,,,,,,,true,2026-08-21T11:44:29.126061-05:00,01M0JK9BZ1KRYD1KCET8TJ3NXX,2026-08-21T11:44:08.158998-05:00,0,2026-08-21T11:44:08.158998-05:00,false,2026-08-21T11:44:08.436177-05:00,,,20,2026-08-21T11:44:08.158998-05:00,,,,,pretest,2026-08-21T11:44:08.158998-05:00,,,,,,,,,,,,,,,,2026-08-21T11:44:08.402138-05:00,,,,,1,2026-08-21T11:44:08.172117-05:00,true,2026-08-21T11:44:08.284251-05:00,[],2026-08-21T11:44:08.158998-05:00,,2026-08-21T11:44:08.158998-05:00,,,,,,
01M0JKAP35ST0G8AZBM5NBV4MY,01M0JK9BY4R112K1G4R9MXJ5Y6,2026-08-21T11:44:08.165249-05:00,"[{""text"":""adsfdsa"",""sender"":{""id"":""01M0JKA224N3Y912RZYHVSM4VX"",""name"":""Minu"",""avatar"":""https://api.dicebear.com/8.x/rings/svg?seed=Minu""}}]",2026-08-21T11:45:26.7284-05:00,[1787330726732],2026-08-21T11:45:26.734629-05:00,,,true,2026-08-21T11:45:29.268655-05:00,01M0JKA224N3Y912RZYHVSM4VX,2026-08-21T11:45:22.868251-05:00,"[""D1"",""B3"",""B1"",""C2""]",2026-08-21T11:44:08.165249-05:00,true,2026-08-21T11:45:29.261041-05:00,01M0JK9BZ1KRYD1KCET8TJ3NXX,2026-08-21T11:44:08.165249-05:00,9,2026-08-21T11:44:08.165249-05:00,false,2026-08-21T11:45:22.892311-05:00,01M0JK9G5VWWNZ4YG6653WY0GX,2026-08-21T11:45:22.868251-05:00,,,12,2026-08-21T11:44:08.165249-05:00,12,2026-08-21T11:44:08.165249-05:00,training,2026-08-21T11:44:08.165249-05:00,,,,,1787330722887,2026-08-21T11:45:22.891733-05:00,1787330722886,2026-08-21T11:45:22.891176-05:00,0,2026-08-21T11:44:08.165249-05:00,1,2026-08-21T11:44:08.165249-05:00,/tangrams/366_244.png,2026-08-21T11:45:29.268655-05:00,/tangrams/366_244.png,2026-08-21T11:45:28.198387-05:00,1787330728193,2026-08-21T11:45:28.197599-05:00,0,2026-08-21T11:44:08.165249-05:00,2,2026-08-21T11:44:08.218318-05:00,true,2026-08-21T11:45:22.854837-05:00,"[""/tangrams/279_244.png"",""/tangrams/366_405.png"",""/tangrams/366_244.png"",""/tangrams/422_339.png""]",2026-08-21T11:44:08.165249-05:00,/tangrams/366_244.png,2026-08-21T11:44:08.165249-05:00,B1,2026-08-21T11:44:08.165249-05:00,9,2026-08-21T11:44:08.165249-05:00,8,2026-08-21T11:44:08.165249-05:00
01M0JKAP2Y2W534K3FAJS44DD0,01M0JK9BY4R112K1G4R9MXJ5Y6,2026-08-21T11:44:08.158554-05:00,"[{""text"":""upside town arrow chunk on top"",""sender"":{""id"":""01M0JKA224N3Y912RZYHVSM4VX"",""name"":""Minu"",""avatar"":""https://api.dicebear.com/8.x/rings/svg?seed=Minu""}}]",2026-08-21T11:44:40.167121-05:00,[1787330680168],2026-08-21T11:44:40.171936-05:00,,,true,2026-08-21T11:44:44.076807-05:00,01M0JKA224N3Y912RZYHVSM4VX,2026-08-21T11:44:29.1503-05:00,"[""A2"",""B4"",""D2"",""A3""]",2026-08-21T11:44:08.158554-05:00,true,2026-08-21T11:44:44.068972-05:00,01M0JK9BZ1KRYD1KCET8TJ3NXX,2026-08-21T11:44:08.158554-05:00,1,2026-08-21T11:44:08.158554-05:00,false,2026-08-21T11:44:29.181836-05:00,01M0JK9G5VWWNZ4YG6653WY0GX,2026-08-21T11:44:29.1503-05:00,,,12,2026-08-21T11:44:08.158554-05:00,12,2026-08-21T11:44:08.158554-05:00,training,2026-08-21T11:44:08.158554-05:00,,,,,1787330669171,2026-08-21T11:44:29.18152-05:00,1787330669171,2026-08-21T11:44:29.181036-05:00,0,2026-08-21T11:44:08.158554-05:00,1,2026-08-21T11:44:08.158554-05:00,/tangrams/138_339.png,2026-08-21T11:44:44.076807-05:00,/tangrams/138_339.png,2026-08-21T11:44:43.003655-05:00,1787330682999,2026-08-21T11:44:43.004473-05:00,0,2026-08-21T11:44:08.158554-05:00,2,2026-08-21T11:44:08.183353-05:00,true,2026-08-21T11:44:29.137373-05:00,"[""/tangrams/138_339.png"",""/tangrams/366_66.png"",""/tangrams/279_339.png"",""/tangrams/138_405.png""]",2026-08-21T11:44:08.158554-05:00,/tangrams/138_339.png,2026-08-21T11:44:08.158554-05:00,A2,2026-08-21T11:44:08.158554-05:00,1,2026-08-21T11:44:08.158554-05:00,0,2026-08-21T11:44:08.158554-05:00
01M0JKAP2ZNK0ZP6BXBQ504V9X,01M0JK9BY4R112K1G4R9MXJ5Y6,2026-08-21T11:44:08.159765-05:00,"[{""text"":""sd"",""sender"":{""id"":""01M0JKA224N3Y912RZYHVSM4VX"",""name"":""Minu"",""avatar"":""https://api.dicebear.com/8.x/rings/svg?seed=Minu""}}]",2026-08-21T11:44:52.98421-05:00,[1787330692986],2026-08-21T11:44:52.988263-05:00,,,true,2026-08-21T11:44:55.243835-05:00,01M0JKA224N3Y912RZYHVSM4VX,2026-08-21T11:44:52.132704-05:00,"[""C4"",""B1"",""A2"",""B4""]",2026-08-21T11:44:08.159765-05:00,true,2026-08-21T11:44:55.23787-05:00,01M0JK9BZ1KRYD1KCET8TJ3NXX,2026-08-21T11:44:08.159765-05:00,3,2026-08-21T11:44:08.159765-05:00,false,2026-08-21T11:44:52.156412-05:00,01M0JK9G5VWWNZ4YG6653WY0GX,2026-08-21T11:44:52.132704-05:00,,,12,2026-08-21T11:44:08.159765-05:00,12,2026-08-21T11:44:08.159765-05:00,training,2026-08-21T11:44:08.159765-05:00,,,,,1787330692154,2026-08-21T11:44:52.158711-05:00,1787330692152,2026-08-21T11:44:52.157251-05:00,0,2026-08-21T11:44:08.159765-05:00,1,2026-08-21T11:44:08.159765-05:00,/tangrams/366_66.png,2026-08-21T11:44:55.243835-05:00,/tangrams/366_66.png,2026-08-21T11:44:54.185697-05:00,1787330694179,2026-08-21T11:44:54.183253-05:00,0,2026-08-21T11:44:08.159765-05:00,2,2026-08-21T11:44:08.198951-05:00,true,2026-08-21T11:44:52.120299-05:00,"[""/tangrams/422_66.png"",""/tangrams/366_244.png"",""/tangrams/138_339.png"",""/tangrams/366_66.png""]",2026-08-21T11:44:08.159765-05:00,/tangrams/366_66.png,2026-08-21T11:44:08.159765-05:00,B4,2026-08-21T11:44:08.159765-05:00,3,2026-08-21T11:44:08.159765-05:00,2,2026-08-21T11:44:08.159765-05:00
01M0JKAP3311BJ0G3J1KPQKED5,01M0JK9BY4R112K1G4R9MXJ5Y6,2026-08-21T11:44:08.163302-05:00,"[{""text"":""adfads"",""sender"":{""id"":""01M0JK9G5VWWNZ4YG6653WY0GX"",""name"":""Repi"",""avatar"":""https://api.dicebear.com/8.x/rings/svg?seed=Repi""}}]",2026-08-21T11:45:32.479786-05:00,[1787330732483],2026-08-21T11:45:32.485391-05:00,,,true,2026-08-21T11:45:35.439658-05:00,01M0JK9G5VWWNZ4YG6653WY0GX,2026-08-21T11:45:29.284941-05:00,"[""C1"",""D2"",""A3"",""C2""]",2026-08-21T11:44:08.163302-05:00,true,2026-08-21T11:45:35.430957-05:00,01M0JK9BZ1KRYD1KCET8TJ3NXX,2026-08-21T11:44:08.163302-05:00,10,2026-08-21T11:44:08.163302-05:00,false,2026-08-21T11:45:29.308578-05:00,01M0JKA224N3Y912RZYHVSM4VX,2026-08-21T11:45:29.284941-05:00,,,12,2026-08-21T11:44:08.163302-05:00,12,2026-08-21T11:44:08.163302-05:00,training,2026-08-21T11:44:08.163302-05:00,,,,,1787330729303,2026-08-21T11:45:29.307701-05:00,1787330729303,2026-08-21T11:45:29.306522-05:00,0,2026-08-21T11:44:08.163302-05:00,1,2026-08-21T11:44:08.163302-05:00,/tangrams/422_339.png,2026-08-21T11:45:35.439658-05:00,/tangrams/422_339.png,2026-08-21T11:45:34.369578-05:00,1787330734364,2026-08-21T11:45:34.368254-05:00,0,2026-08-21T11:44:08.163302-05:00,2,2026-08-21T11:44:08.22083-05:00,true,2026-08-21T11:45:29.272581-05:00,"[""/tangrams/422_244.png"",""/tangrams/279_339.png"",""/tangrams/138_405.png"",""/tangrams/422_339.png""]",2026-08-21T11:44:08.163302-05:00,/tangrams/422_339.png,2026-08-21T11:44:08.163302-05:00,C2,2026-08-21T11:44:08.163302-05:00,10,2026-08-21T11:44:08.163302-05:00,9,2026-08-21T11:44:08.163302-05:00
01M0JKAP34G27C474SY3EY5859,01M0JK9BY4R112K1G4R9MXJ5Y6,2026-08-21T11:44:08.16438-05:00,"[{""text"":""adsfads"",""sender"":{""id"":""01M0JK9G5VWWNZ4YG6653WY0GX"",""name"":""Repi"",""avatar"":""https://api.dicebear.com/8.x/rings/svg?seed=Repi""}}]",2026-08-21T11:45:09.321841-05:00,[1787330709325],2026-08-21T11:45:09.327073-05:00,,,true,2026-08-21T11:45:11.803989-05:00,01M0JK9G5VWWNZ4YG6653WY0GX,2026-08-21T11:45:06.843862-05:00,"[""A3"",""D1"",""D3"",""B4""]",2026-08-21T11:44:08.16438-05:00,true,2026-08-21T11:45:11.797827-05:00,01M0JK9BZ1KRYD1KCET8TJ3NXX,2026-08-21T11:44:08.16438-05:00,6,2026-08-21T11:44:08.16438-05:00,false,2026-08-21T11:45:06.86755-05:00,01M0JKA224N3Y912RZYHVSM4VX,2026-08-21T11:45:06.843862-05:00,,,12,2026-08-21T11:44:08.16438-05:00,12,2026-08-21T11:44:08.16438-05:00,training,2026-08-21T11:44:08.16438-05:00,,,,,1787330706863,2026-08-21T11:45:06.867018-05:00,1787330706864,2026-08-21T11:45:06.867818-05:00,0,2026-08-21T11:44:08.16438-05:00,1,2026-08-21T11:44:08.16438-05:00,/tangrams/279_405.png,2026-08-21T11:45:11.803989-05:00,/tangrams/279_405.png,2026-08-21T11:45:10.746214-05:00,1787330710742,2026-08-21T11:45:10.747324-05:00,0,2026-08-21T11:44:08.16438-05:00,2,2026-08-21T11:44:08.208913-05:00,true,2026-08-21T11:45:06.828975-05:00,"[""/tangrams/138_405.png"",""/tangrams/279_244.png"",""/tangrams/279_405.png"",""/tangrams/366_66.png""]",2026-08-21T11:44:08.16438-05:00,/tangrams/279_405.png,2026-08-21T11:44:08.16438-05:00,D3,2026-08-21T11:44:08.16438-05:00,6,2026-08-21T11:44:08.16438-05:00,5,2026-08-21T11:44:08.16438-05:00
01M0JJP8YGEF9R0T226E087BTX,01M0JJMWXFA9B8FFW0WBE7QYTZ,2026-08-21T11:32:59.344723-05:00,,,,,,,,,,,,,true,2026-08-21T11:35:01.09734-05:00,01M0JJMWY9HJ4DPXE1Y7910VKY,2026-08-21T11:32:59.344723-05:00,0,2026-08-21T11:32:59.344723-05:00,false,2026-08-21T11:32:59.626418-05:00,,,20,2026-08-21T11:32:59.344723-05:00,,,,,pretest,2026-08-21T11:32:59.344723-05:00,,,,,,,,,,,,,,,,2026-08-21T11:32:59.580448-05:00,,,,,1,2026-08-21T11:32:59.368376-05:00,true,2026-08-21T11:32:59.470104-05:00,[],2026-08-21T11:32:59.344723-05:00,,2026-08-21T11:32:59.344723-05:00,,,,,,
01M0JJP8YWC01WQJRDX05PQNDN,01M0JJMWXFA9B8FFW0WBE7QYTZ,2026-08-21T11:32:59.356493-05:00,,,,,,,false,2026-08-21T11:37:09.532268-05:00,01M0JJNQ7467WJ2QWV6X22DQEN,2026-08-21T11:36:38.450094-05:00,"[""C2"",""C4"",""B1"",""A2""]",2026-08-21T11:32:59.356493-05:00,true,2026-08-21T11:37:09.524169-05:00,01M0JJMWY9HJ4DPXE1Y7910VKY,2026-08-21T11:32:59.356493-05:00,9,2026-08-21T11:32:59.356493-05:00,false,2026-08-21T11:36:38.477594-05:00,01M0JJN73CZE71G98JMFPWZYNK,2026-08-21T11:36:38.450094-05:00,,,12,2026-08-21T11:32:59.356493-05:00,12,2026-08-21T11:32:59.356493-05:00,training,2026-08-21T11:32:59.356493-05:00,1787330198470,2026-08-21T11:36:38.477246-05:00,1787330198469,2026-08-21T11:36:38.474176-05:00,,,,,0,2026-08-21T11:32:59.356493-05:00,1,2026-08-21T11:32:59.356493-05:00,,2026-08-21T11:37:09.532268-05:00,,2026-08-21T11:32:59.356493-05:00,,,0,2026-08-21T11:32:59.356493-05:00,2,2026-08-21T11:32:59.402409-05:00,true,2026-08-21T11:36:38.435787-05:00,"[""/tangrams/422_339.png"",""/tangrams/422_66.png"",""/tangrams/366_244.png"",""/tangrams/138_339.png""]",2026-08-21T11:32:59.356493-05:00,/tangrams/422_339.png,2026-08-21T11:32:59.356493-05:00,C2,2026-08-21T11:32:59.356493-05:00,9,2026-08-21T11:32:59.356493-05:00,8,2026-08-21T11:32:59.356493-05:00
01M0JJP8YGEF9R0T22784TQKXJ,01M0JJMWXFA9B8FFW0WBE7QYTZ,2026-08-21T11:32:59.345172-05:00,"[{""text"":""test send"",""sender"":{""id"":""01M0JJNQ7467WJ2QWV6X22DQEN"",""name"":""Minu"",""avatar"":""https://api.dicebear.com/8.x/rings/svg?seed=Minu""}},{""text"":""test reply"",""sender"":{""id"":""01M0JJN73CZE71G98JMFPWZYNK"",""name"":""Repi"",""avatar"":""https://api.dicebear.com/8.x/rings/svg?seed=Repi""}},{""text"":""going to wrong click"",""sender"":{""id"":""01M0JJN73CZE71G98JMFPWZYNK"",""name"":""Repi"",""avatar"":""https://api.dicebear.com/8.x/rings/svg?seed=Repi""}}]",2026-08-21T11:35:13.899466-05:00,"[1787330105907,1787330109479,1787330113902]",2026-08-21T11:35:13.904116-05:00,,,false,2026-08-21T11:35:15.833391-05:00,01M0JJNQ7467WJ2QWV6X22DQEN,2026-08-21T11:35:01.119541-05:00,"[""A3"",""D2"",""D3"",""C1""]",2026-08-21T11:32:59.345172-05:00,true,2026-08-21T11:35:15.826297-05:00,01M0JJMWY9HJ4DPXE1Y7910VKY,2026-08-21T11:32:59.345172-05:00,1,2026-08-21T11:32:59.345172-05:00,false,2026-08-21T11:35:01.152027-05:00,01M0JJN73CZE71G98JMFPWZYNK,2026-08-21T11:35:01.119541-05:00,,,12,2026-08-21T11:32:59.345172-05:00,12,2026-08-21T11:32:59.345172-05:00,training,2026-08-21T11:32:59.345172-05:00,1787330101139,2026-08-21T11:35:01.149428-05:00,1787330101139,2026-08-21T11:35:01.148383-05:00,,,,,0,2026-08-21T11:32:59.345172-05:00,1,2026-08-21T11:32:59.345172-05:00,/tangrams/422_244.png,2026-08-21T11:35:15.833391-05:00,/tangrams/422_244.png,2026-08-21T11:35:14.771253-05:00,1787330114767,2026-08-21T11:35:14.770339-05:00,0,2026-08-21T11:32:59.345172-05:00,2,2026-08-21T11:32:59.372229-05:00,true,2026-08-21T11:35:01.107628-05:00,"[""/tangrams/138_405.png"",""/tangrams/279_339.png"",""/tangrams/279_405.png"",""/tangrams/422_244.png""]",2026-08-21T11:32:59.345172-05:00,/tangrams/279_405.png,2026-08-21T11:32:59.345172-05:00,D3,2026-08-21T11:32:59.345172-05:00,1,2026-08-21T11:32:59.345172-05:00,0,2026-08-21T11:32:59.345172-05:00
01M0JJP8YRMZF8PRT5BHTPKW0W,01M0JJMWXFA9B8FFW0WBE7QYTZ,2026-08-21T11:32:59.352869-05:00,"[{""text"":""test send"",""sender"":{""id"":""01M0JJN73CZE71G98JMFPWZYNK"",""name"":""Repi"",""avatar"":""https://api.dicebear.com/8.x/rings/svg?seed=Repi""}},{""text"":""test reply"",""sender"":{""id"":""01M0JJNQ7467WJ2QWV6X22DQEN"",""name"":""Minu"",""avatar"":""https://api.dicebear.com/8.x/rings/svg?seed=Minu""}}]",2026-08-21T11:35:22.956447-05:00,"[1787330119860,1787330122958]",2026-08-21T11:35:22.960983-05:00,,,true,2026-08-21T11:35:29.068431-05:00,01M0JJN73CZE71G98JMFPWZYNK,2026-08-21T11:35:15.85335-05:00,"[""C1"",""A3"",""C2"",""D1""]",2026-08-21T11:32:59.352869-05:00,true,2026-08-21T11:35:29.060817-05:00,01M0JJMWY9HJ4DPXE1Y7910VKY,2026-08-21T11:32:59.352869-05:00,2,2026-08-21T11:32:59.352869-05:00,false,2026-08-21T11:35:15.891775-05:00,01M0JJNQ7467WJ2QWV6X22DQEN,2026-08-21T11:35:15.85335-05:00,,,12,2026-08-21T11:32:59.352869-05:00,12,2026-08-21T11:32:59.352869-05:00,training,2026-08-21T11:32:59.352869-05:00,1787330115882,2026-08-21T11:35:15.890459-05:00,1787330115882,2026-08-21T11:35:15.894204-05:00,,,,,0,2026-08-21T11:32:59.352869-05:00,1,2026-08-21T11:32:59.352869-05:00,/tangrams/422_244.png,2026-08-21T11:35:29.068431-05:00,/tangrams/422_244.png,2026-08-21T11:35:28.003941-05:00,1787330128000,2026-08-21T11:35:28.00331-05:00,0,2026-08-21T11:32:59.352869-05:00,2,2026-08-21T11:32:59.375872-05:00,true,2026-08-21T11:35:15.837992-05:00,"[""/tangrams/422_244.png"",""/tangrams/138_405.png"",""/tangrams/422_339.png"",""/tangrams/279_244.png""]",2026-08-21T11:32:59.352869-05:00,/tangrams/422_244.png,2026-08-21T11:32:59.352869-05:00,C1,2026-08-21T11:32:59.352869-05:00,2,2026-08-21T11:32:59.352869-05:00,1,2026-08-21T11:32:59.352869-05:00
01M0JJP8YVTA5MEYFHESKB1W86,01M0JJMWXFA9B8FFW0WBE7QYTZ,2026-08-21T11:32:59.355047-05:00,"[{""text"":""test"",""sender"":{""id"":""01M0JJNQ7467WJ2QWV6X22DQEN"",""name"":""Minu"",""avatar"":""https://api.dicebear.com/8.x/rings/svg?seed=Minu""}}]",2026-08-21T11:37:44.754948-05:00,[1787330264760],2026-08-21T11:37:44.763752-05:00,,,true,2026-08-21T11:37:47.612744-05:00,01M0JJNQ7467WJ2QWV6X22DQEN,2026-08-21T11:37:40.647053-05:00,"[""B4"",""A2"",""D1"",""D2""]",2026-08-21T11:32:59.355047-05:00,true,2026-08-21T11:37:47.604777-05:00,01M0JJMWY9HJ4DPXE1Y7910VKY,2026-08-21T11:32:59.355047-05:00,11,2026-08-21T11:32:59.355047-05:00,false,2026-08-21T11:37:40.672316-05:00,01M0JJN73CZE71G98JMFPWZYNK,2026-08-21T11:37:40.647053-05:00,,,12,2026-08-21T11:32:59.355047-05:00,12,2026-08-21T11:32:59.355047-05:00,training,2026-08-21T11:32:59.355047-05:00,1787330260666,2026-08-21T11:37:40.671967-05:00,1787330260666,2026-08-21T11:37:40.671618-05:00,,,,,0,2026-08-21T11:32:59.355047-05:00,1,2026-08-21T11:32:59.355047-05:00,/tangrams/279_339.png,2026-08-21T11:37:47.612744-05:00,/tangrams/279_339.png,2026-08-21T11:37:46.550516-05:00,1787330266545,2026-08-21T11:37:46.54936-05:00,0,2026-08-21T11:32:59.355047-05:00,2,2026-08-21T11:32:59.408324-05:00,true,2026-08-21T11:37:40.63703-05:00,"[""/tangrams/366_66.png"",""/tangrams/138_339.png"",""/tangrams/279_244.png"",""/tangrams/279_339.png""]",2026-08-21T11:32:59.355047-05:00,/tangrams/279_339.png,2026-08-21T11:32:59.355047-05:00,D2,2026-08-21T11:32:59.355047-05:00,11,2026-08-21T11:32:59.355047-05:00,10,2026-08-21T11:32:59.355047-05:00
01M0JJP8YWC01WQJRDYF0P2J5F,01M0JJMWXFA9B8FFW0WBE7QYTZ,2026-08-21T11:32:59.356759-05:00,"[{""text"":""test"",""sender"":{""id"":""01M0JJN73CZE71G98JMFPWZYNK"",""name"":""Repi"",""avatar"":""https://api.dicebear.com/8.x/rings/svg?seed=Repi""}}]",2026-08-21T11:36:35.502591-05:00,[1787330195504],2026-08-21T11:36:35.507944-05:00,,,true,2026-08-21T11:36:38.430995-05:00,01M0JJN73CZE71G98JMFPWZYNK,2026-08-21T11:36:32.818785-05:00,"[""A4"",""A3"",""B1"",""D3""]",2026-08-21T11:32:59.356759-05:00,true,2026-08-21T11:36:38.425722-05:00,01M0JJMWY9HJ4DPXE1Y7910VKY,2026-08-21T11:32:59.356759-05:00,8,2026-08-21T11:32:59.356759-05:00,false,2026-08-21T11:36:32.847424-05:00,01M0JJNQ7467WJ2QWV6X22DQEN,2026-08-21T11:36:32.818785-05:00,,,12,2026-08-21T11:32:59.356759-05:00,12,2026-08-21T11:32:59.356759-05:00,training,2026-08-21T11:32:59.356759-05:00,1787330192836,2026-08-21T11:36:32.850883-05:00,1787330192836,2026-08-21T11:36:32.847186-05:00,,,,,0,2026-08-21T11:32:59.356759-05:00,1,2026-08-21T11:32:59.356759-05:00,/tangrams/138_405.png,2026-08-21T11:36:38.430995-05:00,/tangrams/138_405.png,2026-08-21T11:36:37.374064-05:00,1787330197370,2026-08-21T11:36:37.374478-05:00,0,2026-08-21T11:32:59.356759-05:00,2,2026-08-21T11:32:59.397917-05:00,true,2026-08-21T11:36:32.803345-05:00,"[""/tangrams/138_66.png"",""/tangrams/138_405.png"",""/tangrams/366_244.png"",""/tangrams/279_405.png""]",2026-08-21T11:32:59.356759-05:00,/tangrams/138_405.png,2026-08-21T11:32:59.356759-05:00,A3,2026-08-21T11:32:59.356759-05:00,8,2026-08-21T11:32:59.356759-05:00,7,2026-08-21T11:32:59.356759-05:00
01M0JKAP37BCFPG8JBACJXMVYJ,01M0JK9BY4R112K1G4R9MXJ5Y6,2026-08-21T11:44:08.167251-05:00,"[{""text"":""asdf"",""sender"":{""id"":""01M0JK9G5VWWNZ4YG6653WY0GX"",""name"":""Repi"",""avatar"":""https://api.dicebear.com/8.x/rings/svg?seed=Repi""}}]",2026-08-21T11:45:41.600202-05:00,[1787330741604],2026-08-21T11:45:41.606556-05:00,,,true,2026-08-21T11:45:44.19106-05:00,01M0JK9G5VWWNZ4YG6653WY0GX,2026-08-21T11:45:40.061884-05:00,"[""A4"",""D3"",""B3"",""B1""]",2026-08-21T11:44:08.167251-05:00,true,2026-08-21T11:45:44.183534-05:00,01M0JK9BZ1KRYD1KCET8TJ3NXX,2026-08-21T11:44:08.167251-05:00,12,2026-08-21T11:44:08.167251-05:00,false,2026-08-21T11:45:40.092141-05:00,01M0JKA224N3Y912RZYHVSM4VX,2026-08-21T11:45:40.061884-05:00,,,12,2026-08-21T11:44:08.167251-05:00,12,2026-08-21T11:44:08.167251-05:00,training,2026-08-21T11:44:08.167251-05:00,,,,,1787330740085,2026-08-21T11:45:40.091459-05:00,1787330740085,2026-08-21T11:45:40.09062-05:00,0,2026-08-21T11:44:08.167251-05:00,1,2026-08-21T11:44:08.167251-05:00,/tangrams/366_405.png,2026-08-21T11:45:44.19106-05:00,/tangrams/366_405.png,2026-08-21T11:45:43.130954-05:00,1787330743127,2026-08-21T11:45:43.130063-05:00,0,2026-08-21T11:44:08.167251-05:00,2,2026-08-21T11:44:08.227168-05:00,true,2026-08-21T11:45:40.050566-05:00,"[""/tangrams/138_66.png"",""/tangrams/279_405.png"",""/tangrams/366_405.png"",""/tangrams/366_244.png""]",2026-08-21T11:44:08.167251-05:00,/tangrams/366_405.png,2026-08-21T11:44:08.167251-05:00,B3,2026-08-21T11:44:08.167251-05:00,12,2026-08-21T11:44:08.167251-05:00,11,2026-08-21T11:44:08.167251-05:00
01M0JJP8YS0VCDCQVJWV2AH1K0,01M0JJMWXFA9B8FFW0WBE7QYTZ,2026-08-21T11:32:59.35322-05:00,"[{""text"":""test"",""sender"":{""id"":""01M0JJN73CZE71G98JMFPWZYNK"",""name"":""Repi"",""avatar"":""https://api.dicebear.com/8.x/rings/svg?seed=Repi""}}]",2026-08-21T11:36:00.005582-05:00,[1787330160009],2026-08-21T11:36:00.011315-05:00,,,true,2026-08-21T11:36:08.072145-05:00,01M0JJN73CZE71G98JMFPWZYNK,2026-08-21T11:35:57.490199-05:00,"[""C2"",""C4"",""B4"",""D3""]",2026-08-21T11:32:59.35322-05:00,true,2026-08-21T11:36:08.064519-05:00,01M0JJMWY9HJ4DPXE1Y7910VKY,2026-08-21T11:32:59.35322-05:00,4,2026-08-21T11:32:59.35322-05:00,false,2026-08-21T11:35:57.514428-05:00,01M0JJNQ7467WJ2QWV6X22DQEN,2026-08-21T11:35:57.490199-05:00,,,12,2026-08-21T11:32:59.35322-05:00,12,2026-08-21T11:32:59.35322-05:00,training,2026-08-21T11:32:59.35322-05:00,1787330157508,2026-08-21T11:35:57.514545-05:00,1787330157507,2026-08-21T11:35:57.514226-05:00,,,,,0,2026-08-21T11:32:59.35322-05:00,1,2026-08-21T11:32:59.35322-05:00,/tangrams/422_66.png,2026-08-21T11:36:08.072145-05:00,/tangrams/422_66.png,2026-08-21T11:36:07.004161-05:00,1787330166999,2026-08-21T11:36:07.002882-05:00,0,2026-08-21T11:32:59.35322-05:00,2,2026-08-21T11:32:59.384688-05:00,true,2026-08-21T11:35:57.477863-05:00,"[""/tangrams/422_339.png"",""/tangrams/422_66.png"",""/tangrams/366_66.png"",""/tangrams/279_405.png""]",2026-08-21T11:32:59.35322-05:00,/tangrams/422_66.png,2026-08-21T11:32:59.35322-05:00,C4,2026-08-21T11:32:59.35322-05:00,4,2026-08-21T11:32:59.35322-05:00,3,2026-08-21T11:32:59.35322-05:00
01M0JJP8YVTA5MEYFHH638MAWG,01M0JJMWXFA9B8FFW0WBE7QYTZ,2026-08-21T11:32:59.355645-05:00,,,,,,,false,2026-08-21T11:37:40.632942-05:00,01M0JJN73CZE71G98JMFPWZYNK,2026-08-21T11:37:09.552782-05:00,"[""D3"",""C1"",""A2"",""D1""]",2026-08-21T11:32:59.355645-05:00,true,2026-08-21T11:37:40.625791-05:00,01M0JJMWY9HJ4DPXE1Y7910VKY,2026-08-21T11:32:59.355645-05:00,10,2026-08-21T11:32:59.355645-05:00,false,2026-08-21T11:37:09.580988-05:00,01M0JJNQ7467WJ2QWV6X22DQEN,2026-08-21T11:37:09.552782-05:00,,,12,2026-08-21T11:32:59.355645-05:00,12,2026-08-21T11:32:59.355645-05:00,training,2026-08-21T11:32:59.355645-05:00,1787330229574,2026-08-21T11:37:09.589757-05:00,1787330229574,2026-08-21T11:37:09.580689-05:00,,,,,0,2026-08-21T11:32:59.355645-05:00,1,2026-08-21T11:32:59.355645-05:00,,2026-08-21T11:37:40.632942-05:00,,2026-08-21T11:32:59.355645-05:00,,,0,2026-08-21T11:32:59.355645-05:00,2,2026-08-21T11:32:59.405509-05:00,true,2026-08-21T11:37:09.536668-05:00,"[""/tangrams/279_405.png"",""/tangrams/422_244.png"",""/tangrams/138_339.png"",""/tangrams/279_244.png""]",2026-08-21T11:32:59.355645-05:00,/tangrams/279_244.png,2026-08-21T11:32:59.355645-05:00,D1,2026-08-21T11:32:59.355645-05:00,10,2026-08-21T11:32:59.355645-05:00,9,2026-08-21T11:32:59.355645-05:00
01M0JJP8YVTA5MEYFHJNXV28N1,01M0JJMWXFA9B8FFW0WBE7QYTZ,2026-08-21T11:32:59.355865-05:00,"[{""text"":""test"",""sender"":{""id"":""01M0JJNQ7467WJ2QWV6X22DQEN"",""name"":""Minu"",""avatar"":""https://api.dicebear.com/8.x/rings/svg?seed=Minu""}}]",2026-08-21T11:36:11.405893-05:00,[1787330171408],2026-08-21T11:36:11.410191-05:00,,,true,2026-08-21T11:36:15.940342-05:00,01M0JJNQ7467WJ2QWV6X22DQEN,2026-08-21T11:36:08.090961-05:00,"[""B1"",""A2"",""C1"",""B4""]",2026-08-21T11:32:59.355865-05:00,true,2026-08-21T11:36:15.934339-05:00,01M0JJMWY9HJ4DPXE1Y7910VKY,2026-08-21T11:32:59.355865-05:00,5,2026-08-21T11:32:59.355865-05:00,false,2026-08-21T11:36:08.120557-05:00,01M0JJN73CZE71G98JMFPWZYNK,2026-08-21T11:36:08.090961-05:00,,,12,2026-08-21T11:32:59.355865-05:00,12,2026-08-21T11:32:59.355865-05:00,training,2026-08-21T11:32:59.355865-05:00,1787330168113,2026-08-21T11:36:08.120839-05:00,1787330168113,2026-08-21T11:36:08.120381-05:00,,,,,0,2026-08-21T11:32:59.355865-05:00,1,2026-08-21T11:32:59.355865-05:00,/tangrams/366_244.png,2026-08-21T11:36:15.940342-05:00,/tangrams/366_244.png,2026-08-21T11:36:14.87352-05:00,1787330174869,2026-08-21T11:36:14.87422-05:00,0,2026-08-21T11:32:59.355865-05:00,2,2026-08-21T11:32:59.388188-05:00,true,2026-08-21T11:36:08.077128-05:00,"[""/tangrams/366_244.png"",""/tangrams/138_339.png"",""/tangrams/422_244.png"",""/tangrams/366_66.png""]",2026-08-21T11:32:59.355865-05:00,/tangrams/366_244.png,2026-08-21T11:32:59.355865-05:00,B1,2026-08-21T11:32:59.355865-05:00,5,2026-08-21T11:32:59.355865-05:00,4,2026-08-21T11:32:59.355865-05:00
01M0JJP8YWC01WQJRDW4H4QYK5,01M0JJMWXFA9B8FFW0WBE7QYTZ,2026-08-21T11:32:59.3563-05:00,"[{""text"":""test"",""sender"":{""id"":""01M0JJNQ7467WJ2QWV6X22DQEN"",""name"":""Minu"",""avatar"":""https://api.dicebear.com/8.x/rings/svg?seed=Minu""}}]",2026-08-21T11:36:30.156412-05:00,[1787330190158],2026-08-21T11:36:30.16177-05:00,1787330187263,2026-08-21T11:36:27.266542-05:00,true,2026-08-21T11:36:32.799535-05:00,01M0JJNQ7467WJ2QWV6X22DQEN,2026-08-21T11:36:25.089651-05:00,"[""B3"",""B1"",""D3"",""C4""]",2026-08-21T11:32:59.3563-05:00,true,2026-08-21T11:36:32.790356-05:00,01M0JJMWY9HJ4DPXE1Y7910VKY,2026-08-21T11:32:59.3563-05:00,7,2026-08-21T11:32:59.3563-05:00,false,2026-08-21T11:36:25.124627-05:00,01M0JJN73CZE71G98JMFPWZYNK,2026-08-21T11:36:25.089651-05:00,,,12,2026-08-21T11:32:59.3563-05:00,12,2026-08-21T11:32:59.3563-05:00,training,2026-08-21T11:32:59.3563-05:00,1787330185118,2026-08-21T11:36:25.124861-05:00,1787330185118,2026-08-21T11:36:25.123908-05:00,,,,,0,2026-08-21T11:32:59.3563-05:00,1,2026-08-21T11:32:59.3563-05:00,/tangrams/366_405.png,2026-08-21T11:36:32.799535-05:00,/tangrams/366_405.png,2026-08-21T11:36:31.733589-05:00,1787330191729,2026-08-21T11:36:31.734265-05:00,0,2026-08-21T11:32:59.3563-05:00,2,2026-08-21T11:32:59.394785-05:00,true,2026-08-21T11:36:25.075591-05:00,"[""/tangrams/366_405.png"",""/tangrams/366_244.png"",""/tangrams/279_405.png"",""/tangrams/422_66.png""]",2026-08-21T11:32:59.3563-05:00,/tangrams/366_405.png,2026-08-21T11:32:59.3563-05:00,B3,2026-08-21T11:32:59.3563-05:00,7,2026-08-21T11:32:59.3563-05:00,6,2026-08-21T11:32:59.3563-05:00
01M0JJP8YVTA5MEYFHFXMWCCSM,01M0JJMWXFA9B8FFW0WBE7QYTZ,2026-08-21T11:32:59.35519-05:00,"[{""text"":""test sending and clicking first"",""sender"":{""id"":""01M0JJN73CZE71G98JMFPWZYNK"",""name"":""Repi"",""avatar"":""https://api.dicebear.com/8.x/rings/svg?seed=Repi""}},{""text"":""test send"",""sender"":{""id"":""01M0JJNQ7467WJ2QWV6X22DQEN"",""name"":""Minu"",""avatar"":""https://api.dicebear.com/8.x/rings/svg?seed=Minu""}},{""text"":""wait"",""sender"":{""id"":""01M0JJNQ7467WJ2QWV6X22DQEN"",""name"":""Minu"",""avatar"":""https://api.dicebear.com/8.x/rings/svg?seed=Minu""}},{""text"":""test"",""sender"":{""id"":""01M0JJN73CZE71G98JMFPWZYNK"",""name"":""Repi"",""avatar"":""https://api.dicebear.com/8.x/rings/svg?seed=Repi""}},{""text"":""ysas"",""sender"":{""id"":""01M0JJNQ7467WJ2QWV6X22DQEN"",""name"":""Minu"",""avatar"":""https://api.dicebear.com/8.x/rings/svg?seed=Minu""}}]",2026-08-21T11:35:54.753472-05:00,"[1787330138419,1787330146398,1787330149788,1787330152422,1787330154755]",2026-08-21T11:35:54.758734-05:00,1787330141696,2026-08-21T11:35:41.699077-05:00,true,2026-08-21T11:35:57.472376-05:00,01M0JJNQ7467WJ2QWV6X22DQEN,2026-08-21T11:35:29.089247-05:00,"[""A3"",""C2"",""A2"",""B1""]",2026-08-21T11:32:59.35519-05:00,true,2026-08-21T11:35:57.464721-05:00,01M0JJMWY9HJ4DPXE1Y7910VKY,2026-08-21T11:32:59.35519-05:00,3,2026-08-21T11:32:59.35519-05:00,false,2026-08-21T11:35:29.122362-05:00,01M0JJN73CZE71G98JMFPWZYNK,2026-08-21T11:35:29.089247-05:00,,,12,2026-08-21T11:32:59.35519-05:00,12,2026-08-21T11:32:59.35519-05:00,training,2026-08-21T11:32:59.35519-05:00,1787330129112,2026-08-21T11:35:29.122094-05:00,1787330129112,2026-08-21T11:35:29.125074-05:00,,,,,0,2026-08-21T11:32:59.35519-05:00,1,2026-08-21T11:32:59.35519-05:00,/tangrams/138_339.png,2026-08-21T11:35:57.472376-05:00,/tangrams/138_339.png,2026-08-21T11:35:56.420605-05:00,1787330156413,2026-08-21T11:35:56.417956-05:00,0,2026-08-21T11:32:59.35519-05:00,2,2026-08-21T11:32:59.380631-05:00,true,2026-08-21T11:35:29.073903-05:00,"[""/tangrams/138_405.png"",""/tangrams/422_339.png"",""/tangrams/138_339.png"",""/tangrams/366_244.png""]",2026-08-21T11:32:59.35519-05:00,/tangrams/138_339.png,2026-08-21T11:32:59.35519-05:00,A2,2026-08-21T11:32:59.35519-05:00,3,2026-08-21T11:32:59.35519-05:00,2,2026-08-21T11:32:59.35519-05:00
01M0JKAP309JXMJW32BXSKP3VW,01M0JK9BY4R112K1G4R9MXJ5Y6,2026-08-21T11:44:08.160082-05:00,"[{""text"":""sd"",""sender"":{""id"":""01M0JK9G5VWWNZ4YG6653WY0GX"",""name"":""Repi"",""avatar"":""https://api.dicebear.com/8.x/rings/svg?seed=Repi""}}]",2026-08-21T11:44:56.019644-05:00,[1787330696022],2026-08-21T11:44:56.025271-05:00,,,false,2026-08-21T11:44:58.467233-05:00,01M0JK9G5VWWNZ4YG6653WY0GX,2026-08-21T11:44:55.261507-05:00,"[""C2"",""B4"",""D2"",""D1""]",2026-08-21T11:44:08.160082-05:00,true,2026-08-21T11:44:58.459962-05:00,01M0JK9BZ1KRYD1KCET8TJ3NXX,2026-08-21T11:44:08.160082-05:00,4,2026-08-21T11:44:08.160082-05:00,false,2026-08-21T11:44:55.284353-05:00,01M0JKA224N3Y912RZYHVSM4VX,2026-08-21T11:44:55.261507-05:00,,,12,2026-08-21T11:44:08.160082-05:00,12,2026-08-21T11:44:08.160082-05:00,training,2026-08-21T11:44:08.160082-05:00,,,,,1787330695280,2026-08-21T11:44:55.285707-05:00,1787330695279,2026-08-21T11:44:55.28383-05:00,0,2026-08-21T11:44:08.160082-05:00,1,2026-08-21T11:44:08.160082-05:00,/tangrams/422_339.png,2026-08-21T11:44:58.467233-05:00,/tangrams/422_339.png,2026-08-21T11:44:57.410851-05:00,1787330697404,2026-08-21T11:44:57.40998-05:00,0,2026-08-21T11:44:08.160082-05:00,2,2026-08-21T11:44:08.202668-05:00,true,2026-08-21T11:44:55.248987-05:00,"[""/tangrams/422_339.png"",""/tangrams/366_66.png"",""/tangrams/279_339.png"",""/tangrams/279_244.png""]",2026-08-21T11:44:08.160082-05:00,/tangrams/279_339.png,2026-08-21T11:44:08.160082-05:00,D2,2026-08-21T11:44:08.160082-05:00,4,2026-08-21T11:44:08.160082-05:00,3,2026-08-21T11:44:08.160082-05:00
01M0JKAP34G27C474SZ98J3QY0,01M0JK9BY4R112K1G4R9MXJ5Y6,2026-08-21T11:44:08.164869-05:00,"[{""text"":""asdfdas"",""sender"":{""id"":""01M0JK9G5VWWNZ4YG6653WY0GX"",""name"":""Repi"",""avatar"":""https://api.dicebear.com/8.x/rings/svg?seed=Repi""}}]",2026-08-21T11:45:18.496126-05:00,[1787330718500],2026-08-21T11:45:18.502244-05:00,,,true,2026-08-21T11:45:22.849735-05:00,01M0JK9G5VWWNZ4YG6653WY0GX,2026-08-21T11:45:16.469358-05:00,"[""C1"",""D3"",""C4"",""B1""]",2026-08-21T11:44:08.164869-05:00,true,2026-08-21T11:45:22.842073-05:00,01M0JK9BZ1KRYD1KCET8TJ3NXX,2026-08-21T11:44:08.164869-05:00,8,2026-08-21T11:44:08.164869-05:00,false,2026-08-21T11:45:16.490481-05:00,01M0JKA224N3Y912RZYHVSM4VX,2026-08-21T11:45:16.469358-05:00,,,12,2026-08-21T11:44:08.164869-05:00,12,2026-08-21T11:44:08.164869-05:00,training,2026-08-21T11:44:08.164869-05:00,,,,,1787330716485,2026-08-21T11:45:16.488949-05:00,1787330716485,2026-08-21T11:45:16.489754-05:00,0,2026-08-21T11:44:08.164869-05:00,1,2026-08-21T11:44:08.164869-05:00,/tangrams/422_244.png,2026-08-21T11:45:22.849735-05:00,/tangrams/422_244.png,2026-08-21T11:45:21.783588-05:00,1787330721777,2026-08-21T11:45:21.78425-05:00,0,2026-08-21T11:44:08.164869-05:00,2,2026-08-21T11:44:08.215612-05:00,true,2026-08-21T11:45:16.454046-05:00,"[""/tangrams/422_244.png"",""/tangrams/279_405.png"",""/tangrams/422_66.png"",""/tangrams/366_244.png""]",2026-08-21T11:44:08.164869-05:00,/tangrams/422_244.png,2026-08-21T11:44:08.164869-05:00,C1,2026-08-21T11:44:08.164869-05:00,8,2026-08-21T11:44:08.164869-05:00,7,2026-08-21T11:44:08.164869-05:00
