id,batchID,batchIDLastChangedAt,duration,durationLastChangedAt,ended,endedLastChangedAt,gameID,gameIDLastChangedAt,index,indexLastChangedAt,initialized,initializedLastChangedAt,name,nameLastChangedAt,roundID,roundIDLastChangedAt,serverStartedAt,serverStartedAtLastChangedAt,start,startLastChangedAt,started,startedLastChangedAt,timerID,timerIDLastChangedAt
01M0JKAP4C674686KQ9RNWKKMR,01M0JK9BY4R112K1G4R9MXJ5Y6,2026-08-21T11:44:08.204486-05:00,30,2026-08-21T11:44:08.204486-05:00,true,2026-08-21T11:45:05.772236-05:00,01M0JK9BZ1KRYD1KCET8TJ3NXX,2026-08-21T11:44:08.204486-05:00,0,2026-08-21T11:44:08.204486-05:00,true,2026-08-21T11:44:58.493909-05:00,selection,2026-08-21T11:44:08.204486-05:00,01M0JKAP31PJAEH6S7EBS205N4,2026-08-21T11:44:08.204486-05:00,1787330698494,2026-08-21T11:44:58.495786-05:00,true,2026-08-21T11:44:58.485533-05:00,true,2026-08-21T11:44:58.497993-05:00,01M0JKAP4BFRFCGK4ZJMYW6008,2026-08-21T11:44:08.204486-05:00
01M0JKAP4FGHDXVMYGM6S3GWHE,01M0JK9BY4R112K1G4R9MXJ5Y6,2026-08-21T11:44:08.207755-05:00,1,2026-08-21T11:44:08.207755-05:00,true,2026-08-21T11:45:11.788457-05:00,01M0JK9BZ1KRYD1KCET8TJ3NXX,2026-08-21T11:44:08.207755-05:00,1,2026-08-21T11:44:08.207755-05:00,true,2026-08-21T11:45:10.777903-05:00,feedback,2026-08-21T11:44:08.207755-05:00,01M0JKAP34G27C474SY3EY5859,2026-08-21T11:44:08.207755-05:00,1787330710780,2026-08-21T11:45:10.781515-05:00,true,2026-08-21T11:45:10.767529-05:00,true,2026-08-21T11:45:10.783488-05:00,01M0JKAP4EY55MB4WQEGM97XJA,2026-08-21T11:44:08.207755-05:00
01M0JKAP51C9RV7HBA7HK9T10C,01M0JK9BY4R112K1G4R9MXJ5Y6,2026-08-21T11:44:08.225496-05:00,1,2026-08-21T11:44:08.225496-05:00,true,2026-08-21T11:45:44.168884-05:00,01M0JK9BZ1KRYD1KCET8TJ3NXX,2026-08-21T11:44:08.225496-05:00,1,2026-08-21T11:44:08.225496-05:00,true,2026-08-21T11:45:43.160374-05:00,feedback,2026-08-21T11:44:08.225496-05:00,01M0JKAP37BCFPG8JBACJXMVYJ,2026-08-21T11:44:08.225496-05:00,1787330743161,2026-08-21T11:45:43.162234-05:00,true,2026-08-21T11:45:43.148717-05:00,true,2026-08-21T11:45:43.164173-05:00,01M0JKAP50M8W88EXPSK9ET21J,2026-08-21T11:44:08.225496-05:00
01M0JKAP540D5G5QHRHFT3P83X,01M0JK9BY4R112K1G4R9MXJ5Y6,2026-08-21T11:44:08.228445-05:00,200,2026-08-21T11:44:08.228445-05:00,true,2026-08-21T11:45:56.561331-05:00,01M0JK9BZ1KRYD1KCET8TJ3NXX,2026-08-21T11:44:08.228445-05:00,0,2026-08-21T11:44:08.228445-05:00,true,2026-08-21T11:45:44.225648-05:00,describe,2026-08-21T11:44:08.228445-05:00,01M0JKAP32VTNSQ8G401JSR1VD,2026-08-21T11:44:08.228445-05:00,1787330744226,2026-08-21T11:45:44.22709-05:00,true,2026-08-21T11:45:44.21759-05:00,true,2026-08-21T11:45:44.230226-05:00,01M0JKAP53E2771VMG7FFYJ7XS,2026-08-21T11:44:08.228445-05:00
01M0JJP90578BMR8CR51Z9F7X5,01M0JJMWXFA9B8FFW0WBE7QYTZ,2026-08-21T11:32:59.397006-05:00,1,2026-08-21T11:32:59.397006-05:00,true,2026-08-21T11:36:38.418252-05:00,01M0JJMWY9HJ4DPXE1Y7910VKY,2026-08-21T11:32:59.397006-05:00,1,2026-08-21T11:32:59.397006-05:00,true,2026-08-21T11:36:37.406658-05:00,feedback,2026-08-21T11:32:59.397006-05:00,01M0JJP8YWC01WQJRDYF0P2J5F,2026-08-21T11:32:59.397006-05:00,1787330197407,2026-08-21T11:36:37.4085-05:00,true,2026-08-21T11:36:37.397132-05:00,true,2026-08-21T11:36:37.4162-05:00,01M0JJP904ZRSP50X0WR1106YT,2026-08-21T11:32:59.397006-05:00
01M0JJP90FECBV72TXXKZ4NFK5,01M0JJMWXFA9B8FFW0WBE7QYTZ,2026-08-21T11:32:59.407254-05:00,30,2026-08-21T11:32:59.407254-05:00,true,2026-08-21T11:37:46.561984-05:00,01M0JJMWY9HJ4DPXE1Y7910VKY,2026-08-21T11:32:59.407254-05:00,0,2026-08-21T11:32:59.407254-05:00,true,2026-08-21T11:37:40.658481-05:00,selection,2026-08-21T11:32:59.407254-05:00,01M0JJP8YVTA5MEYFHESKB1W86,2026-08-21T11:32:59.407254-05:00,1787330260659,2026-08-21T11:37:40.659893-05:00,true,2026-08-21T11:37:40.650766-05:00,true,2026-08-21T11:37:40.661879-05:00,01M0JJP90ETATJJMAPV9HAWER0,2026-08-21T11:32:59.407254-05:00
01M0JJP90J0BM1XDJTP6S0SCVP,01M0JJMWXFA9B8FFW0WBE7QYTZ,2026-08-21T11:32:59.410259-05:00,30,2026-08-21T11:32:59.410259-05:00,true,2026-08-21T11:37:51.612397-05:00,01M0JJMWY9HJ4DPXE1Y7910VKY,2026-08-21T11:32:59.410259-05:00,0,2026-08-21T11:32:59.410259-05:00,true,2026-08-21T11:37:47.644881-05:00,selection,2026-08-21T11:32:59.410259-05:00,01M0JJP8YWC01WQJRDTTGSTWH2,2026-08-21T11:32:59.410259-05:00,1787330267645,2026-08-21T11:37:47.646204-05:00,true,2026-08-21T11:37:47.635438-05:00,true,2026-08-21T11:37:47.647989-05:00,01M0JJP90GWR0G7E3XPSYP9DTF,2026-08-21T11:32:59.410259-05:00
01M0JKAP37BCFPG8JB9Q7YERDJ,01M0JK9BY4R112K1G4R9MXJ5Y6,2026-08-21T11:44:08.167107-05:00,200,2026-08-21T11:44:08.167107-05:00,true,2026-08-21T11:44:29.114558-05:00,01M0JK9BZ1KRYD1KCET8TJ3NXX,2026-08-21T11:44:08.167107-05:00,0,2026-08-21T11:44:08.167107-05:00,true,2026-08-21T11:44:08.40751-05:00,describe,2026-08-21T11:44:08.167107-05:00,01M0JKAP2Y2W534K3FBPM8VA50,2026-08-21T11:44:08.167107-05:00,1787330648408,2026-08-21T11:44:08.408492-05:00,true,2026-08-21T11:44:08.403399-05:00,true,2026-08-21T11:44:08.409333-05:00,01M0JKAP31PJAEH6S7EBC4TW09,2026-08-21T11:44:08.167107-05:00
01M0JKAP493RG570T8J65Q99DA,01M0JK9BY4R112K1G4R9MXJ5Y6,2026-08-21T11:44:08.2015-05:00,1,2026-08-21T11:44:08.2015-05:00,true,2026-08-21T11:44:58.450763-05:00,01M0JK9BZ1KRYD1KCET8TJ3NXX,2026-08-21T11:44:08.2015-05:00,1,2026-08-21T11:44:08.2015-05:00,true,2026-08-21T11:44:57.441498-05:00,feedback,2026-08-21T11:44:08.2015-05:00,01M0JKAP309JXMJW32BXSKP3VW,2026-08-21T11:44:08.2015-05:00,1787330697442,2026-08-21T11:44:57.443588-05:00,true,2026-08-21T11:44:57.429324-05:00,true,2026-08-21T11:44:57.445758-05:00,01M0JKAP48RYC90E4DZWVY6GG3,2026-08-21T11:44:08.2015-05:00
01M0JJP8Z6YKH26ZAXF6EX9F3X,01M0JJMWXFA9B8FFW0WBE7QYTZ,2026-08-21T11:32:59.366532-05:00,200,2026-08-21T11:32:59.366532-05:00,true,2026-08-21T11:35:01.087081-05:00,01M0JJMWY9HJ4DPXE1Y7910VKY,2026-08-21T11:32:59.366532-05:00,0,2026-08-21T11:32:59.366532-05:00,true,2026-08-21T11:32:59.601137-05:00,describe,2026-08-21T11:32:59.366532-05:00,01M0JJP8YGEF9R0T226E087BTX,2026-08-21T11:32:59.366532-05:00,1787329979601,2026-08-21T11:32:59.602089-05:00,true,2026-08-21T11:32:59.582074-05:00,true,2026-08-21T11:32:59.604411-05:00,01M0JJP8Z40BZ1B6GQ1WNYPP0W,2026-08-21T11:32:59.366532-05:00
01M0JJP901XVYG6A9Y9A4DB4MM,01M0JJMWXFA9B8FFW0WBE7QYTZ,2026-08-21T11:32:59.393342-05:00,30,2026-08-21T11:32:59.393342-05:00,true,2026-08-21T11:36:31.744058-05:00,01M0JJMWY9HJ4DPXE1Y7910VKY,2026-08-21T11:32:59.393342-05:00,0,2026-08-21T11:32:59.393342-05:00,true,2026-08-21T11:36:25.104813-05:00,selection,2026-08-21T11:32:59.393342-05:00,01M0JJP8YWC01WQJRDW4H4QYK5,2026-08-21T11:32:59.393342-05:00,1787330185107,2026-08-21T11:36:25.108574-05:00,true,2026-08-21T11:36:25.093107-05:00,true,2026-08-21T11:36:25.113475-05:00,01M0JJP8ZZDJCNP5DHA4VSFSFV,2026-08-21T11:32:59.393342-05:00
01M0JJP8ZVWN6G12RA4N6W7C22,01M0JJMWXFA9B8FFW0WBE7QYTZ,2026-08-21T11:32:59.387192-05:00,1,2026-08-21T11:32:59.387192-05:00,true,2026-08-21T11:36:15.923916-05:00,01M0JJMWY9HJ4DPXE1Y7910VKY,2026-08-21T11:32:59.387192-05:00,1,2026-08-21T11:32:59.387192-05:00,true,2026-08-21T11:36:14.912976-05:00,feedback,2026-08-21T11:32:59.387192-05:00,01M0JJP8YVTA5MEYFHJNXV28N1,2026-08-21T11:32:59.387192-05:00,1787330174914,2026-08-21T11:36:14.915059-05:00,true,2026-08-21T11:36:14.898579-05:00,true,2026-08-21T11:36:14.921945-05:00,01M0JJP8ZTHVQW1JRPWRC7FCDR,2026-08-21T11:32:59.387192-05:00
01M0JJP908FW5A6F7GG01ZBQZ1,01M0JJMWXFA9B8FFW0WBE7QYTZ,2026-08-21T11:32:59.401001-05:00,30,2026-08-21T11:32:59.401001-05:00,true,2026-08-21T11:37:08.473972-05:00,01M0JJMWY9HJ4DPXE1Y7910VKY,2026-08-21T11:32:59.401001-05:00,0,2026-08-21T11:32:59.401001-05:00,true,2026-08-21T11:36:38.461843-05:00,selection,2026-08-21T11:32:59.401001-05:00,01M0JJP8YWC01WQJRDX05PQNDN,2026-08-21T11:32:59.401001-05:00,1787330198462,2026-08-21T11:36:38.463487-05:00,true,2026-08-21T11:36:38.453471-05:00,true,2026-08-21T11:36:38.466842-05:00,01M0JJP90698WS8EEAPGGFNQ8Y,2026-08-21T11:32:59.401001-05:00
01M0JKAP3TA8CPMMWZYSGRK915,01M0JK9BY4R112K1G4R9MXJ5Y6,2026-08-21T11:44:08.186041-05:00,30,2026-08-21T11:44:08.186041-05:00,true,2026-08-21T11:44:51.062211-05:00,01M0JK9BZ1KRYD1KCET8TJ3NXX,2026-08-21T11:44:08.186041-05:00,0,2026-08-21T11:44:08.186041-05:00,true,2026-08-21T11:44:44.103538-05:00,selection,2026-08-21T11:44:08.186041-05:00,01M0JKAP2ZNK0ZP6BXAG5AAP7Y,2026-08-21T11:44:08.186041-05:00,1787330684104,2026-08-21T11:44:44.105016-05:00,true,2026-08-21T11:44:44.095028-05:00,true,2026-08-21T11:44:44.106796-05:00,01M0JKAP3RA8YW0B45ZMA5MX6B,2026-08-21T11:44:08.186041-05:00
01M0JKAP4J39QP0GGED2B765B1,01M0JK9BY4R112K1G4R9MXJ5Y6,2026-08-21T11:44:08.210873-05:00,30,2026-08-21T11:44:08.210873-05:00,true,2026-08-21T11:45:15.383273-05:00,01M0JK9BZ1KRYD1KCET8TJ3NXX,2026-08-21T11:44:08.210873-05:00,0,2026-08-21T11:44:08.210873-05:00,true,2026-08-21T11:45:11.838278-05:00,selection,2026-08-21T11:44:08.210873-05:00,01M0JKAP3311BJ0G3J2NDD19QE,2026-08-21T11:44:08.210873-05:00,1787330711839,2026-08-21T11:45:11.840589-05:00,true,2026-08-21T11:45:11.830901-05:00,true,2026-08-21T11:45:11.842438-05:00,01M0JKAP4HPB8XG3V3MRYS2WJ2,2026-08-21T11:44:08.210873-05:00
01M0JJP8ZB7NX6T0H9DMPYTSGA,01M0JJMWXFA9B8FFW0WBE7QYTZ,2026-08-21T11:32:59.371145-05:00,30,2026-08-21T11:32:59.371145-05:00,true,2026-08-21T11:35:14.782413-05:00,01M0JJMWY9HJ4DPXE1Y7910VKY,2026-08-21T11:32:59.371145-05:00,0,2026-08-21T11:32:59.371145-05:00,true,2026-08-21T11:35:01.130308-05:00,selection,2026-08-21T11:32:59.371145-05:00,01M0JJP8YGEF9R0T22784TQKXJ,2026-08-21T11:32:59.371145-05:00,1787330101131,2026-08-21T11:35:01.132524-05:00,true,2026-08-21T11:35:01.121582-05:00,true,2026-08-21T11:35:01.139061-05:00,01M0JJP8Z9VZXW65M84KVNDVWM,2026-08-21T11:32:59.371145-05:00
01M0JJP8ZEVA74ZPPHD89TS2JK,01M0JJMWXFA9B8FFW0WBE7QYTZ,2026-08-21T11:32:59.374708-05:00,30,2026-08-21T11:32:59.374708-05:00,true,2026-08-21T11:35:28.014448-05:00,01M0JJMWY9HJ4DPXE1Y7910VKY,2026-08-21T11:32:59.374708-05:00,0,2026-08-21T11:32:59.374708-05:00,true,2026-08-21T11:35:15.873608-05:00,selection,2026-08-21T11:32:59.374708-05:00,01M0JJP8YRMZF8PRT5BHTPKW0W,2026-08-21T11:32:59.374708-05:00,1787330115875,2026-08-21T11:35:15.876078-05:00,true,2026-08-21T11:35:15.855391-05:00,true,2026-08-21T11:35:15.87902-05:00,01M0JJP8ZCHFT0569K3SMB48SV,2026-08-21T11:32:59.374708-05:00
01M0JKAP4SN8YCJCMBXGS3XA3J,01M0JK9BY4R112K1G4R9MXJ5Y6,2026-08-21T11:44:08.217436-05:00,30,2026-08-21T11:44:08.217436-05:00,true,2026-08-21T11:45:28.208915-05:00,01M0JK9BZ1KRYD1KCET8TJ3NXX,2026-08-21T11:44:08.217436-05:00,0,2026-08-21T11:44:08.217436-05:00,true,2026-08-21T11:45:22.880002-05:00,selection,2026-08-21T11:44:08.217436-05:00,01M0JKAP35ST0G8AZBM5NBV4MY,2026-08-21T11:44:08.217436-05:00,1787330722881,2026-08-21T11:45:22.881905-05:00,true,2026-08-21T11:45:22.871711-05:00,true,2026-08-21T11:45:22.883993-05:00,01M0JKAP4RJ4KGCD2MZQ35JG88,2026-08-21T11:44:08.217436-05:00
01M0JJP90J0BM1XDJTPNDT1ZKF,01M0JJMWXFA9B8FFW0WBE7QYTZ,2026-08-21T11:32:59.410345-05:00,1,2026-08-21T11:32:59.410345-05:00,true,2026-08-21T11:37:52.640689-05:00,01M0JJMWY9HJ4DPXE1Y7910VKY,2026-08-21T11:32:59.410345-05:00,1,2026-08-21T11:32:59.410345-05:00,true,2026-08-21T11:37:51.630821-05:00,feedback,2026-08-21T11:32:59.410345-05:00,01M0JJP8YWC01WQJRDTTGSTWH2,2026-08-21T11:32:59.410345-05:00,1787330271632,2026-08-21T11:37:51.633542-05:00,true,2026-08-21T11:37:51.620709-05:00,true,2026-08-21T11:37:51.63585-05:00,01M0JJP90HQ7FAB5GFSGEPCRM5,2026-08-21T11:32:59.410345-05:00
01M0JKAP3NGJ54G7EJ3MJS9T25,01M0JK9BY4R112K1G4R9MXJ5Y6,2026-08-21T11:44:08.18113-05:00,30,2026-08-21T11:44:08.18113-05:00,true,2026-08-21T11:44:43.017795-05:00,01M0JK9BZ1KRYD1KCET8TJ3NXX,2026-08-21T11:44:08.18113-05:00,0,2026-08-21T11:44:08.18113-05:00,true,2026-08-21T11:44:29.162915-05:00,selection,2026-08-21T11:44:08.18113-05:00,01M0JKAP2Y2W534K3FAJS44DD0,2026-08-21T11:44:08.18113-05:00,1787330669164,2026-08-21T11:44:29.165397-05:00,true,2026-08-21T11:44:29.153658-05:00,true,2026-08-21T11:44:29.168951-05:00,01M0JKAP3H7A4PKGTZV984BNGX,2026-08-21T11:44:08.18113-05:00
01M0JJP8ZQZS423VST2Q622SNV,01M0JJMWXFA9B8FFW0WBE7QYTZ,2026-08-21T11:32:59.383017-05:00,30,2026-08-21T11:32:59.383017-05:00,true,2026-08-21T11:36:07.01644-05:00,01M0JJMWY9HJ4DPXE1Y7910VKY,2026-08-21T11:32:59.383017-05:00,0,2026-08-21T11:32:59.383017-05:00,true,2026-08-21T11:35:57.501304-05:00,selection,2026-08-21T11:32:59.383017-05:00,01M0JJP8YS0VCDCQVJWV2AH1K0,2026-08-21T11:32:59.383017-05:00,1787330157502,2026-08-21T11:35:57.502589-05:00,true,2026-08-21T11:35:57.493224-05:00,true,2026-08-21T11:35:57.504223-05:00,01M0JJP8ZN8W88DSR8TNCCKYJN,2026-08-21T11:32:59.383017-05:00
01M0JJP90FECBV72TXXYK0GBV6,01M0JJMWXFA9B8FFW0WBE7QYTZ,2026-08-21T11:32:59.407324-05:00,1,2026-08-21T11:32:59.407324-05:00,true,2026-08-21T11:37:47.592021-05:00,01M0JJMWY9HJ4DPXE1Y7910VKY,2026-08-21T11:32:59.407324-05:00,1,2026-08-21T11:32:59.407324-05:00,true,2026-08-21T11:37:46.582164-05:00,feedback,2026-08-21T11:32:59.407324-05:00,01M0JJP8YVTA5MEYFHESKB1W86,2026-08-21T11:32:59.407324-05:00,1787330266583,2026-08-21T11:37:46.584548-05:00,true,2026-08-21T11:37:46.570732-05:00,true,2026-08-21T11:37:46.589848-05:00,01M0JJP90ETATJJMAPVC2XQJCH,2026-08-21T11:32:59.407324-05:00
01M0JKAP3NGJ54G7EJ4A2ASV6S,01M0JK9BY4R112K1G4R9MXJ5Y6,2026-08-21T11:44:08.181374-05:00,1,2026-08-21T11:44:08.181374-05:00,true,2026-08-21T11:44:44.056609-05:00,01M0JK9BZ1KRYD1KCET8TJ3NXX,2026-08-21T11:44:08.181374-05:00,1,2026-08-21T11:44:08.181374-05:00,true,2026-08-21T11:44:43.044979-05:00,feedback,2026-08-21T11:44:08.181374-05:00,01M0JKAP2Y2W534K3FAJS44DD0,2026-08-21T11:44:08.181374-05:00,1787330683047,2026-08-21T11:44:43.048476-05:00,true,2026-08-21T11:44:43.02886-05:00,true,2026-08-21T11:44:43.053548-05:00,01M0JKAP3J2R0VF42AXMEZ4BHS,2026-08-21T11:44:08.181374-05:00
01M0JKAP4P0D9VDT466R6H1071,01M0JK9BY4R112K1G4R9MXJ5Y6,2026-08-21T11:44:08.214688-05:00,1,2026-08-21T11:44:08.214688-05:00,true,2026-08-21T11:45:22.832217-05:00,01M0JK9BZ1KRYD1KCET8TJ3NXX,2026-08-21T11:44:08.214688-05:00,1,2026-08-21T11:44:08.214688-05:00,true,2026-08-21T11:45:21.819413-05:00,feedback,2026-08-21T11:44:08.214688-05:00,01M0JKAP34G27C474SZ98J3QY0,2026-08-21T11:44:08.214688-05:00,1787330721820,2026-08-21T11:45:21.820793-05:00,true,2026-08-21T11:45:21.805212-05:00,true,2026-08-21T11:45:21.824809-05:00,01M0JKAP4NH1J1VMH4XZKS2C1G,2026-08-21T11:44:08.214688-05:00
01M0JJP8ZQZS423VST3BDY1DEE,01M0JJMWXFA9B8FFW0WBE7QYTZ,2026-08-21T11:32:59.383137-05:00,1,2026-08-21T11:32:59.383137-05:00,true,2026-08-21T11:36:08.043256-05:00,01M0JJMWY9HJ4DPXE1Y7910VKY,2026-08-21T11:32:59.383137-05:00,1,2026-08-21T11:32:59.383137-05:00,true,2026-08-21T11:36:07.034865-05:00,feedback,2026-08-21T11:32:59.383137-05:00,01M0JJP8YS0VCDCQVJWV2AH1K0,2026-08-21T11:32:59.383137-05:00,1787330167035,2026-08-21T11:36:07.036621-05:00,true,2026-08-21T11:36:07.025954-05:00,true,2026-08-21T11:36:07.04388-05:00,01M0JJP8ZP3GHZZZEGBZWYRMTJ,2026-08-21T11:32:59.383137-05:00
01M0JJP8ZYPS21436C252328BX,01M0JJMWXFA9B8FFW0WBE7QYTZ,2026-08-21T11:32:59.390271-05:00,1,2026-08-21T11:32:59.390271-05:00,true,2026-08-21T11:36:25.05041-05:00,01M0JJMWY9HJ4DPXE1Y7910VKY,2026-08-21T11:32:59.390271-05:00,1,2026-08-21T11:32:59.390271-05:00,true,2026-08-21T11:36:24.040242-05:00,feedback,2026-08-21T11:32:59.390271-05:00,01M0JJP8YS0VCDCQVJXS6FEXF0,2026-08-21T11:32:59.390271-05:00,1787330184041,2026-08-21T11:36:24.042045-05:00,true,2026-08-21T11:36:24.027492-05:00,true,2026-08-21T11:36:24.050082-05:00,01M0JJP8ZX2029SW213HYBDZB6,2026-08-21T11:32:59.390271-05:00
01M0JJP904ZRSP50X0WV1NN00S,01M0JJMWXFA9B8FFW0WBE7QYTZ,2026-08-21T11:32:59.396918-05:00,30,2026-08-21T11:32:59.396918-05:00,true,2026-08-21T11:36:37.386624-05:00,01M0JJMWY9HJ4DPXE1Y7910VKY,2026-08-21T11:32:59.396918-05:00,0,2026-08-21T11:32:59.396918-05:00,true,2026-08-21T11:36:32.829163-05:00,selection,2026-08-21T11:32:59.396918-05:00,01M0JJP8YWC01WQJRDYF0P2J5F,2026-08-21T11:32:59.396918-05:00,1787330192830,2026-08-21T11:36:32.830852-05:00,true,2026-08-21T11:36:32.820957-05:00,true,2026-08-21T11:36:32.832853-05:00,01M0JJP903MNVANE39Q3T8AXBF,2026-08-21T11:32:59.396918-05:00
01M0JKAP4C674686KQAC9XX7NQ,01M0JK9BY4R112K1G4R9MXJ5Y6,2026-08-21T11:44:08.204614-05:00,1,2026-08-21T11:44:08.204614-05:00,true,2026-08-21T11:45:06.804339-05:00,01M0JK9BZ1KRYD1KCET8TJ3NXX,2026-08-21T11:44:08.204614-05:00,1,2026-08-21T11:44:08.204614-05:00,true,2026-08-21T11:45:05.793339-05:00,feedback,2026-08-21T11:44:08.204614-05:00,01M0JKAP31PJAEH6S7EBS205N4,2026-08-21T11:44:08.204614-05:00,1787330705794,2026-08-21T11:45:05.795185-05:00,true,2026-08-21T11:45:05.782378-05:00,true,2026-08-21T11:45:05.802093-05:00,01M0JKAP4BFRFCGK4ZJQG5MBR9,2026-08-21T11:44:08.204614-05:00
01M0JJP8ZB7NX6T0H9E9S9PJHJ,01M0JJMWXFA9B8FFW0WBE7QYTZ,2026-08-21T11:32:59.371234-05:00,1,2026-08-21T11:32:59.371234-05:00,true,2026-08-21T11:35:15.815532-05:00,01M0JJMWY9HJ4DPXE1Y7910VKY,2026-08-21T11:32:59.371234-05:00,1,2026-08-21T11:32:59.371234-05:00,true,2026-08-21T11:35:14.802671-05:00,feedback,2026-08-21T11:32:59.371234-05:00,01M0JJP8YGEF9R0T22784TQKXJ,2026-08-21T11:32:59.371234-05:00,1787330114803,2026-08-21T11:35:14.804836-05:00,true,2026-08-21T11:35:14.793828-05:00,true,2026-08-21T11:35:14.812115-05:00,01M0JJP8ZAECEJYGPZ38PGEC2Q,2026-08-21T11:32:59.371234-05:00
01M0JJP8ZKH1JTSQPSVEW64SD2,01M0JJMWXFA9B8FFW0WBE7QYTZ,2026-08-21T11:32:59.379508-05:00,1,2026-08-21T11:32:59.379508-05:00,true,2026-08-21T11:35:57.454987-05:00,01M0JJMWY9HJ4DPXE1Y7910VKY,2026-08-21T11:32:59.379508-05:00,1,2026-08-21T11:32:59.379508-05:00,true,2026-08-21T11:35:56.447033-05:00,feedback,2026-08-21T11:32:59.379508-05:00,01M0JJP8YVTA5MEYFHFXMWCCSM,2026-08-21T11:32:59.379508-05:00,1787330156448,2026-08-21T11:35:56.449048-05:00,true,2026-08-21T11:35:56.438033-05:00,true,2026-08-21T11:35:56.452568-05:00,01M0JJP8ZJ2TMQH8VDQ0Q4WNGN,2026-08-21T11:32:59.379508-05:00
01M0JKAP493RG570T8HNSEBW18,01M0JK9BY4R112K1G4R9MXJ5Y6,2026-08-21T11:44:08.201392-05:00,30,2026-08-21T11:44:08.201392-05:00,true,2026-08-21T11:44:57.421022-05:00,01M0JK9BZ1KRYD1KCET8TJ3NXX,2026-08-21T11:44:08.201392-05:00,0,2026-08-21T11:44:08.201392-05:00,true,2026-08-21T11:44:55.270698-05:00,selection,2026-08-21T11:44:08.201392-05:00,01M0JKAP309JXMJW32BXSKP3VW,2026-08-21T11:44:08.201392-05:00,1787330695271,2026-08-21T11:44:55.272598-05:00,true,2026-08-21T11:44:55.264669-05:00,true,2026-08-21T11:44:55.275813-05:00,01M0JKAP48RYC90E4DZV9NHKPG,2026-08-21T11:44:08.201392-05:00
01M0JKAP4YQ7NGHZP0DXJ6E9MB,01M0JK9BY4R112K1G4R9MXJ5Y6,2026-08-21T11:44:08.222701-05:00,30,2026-08-21T11:44:08.222701-05:00,true,2026-08-21T11:45:38.993519-05:00,01M0JK9BZ1KRYD1KCET8TJ3NXX,2026-08-21T11:44:08.222701-05:00,0,2026-08-21T11:44:08.222701-05:00,true,2026-08-21T11:45:35.476317-05:00,selection,2026-08-21T11:44:08.222701-05:00,01M0JKAP32VTNSQ8G40P7N3Z8Y,2026-08-21T11:44:08.222701-05:00,1787330735477,2026-08-21T11:45:35.477905-05:00,true,2026-08-21T11:45:35.466822-05:00,true,2026-08-21T11:45:35.483376-05:00,01M0JKAP4XFP0XX99F336RV6W9,2026-08-21T11:44:08.222701-05:00
01M0JJP90CCGNFYYNVMMZEE372,01M0JJMWXFA9B8FFW0WBE7QYTZ,2026-08-21T11:32:59.404637-05:00,1,2026-08-21T11:32:59.404637-05:00,true,2026-08-21T11:37:40.613172-05:00,01M0JJMWY9HJ4DPXE1Y7910VKY,2026-08-21T11:32:59.404637-05:00,1,2026-08-21T11:32:59.404637-05:00,true,2026-08-21T11:37:39.603889-05:00,feedback,2026-08-21T11:32:59.404637-05:00,01M0JJP8YVTA5MEYFHH638MAWG,2026-08-21T11:32:59.404637-05:00,1787330259604,2026-08-21T11:37:39.605519-05:00,true,2026-08-21T11:37:39.590867-05:00,true,2026-08-21T11:37:39.611654-05:00,01M0JJP90BJP9A5DETDYV9CJ96,2026-08-21T11:32:59.404637-05:00
01M0JKAP45268QK6V0ZPE34PE7,01M0JK9BY4R112K1G4R9MXJ5Y6,2026-08-21T11:44:08.197308-05:00,30,2026-08-21T11:44:08.197308-05:00,true,2026-08-21T11:44:54.192858-05:00,01M0JK9BZ1KRYD1KCET8TJ3NXX,2026-08-21T11:44:08.197308-05:00,0,2026-08-21T11:44:08.197308-05:00,true,2026-08-21T11:44:52.143939-05:00,selection,2026-08-21T11:44:08.197308-05:00,01M0JKAP2ZNK0ZP6BXBQ504V9X,2026-08-21T11:44:08.197308-05:00,1787330692144,2026-08-21T11:44:52.146314-05:00,true,2026-08-21T11:44:52.135388-05:00,true,2026-08-21T11:44:52.148785-05:00,01M0JKAP4282E2Z4VHDA298XTX,2026-08-21T11:44:08.197308-05:00
01M0JKAP4P0D9VDT4662Y16RVW,01M0JK9BY4R112K1G4R9MXJ5Y6,2026-08-21T11:44:08.214473-05:00,30,2026-08-21T11:44:08.214473-05:00,true,2026-08-21T11:45:21.793985-05:00,01M0JK9BZ1KRYD1KCET8TJ3NXX,2026-08-21T11:44:08.214473-05:00,0,2026-08-21T11:44:08.214473-05:00,true,2026-08-21T11:45:16.478429-05:00,selection,2026-08-21T11:44:08.214473-05:00,01M0JKAP34G27C474SZ98J3QY0,2026-08-21T11:44:08.214473-05:00,1787330716479,2026-08-21T11:45:16.480089-05:00,true,2026-08-21T11:45:16.471489-05:00,true,2026-08-21T11:45:16.482406-05:00,01M0JKAP4NH1J1VMH4XWV559E6,2026-08-21T11:44:08.214473-05:00
01M0JJP901XVYG6A9Y9Y96RPM3,01M0JJMWXFA9B8FFW0WBE7QYTZ,2026-08-21T11:32:59.393406-05:00,1,2026-08-21T11:32:59.393406-05:00,true,2026-08-21T11:36:32.775701-05:00,01M0JJMWY9HJ4DPXE1Y7910VKY,2026-08-21T11:32:59.393406-05:00,1,2026-08-21T11:32:59.393406-05:00,true,2026-08-21T11:36:31.766571-05:00,feedback,2026-08-21T11:32:59.393406-05:00,01M0JJP8YWC01WQJRDW4H4QYK5,2026-08-21T11:32:59.393406-05:00,1787330191767,2026-08-21T11:36:31.767966-05:00,true,2026-08-21T11:36:31.756647-05:00,true,2026-08-21T11:36:31.773457-05:00,01M0JJP900D83WMDR1QB6A5ZC4,2026-08-21T11:32:59.393406-05:00
01M0JKAP4W00H6EM742VZKZJBZ,01M0JK9BY4R112K1G4R9MXJ5Y6,2026-08-21T11:44:08.220066-05:00,1,2026-08-21T11:44:08.220066-05:00,true,2026-08-21T11:45:35.419835-05:00,01M0JK9BZ1KRYD1KCET8TJ3NXX,2026-08-21T11:44:08.220066-05:00,1,2026-08-21T11:44:08.220066-05:00,true,2026-08-21T11:45:34.409995-05:00,feedback,2026-08-21T11:44:08.220066-05:00,01M0JKAP3311BJ0G3J1KPQKED5,2026-08-21T11:44:08.220066-05:00,1787330734411,2026-08-21T11:45:34.411582-05:00,true,2026-08-21T11:45:34.391406-05:00,true,2026-08-21T11:45:34.41729-05:00,01M0JKAP4VN7ZT3P61T7A4ZC9V,2026-08-21T11:44:08.220066-05:00
01M0JJP8ZEVA74ZPPHDQNNC93F,01M0JJMWXFA9B8FFW0WBE7QYTZ,2026-08-21T11:32:59.374795-05:00,1,2026-08-21T11:32:59.374795-05:00,true,2026-08-21T11:35:29.048384-05:00,01M0JJMWY9HJ4DPXE1Y7910VKY,2026-08-21T11:32:59.374795-05:00,1,2026-08-21T11:32:59.374795-05:00,true,2026-08-21T11:35:28.037956-05:00,feedback,2026-08-21T11:32:59.374795-05:00,01M0JJP8YRMZF8PRT5BHTPKW0W,2026-08-21T11:32:59.374795-05:00,1787330128038,2026-08-21T11:35:28.039477-05:00,true,2026-08-21T11:35:28.024928-05:00,true,2026-08-21T11:35:28.043363-05:00,01M0JJP8ZDY4Y0EPGYTT85B6DQ,2026-08-21T11:32:59.374795-05:00
01M0JKAP4J39QP0GGEDHF4DZD8,01M0JK9BY4R112K1G4R9MXJ5Y6,2026-08-21T11:44:08.210989-05:00,1,2026-08-21T11:44:08.210989-05:00,true,2026-08-21T11:45:16.421095-05:00,01M0JK9BZ1KRYD1KCET8TJ3NXX,2026-08-21T11:44:08.210989-05:00,1,2026-08-21T11:44:08.210989-05:00,true,2026-08-21T11:45:15.40376-05:00,feedback,2026-08-21T11:44:08.210989-05:00,01M0JKAP3311BJ0G3J2NDD19QE,2026-08-21T11:44:08.210989-05:00,1787330715406,2026-08-21T11:45:15.407443-05:00,true,2026-08-21T11:45:15.391664-05:00,true,2026-08-21T11:45:15.412664-05:00,01M0JKAP4J39QP0GGED16WZVAN,2026-08-21T11:44:08.210989-05:00
01M0JJP909MEV3FZ360A9CZ2NH,01M0JJMWXFA9B8FFW0WBE7QYTZ,2026-08-21T11:32:59.401124-05:00,1,2026-08-21T11:32:59.401124-05:00,true,2026-08-21T11:37:09.51073-05:00,01M0JJMWY9HJ4DPXE1Y7910VKY,2026-08-21T11:32:59.401124-05:00,1,2026-08-21T11:32:59.401124-05:00,true,2026-08-21T11:37:08.501204-05:00,feedback,2026-08-21T11:32:59.401124-05:00,01M0JJP8YWC01WQJRDX05PQNDN,2026-08-21T11:32:59.401124-05:00,1787330228502,2026-08-21T11:37:08.503253-05:00,true,2026-08-21T11:37:08.486188-05:00,true,2026-08-21T11:37:08.507201-05:00,01M0JJP907PA1E96AZD5SAZ807,2026-08-21T11:32:59.401124-05:00
01M0JJP90CCGNFYYNVM08PQ9JV,01M0JJMWXFA9B8FFW0WBE7QYTZ,2026-08-21T11:32:59.40457-05:00,30,2026-08-21T11:32:59.40457-05:00,true,2026-08-21T11:37:39.578931-05:00,01M0JJMWY9HJ4DPXE1Y7910VKY,2026-08-21T11:32:59.40457-05:00,0,2026-08-21T11:32:59.40457-05:00,true,2026-08-21T11:37:09.566167-05:00,selection,2026-08-21T11:32:59.40457-05:00,01M0JJP8YVTA5MEYFHH638MAWG,2026-08-21T11:32:59.40457-05:00,1787330229567,2026-08-21T11:37:09.568308-05:00,true,2026-08-21T11:37:09.555243-05:00,true,2026-08-21T11:37:09.570062-05:00,01M0JJP90BJP9A5DETDWX7A38Q,2026-08-21T11:32:59.40457-05:00
01M0JKAP4VN7ZT3P61TB99VH3H,01M0JK9BY4R112K1G4R9MXJ5Y6,2026-08-21T11:44:08.219974-05:00,30,2026-08-21T11:44:08.219974-05:00,true,2026-08-21T11:45:34.379888-05:00,01M0JK9BZ1KRYD1KCET8TJ3NXX,2026-08-21T11:44:08.219974-05:00,0,2026-08-21T11:44:08.219974-05:00,true,2026-08-21T11:45:29.296475-05:00,selection,2026-08-21T11:44:08.219974-05:00,01M0JKAP3311BJ0G3J1KPQKED5,2026-08-21T11:44:08.219974-05:00,1787330729297,2026-08-21T11:45:29.298053-05:00,true,2026-08-21T11:45:29.287912-05:00,true,2026-08-21T11:45:29.300246-05:00,01M0JKAP4TW1MRCCXXYQE8G0MQ,2026-08-21T11:44:08.219974-05:00
01M0JJP8ZYPS21436C1MEWQFS4,01M0JJMWXFA9B8FFW0WBE7QYTZ,2026-08-21T11:32:59.390205-05:00,30,2026-08-21T11:32:59.390205-05:00,true,2026-08-21T11:36:24.016991-05:00,01M0JJMWY9HJ4DPXE1Y7910VKY,2026-08-21T11:32:59.390205-05:00,0,2026-08-21T11:32:59.390205-05:00,true,2026-08-21T11:36:15.972623-05:00,selection,2026-08-21T11:32:59.390205-05:00,01M0JJP8YS0VCDCQVJXS6FEXF0,2026-08-21T11:32:59.390205-05:00,1787330175973,2026-08-21T11:36:15.974218-05:00,true,2026-08-21T11:36:15.96267-05:00,true,2026-08-21T11:36:15.975914-05:00,01M0JJP8ZWKJN8FBGE03ZMYX5S,2026-08-21T11:32:59.390205-05:00
01M0JKAP4FGHDXVMYGKQS5W34K,01M0JK9BY4R112K1G4R9MXJ5Y6,2026-08-21T11:44:08.207621-05:00,30,2026-08-21T11:44:08.207621-05:00,true,2026-08-21T11:45:10.757988-05:00,01M0JK9BZ1KRYD1KCET8TJ3NXX,2026-08-21T11:44:08.207621-05:00,0,2026-08-21T11:44:08.207621-05:00,true,2026-08-21T11:45:06.85536-05:00,selection,2026-08-21T11:44:08.207621-05:00,01M0JKAP34G27C474SY3EY5859,2026-08-21T11:44:08.207621-05:00,1787330706856,2026-08-21T11:45:06.856603-05:00,true,2026-08-21T11:45:06.847598-05:00,true,2026-08-21T11:45:06.858933-05:00,01M0JKAP4EY55MB4WQEDXXMS6T,2026-08-21T11:44:08.207621-05:00
01M0JKAP3TA8CPMMWZZGAY0Q5B,01M0JK9BY4R112K1G4R9MXJ5Y6,2026-08-21T11:44:08.186163-05:00,1,2026-08-21T11:44:08.186163-05:00,true,2026-08-21T11:44:52.096418-05:00,01M0JK9BZ1KRYD1KCET8TJ3NXX,2026-08-21T11:44:08.186163-05:00,1,2026-08-21T11:44:08.186163-05:00,true,2026-08-21T11:44:51.085586-05:00,feedback,2026-08-21T11:44:08.186163-05:00,01M0JKAP2ZNK0ZP6BXAG5AAP7Y,2026-08-21T11:44:08.186163-05:00,1787330691087,2026-08-21T11:44:51.088338-05:00,true,2026-08-21T11:44:51.072372-05:00,true,2026-08-21T11:44:51.093283-05:00,01M0JKAP3S0AVEN1P2QEZ4EV0Y,2026-08-21T11:44:08.186163-05:00
01M0JKAP4SN8YCJCMBY1ZDC84M,01M0JK9BY4R112K1G4R9MXJ5Y6,2026-08-21T11:44:08.217528-05:00,1,2026-08-21T11:44:08.217528-05:00,true,2026-08-21T11:45:29.250134-05:00,01M0JK9BZ1KRYD1KCET8TJ3NXX,2026-08-21T11:44:08.217528-05:00,1,2026-08-21T11:44:08.217528-05:00,true,2026-08-21T11:45:28.236402-05:00,feedback,2026-08-21T11:44:08.217528-05:00,01M0JKAP35ST0G8AZBM5NBV4MY,2026-08-21T11:44:08.217528-05:00,1787330728237,2026-08-21T11:45:28.237968-05:00,true,2026-08-21T11:45:28.22458-05:00,true,2026-08-21T11:45:28.24133-05:00,01M0JKAP4RJ4KGCD2MZTX3326S,2026-08-21T11:44:08.217528-05:00
01M0JJP8ZVWN6G12RA3WRB0BJT,01M0JJMWXFA9B8FFW0WBE7QYTZ,2026-08-21T11:32:59.387096-05:00,30,2026-08-21T11:32:59.387096-05:00,true,2026-08-21T11:36:14.886666-05:00,01M0JJMWY9HJ4DPXE1Y7910VKY,2026-08-21T11:32:59.387096-05:00,0,2026-08-21T11:32:59.387096-05:00,true,2026-08-21T11:36:08.103383-05:00,selection,2026-08-21T11:32:59.387096-05:00,01M0JJP8YVTA5MEYFHJNXV28N1,2026-08-21T11:32:59.387096-05:00,1787330168104,2026-08-21T11:36:08.104759-05:00,true,2026-08-21T11:36:08.093706-05:00,true,2026-08-21T11:36:08.106772-05:00,01M0JJP8ZSGSB8FB6AAT7QP9SS,2026-08-21T11:32:59.387096-05:00
01M0JJP90MC0M7K1ZQ9B7KJTWF,01M0JJMWXFA9B8FFW0WBE7QYTZ,2026-08-21T11:32:59.41268-05:00,200,2026-08-21T11:32:59.41268-05:00,true,2026-08-21T11:38:31.925253-05:00,01M0JJMWY9HJ4DPXE1Y7910VKY,2026-08-21T11:32:59.41268-05:00,0,2026-08-21T11:32:59.41268-05:00,true,2026-08-21T11:37:52.684644-05:00,describe,2026-08-21T11:32:59.41268-05:00,01M0JJP8YWC01WQJRDXZK77C32,2026-08-21T11:32:59.41268-05:00,1787330272685,2026-08-21T11:37:52.686192-05:00,true,2026-08-21T11:37:52.675447-05:00,true,2026-08-21T11:37:52.688488-05:00,01M0JJP90KYSPKHCYKPGZ1MBAQ,2026-08-21T11:32:59.41268-05:00
01M0JKAP4YQ7NGHZP0EHD0F6AJ,01M0JK9BY4R112K1G4R9MXJ5Y6,2026-08-21T11:44:08.222854-05:00,1,2026-08-21T11:44:08.222854-05:00,true,2026-08-21T11:45:40.022294-05:00,01M0JK9BZ1KRYD1KCET8TJ3NXX,2026-08-21T11:44:08.222854-05:00,1,2026-08-21T11:44:08.222854-05:00,true,2026-08-21T11:45:39.012235-05:00,feedback,2026-08-21T11:44:08.222854-05:00,01M0JKAP32VTNSQ8G40P7N3Z8Y,2026-08-21T11:44:08.222854-05:00,1787330739013,2026-08-21T11:45:39.014477-05:00,true,2026-08-21T11:45:39.002891-05:00,true,2026-08-21T11:45:39.017215-05:00,01M0JKAP4YQ7NGHZP0DV350JCN,2026-08-21T11:44:08.222854-05:00
01M0JKAP51C9RV7HBA6SDQHDJG,01M0JK9BY4R112K1G4R9MXJ5Y6,2026-08-21T11:44:08.2254-05:00,30,2026-08-21T11:44:08.2254-05:00,true,2026-08-21T11:45:43.140085-05:00,01M0JK9BZ1KRYD1KCET8TJ3NXX,2026-08-21T11:44:08.2254-05:00,0,2026-08-21T11:44:08.2254-05:00,true,2026-08-21T11:45:40.076785-05:00,selection,2026-08-21T11:44:08.2254-05:00,01M0JKAP37BCFPG8JBACJXMVYJ,2026-08-21T11:44:08.2254-05:00,1787330740078,2026-08-21T11:45:40.079544-05:00,true,2026-08-21T11:45:40.066408-05:00,true,2026-08-21T11:45:40.082001-05:00,01M0JKAP50M8W88EXPSGKDEFSS,2026-08-21T11:44:08.2254-05:00
01M0JJP8ZKH1JTSQPSV1VA5GZQ,01M0JJMWXFA9B8FFW0WBE7QYTZ,2026-08-21T11:32:59.379406-05:00,30,2026-08-21T11:32:59.379406-05:00,true,2026-08-21T11:35:56.429822-05:00,01M0JJMWY9HJ4DPXE1Y7910VKY,2026-08-21T11:32:59.379406-05:00,0,2026-08-21T11:32:59.379406-05:00,true,2026-08-21T11:35:29.103665-05:00,selection,2026-08-21T11:32:59.379406-05:00,01M0JJP8YVTA5MEYFHFXMWCCSM,2026-08-21T11:32:59.379406-05:00,1787330129104,2026-08-21T11:35:29.105287-05:00,true,2026-08-21T11:35:29.093169-05:00,true,2026-08-21T11:35:29.107245-05:00,01M0JJP8ZJ2TMQH8VDPWTC6W3N,2026-08-21T11:32:59.379406-05:00
01M0JKAP45268QK6V1097JC5DN,01M0JK9BY4R112K1G4R9MXJ5Y6,2026-08-21T11:44:08.197555-05:00,1,2026-08-21T11:44:08.197555-05:00,true,2026-08-21T11:44:55.228016-05:00,01M0JK9BZ1KRYD1KCET8TJ3NXX,2026-08-21T11:44:08.197555-05:00,1,2026-08-21T11:44:08.197555-05:00,true,2026-08-21T11:44:54.211676-05:00,feedback,2026-08-21T11:44:08.197555-05:00,01M0JKAP2ZNK0ZP6BXBQ504V9X,2026-08-21T11:44:08.197555-05:00,1787330694214,2026-08-21T11:44:54.219278-05:00,true,2026-08-21T11:44:54.200285-05:00,true,2026-08-21T11:44:54.223087-05:00,01M0JKAP43FAEPN5Q0G7EW0FK1,2026-08-21T11:44:08.197555-05:00
