id,batchID,batchIDLastChangedAt,gameID,gameIDLastChangedAt,playerID,playerIDLastChangedAt,roundID,roundIDLastChangedAt,stageID,stageIDLastChangedAt,submit,submitLastChangedAt
01J03X6108SRR63R1RBGYC6E3A,01J03X4YXYK0TYRA79BHHZWAX1,2024-06-11T15:03:08.040294782Z,01J03X4YYSKP64RZB0GYTKGY80,2024-06-11T15:03:08.040294782Z,01J03X55JSXT0VAV6HARBGF6MD,2024-06-11T15:03:08.040294782Z,01J03X5ADFE2RTH9112RZ3TZKJ,2024-06-11T15:03:08.040294782Z,01J03X5AHH5ANDH84N9JR02ZFP,2024-06-11T15:03:08.040294782Z,true,2024-06-11T15:03:13.760643725Z
01J03X72CJGC7FDM8YA12NC3DP,01J03X4YXYK0TYRA79BHHZWAX1,2024-06-11T15:03:42.226484685Z,01J03X4YYSKP64RZB0GYTKGY80,2024-06-11T15:03:42.226484685Z,01J03X55JSXT0VAV6HARBGF6MD,2024-06-11T15:03:42.226484685Z,01J03X5ADPCRJ2NH457HJDE8EX,2024-06-11T15:03:42.226484685Z,01J03X5AK43NP4V8A8Y7N32VM7,2024-06-11T15:03:42.226484685Z,,
01J03XFN543E5SCRXBZYH54VEZ,01J03X4YXYK0TYRA79BHHZWAX1,2024-06-11T15:08:23.588903763Z,01J03X4YYSKP64RZB0GYTKGY80,2024-06-11T15:08:23.588903763Z,01J03X53N1CJ0HJEV55AMSTRM6,2024-06-11T15:08:23.588903763Z,01J03X5AFCSJ3GAGH2T95F11VM,2024-06-11T15:08:23.588903763Z,01J03X5ARH1SMMMD8FK36381KH,2024-06-11T15:08:23.588903763Z,,
01J03X5DCSJR0C05EFNARY37AW,01J03X4YXYK0TYRA79BHHZWAX1,2024-06-11T15:02:47.96192902Z,01J03X4YYSKP64RZB0GYTKGY80,2024-06-11T15:02:47.96192902Z,01J03X53N1CJ0HJEV55AMSTRM6,2024-06-11T15:02:47.96192902Z,01J03X5AC53D9295JHRWZ8KRYC,2024-06-11T15:02:47.96192902Z,01J03X5AH8CTPB6GG892ZQJV3K,2024-06-11T15:02:47.96192902Z,,
01J03X8XA0ZVJ23TZHP8NE4D3G,01J03X4YXYK0TYRA79BHHZWAX1,2024-06-11T15:04:42.561038523Z,01J03X4YYSKP64RZB0GYTKGY80,2024-06-11T15:04:42.561038523Z,01J03X53N1CJ0HJEV55AMSTRM6,2024-06-11T15:04:42.561038523Z,01J03X5AEN5ZV1HE09KAZVDRSG,2024-06-11T15:04:42.561038523Z,01J03X5AM9MNGK27BGXW7QEMB3,2024-06-11T15:04:42.561038523Z,,
01J03XDTBHZRYFTM77Q3DPMNN9,01J03X4YXYK0TYRA79BHHZWAX1,2024-06-11T15:07:23.377449759Z,01J03X4YYSKP64RZB0GYTKGY80,2024-06-11T15:07:23.377449759Z,01J03X55JSXT0VAV6HARBGF6MD,2024-06-11T15:07:23.377449759Z,01J03X5AF9G8XXNYAYAD9RBF4A,2024-06-11T15:07:23.377449759Z,01J03X5AQF7CDWYZNPJJ00CX87,2024-06-11T15:07:23.377449759Z,,
01J03XDTBGMQ201PN677HVJ85P,01J03X4YXYK0TYRA79BHHZWAX1,2024-06-11T15:07:23.376923623Z,01J03X4YYSKP64RZB0GYTKGY80,2024-06-11T15:07:23.376923623Z,01J03X53N1CJ0HJEV55AMSTRM6,2024-06-11T15:07:23.376923623Z,01J03X5AF9G8XXNYAYAD9RBF4A,2024-06-11T15:07:23.376923623Z,01J03X5AQF7CDWYZNPJJ00CX87,2024-06-11T15:07:23.376923623Z,,
01J03XEDYQ67F7KD09K87CMKFW,01J03X4YXYK0TYRA79BHHZWAX1,2024-06-11T15:07:43.447376869Z,01J03X4YYSKP64RZB0GYTKGY80,2024-06-11T15:07:43.447376869Z,01J03X55JSXT0VAV6HARBGF6MD,2024-06-11T15:07:43.447376869Z,01J03X5AFE067MZRSB27A2SW8N,2024-06-11T15:07:43.447376869Z,01J03X5AQRC3HWH39QSNVV3JWK,2024-06-11T15:07:43.447376869Z,,
01J03XF1HW43GN1WNRTMBVP9N8,01J03X4YXYK0TYRA79BHHZWAX1,2024-06-11T15:08:03.5161015Z,01J03X4YYSKP64RZB0GYTKGY80,2024-06-11T15:08:03.5161015Z,01J03X55JSXT0VAV6HARBGF6MD,2024-06-11T15:08:03.5161015Z,01J03X5AFDFQ0RCCX1B5JN9AS3,2024-06-11T15:08:03.5161015Z,01J03X5AR8D01TPCXE9CCYEQ2A,2024-06-11T15:08:03.5161015Z,,
01J03X5DCV2WY3HMKNPMERJNHV,01J03X4YXYK0TYRA79BHHZWAX1,2024-06-11T15:02:47.963235036Z,01J03X4YYSKP64RZB0GYTKGY80,2024-06-11T15:02:47.963235036Z,01J03X55JSXT0VAV6HARBGF6MD,2024-06-11T15:02:47.963235036Z,01J03X5AC53D9295JHRWZ8KRYC,2024-06-11T15:02:47.963235036Z,01J03X5AH8CTPB6GG892ZQJV3K,2024-06-11T15:02:47.963235036Z,,
01J03X7P1JAPJXB0J6AR4WZ6E1,01J03X4YXYK0TYRA79BHHZWAX1,2024-06-11T15:04:02.354296173Z,01J03X4YYSKP64RZB0GYTKGY80,2024-06-11T15:04:02.354296173Z,01J03X55JSXT0VAV6HARBGF6MD,2024-06-11T15:04:02.354296173Z,01J03X5ADQHCXTBKET47FDPHWQ,2024-06-11T15:04:02.354296173Z,01J03X5AKEKXNHQCYBB1Q0DJB4,2024-06-11T15:04:02.354296173Z,,
01J03X8XA147NBNH4D5FZ3B8HW,01J03X4YXYK0TYRA79BHHZWAX1,2024-06-11T15:04:42.561666597Z,01J03X4YYSKP64RZB0GYTKGY80,2024-06-11T15:04:42.561666597Z,01J03X55JSXT0VAV6HARBGF6MD,2024-06-11T15:04:42.561666597Z,01J03X5AEN5ZV1HE09KAZVDRSG,2024-06-11T15:04:42.561666597Z,01J03X5AM9MNGK27BGXW7QEMB3,2024-06-11T15:04:42.561666597Z,,
01J03X9GZMHK2V4Z0E9RWP97AF,01J03X4YXYK0TYRA79BHHZWAX1,2024-06-11T15:05:02.708616426Z,01J03X4YYSKP64RZB0GYTKGY80,2024-06-11T15:05:02.708616426Z,01J03X55JSXT0VAV6HARBGF6MD,2024-06-11T15:05:02.708616426Z,01J03X5ADPCRJ2NH456WZ5QE9Q,2024-06-11T15:05:02.708616426Z,01J03X5AMY2C59DQH8BHJZ85AZ,2024-06-11T15:05:02.708616426Z,,
01J03XBZHNJK3R7T7TZQSR1NEX,01J03X4YXYK0TYRA79BHHZWAX1,2024-06-11T15:06:23.157828604Z,01J03X4YYSKP64RZB0GYTKGY80,2024-06-11T15:06:23.157828604Z,01J03X55JSXT0VAV6HARBGF6MD,2024-06-11T15:06:23.157828604Z,01J03X5AEEW810KCPGXY37F9MS,2024-06-11T15:06:23.157828604Z,01J03X5AP70QGVT29VVEET207E,2024-06-11T15:06:23.157828604Z,,
01J03XBBVVKHMCAH334KA8BDD7,01J03X4YXYK0TYRA79BHHZWAX1,2024-06-11T15:06:03.003375772Z,01J03X4YYSKP64RZB0GYTKGY80,2024-06-11T15:06:03.003375772Z,01J03X53N1CJ0HJEV55AMSTRM6,2024-06-11T15:06:03.003375772Z,01J03X5AEJZR1CFP9P0VCH57ZV,2024-06-11T15:06:03.003375772Z,01J03X5ANY8AWPC1JCSTC4B3SB,2024-06-11T15:06:03.003375772Z,,
01J03XF1HW43GN1WNRTZA3NZZE,01J03X4YXYK0TYRA79BHHZWAX1,2024-06-11T15:08:03.51686119Z,01J03X4YYSKP64RZB0GYTKGY80,2024-06-11T15:08:03.51686119Z,01J03X53N1CJ0HJEV55AMSTRM6,2024-06-11T15:08:03.51686119Z,01J03X5AFDFQ0RCCX1B5JN9AS3,2024-06-11T15:08:03.51686119Z,01J03X5AR8D01TPCXE9CCYEQ2A,2024-06-11T15:08:03.51686119Z,,
01J03X66NNHNJEQ4QC8RB04WS4,01J03X4YXYK0TYRA79BHHZWAX1,2024-06-11T15:03:13.845261596Z,01J03X4YYSKP64RZB0GYTKGY80,2024-06-11T15:03:13.845261596Z,01J03X55JSXT0VAV6HARBGF6MD,2024-06-11T15:03:13.845261596Z,01J03X5ADFE2RTH9113HG3ESGE,2024-06-11T15:03:13.845261596Z,01J03X5AHSNWKDN26PTKDGP841,2024-06-11T15:03:13.845261596Z,true,2024-06-11T15:03:21.343385234Z
01J03X6E2H2673RAGGP1YT86K9,01J03X4YXYK0TYRA79BHHZWAX1,2024-06-11T15:03:21.425810644Z,01J03X4YYSKP64RZB0GYTKGY80,2024-06-11T15:03:21.425810644Z,01J03X53N1CJ0HJEV55AMSTRM6,2024-06-11T15:03:21.425810644Z,01J03X5ADH8NBQWZQ49TE8HB2Z,2024-06-11T15:03:21.425810644Z,01J03X5AJ6RFY2ETQKKQYFSZ2Z,2024-06-11T15:03:21.425810644Z,true,2024-06-11T15:03:28.242336177Z
01J03X6MSCQ78YDPYF603D1HDQ,01J03X4YXYK0TYRA79BHHZWAX1,2024-06-11T15:03:28.300530206Z,01J03X4YYSKP64RZB0GYTKGY80,2024-06-11T15:03:28.300530206Z,01J03X55JSXT0VAV6HARBGF6MD,2024-06-11T15:03:28.300530206Z,01J03X5ADJBXYPWZ3287724YHN,2024-06-11T15:03:28.300530206Z,01J03X5AJGHSS54ZWNF1K1K336,2024-06-11T15:03:28.300530206Z,true,2024-06-11T15:03:35.306435902Z
01J03X89P0FQVZYDT11W1X0753,01J03X4YXYK0TYRA79BHHZWAX1,2024-06-11T15:04:22.464297979Z,01J03X4YYSKP64RZB0GYTKGY80,2024-06-11T15:04:22.464297979Z,01J03X53N1CJ0HJEV55AMSTRM6,2024-06-11T15:04:22.464297979Z,01J03X5ADMEPTC24VN4MG7304T,2024-06-11T15:04:22.464297979Z,01J03X5AKRT436N1QSD26RZX09,2024-06-11T15:04:22.464297979Z,,
01J03X9GZFWHTY6DZ4NJE83N59,01J03X4YXYK0TYRA79BHHZWAX1,2024-06-11T15:05:02.703963804Z,01J03X4YYSKP64RZB0GYTKGY80,2024-06-11T15:05:02.703963804Z,01J03X53N1CJ0HJEV55AMSTRM6,2024-06-11T15:05:02.703963804Z,01J03X5ADPCRJ2NH456WZ5QE9Q,2024-06-11T15:05:02.703963804Z,01J03X5AMY2C59DQH8BHJZ85AZ,2024-06-11T15:05:02.703963804Z,,
01J03X6107HCZR3P6FGTTM0MY3,01J03X4YXYK0TYRA79BHHZWAX1,2024-06-11T15:03:08.039612927Z,01J03X4YYSKP64RZB0GYTKGY80,2024-06-11T15:03:08.039612927Z,01J03X53N1CJ0HJEV55AMSTRM6,2024-06-11T15:03:08.039612927Z,01J03X5ADFE2RTH9112RZ3TZKJ,2024-06-11T15:03:08.039612927Z,01J03X5AHH5ANDH84N9JR02ZFP,2024-06-11T15:03:08.039612927Z,true,2024-06-11T15:03:13.761482216Z
01J03X6VQMZSQ41NHVKQ30QPX6,01J03X4YXYK0TYRA79BHHZWAX1,2024-06-11T15:03:35.41267339Z,01J03X4YYSKP64RZB0GYTKGY80,2024-06-11T15:03:35.41267339Z,01J03X53N1CJ0HJEV55AMSTRM6,2024-06-11T15:03:35.41267339Z,01J03X5ADKMT6D9FP0N05CJXMP,2024-06-11T15:03:35.41267339Z,01J03X5AJVX5JEWDAV3NQGG5EV,2024-06-11T15:03:35.41267339Z,true,2024-06-11T15:03:42.137291632Z
01J03X7P1HH532X0BVP5BQJPDT,01J03X4YXYK0TYRA79BHHZWAX1,2024-06-11T15:04:02.353567619Z,01J03X4YYSKP64RZB0GYTKGY80,2024-06-11T15:04:02.353567619Z,01J03X53N1CJ0HJEV55AMSTRM6,2024-06-11T15:04:02.353567619Z,01J03X5ADQHCXTBKET47FDPHWQ,2024-06-11T15:04:02.353567619Z,01J03X5AKEKXNHQCYBB1Q0DJB4,2024-06-11T15:04:02.353567619Z,,
01J03XAR7XJE7THDQ1QFW0FDFA,01J03X4YXYK0TYRA79BHHZWAX1,2024-06-11T15:05:42.90931805Z,01J03X4YYSKP64RZB0GYTKGY80,2024-06-11T15:05:42.90931805Z,01J03X55JSXT0VAV6HARBGF6MD,2024-06-11T15:05:42.90931805Z,01J03X5AEGST7VHPTBJNY84X6M,2024-06-11T15:05:42.90931805Z,01J03X5ANN6NBF14QP6K4J1T25,2024-06-11T15:05:42.90931805Z,,
01J03XEDYPZWWTVQNM8FEVAMVJ,01J03X4YXYK0TYRA79BHHZWAX1,2024-06-11T15:07:43.446816805Z,01J03X4YYSKP64RZB0GYTKGY80,2024-06-11T15:07:43.446816805Z,01J03X53N1CJ0HJEV55AMSTRM6,2024-06-11T15:07:43.446816805Z,01J03X5AFE067MZRSB27A2SW8N,2024-06-11T15:07:43.446816805Z,01J03X5AQRC3HWH39QSNVV3JWK,2024-06-11T15:07:43.446816805Z,,
01J03XA4M6SJWQJYNTV38SZXGG,01J03X4YXYK0TYRA79BHHZWAX1,2024-06-11T15:05:22.822543605Z,01J03X4YYSKP64RZB0GYTKGY80,2024-06-11T15:05:22.822543605Z,01J03X55JSXT0VAV6HARBGF6MD,2024-06-11T15:05:22.822543605Z,01J03X5AEM3C24BTD75327AEBH,2024-06-11T15:05:22.822543605Z,01J03X5ANCZSCHB7RAQVWKNBAA,2024-06-11T15:05:22.822543605Z,,
01J03XBBVS3F44XBV6RDSSVHC5,01J03X4YXYK0TYRA79BHHZWAX1,2024-06-11T15:06:03.002126798Z,01J03X4YYSKP64RZB0GYTKGY80,2024-06-11T15:06:03.002126798Z,01J03X55JSXT0VAV6HARBGF6MD,2024-06-11T15:06:03.002126798Z,01J03X5AEJZR1CFP9P0VCH57ZV,2024-06-11T15:06:03.002126798Z,01J03X5ANY8AWPC1JCSTC4B3SB,2024-06-11T15:06:03.002126798Z,,
01J03XBZHNJK3R7T7TZAXA83NX,01J03X4YXYK0TYRA79BHHZWAX1,2024-06-11T15:06:23.157219754Z,01J03X4YYSKP64RZB0GYTKGY80,2024-06-11T15:06:23.157219754Z,01J03X53N1CJ0HJEV55AMSTRM6,2024-06-11T15:06:23.157219754Z,01J03X5AEEW810KCPGXY37F9MS,2024-06-11T15:06:23.157219754Z,01J03X5AP70QGVT29VVEET207E,2024-06-11T15:06:23.157219754Z,,
01J03XCK54WEXQPQF5RDPWFKNN,01J03X4YXYK0TYRA79BHHZWAX1,2024-06-11T15:06:43.236858072Z,01J03X4YYSKP64RZB0GYTKGY80,2024-06-11T15:06:43.236858072Z,01J03X53N1CJ0HJEV55AMSTRM6,2024-06-11T15:06:43.236858072Z,01J03X5ADQHCXTBKET3CZ88VJJ,2024-06-11T15:06:43.236858072Z,01J03X5APKPT3D6KZSTNMJ8RA1,2024-06-11T15:06:43.236858072Z,,
01J03XCK55YCDREJ09GWBEB9NJ,01J03X4YXYK0TYRA79BHHZWAX1,2024-06-11T15:06:43.237344148Z,01J03X4YYSKP64RZB0GYTKGY80,2024-06-11T15:06:43.237344148Z,01J03X55JSXT0VAV6HARBGF6MD,2024-06-11T15:06:43.237344148Z,01J03X5ADQHCXTBKET3CZ88VJJ,2024-06-11T15:06:43.237344148Z,01J03X5APKPT3D6KZSTNMJ8RA1,2024-06-11T15:06:43.237344148Z,,
01J03XAR7W66CJPWGF2XQAQ554,01J03X4YXYK0TYRA79BHHZWAX1,2024-06-11T15:05:42.908775343Z,01J03X4YYSKP64RZB0GYTKGY80,2024-06-11T15:05:42.908775343Z,01J03X53N1CJ0HJEV55AMSTRM6,2024-06-11T15:05:42.908775343Z,01J03X5AEGST7VHPTBJNY84X6M,2024-06-11T15:05:42.908775343Z,01J03X5ANN6NBF14QP6K4J1T25,2024-06-11T15:05:42.908775343Z,,
01J03XFN55KWJKNDHWZ9S91NTQ,01J03X4YXYK0TYRA79BHHZWAX1,2024-06-11T15:08:23.589426807Z,01J03X4YYSKP64RZB0GYTKGY80,2024-06-11T15:08:23.589426807Z,01J03X55JSXT0VAV6HARBGF6MD,2024-06-11T15:08:23.589426807Z,01J03X5AFCSJ3GAGH2T95F11VM,2024-06-11T15:08:23.589426807Z,01J03X5ARH1SMMMD8FK36381KH,2024-06-11T15:08:23.589426807Z,,
01J03X66NMJ6QX2DP3WTB2MXGC,01J03X4YXYK0TYRA79BHHZWAX1,2024-06-11T15:03:13.844610546Z,01J03X4YYSKP64RZB0GYTKGY80,2024-06-11T15:03:13.844610546Z,01J03X53N1CJ0HJEV55AMSTRM6,2024-06-11T15:03:13.844610546Z,01J03X5ADFE2RTH9113HG3ESGE,2024-06-11T15:03:13.844610546Z,01J03X5AHSNWKDN26PTKDGP841,2024-06-11T15:03:13.844610546Z,true,2024-06-11T15:03:21.342666289Z
01J03X6E2J4M0NFC87CW6GR7HP,01J03X4YXYK0TYRA79BHHZWAX1,2024-06-11T15:03:21.426416318Z,01J03X4YYSKP64RZB0GYTKGY80,2024-06-11T15:03:21.426416318Z,01J03X55JSXT0VAV6HARBGF6MD,2024-06-11T15:03:21.426416318Z,01J03X5ADH8NBQWZQ49TE8HB2Z,2024-06-11T15:03:21.426416318Z,01J03X5AJ6RFY2ETQKKQYFSZ2Z,2024-06-11T15:03:21.426416318Z,true,2024-06-11T15:03:28.242725928Z
01J03X6VQJWF7RWYZCH6BA4F76,01J03X4YXYK0TYRA79BHHZWAX1,2024-06-11T15:03:35.410815382Z,01J03X4YYSKP64RZB0GYTKGY80,2024-06-11T15:03:35.410815382Z,01J03X55JSXT0VAV6HARBGF6MD,2024-06-11T15:03:35.410815382Z,01J03X5ADKMT6D9FP0N05CJXMP,2024-06-11T15:03:35.410815382Z,01J03X5AJVX5JEWDAV3NQGG5EV,2024-06-11T15:03:35.410815382Z,true,2024-06-11T15:03:42.136766846Z
01J03X72CH8Y138AT1ZB62G7FG,01J03X4YXYK0TYRA79BHHZWAX1,2024-06-11T15:03:42.225758154Z,01J03X4YYSKP64RZB0GYTKGY80,2024-06-11T15:03:42.225758154Z,01J03X53N1CJ0HJEV55AMSTRM6,2024-06-11T15:03:42.225758154Z,01J03X5ADPCRJ2NH457HJDE8EX,2024-06-11T15:03:42.225758154Z,01J03X5AK43NP4V8A8Y7N32VM7,2024-06-11T15:03:42.225758154Z,,
01J03XA4M5PFWK28ACRQJA0KES,01J03X4YXYK0TYRA79BHHZWAX1,2024-06-11T15:05:22.821980302Z,01J03X4YYSKP64RZB0GYTKGY80,2024-06-11T15:05:22.821980302Z,01J03X53N1CJ0HJEV55AMSTRM6,2024-06-11T15:05:22.821980302Z,01J03X5AEM3C24BTD75327AEBH,2024-06-11T15:05:22.821980302Z,01J03X5ANCZSCHB7RAQVWKNBAA,2024-06-11T15:05:22.821980302Z,,
01J03X6MSDNMWT0J90SYV6RD86,01J03X4YXYK0TYRA79BHHZWAX1,2024-06-11T15:03:28.301191826Z,01J03X4YYSKP64RZB0GYTKGY80,2024-06-11T15:03:28.301191826Z,01J03X53N1CJ0HJEV55AMSTRM6,2024-06-11T15:03:28.301191826Z,01J03X5ADJBXYPWZ3287724YHN,2024-06-11T15:03:28.301191826Z,01J03X5AJGHSS54ZWNF1K1K336,2024-06-11T15:03:28.301191826Z,true,2024-06-11T15:03:35.305814818Z
01J03X89P1EJ4ZJSD6JSJCZ40N,01J03X4YXYK0TYRA79BHHZWAX1,2024-06-11T15:04:22.465246375Z,01J03X4YYSKP64RZB0GYTKGY80,2024-06-11T15:04:22.465246375Z,01J03X55JSXT0VAV6HARBGF6MD,2024-06-11T15:04:22.465246375Z,01J03X5ADMEPTC24VN4MG7304T,2024-06-11T15:04:22.465246375Z,01J03X5AKRT436N1QSD26RZX09,2024-06-11T15:04:22.465246375Z,,
01J03XD6RJNSE16G1CQTDNAR4C,01J03X4YXYK0TYRA79BHHZWAX1,2024-06-11T15:07:03.314818091Z,01J03X4YYSKP64RZB0GYTKGY80,2024-06-11T15:07:03.314818091Z,01J03X55JSXT0VAV6HARBGF6MD,2024-06-11T15:07:03.314818091Z,01J03X5AFE067MZRSB2ZCBMP4T,2024-06-11T15:07:03.314818091Z,01J03X5AQ1WT21MXBEQ7129G98,2024-06-11T15:07:03.314818091Z,,
01J03XD6RK5AZ9DC1SPHBE73SS,01J03X4YXYK0TYRA79BHHZWAX1,2024-06-11T15:07:03.315246205Z,01J03X4YYSKP64RZB0GYTKGY80,2024-06-11T15:07:03.315246205Z,01J03X53N1CJ0HJEV55AMSTRM6,2024-06-11T15:07:03.315246205Z,01J03X5AFE067MZRSB2ZCBMP4T,2024-06-11T15:07:03.315246205Z,01J03X5AQ1WT21MXBEQ7129G98,2024-06-11T15:07:03.315246205Z,,
