id,batchID,batchIDLastChangedAt,gameID,gameIDLastChangedAt,playerID,playerIDLastChangedAt,roundID,roundIDLastChangedAt
01J03X9GXTBMJ6ES0EZ7AAPN7E,01J03X4YXYK0TYRA79BHHZWAX1,2024-06-11T15:05:02.650124449Z,01J03X4YYSKP64RZB0GYTKGY80,2024-06-11T15:05:02.650124449Z,01J03X53N1CJ0HJEV55AMSTRM6,2024-06-11T15:05:02.650124449Z,01J03X5ADPCRJ2NH456WZ5QE9Q,2024-06-11T15:05:02.650124449Z
01J03XEDY0Q8SJYJ4Z5KWPG90P,01J03X4YXYK0TYRA79BHHZWAX1,2024-06-11T15:07:43.424909562Z,01J03X4YYSKP64RZB0GYTKGY80,2024-06-11T15:07:43.424909562Z,01J03X53N1CJ0HJEV55AMSTRM6,2024-06-11T15:07:43.424909562Z,01J03X5AFE067MZRSB27A2SW8N,2024-06-11T15:07:43.424909562Z
01J03X60ZH3M8VTZ40FG7EBZZ8,01J03X4YXYK0TYRA79BHHZWAX1,2024-06-11T15:03:08.017273623Z,01J03X4YYSKP64RZB0GYTKGY80,2024-06-11T15:03:08.017273623Z,01J03X55JSXT0VAV6HARBGF6MD,2024-06-11T15:03:08.017273623Z,01J03X5ADFE2RTH9112RZ3TZKJ,2024-06-11T15:03:08.017273623Z
01J03X6MRQ36N8C7BYHHYHN275,01J03X4YXYK0TYRA79BHHZWAX1,2024-06-11T15:03:28.279167065Z,01J03X4YYSKP64RZB0GYTKGY80,2024-06-11T15:03:28.279167065Z,01J03X55JSXT0VAV6HARBGF6MD,2024-06-11T15:03:28.279167065Z,01J03X5ADJBXYPWZ3287724YHN,2024-06-11T15:03:28.279167065Z
01J03X7P0FJGBTK353NVBNZNZF,01J03X4YXYK0TYRA79BHHZWAX1,2024-06-11T15:04:02.319205864Z,01J03X4YYSKP64RZB0GYTKGY80,2024-06-11T15:04:02.319205864Z,01J03X55JSXT0VAV6HARBGF6MD,2024-06-11T15:04:02.319205864Z,01J03X5ADQHCXTBKET47FDPHWQ,2024-06-11T15:04:02.319205864Z
01J03X89MX8KW7FGV8BTWBBT75,01J03X4YXYK0TYRA79BHHZWAX1,2024-06-11T15:04:22.429923329Z,01J03X4YYSKP64RZB0GYTKGY80,2024-06-11T15:04:22.429923329Z,01J03X55JSXT0VAV6HARBGF6MD,2024-06-11T15:04:22.429923329Z,01J03X5ADMEPTC24VN4MG7304T,2024-06-11T15:04:22.429923329Z
01J03XBZFZ8B7QSKMD376T7WWH,01J03X4YXYK0TYRA79BHHZWAX1,2024-06-11T15:06:23.10348935Z,01J03X4YYSKP64RZB0GYTKGY80,2024-06-11T15:06:23.10348935Z,01J03X53N1CJ0HJEV55AMSTRM6,2024-06-11T15:06:23.10348935Z,01J03X5AEEW810KCPGXY37F9MS,2024-06-11T15:06:23.10348935Z
01J03XCK4DE59BE1PZKY7B2888,01J03X4YXYK0TYRA79BHHZWAX1,2024-06-11T15:06:43.213224696Z,01J03X4YYSKP64RZB0GYTKGY80,2024-06-11T15:06:43.213224696Z,01J03X53N1CJ0HJEV55AMSTRM6,2024-06-11T15:06:43.213224696Z,01J03X5ADQHCXTBKET3CZ88VJJ,2024-06-11T15:06:43.213224696Z
01J03XFN4B507Q47MY3AZADRC3,01J03X4YXYK0TYRA79BHHZWAX1,2024-06-11T15:08:23.563266188Z,01J03X4YYSKP64RZB0GYTKGY80,2024-06-11T15:08:23.563266188Z,01J03X53N1CJ0HJEV55AMSTRM6,2024-06-11T15:08:23.563266188Z,01J03X5AFCSJ3GAGH2T95F11VM,2024-06-11T15:08:23.563266188Z
01J03X5C72GH753APFMANMMKFX,01J03X4YXYK0TYRA79BHHZWAX1,2024-06-11T15:02:46.754666605Z,01J03X4YYSKP64RZB0GYTKGY80,2024-06-11T15:02:46.754666605Z,01J03X53N1CJ0HJEV55AMSTRM6,2024-06-11T15:02:46.754666605Z,01J03X5AC53D9295JHRWZ8KRYC,2024-06-11T15:02:46.754666605Z
01J03X6E1J7G7MGRER1JG753FT,01J03X4YXYK0TYRA79BHHZWAX1,2024-06-11T15:03:21.394841089Z,01J03X4YYSKP64RZB0GYTKGY80,2024-06-11T15:03:21.394841089Z,01J03X55JSXT0VAV6HARBGF6MD,2024-06-11T15:03:21.394841089Z,01J03X5ADH8NBQWZQ49TE8HB2Z,2024-06-11T15:03:21.394841089Z
01J03X6VPBSS6PHRAMN7XQ39DG,01J03X4YXYK0TYRA79BHHZWAX1,2024-06-11T15:03:35.371358671Z,01J03X4YYSKP64RZB0GYTKGY80,2024-06-11T15:03:35.371358671Z,01J03X53N1CJ0HJEV55AMSTRM6,2024-06-11T15:03:35.371358671Z,01J03X5ADKMT6D9FP0N05CJXMP,2024-06-11T15:03:35.371358671Z
01J03XBBTM05BSYAJDTR273EPA,01J03X4YXYK0TYRA79BHHZWAX1,2024-06-11T15:06:02.964277682Z,01J03X4YYSKP64RZB0GYTKGY80,2024-06-11T15:06:02.964277682Z,01J03X53N1CJ0HJEV55AMSTRM6,2024-06-11T15:06:02.964277682Z,01J03X5AEJZR1CFP9P0VCH57ZV,2024-06-11T15:06:02.964277682Z
01J03XBZFXEZMBWKR4HS3VPJND,01J03X4YXYK0TYRA79BHHZWAX1,2024-06-11T15:06:23.101698927Z,01J03X4YYSKP64RZB0GYTKGY80,2024-06-11T15:06:23.101698927Z,01J03X55JSXT0VAV6HARBGF6MD,2024-06-11T15:06:23.101698927Z,01J03X5AEEW810KCPGXY37F9MS,2024-06-11T15:06:23.101698927Z
01J03XCK4DE59BE1PZMBY058QH,01J03X4YXYK0TYRA79BHHZWAX1,2024-06-11T15:06:43.213640762Z,01J03X4YYSKP64RZB0GYTKGY80,2024-06-11T15:06:43.213640762Z,01J03X55JSXT0VAV6HARBGF6MD,2024-06-11T15:06:43.213640762Z,01J03X5ADQHCXTBKET3CZ88VJJ,2024-06-11T15:06:43.213640762Z
01J03XF1H65B0HREGH45YB0R6B,01J03X4YXYK0TYRA79BHHZWAX1,2024-06-11T15:08:03.494860425Z,01J03X4YYSKP64RZB0GYTKGY80,2024-06-11T15:08:03.494860425Z,01J03X53N1CJ0HJEV55AMSTRM6,2024-06-11T15:08:03.494860425Z,01J03X5AFDFQ0RCCX1B5JN9AS3,2024-06-11T15:08:03.494860425Z
01J03X5C73W14QP2WMB1DPSRVE,01J03X4YXYK0TYRA79BHHZWAX1,2024-06-11T15:02:46.755921692Z,01J03X4YYSKP64RZB0GYTKGY80,2024-06-11T15:02:46.755921692Z,01J03X55JSXT0VAV6HARBGF6MD,2024-06-11T15:02:46.755921692Z,01J03X5AC53D9295JHRWZ8KRYC,2024-06-11T15:02:46.755921692Z
01J03X6VPC7NAHFWSP5PSKKDEP,01J03X4YXYK0TYRA79BHHZWAX1,2024-06-11T15:03:35.372231627Z,01J03X4YYSKP64RZB0GYTKGY80,2024-06-11T15:03:35.372231627Z,01J03X55JSXT0VAV6HARBGF6MD,2024-06-11T15:03:35.372231627Z,01J03X5ADKMT6D9FP0N05CJXMP,2024-06-11T15:03:35.372231627Z
01J03X72B7E14BD1T1VPVVBFPE,01J03X4YXYK0TYRA79BHHZWAX1,2024-06-11T15:03:42.183723811Z,01J03X4YYSKP64RZB0GYTKGY80,2024-06-11T15:03:42.183723811Z,01J03X55JSXT0VAV6HARBGF6MD,2024-06-11T15:03:42.183723811Z,01J03X5ADPCRJ2NH457HJDE8EX,2024-06-11T15:03:42.183723811Z
01J03XBBTNF7K8K72KPWR1434T,01J03X4YXYK0TYRA79BHHZWAX1,2024-06-11T15:06:02.965501315Z,01J03X4YYSKP64RZB0GYTKGY80,2024-06-11T15:06:02.965501315Z,01J03X55JSXT0VAV6HARBGF6MD,2024-06-11T15:06:02.965501315Z,01J03X5AEJZR1CFP9P0VCH57ZV,2024-06-11T15:06:02.965501315Z
01J03X6E1J7G7MGRER16T63CJ3,01J03X4YXYK0TYRA79BHHZWAX1,2024-06-11T15:03:21.394237235Z,01J03X4YYSKP64RZB0GYTKGY80,2024-06-11T15:03:21.394237235Z,01J03X53N1CJ0HJEV55AMSTRM6,2024-06-11T15:03:21.394237235Z,01J03X5ADH8NBQWZQ49TE8HB2Z,2024-06-11T15:03:21.394237235Z
01J03XFN4B507Q47MY3RM0SN91,01J03X4YXYK0TYRA79BHHZWAX1,2024-06-11T15:08:23.563896745Z,01J03X4YYSKP64RZB0GYTKGY80,2024-06-11T15:08:23.563896745Z,01J03X55JSXT0VAV6HARBGF6MD,2024-06-11T15:08:23.563896745Z,01J03X5AFCSJ3GAGH2T95F11VM,2024-06-11T15:08:23.563896745Z
01J03X66MKG6X3QMQV2YFW11QR,01J03X4YXYK0TYRA79BHHZWAX1,2024-06-11T15:03:13.812013573Z,01J03X4YYSKP64RZB0GYTKGY80,2024-06-11T15:03:13.812013573Z,01J03X55JSXT0VAV6HARBGF6MD,2024-06-11T15:03:13.812013573Z,01J03X5ADFE2RTH9113HG3ESGE,2024-06-11T15:03:13.812013573Z
01J03XA4K25QDAH0XC8ZD6GXVQ,01J03X4YXYK0TYRA79BHHZWAX1,2024-06-11T15:05:22.786673394Z,01J03X4YYSKP64RZB0GYTKGY80,2024-06-11T15:05:22.786673394Z,01J03X55JSXT0VAV6HARBGF6MD,2024-06-11T15:05:22.786673394Z,01J03X5AEM3C24BTD75327AEBH,2024-06-11T15:05:22.786673394Z
01J03XDTAVVPF8MP6SFRCWK8KT,01J03X4YXYK0TYRA79BHHZWAX1,2024-06-11T15:07:23.355793773Z,01J03X4YYSKP64RZB0GYTKGY80,2024-06-11T15:07:23.355793773Z,01J03X53N1CJ0HJEV55AMSTRM6,2024-06-11T15:07:23.355793773Z,01J03X5AF9G8XXNYAYAD9RBF4A,2024-06-11T15:07:23.355793773Z
01J03XEDY1YKMHCZZ5NSQ6HCSH,01J03X4YXYK0TYRA79BHHZWAX1,2024-06-11T15:07:43.425952959Z,01J03X4YYSKP64RZB0GYTKGY80,2024-06-11T15:07:43.425952959Z,01J03X55JSXT0VAV6HARBGF6MD,2024-06-11T15:07:43.425952959Z,01J03X5AFE067MZRSB27A2SW8N,2024-06-11T15:07:43.425952959Z
01J03X7P0D38AS82GA6BE1Y1N8,01J03X4YXYK0TYRA79BHHZWAX1,2024-06-11T15:04:02.317953585Z,01J03X4YYSKP64RZB0GYTKGY80,2024-06-11T15:04:02.317953585Z,01J03X53N1CJ0HJEV55AMSTRM6,2024-06-11T15:04:02.317953585Z,01J03X5ADQHCXTBKET47FDPHWQ,2024-06-11T15:04:02.317953585Z
01J03X8X8XAD8HK5255CNVBYKF,01J03X4YXYK0TYRA79BHHZWAX1,2024-06-11T15:04:42.525193955Z,01J03X4YYSKP64RZB0GYTKGY80,2024-06-11T15:04:42.525193955Z,01J03X53N1CJ0HJEV55AMSTRM6,2024-06-11T15:04:42.525193955Z,01J03X5AEN5ZV1HE09KAZVDRSG,2024-06-11T15:04:42.525193955Z
01J03XDTAVVPF8MP6SFDWGS1P6,01J03X4YXYK0TYRA79BHHZWAX1,2024-06-11T15:07:23.355336841Z,01J03X4YYSKP64RZB0GYTKGY80,2024-06-11T15:07:23.355336841Z,01J03X55JSXT0VAV6HARBGF6MD,2024-06-11T15:07:23.355336841Z,01J03X5AF9G8XXNYAYAD9RBF4A,2024-06-11T15:07:23.355336841Z
01J03X9GXTBMJ6ES0EZKPBF92A,01J03X4YXYK0TYRA79BHHZWAX1,2024-06-11T15:05:02.650973982Z,01J03X4YYSKP64RZB0GYTKGY80,2024-06-11T15:05:02.650973982Z,01J03X55JSXT0VAV6HARBGF6MD,2024-06-11T15:05:02.650973982Z,01J03X5ADPCRJ2NH456WZ5QE9Q,2024-06-11T15:05:02.650973982Z
01J03XAR724R9EVM1TP4X6ZVHN,01J03X4YXYK0TYRA79BHHZWAX1,2024-06-11T15:05:42.882139553Z,01J03X4YYSKP64RZB0GYTKGY80,2024-06-11T15:05:42.882139553Z,01J03X53N1CJ0HJEV55AMSTRM6,2024-06-11T15:05:42.882139553Z,01J03X5AEGST7VHPTBJNY84X6M,2024-06-11T15:05:42.882139553Z
01J03XAR73XB8KTA4AST6CCEBQ,01J03X4YXYK0TYRA79BHHZWAX1,2024-06-11T15:05:42.883068958Z,01J03X4YYSKP64RZB0GYTKGY80,2024-06-11T15:05:42.883068958Z,01J03X55JSXT0VAV6HARBGF6MD,2024-06-11T15:05:42.883068958Z,01J03X5AEGST7VHPTBJNY84X6M,2024-06-11T15:05:42.883068958Z
01J03XD6QTXFTWRY950P289TC0,01J03X4YXYK0TYRA79BHHZWAX1,2024-06-11T15:07:03.291035398Z,01J03X4YYSKP64RZB0GYTKGY80,2024-06-11T15:07:03.291035398Z,01J03X53N1CJ0HJEV55AMSTRM6,2024-06-11T15:07:03.291035398Z,01J03X5AFE067MZRSB2ZCBMP4T,2024-06-11T15:07:03.291035398Z
01J03X66MJMFNYE3YC1N138JH8,01J03X4YXYK0TYRA79BHHZWAX1,2024-06-11T15:03:13.81032451Z,01J03X4YYSKP64RZB0GYTKGY80,2024-06-11T15:03:13.81032451Z,01J03X53N1CJ0HJEV55AMSTRM6,2024-06-11T15:03:13.81032451Z,01J03X5ADFE2RTH9113HG3ESGE,2024-06-11T15:03:13.81032451Z
01J03X6MRPZRQ0ZJJCTK0PBGN3,01J03X4YXYK0TYRA79BHHZWAX1,2024-06-11T15:03:28.278750196Z,01J03X4YYSKP64RZB0GYTKGY80,2024-06-11T15:03:28.278750196Z,01J03X53N1CJ0HJEV55AMSTRM6,2024-06-11T15:03:28.278750196Z,01J03X5ADJBXYPWZ3287724YHN,2024-06-11T15:03:28.278750196Z
01J03X72B8R8FAG30F6Y9BNTVF,01J03X4YXYK0TYRA79BHHZWAX1,2024-06-11T15:03:42.184289368Z,01J03X4YYSKP64RZB0GYTKGY80,2024-06-11T15:03:42.184289368Z,01J03X53N1CJ0HJEV55AMSTRM6,2024-06-11T15:03:42.184289368Z,01J03X5ADPCRJ2NH457HJDE8EX,2024-06-11T15:03:42.184289368Z
01J03X89MY1R7TGF9RS0B5QPKB,01J03X4YXYK0TYRA79BHHZWAX1,2024-06-11T15:04:22.430355842Z,01J03X4YYSKP64RZB0GYTKGY80,2024-06-11T15:04:22.430355842Z,01J03X53N1CJ0HJEV55AMSTRM6,2024-06-11T15:04:22.430355842Z,01J03X5ADMEPTC24VN4MG7304T,2024-06-11T15:04:22.430355842Z
01J03XF1H65B0HREGH3XMZ3EHW,01J03X4YXYK0TYRA79BHHZWAX1,2024-06-11T15:08:03.494426325Z,01J03X4YYSKP64RZB0GYTKGY80,2024-06-11T15:08:03.494426325Z,01J03X55JSXT0VAV6HARBGF6MD,2024-06-11T15:08:03.494426325Z,01J03X5AFDFQ0RCCX1B5JN9AS3,2024-06-11T15:08:03.494426325Z
01J03X60ZGH54V6HAMAZME5ZPY,01J03X4YXYK0TYRA79BHHZWAX1,2024-06-11T15:03:08.016614994Z,01J03X4YYSKP64RZB0GYTKGY80,2024-06-11T15:03:08.016614994Z,01J03X53N1CJ0HJEV55AMSTRM6,2024-06-11T15:03:08.016614994Z,01J03X5ADFE2RTH9112RZ3TZKJ,2024-06-11T15:03:08.016614994Z
01J03X8X8XAD8HK5255M301DVB,01J03X4YXYK0TYRA79BHHZWAX1,2024-06-11T15:04:42.525804341Z,01J03X4YYSKP64RZB0GYTKGY80,2024-06-11T15:04:42.525804341Z,01J03X55JSXT0VAV6HARBGF6MD,2024-06-11T15:04:42.525804341Z,01J03X5AEN5ZV1HE09KAZVDRSG,2024-06-11T15:04:42.525804341Z
01J03XA4K07WPJRDY231DKAVHQ,01J03X4YXYK0TYRA79BHHZWAX1,2024-06-11T15:05:22.784570565Z,01J03X4YYSKP64RZB0GYTKGY80,2024-06-11T15:05:22.784570565Z,01J03X53N1CJ0HJEV55AMSTRM6,2024-06-11T15:05:22.784570565Z,01J03X5AEM3C24BTD75327AEBH,2024-06-11T15:05:22.784570565Z
01J03XD6QS33ACTHM8MPV0VSPY,01J03X4YXYK0TYRA79BHHZWAX1,2024-06-11T15:07:03.289903009Z,01J03X4YYSKP64RZB0GYTKGY80,2024-06-11T15:07:03.289903009Z,01J03X55JSXT0VAV6HARBGF6MD,2024-06-11T15:07:03.289903009Z,01J03X5AFE067MZRSB2ZCBMP4T,2024-06-11T15:07:03.289903009Z
