id,batchID,batchIDLastChangedAt,gameID,gameIDLastChangedAt,playerID,playerIDLastChangedAt
01JHRMBERYQM7JS7QNABTM4HNN,01JHRM1Y65T6X7SPP8KSFV8C3G,2025-01-16T22:39:42.878299047Z,01JHRM1Y6E1YJMVZ3W2E5VR65N,2025-01-16T22:39:42.878299047Z,01JHRM992N6AWA4YG1P51X34M3,2025-01-16T22:39:42.878299047Z
01JHRNT20ENM4RDNHNTW6MG9KT,01JHRNCKVHN1Y4B9H4378PY5T6,2025-01-16T23:05:09.902302183Z,01JHRNCM245R3RT99Y2GMNRHGN,2025-01-16T23:05:09.902302183Z,01JHRNKWFVJTDBWWA6ACKFP6Q6,2025-01-16T23:05:09.902302183Z
01JHRS4MYK0FQJSM3Y5XQMB61A,01JHRRNBFRSN84GWHK8MQY0A8F,2025-01-17T00:03:22.707911168Z,01JHRRNBS308WE9M08DKS26FV5,2025-01-17T00:03:22.707911168Z,01JHRRTN63XWP3ZEQY0WK2H07B,2025-01-17T00:03:22.707911168Z
01JHRS8JPWEA17R0ZBTCNQ3979,01JHRRNDC691CK3DATSBB8VAN4,2025-01-17T00:05:31.484426274Z,01JHRRNDP5CPNEV7X31FWBC1MK,2025-01-17T00:05:31.484426274Z,01JHRRV20EW6VFW1ZA9PJJ21QM,2025-01-17T00:05:31.484426274Z
01JHRMAQ27336EXVDTB3GF6RM3,01JHRM1XPHG50HABTAF5YPT5EG,2025-01-16T22:39:18.599729536Z,01JHRM1XPSX5W1ABCSJZWBMJAY,2025-01-16T22:39:18.599729536Z,01JHRM3WQ1RTW6PRWFQWC5RHBT,2025-01-16T22:39:18.599729536Z
01JHRNMG7FC1PCTH3GBR39WXJ4,01JHRM2094MMQ4A91P3Q0768TY,2025-01-16T23:02:07.855357088Z,01JHRM209BJPVXX6TWCDBYDCNK,2025-01-16T23:02:07.855357088Z,01JHRM9KK54T8ZJ2FQ6ARRFP7D,2025-01-16T23:02:07.855357088Z
01JHRNQGJAMB8QE4Y0SYQTBHW3,01JHRNCJRSDWEMS2ESC1ZG5JVH,2025-01-16T23:03:46.5066328Z,01JHRNCJVP4T9YXGM2PRJN0JQH,2025-01-16T23:03:46.5066328Z,01JHRNJNZ8AB3VWXXPDAMG1JHW,2025-01-16T23:03:46.5066328Z
01JHRNQGK9VC38RCG1M0094M6V,01JHRNCJRSDWEMS2ESC1ZG5JVH,2025-01-16T23:03:46.537852552Z,01JHRNCJVP4T9YXGM2PRJN0JQH,2025-01-16T23:03:46.537852552Z,01JHRNK17Y31EV1K8FRPRGFK0N,2025-01-16T23:03:46.537852552Z
01JHRSCT80GYS545DEV1GB1XN7,01JHRRNG6B3GT21XEE5NYSMEJ0,2025-01-17T00:07:50.272697033Z,01JHRRNGG8Q3DJPC96ATPSFZ19,2025-01-17T00:07:50.272697033Z,01JHRRTZGC78GB9ZRD0ZQ2R0DF,2025-01-17T00:07:50.272697033Z
01JHRMGDGS02ZNXPA6CVWKKYEP,01JHRM1YQFV637VCVP9QVWNKBR,2025-01-16T22:42:25.43332241Z,01JHRM1YQP4KKPVFJHGNV5WS97,2025-01-16T22:42:25.43332241Z,01JHRM4VKV6EGNY8XC7FQY8M41,2025-01-16T22:42:25.43332241Z
01JHRS0TYARCBDYBR1B4AAHQR3,01JHRQ3ATER0XYCT62CXHYT5WE,2025-01-17T00:01:17.770459959Z,01JHRQ3BMFHM2177PST7BADFTP,2025-01-17T00:01:17.770459959Z,01JHRNQG6QWFES814K1NXYWA32,2025-01-17T00:01:17.770459959Z
01JHRS0V13TA5H6YE3XEY68ESX,01JHRQ3ATER0XYCT62CXHYT5WE,2025-01-17T00:01:17.859805211Z,01JHRQ3BMFHM2177PST7BADFTP,2025-01-17T00:01:17.859805211Z,01JHRRVJ3GWRY9HYTTJFNNEBX6,2025-01-17T00:01:17.859805211Z
01JHRPC1KD4V0WH4V31Z9HXQKQ,01JHRND948CPDKB5MAY5MFMTH3,2025-01-16T23:14:59.309441228Z,01JHRND97FBQ66EMFGWRVNHH02,2025-01-16T23:14:59.309441228Z,01JHRNNYGSE355P26RGKG7M8DJ,2025-01-16T23:14:59.309441228Z
01JHRMJDAN985KGMH3MT2Y7ECV,01JHRM1YYR8SDR9R987KS71X75,2025-01-16T22:43:30.773217935Z,01JHRM1YYZCY9TYZ11BK92CRB0,2025-01-16T22:43:30.773217935Z,01JHRM4NNKJBRHSD1GYARVRT6J,2025-01-16T22:43:30.773217935Z
01JHRMT1Q8MHKJESC9N620Y4Q8,01JHRM1ZS1QQPE4SXMEBCCR11S,2025-01-16T22:47:41.032737163Z,01JHRM1ZS8Q73EH5R9J06CRSRF,2025-01-16T22:47:41.032737163Z,01JHRM823D0FXV1V2J2NNYAS3P,2025-01-16T22:47:41.032737163Z
01JHRNK6HRWY1FX535HG73275R,01JHRM200W9HMFFW17VXW165DY,2025-01-16T23:01:25.17667652Z,01JHRM2014G3D5JK1X2P71W5S2,2025-01-16T23:01:25.17667652Z,01JHRN72B08P0XK7CEYS5WF39X,2025-01-16T23:01:25.17667652Z
01JHRM9TXVW7W204AZ1Y4D9AKW,01JHRM1WDNMVEPA6ZRPE7MRRPC,2025-01-16T22:38:49.787411139Z,01JHRM1WDYTGCZK504EMCPYH92,2025-01-16T22:38:49.787411139Z,01JHRM45JPHCYD9RTB827DCT01,2025-01-16T22:38:49.787411139Z
01JHRMC5AC45CBGM8P07Z97XMF,01JHRM1YFHC8VXRGFRJKWRXX1V,2025-01-16T22:40:05.964694986Z,01JHRM1YFR8ANGFABXSKBNJ27P,2025-01-16T22:40:05.964694986Z,01JHRM69YNSGEBFMW4J49BGSNC,2025-01-16T22:40:05.964694986Z
01JHRNMG8GQ43XMTK6ZTQVTA44,01JHRM2094MMQ4A91P3Q0768TY,2025-01-16T23:02:07.889007949Z,01JHRM209BJPVXX6TWCDBYDCNK,2025-01-16T23:02:07.889007949Z,01JHRNGDZB5MYBGVMY7ZXEBDZ4,2025-01-16T23:02:07.889007949Z
01JHRM861C2MHHXS65W8JPWC2E,01JHRM1T5Y4N1BN7BM9V87TCEB,2025-01-16T22:37:55.628275417Z,01JHRM1T6EZQTHN10YSQ6AVWXN,2025-01-16T22:37:55.628275417Z,01JHRM413393ZZ5Q2Y0SS0YAKY,2025-01-16T22:37:55.628275417Z
01JHRMJDAEA408R1X3WWEB01AR,01JHRM1YYR8SDR9R987KS71X75,2025-01-16T22:43:30.766932988Z,01JHRM1YYZCY9TYZ11BK92CRB0,2025-01-16T22:43:30.766932988Z,01JHRM3TRXN1B357AJRCBJS8WC,2025-01-16T22:43:30.766932988Z
01JHRMQAZMCWT2GSEJ1T87H49Y,01JHRM1ZH7THAQNTTQHF9D6EBE,2025-01-16T22:46:12.212836633Z,01JHRM1ZHFT5YYFKRSPVGHX6Y6,2025-01-16T22:46:12.212836633Z,01JHRM5D0YHSW60JE1WYFKSAPE,2025-01-16T22:46:12.212836633Z
01JHRSCTB0SMCY6D1K9HYN7J9H,01JHRRNG6B3GT21XEE5NYSMEJ0,2025-01-17T00:07:50.368271461Z,01JHRRNGG8Q3DJPC96ATPSFZ19,2025-01-17T00:07:50.368271461Z,01JHRRV8PYWS1Z7KE8QS54BJ2B,2025-01-17T00:07:50.368271461Z
01JHRM9FAW9JNQ3YRHKK85HEP8,01JHRM1VY4G71542H8N3WFZPWW,2025-01-16T22:38:37.916927612Z,01JHRM1VYEPMZV1RNYZQ32QBQD,2025-01-16T22:38:37.916927612Z,01JHRM4QX8Q5HWSP815V99136G,2025-01-16T22:38:37.916927612Z
01JHRMA8ZYA5TN2NTY8EV1Z6RV,01JHRM1X1RA4ESASH22MHJ3ZTF,2025-01-16T22:39:04.190209393Z,01JHRM1X200DCQZ95QEX4TZ74C,2025-01-16T22:39:04.190209393Z,01JHRM7ARNWYATMXQ27NTCE5MJ,2025-01-16T22:39:04.190209393Z
01JHRNNZAATKBKJRRZ8QJ10G3Q,01JHRM20FG7DVKHJ8GBT7KRDMK,2025-01-16T23:02:56.074479069Z,01JHRM20FRVD46NCPCCK2EEEBB,2025-01-16T23:02:56.074479069Z,01JHRMQTHJNMB6VKYP9PG6EZMB,2025-01-16T23:02:56.074479069Z
01JHRNVRT73P08VQBM6AQA0QKD,01JHRNCV4PYXYR3344V1G1F3GH,2025-01-16T23:06:06.023541937Z,01JHRNCV7MDAV2VEX63Y0JD0CW,2025-01-16T23:06:06.023541937Z,01JHRNJYF25PHXD6QAG688CXXY,2025-01-16T23:06:06.023541937Z
01JHRP6KMPF6WEEZY6FMGFWC2H,01JHRND8DCTAZNS1T374ZYC7XQ,2025-01-16T23:12:01.174533723Z,01JHRND8GHA17Z5C7HNXDZQDDK,2025-01-16T23:12:01.174533723Z,01JHRNXNC0QHDZJVZEHXAKSZTN,2025-01-16T23:12:01.174533723Z
01JHRSM05670TCNG7WP1XAWPWX,01JHRRNKZN0Q35MXJDCEYBPHEZ,2025-01-17T00:11:45.702451735Z,01JHRRNM9ZFD9JKTFR7YTY2M8C,2025-01-17T00:11:45.702451735Z,01JHRRV7QATFJNMHYX2MEM5ES1,2025-01-17T00:11:45.702451735Z
01JHRP282N5DNRJCNH2WQJ49WF,01JHRND78NJ227QT3N7YMKHXNM,2025-01-16T23:09:38.261159904Z,01JHRND7BZEBMBP28183PDM4DA,2025-01-16T23:09:38.261159904Z,01JHRNK4N799GNP4BJTM6ZTTXR,2025-01-16T23:09:38.261159904Z
01JHRPC1N5S00W03810PBKEPCS,01JHRND948CPDKB5MAY5MFMTH3,2025-01-16T23:14:59.365798601Z,01JHRND97FBQ66EMFGWRVNHH02,2025-01-16T23:14:59.365798601Z,01JHRNQG83F97YX51YCTT3XDNR,2025-01-16T23:14:59.365798601Z
01JHRM9FAW9JNQ3YRHKAYSD510,01JHRM1VY4G71542H8N3WFZPWW,2025-01-16T22:38:37.916046199Z,01JHRM1VYEPMZV1RNYZQ32QBQD,2025-01-16T22:38:37.916046199Z,01JHRM4FK60EBTV4PG72EM0VQ5,2025-01-16T22:38:37.916046199Z
01JHRMGDGMZQZDM0XX6V21B8TX,01JHRM1YQFV637VCVP9QVWNKBR,2025-01-16T22:42:25.428452823Z,01JHRM1YQP4KKPVFJHGNV5WS97,2025-01-16T22:42:25.428452823Z,01JHRM443YJNP53DQNNTF0P7SV,2025-01-16T22:42:25.428452823Z
01JHRMMFGFB3X7Z467FRYB5ST3,01JHRM1Z6DKCPPJ10QHJNT13AF,2025-01-16T22:44:38.543950899Z,01JHRM1Z6NT49EW2V0WPSYHCB1,2025-01-16T22:44:38.543950899Z,01JHRM56421DP165KK05CG58B6,2025-01-16T22:44:38.543950899Z
01JHRNNZBA9M2BSCAKYAPR61ZX,01JHRM20FG7DVKHJ8GBT7KRDMK,2025-01-16T23:02:56.106500654Z,01JHRM20FRVD46NCPCCK2EEEBB,2025-01-16T23:02:56.106500654Z,01JHRNK03HHKH66N9PXCWYWPQM,2025-01-16T23:02:56.106500654Z
01JHRNT21RSH44QKPGFANJS740,01JHRNCKVHN1Y4B9H4378PY5T6,2025-01-16T23:05:09.945355632Z,01JHRNCM245R3RT99Y2GMNRHGN,2025-01-16T23:05:09.945355632Z,01JHRNM14EBVERJSNG2F4C9ATZ,2025-01-16T23:05:09.945355632Z
01JHRSM01TKQPS6A8YS7S1XCHH,01JHRRNKZN0Q35MXJDCEYBPHEZ,2025-01-17T00:11:45.594543181Z,01JHRRNM9ZFD9JKTFR7YTY2M8C,2025-01-17T00:11:45.594543181Z,01JHRQ3YQQ1J25DTAP6SEDMD2K,2025-01-17T00:11:45.594543181Z
01JHRM9TXWD8M94W89QHSXDFK5,01JHRM1WDNMVEPA6ZRPE7MRRPC,2025-01-16T22:38:49.788214903Z,01JHRM1WDYTGCZK504EMCPYH92,2025-01-16T22:38:49.788214903Z,01JHRM6QTS2CZHTZX30PSWPZJ3,2025-01-16T22:38:49.788214903Z
01JHRMMFGQECXS8Q17B0JR7F7E,01JHRM1Z6DKCPPJ10QHJNT13AF,2025-01-16T22:44:38.551905979Z,01JHRM1Z6NT49EW2V0WPSYHCB1,2025-01-16T22:44:38.551905979Z,01JHRMFYBVQEJMM4PJ1KGT36SH,2025-01-16T22:44:38.551905979Z
01JHRMT1QMZB053S9TREX3JXYS,01JHRM1ZS1QQPE4SXMEBCCR11S,2025-01-16T22:47:41.044666239Z,01JHRM1ZS8Q73EH5R9J06CRSRF,2025-01-16T22:47:41.044666239Z,01JHRMG932YEX0A43JQ78XN799,2025-01-16T22:47:41.044666239Z
01JHRNK6GTDWC3HS2XVGWGM0EM,01JHRM200W9HMFFW17VXW165DY,2025-01-16T23:01:25.146135071Z,01JHRM2014G3D5JK1X2P71W5S2,2025-01-16T23:01:25.146135071Z,01JHRN5XS4ZNRR1CGXBD6P8D7K,2025-01-16T23:01:25.146135071Z
01JHRM861C2MHHXS65WKXX1YX3,01JHRM1T5Y4N1BN7BM9V87TCEB,2025-01-16T22:37:55.628455303Z,01JHRM1T6EZQTHN10YSQ6AVWXN,2025-01-16T22:37:55.628455303Z,01JHRM52SKDQTWZT7MGMJFNVAD,2025-01-16T22:37:55.628455303Z
01JHRMA8ZW8XQJ41H9BMJG8F8W,01JHRM1X1RA4ESASH22MHJ3ZTF,2025-01-16T22:39:04.188897254Z,01JHRM1X200DCQZ95QEX4TZ74C,2025-01-16T22:39:04.188897254Z,01JHRM4EAFYKKWWWB2KBXG7ZQ3,2025-01-16T22:39:04.188897254Z
01JHRMBERVQTQKEFGXS332BBSP,01JHRM1Y65T6X7SPP8KSFV8C3G,2025-01-16T22:39:42.875881226Z,01JHRM1Y6E1YJMVZ3W2E5VR65N,2025-01-16T22:39:42.875881226Z,01JHRM4XRPZ2B9QPFXQWKREC4T,2025-01-16T22:39:42.875881226Z
01JHRMQAZX0NF23E5RP7NT60M0,01JHRM1ZH7THAQNTTQHF9D6EBE,2025-01-16T22:46:12.221737292Z,01JHRM1ZHFT5YYFKRSPVGHX6Y6,2025-01-16T22:46:12.221737292Z,01JHRM7B6WET7YHXXZ9NBWC4CQ,2025-01-16T22:46:12.221737292Z
01JHRMAQ29EAMJZW8RMB8QQ2RH,01JHRM1XPHG50HABTAF5YPT5EG,2025-01-16T22:39:18.601713937Z,01JHRM1XPSX5W1ABCSJZWBMJAY,2025-01-16T22:39:18.601713937Z,01JHRM4T79MXD6XQNZABRSKGM3,2025-01-16T22:39:18.601713937Z
01JHRMC5AG67T5PT80DGQHX7DX,01JHRM1YFHC8VXRGFRJKWRXX1V,2025-01-16T22:40:05.968781548Z,01JHRM1YFR8ANGFABXSKBNJ27P,2025-01-16T22:40:05.968781548Z,01JHRM6X5DEEXESAY1KSF6MK8T,2025-01-16T22:40:05.968781548Z
01JHRP6KK898VDSK6AD2YTV2CY,01JHRND8DCTAZNS1T374ZYC7XQ,2025-01-16T23:12:01.128793323Z,01JHRND8GHA17Z5C7HNXDZQDDK,2025-01-16T23:12:01.128793323Z,01JHRNM2W741A9JKRV1W0NF0RG,2025-01-16T23:12:01.128793323Z
01JHRS4MVT1XRXQ03PGGMA79FN,01JHRRNBFRSN84GWHK8MQY0A8F,2025-01-17T00:03:22.618718475Z,01JHRRNBS308WE9M08DKS26FV5,2025-01-17T00:03:22.618718475Z,01JHRRTB0F5ND9VCWX82B3C156,2025-01-17T00:03:22.618718475Z
01JHRNVRVABP3YGE8873X6HYJ6,01JHRNCV4PYXYR3344V1G1F3GH,2025-01-16T23:06:06.058862652Z,01JHRNCV7MDAV2VEX63Y0JD0CW,2025-01-16T23:06:06.058862652Z,01JHRNM0DT4BG16SYRHKEM9FQV,2025-01-16T23:06:06.058862652Z
01JHRS8JSVQ4RZ8KRKGXMK36J1,01JHRRNDC691CK3DATSBB8VAN4,2025-01-17T00:05:31.579258055Z,01JHRRNDP5CPNEV7X31FWBC1MK,2025-01-17T00:05:31.579258055Z,01JHRRW6YXMB7VBZDNFZTEBGWW,2025-01-17T00:05:31.579258055Z
01JHRP2819JHDJV7R7QK4E0W8T,01JHRND78NJ227QT3N7YMKHXNM,2025-01-16T23:09:38.218013429Z,01JHRND7BZEBMBP28183PDM4DA,2025-01-16T23:09:38.218013429Z,01JHRNJZS0XNVKA5QQQT6X8S82,2025-01-16T23:09:38.218013429Z
