id,batchID,batchIDLastChangedAt,gameID,gameIDLastChangedAt,playerID,playerIDLastChangedAt
01JFE3VHA1K4GGMXEEKMXR859V,01JFE2F4Z1V3R2QPM6H32SYRG1,2024-12-19T00:07:36.002005411Z,01JFE2F4ZKGQVWRPETSR6SJYE1,2024-12-19T00:07:36.002005411Z,01JFE3GNAK7CYZTKC2WCSCNTJE,2024-12-19T00:07:36.002005411Z
01JFE43SEDFN5EMJWVW3ZRVN8V,01JFE2F6201T265AQ8QKTC3PAM,2024-12-19T00:12:06.477844877Z,01JFE2F62GTGJW6PH1EHSDRF1P,2024-12-19T00:12:06.477844877Z,01JFE3R3FXHKGEJ1VBRPDEXJQ4,2024-12-19T00:12:06.477844877Z
01JFE3JRPZPSMTKVRAECDXTT28,01JFE2F3F5HJQFAZ9GTKYACR7B,2024-12-19T00:02:48.671835605Z,01JFE2F3GA5Q3S2M2VD0KJEAF0,2024-12-19T00:02:48.671835605Z,01JFE3CCBQ47YDA3T67EP5FJFP,2024-12-19T00:02:48.671835605Z
01JFE3JRQ0SW5HRK16ZVCRP59Z,01JFE2F3F5HJQFAZ9GTKYACR7B,2024-12-19T00:02:48.672180322Z,01JFE2F3GA5Q3S2M2VD0KJEAF0,2024-12-19T00:02:48.672180322Z,01JFE3F9A7MC48ZJQXD4G22DQY,2024-12-19T00:02:48.672180322Z
01JFE3QSEB08RN7F2BS0S5QQZ6,01JFE2F4Z1V3R2QPM6H32SYRG1,2024-12-19T00:05:33.259725539Z,01JFE2F4ZPX2JA4S2YP9QSTGK7,2024-12-19T00:05:33.259725539Z,01JFE3FPZDJZB6D1YV0YWQGJGG,2024-12-19T00:05:33.259725539Z
01JFE3QSEE0XH3Z1DSTJCEH5WD,01JFE2F4Z1V3R2QPM6H32SYRG1,2024-12-19T00:05:33.262141739Z,01JFE2F4ZPX2JA4S2YP9QSTGK7,2024-12-19T00:05:33.262141739Z,01JFE3GDVYFHT2K4XDK55QZ0DA,2024-12-19T00:05:33.262141739Z
01JFE3VHA5YFTWS90GYHAXBXM3,01JFE2F4Z1V3R2QPM6H32SYRG1,2024-12-19T00:07:36.005211545Z,01JFE2F4ZKGQVWRPETSR6SJYE1,2024-12-19T00:07:36.005211545Z,01JFE3JG0DE7BWPK8YPFDRKY8Q,2024-12-19T00:07:36.005211545Z
01JFE43SEM9YF0JTGKDF327ERD,01JFE2F6201T265AQ8QKTC3PAM,2024-12-19T00:12:06.484124519Z,01JFE2F62GTGJW6PH1EHSDRF1P,2024-12-19T00:12:06.484124519Z,01JFE3SEFHADEN49FA2246CZPF,2024-12-19T00:12:06.484124519Z
01JFE3K6BZ3GWHNPCVX58Z7TGW,01JFE2F3F5HJQFAZ9GTKYACR7B,2024-12-19T00:03:02.655799682Z,01JFE2F3G88EFKXAZ79H1Z0JEZ,2024-12-19T00:03:02.655799682Z,01JFE39M62S9ZGB32JTRVGFVA6,2024-12-19T00:03:02.655799682Z
01JFE3K6C06TV5CWYWZW6116N9,01JFE2F3F5HJQFAZ9GTKYACR7B,2024-12-19T00:03:02.656739525Z,01JFE2F3G88EFKXAZ79H1Z0JEZ,2024-12-19T00:03:02.656739525Z,01JFE3G0SARBJ072J7GT8109DN,2024-12-19T00:03:02.656739525Z
01JFE3P1F0P04HKFJ692WAWFAK,01JFE2F3F5HJQFAZ9GTKYACR7B,2024-12-19T00:04:35.936272609Z,01JFE2F3G88EFKXAZ79VCSWHZ9,2024-12-19T00:04:35.936272609Z,01JFE3AJ3X57NGKG3YYMST8QQD,2024-12-19T00:04:35.936272609Z
01JFE3P1F1XE7W74MDWB4PQMR7,01JFE2F3F5HJQFAZ9GTKYACR7B,2024-12-19T00:04:35.937529206Z,01JFE2F3G88EFKXAZ79VCSWHZ9,2024-12-19T00:04:35.937529206Z,01JFE3C777EKW74B4WG3R493EE,2024-12-19T00:04:35.937529206Z
