id,batchID,batchIDLastChangedAt,gameID,gameIDLastChangedAt,playerID,playerIDLastChangedAt
01JHZS25F0RJQPES6N0ZBZ55ZC,01JHZRP2877EYBQVD0CFFJQ101,2025-01-19T17:16:42.33691407Z,01JHZRP28EFJNTK7PEWYZB3W3R,2025-01-19T17:16:42.33691407Z,01JHZRSD0BBT2JA1ABBDABHTTM,2025-01-19T17:16:42.33691407Z
01JHZS62HQF2CX1YGB1H9FXR9T,01JHZRP3ETXVT34RZE9Y8G3HS8,2025-01-19T17:18:50.423615212Z,01JHZRP3F0Z4P858ET8CY7M67Z,2025-01-19T17:18:50.423615212Z,01JHZRXCEGNF6W4BJVDTPMPFCX,2025-01-19T17:18:50.423615212Z
01JHZS9H2T5DT9Q69QC23X7RNH,01JHZRP4GNSTYAAHF0TQK32RFA,2025-01-19T17:20:43.610579027Z,01JHZRP4GV3C4QB3FS4ACE3M85,2025-01-19T17:20:43.610579027Z,01JHZRZ4AJ2MMWCEDDG1ZDVPTS,2025-01-19T17:20:43.610579027Z
01JHZT3X33NDATF4EHY8HHQG1Y,01JHZRP6VZ1W1F8QWVW1FM0PSA,2025-01-19T17:35:07.875975242Z,01JHZRP6W58PW0QH0Q8CX5R6E1,2025-01-19T17:35:07.875975242Z,01JHZRZNRK023SAEGC8TTY0XGZ,2025-01-19T17:35:07.875975242Z
01JHZT3X3FD84V5S34TK6A7G44,01JHZRP6VZ1W1F8QWVW1FM0PSA,2025-01-19T17:35:07.887323503Z,01JHZRP6W58PW0QH0Q8CX5R6E1,2025-01-19T17:35:07.887323503Z,01JHZS1CYAAET6P8Z48HRA5RFN,2025-01-19T17:35:07.887323503Z
01JHZRZJAZEBJE73T2N9E6HPJX,01JHZRNZP7C0DRQW8KG9WP20VR,2025-01-19T17:15:17.215172684Z,01JHZRNZPM2R94XJ5Y8A4VE390,2025-01-19T17:15:17.215172684Z,01JHZRSMRB4DG54VA2F91AHAEE,2025-01-19T17:15:17.215172684Z
01JHZRZJAZEBJE73T2NHE0GZY1,01JHZRNZP7C0DRQW8KG9WP20VR,2025-01-19T17:15:17.215324749Z,01JHZRNZPM2R94XJ5Y8A4VE390,2025-01-19T17:15:17.215324749Z,01JHZRTA9WKW3N5KVFVA6YXMR8,2025-01-19T17:15:17.215324749Z
01JHZS0EVF4G7N5HJN3A1MPF6F,01JHZRP137F2JHSD9XK0G19HF4,2025-01-19T17:15:46.415580122Z,01JHZRP13EEXZA7X6Q5VAKFQ00,2025-01-19T17:15:46.415580122Z,01JHZRSBY2EW7TZ5AB58ER24XM,2025-01-19T17:15:46.415580122Z
01JHZVK5A7A9RKR7X5FYHDE0NX,01JHZRP8KP7ZQEEBY3QCDK1PJ9,2025-01-19T18:00:56.391561447Z,01JHZRP8KVCX3R8FVFXCFDNEJC,2025-01-19T18:00:56.391561447Z,01JHZRTNAMY3FPZ56PB44A5XSC,2025-01-19T18:00:56.391561447Z
01JHZS62HNMZZ5SHNK9GDAGSY8,01JHZRP3ETXVT34RZE9Y8G3HS8,2025-01-19T17:18:50.421989192Z,01JHZRP3F0Z4P858ET8CY7M67Z,2025-01-19T17:18:50.421989192Z,01JHZRW20PXE9B81HYW5TB042E,2025-01-19T17:18:50.421989192Z
01JHZSC9NR747EM4THF4VZHTNH,01JHZRP5A4K755Y04JQ3F4VV9B,2025-01-19T17:22:14.328736808Z,01JHZRP5AAR0CEZ1RZS1WKMAVK,2025-01-19T17:22:14.328736808Z,01JHZRV3XYTXJHJZZF086ST9DG,2025-01-19T17:22:14.328736808Z
01JHZSYHC5G97X2ZXES6N10W4M,01JHZRP6GRCQ4C95HEJPVV4R0S,2025-01-19T17:32:12.03747655Z,01JHZRP6GXA9WSY32V5XKT1SEW,2025-01-19T17:32:12.03747655Z,01JHZRVY3AH5A62935DGBWVGCF,2025-01-19T17:32:12.03747655Z
01JHZS6VYMVW96BTMGBWRVNH1B,01JHZRP3SRNY3SFA6051050P2E,2025-01-19T17:19:16.436688128Z,01JHZRP3SY1T8B3B1TR2PGH877,2025-01-19T17:19:16.436688128Z,01JHZRXFQMY2HT3F6Y8JM7BHM1,2025-01-19T17:19:16.436688128Z
01JHZSYHBRGSTEXRG8M1A0J462,01JHZRP6GRCQ4C95HEJPVV4R0S,2025-01-19T17:32:12.024252973Z,01JHZRP6GXA9WSY32V5XKT1SEW,2025-01-19T17:32:12.024252973Z,01JHZRSZ875V9R6ZQ5EP26YXRS,2025-01-19T17:32:12.024252973Z
01JHZVM2FPTRGJQEF4BKBMMB4N,01JHZRP8WRGPGDVQQQ9HHV04VM,2025-01-19T18:01:26.262554973Z,01JHZRP8WXRF6WDGRBH1CMQ18G,2025-01-19T18:01:26.262554973Z,01JHZS3Q2J7RMAT9QKRTB316CG,2025-01-19T18:01:26.262554973Z
01JHZS25F1J4G2D1Q3EJ6K676J,01JHZRP2877EYBQVD0CFFJQ101,2025-01-19T17:16:42.337575522Z,01JHZRP28EFJNTK7PEWYZB3W3R,2025-01-19T17:16:42.337575522Z,01JHZRSPSK6AVZ697ZQS44CPSJ,2025-01-19T17:16:42.337575522Z
01JHZS3QR4R5GB2MFY1MGMD9WG,01JHZRP2YH04XQEP15XGRYS7N7,2025-01-19T17:17:33.828297885Z,01JHZRP2YRNPPJXJSSTHEBS9MA,2025-01-19T17:17:33.828297885Z,01JHZRVSX0XBRK8YR4Z7PETKNS,2025-01-19T17:17:33.828297885Z
01JHZS6VYJ9XZAN08C25YAYP44,01JHZRP3SRNY3SFA6051050P2E,2025-01-19T17:19:16.435000621Z,01JHZRP3SY1T8B3B1TR2PGH877,2025-01-19T17:19:16.435000621Z,01JHZRTC85RJCKTKTVQNERJV0P,2025-01-19T17:19:16.435000621Z
01JHZS90A6X66N1J7ZWWHDR2ND,01JHZRP45M4WZHWBSJ1SH34DN3,2025-01-19T17:20:26.438416355Z,01JHZRP45TCZZ7KAXYDEKZSPW3,2025-01-19T17:20:26.438416355Z,01JHZRYM5K1F3FBZGJPJGTF2XS,2025-01-19T17:20:26.438416355Z
01JHZSA3626Y4FF5NN68NBVDXR,01JHZRP4Y2R5HT92HZ8BE8YBWX,2025-01-19T17:21:02.146310856Z,01JHZRP4Y8PFKXMG440X4RZJCQ,2025-01-19T17:21:02.146310856Z,01JHZS0NSFPQ41H8JECP9374DQ,2025-01-19T17:21:02.146310856Z
01JHZSK1F04VPKFVN8JFSEYG5B,01JHZRP65JC3773T8MZ059P8MR,2025-01-19T17:25:55.296627536Z,01JHZRP65RP1HTS3WQF69JTY33,2025-01-19T17:25:55.296627536Z,01JHZRSDDRM2H6JGRWBTNPYQ8Q,2025-01-19T17:25:55.296627536Z
01JHZS3QR3TF6STTG2VADKB010,01JHZRP2YH04XQEP15XGRYS7N7,2025-01-19T17:17:33.827191636Z,01JHZRP2YRNPPJXJSSTHEBS9MA,2025-01-19T17:17:33.827191636Z,01JHZRSJSEXJHSYJ59C9626WB7,2025-01-19T17:17:33.827191636Z
01JHZSK1F7RQ02BQVXG9ZSFCH7,01JHZRP65JC3773T8MZ059P8MR,2025-01-19T17:25:55.30388706Z,01JHZRP65RP1HTS3WQF69JTY33,2025-01-19T17:25:55.30388706Z,01JHZRT6Q6RDPM2KX26E2808TN,2025-01-19T17:25:55.30388706Z
01JHZS0EVGG09F7Z09KCJ4CH6Z,01JHZRP137F2JHSD9XK0G19HF4,2025-01-19T17:15:46.416016604Z,01JHZRP13EEXZA7X6Q5VAKFQ00,2025-01-19T17:15:46.416016604Z,01JHZRSQRW1KYQVW7DZNKPVVNQ,2025-01-19T17:15:46.416016604Z
01JHZSA35ZN5YCH04YYD21DXD8,01JHZRP4Y2R5HT92HZ8BE8YBWX,2025-01-19T17:21:02.143156421Z,01JHZRP4Y8PFKXMG440X4RZJCQ,2025-01-19T17:21:02.143156421Z,01JHZRSRR0JWYHD2N1QYH8M6W7,2025-01-19T17:21:02.143156421Z
01JHZSC9NW218GV6J8D11ZT0ZG,01JHZRP5A4K755Y04JQ3F4VV9B,2025-01-19T17:22:14.332351423Z,01JHZRP5AAR0CEZ1RZS1WKMAVK,2025-01-19T17:22:14.332351423Z,01JHZS4ME77Y3ADBX5Z70GAY0F,2025-01-19T17:22:14.332351423Z
01JHZVM2F6C594ECZNT4HW6JGE,01JHZRP8WRGPGDVQQQ9HHV04VM,2025-01-19T18:01:26.246083794Z,01JHZRP8WXRF6WDGRBH1CMQ18G,2025-01-19T18:01:26.246083794Z,01JHZS3MCJCXT896K5P9H85G05,2025-01-19T18:01:26.246083794Z
01JHZS90A42XF2NMC4Y2QWSWKG,01JHZRP45M4WZHWBSJ1SH34DN3,2025-01-19T17:20:26.436451335Z,01JHZRP45TCZZ7KAXYDEKZSPW3,2025-01-19T17:20:26.436451335Z,01JHZRSNWT06C9C1A8ZRVFYQRV,2025-01-19T17:20:26.436451335Z
01JHZS9H30TXW8N8ASTX4BWWSB,01JHZRP4GNSTYAAHF0TQK32RFA,2025-01-19T17:20:43.616277711Z,01JHZRP4GV3C4QB3FS4ACE3M85,2025-01-19T17:20:43.616277711Z,01JHZS2NHVSRM80ZT97HE4ANS8,2025-01-19T17:20:43.616277711Z
01JHZVK5AY4MW8WESEC5Z2Q0BS,01JHZRP8KP7ZQEEBY3QCDK1PJ9,2025-01-19T18:00:56.414209073Z,01JHZRP8KVCX3R8FVFXCFDNEJC,2025-01-19T18:00:56.414209073Z,01JHZTVJNXTR84R04FKSHS6PZW,2025-01-19T18:00:56.414209073Z
