id,avatar,avatarLastChangedAt,bonus,bonusLastChangedAt,ended,endedLastChangedAt,exitStepDone,exitStepDoneLastChangedAt,exitSurvey,exitSurveyLastChangedAt,gameID,gameIDLastChangedAt,intro,introLastChangedAt,introDone,introDoneLastChangedAt,lobbyTimerGameID,lobbyTimerGameIDLastChangedAt,lobbyTimerID,lobbyTimerIDLastChangedAt,name,nameLastChangedAt,nameColor,nameColorLastChangedAt,participantID,participantIDLastChangedAt,participantIdentifier,participantIdentifierLastChangedAt,partner,partnerLastChangedAt,replayGameReadyCheck,replayGameReadyCheckLastChangedAt,role,roleLastChangedAt,score,scoreLastChangedAt,src,srcLastChangedAt,treatment,treatmentLastChangedAt,treatmentName,treatmentNameLastChangedAt,urlParams,urlParamsLastChangedAt
01JHZRTNAMY3FPZ56PB44A5XSC,https://api.dicebear.com/8.x/rings/svg?seed=Repi,2025-01-19T18:00:57.976423158Z,0,2025-01-19T18:00:57.976423158Z,game ended,2025-01-19T18:07:16.853601664Z,,,,,01JHZRP8KVCX3R8FVFXCFDNEJC,2025-01-19T17:35:07.835727575Z,2,2025-01-19T17:14:36.335650349Z,true,2025-01-19T17:59:37.172742919Z,01JHZRP8KVCX3R8FVFXCFDNEJC,2025-01-19T17:59:37.207329201Z,01JHZVGQZMSHJTS668SSM3FT9X,2025-01-19T17:59:37.207329201Z,Repi,2025-01-19T18:00:57.976423158Z,#29828D,2025-01-19T18:00:57.976423158Z,01JHZRTMZZFAETREQ6QJHSME4J,2025-01-19T17:12:36.436972092Z,6737fbf250cb4f94c3ab8d39,2025-01-19T17:12:36.436972092Z,01JHZTVJNXTR84R04FKSHS6PZW,2025-01-19T18:00:57.976423158Z,,,matcher,2025-01-19T18:06:13.339732177Z,0,2025-01-19T18:00:57.976423158Z,/avatars/blue.png,2025-01-19T18:00:57.976423158Z,"{""contextSize"":4,""contextStructure"":""noncomp"",""feedbackDuration"":3,""maxTimeout"":5,""numRepetitionsWithPartner"":4,""playerCount"":2,""selectionDuration"":60,""showNegativeFeedback"":1}",2025-01-19T17:12:36.441545399Z,full-noncomp,2025-01-19T17:12:36.441545399Z,"{""participantKey"":""6737fbf250cb4f94c3ab8d39"",""STUDY_ID"":""678c2d577d5530210477d5fc"",""SESSION_ID"":""678d324fe18e7448ae1fcc6e""}",2025-01-19T17:12:36.614765515Z
01JHZRVRD6ACDZJ7TW036CRTCJ,,,,,null,2025-01-19T17:13:12.363151331Z,,,,,01JHZRPV7MGZXQTK2PZ2D5X7DJ,2025-01-19T18:01:03.211115121Z,2,2025-01-19T17:14:21.308674516Z,,,,,,,,,,,01JHZRVQJ2PS8QP1P4AB1Y1RJ2,2025-01-19T17:13:12.358404046Z,6724c8478f4d55dd8f258085,2025-01-19T17:13:12.358404046Z,,,,,,,,,,,"{""contextSize"":4,""contextStructure"":""noncomp"",""feedbackDuration"":3,""maxTimeout"":5,""numRepetitionsWithPartner"":4,""playerCount"":2,""selectionDuration"":60,""showNegativeFeedback"":1}",2025-01-19T17:13:12.363151331Z,full-noncomp,2025-01-19T17:13:12.363151331Z,"{""participantKey"":""6724c8478f4d55dd8f258085"",""STUDY_ID"":""678c2d577d5530210477d5fc"",""SESSION_ID"":""678d324a6f2e1cb054ca70c9""}",2025-01-19T17:13:12.782327911Z
01JHZRVSX0XBRK8YR4Z7PETKNS,https://api.dicebear.com/8.x/rings/svg?seed=Minu,2025-01-19T17:17:33.981348711Z,1.860000,2025-01-19T17:39:47.591772348Z,game ended,2025-01-19T17:39:47.67061059Z,true,2025-01-19T17:40:20.9494626Z,"{""age"":""28"",""gender"":""male"",""strategy"":""match their descriptions"",""enjoy"":""yeh they were good"",""feedback"":""worked well"",""education"":""master""}",2025-01-19T17:40:20.932235359Z,01JHZRP2YRNPPJXJSSTHEBS9MA,2025-01-19T17:16:42.324051013Z,2,2025-01-19T17:14:42.962211219Z,true,2025-01-19T17:17:33.787475648Z,01JHZRP2YRNPPJXJSSTHEBS9MA,2025-01-19T17:17:33.823880399Z,01JHZS3QQXTE3J96QN2BH0HKHM,2025-01-19T17:17:33.823880399Z,Minu,2025-01-19T17:17:33.981348711Z,#444EA1,2025-01-19T17:17:33.981348711Z,01JHZRVS7EAXKQY04QHDJ4ACQP,2025-01-19T17:13:13.888294268Z,5af99bfc33b0ee00011eeb2d,2025-01-19T17:13:13.888294268Z,01JHZRSJSEXJHSYJ59C9626WB7,2025-01-19T17:17:33.981348711Z,,,matcher,2025-01-19T17:39:38.271624471Z,1.860000,2025-01-19T17:39:47.591772348Z,/avatars/red.png,2025-01-19T17:17:33.981348711Z,"{""contextSize"":4,""contextStructure"":""noncomp"",""feedbackDuration"":3,""maxTimeout"":5,""numRepetitionsWithPartner"":4,""playerCount"":2,""selectionDuration"":60,""showNegativeFeedback"":1}",2025-01-19T17:13:13.892249401Z,full-noncomp,2025-01-19T17:13:13.892249401Z,"{""participantKey"":""5af99bfc33b0ee00011eeb2d"",""STUDY_ID"":""678c2d577d5530210477d5fc"",""SESSION_ID"":""678d3250c4a39dac9fee3be1""}",2025-01-19T17:13:14.181022354Z
01JHZS3Q2J7RMAT9QKRTB316CG,https://api.dicebear.com/8.x/rings/svg?seed=Minu,2025-01-19T18:01:27.599588799Z,0,2025-01-19T18:01:27.599588799Z,game ended,2025-01-19T18:07:17.343497888Z,true,2025-01-19T17:50:56.499427951Z,"{""gamefailed"":""nogame""}",2025-01-19T17:50:56.51849369Z,01JHZRP8WXRF6WDGRBH1CMQ18G,2025-01-19T18:00:56.338946144Z,2,2025-01-19T17:20:44.853082559Z,true,2025-01-19T17:46:39.32721575Z,01JHZRP8KVCX3R8FVFXCFDNEJC,2025-01-19T17:46:39.350791319Z,01JHZTS0BM39XTYWEG9G18SXNV,2025-01-19T17:46:39.350791319Z,Minu,2025-01-19T18:01:27.599588799Z,#444EA1,2025-01-19T18:01:27.599588799Z,01JHZS3N9GTMFY0FQ9SJF7F710,2025-01-19T17:17:33.138257153Z,6769429027e91829ace6763a,2025-01-19T17:17:33.138257153Z,01JHZS3MCJCXT896K5P9H85G05,2025-01-19T18:01:27.599588799Z,false,2025-01-19T18:01:03.235799825Z,director,2025-01-19T18:06:13.895082987Z,0,2025-01-19T18:01:27.599588799Z,/avatars/red.png,2025-01-19T18:01:27.599588799Z,"{""contextSize"":4,""contextStructure"":""noncomp"",""feedbackDuration"":3,""maxTimeout"":5,""numRepetitionsWithPartner"":4,""playerCount"":2,""selectionDuration"":60,""showNegativeFeedback"":1}",2025-01-19T17:17:33.144389723Z,full-noncomp,2025-01-19T17:17:33.144389723Z,"{""participantKey"":""6769429027e91829ace6763a"",""STUDY_ID"":""678c2d577d5530210477d5fc"",""SESSION_ID"":""678d324d04b8946cb7e485f1""}",2025-01-19T17:17:33.851588328Z
01JHZRSPSK6AVZ697ZQS44CPSJ,https://api.dicebear.com/8.x/rings/svg?seed=Minu,2025-01-19T17:16:42.464793081Z,1.740000,2025-01-19T17:43:32.549258685Z,game ended,2025-01-19T17:43:32.634577489Z,true,2025-01-19T17:45:43.749300824Z,"{""age"":""64"",""gender"":""Male"",""strategy"":""I concentrated on recognisable shapes, especially if those shapes were blank in the middle, or \""pointing\"" outwards"",""enjoy"":""Yes. We soon \""got on each other's wavelength\"""",""feedback"":""Once or twice I felt we were right, but were marked as wrong!"",""education"":""other""}",2025-01-19T17:45:43.729673001Z,01JHZRP28EFJNTK7PEWYZB3W3R,2025-01-19T17:15:46.403945725Z,2,2025-01-19T17:13:42.748218352Z,true,2025-01-19T17:16:16.027345894Z,01JHZRP28EFJNTK7PEWYZB3W3R,2025-01-19T17:16:16.035999431Z,01JHZS1BRZ8K73DD1H0R0P69J8,2025-01-19T17:16:16.035999431Z,Minu,2025-01-19T17:16:42.464793081Z,#444EA1,2025-01-19T17:16:42.464793081Z,01JHZRSP62Z7X43GKJSDR52KW1,2025-01-19T17:12:05.171537127Z,62f3b543dce069211e8e982c,2025-01-19T17:12:05.171537127Z,01JHZRSD0BBT2JA1ABBDABHTTM,2025-01-19T17:16:42.464793081Z,,,matcher,2025-01-19T17:43:16.650528764Z,1.740000,2025-01-19T17:43:32.549258685Z,/avatars/red.png,2025-01-19T17:16:42.464793081Z,"{""contextSize"":4,""contextStructure"":""noncomp"",""feedbackDuration"":3,""maxTimeout"":5,""numRepetitionsWithPartner"":4,""playerCount"":2,""selectionDuration"":60,""showNegativeFeedback"":1}",2025-01-19T17:12:05.175944312Z,full-noncomp,2025-01-19T17:12:05.175944312Z,"{""participantKey"":""62f3b543dce069211e8e982c"",""STUDY_ID"":""678c2d577d5530210477d5fc"",""SESSION_ID"":""678d324f4a4c250177bd64d8""}",2025-01-19T17:12:05.496109131Z
01JHZRT6Q6RDPM2KX26E2808TN,https://api.dicebear.com/8.x/rings/svg?seed=Minu,2025-01-19T17:25:55.76167734Z,0.870000,2025-01-19T18:08:26.512958424Z,game ended,2025-01-19T18:08:26.609985653Z,true,2025-01-19T18:09:56.230423208Z,"{""age"":""27"",""gender"":""Male"",""strategy"":""Team work"",""enjoy"":""Yes "",""feedback"":""Player was disconnected last minute."",""education"":""master""}",2025-01-19T18:09:56.20754747Z,01JHZRP65RP1HTS3WQF69JTY33,2025-01-19T17:22:14.308707998Z,2,2025-01-19T17:22:20.011123815Z,true,2025-01-19T17:23:51.537842606Z,01JHZRP65RP1HTS3WQF69JTY33,2025-01-19T17:23:51.553686097Z,01JHZSF8KWV5DVK0JENYVSECMG,2025-01-19T17:23:51.553686097Z,Minu,2025-01-19T17:25:55.76167734Z,#444EA1,2025-01-19T17:25:55.76167734Z,01JHZRT631CCFYJFNXNPB3TA9V,2025-01-19T17:12:21.47802671Z,6680071d60b3642bcf5dad37,2025-01-19T17:12:21.47802671Z,01JHZRSDDRM2H6JGRWBTNPYQ8Q,2025-01-19T17:25:55.76167734Z,,,matcher,2025-01-19T18:07:54.800439894Z,0.870000,2025-01-19T18:08:26.512958424Z,/avatars/red.png,2025-01-19T17:25:55.76167734Z,"{""contextSize"":4,""contextStructure"":""noncomp"",""feedbackDuration"":3,""maxTimeout"":5,""numRepetitionsWithPartner"":4,""playerCount"":2,""selectionDuration"":60,""showNegativeFeedback"":1}",2025-01-19T17:12:21.483432742Z,full-noncomp,2025-01-19T17:12:21.483432742Z,"{""participantKey"":""6680071d60b3642bcf5dad37"",""STUDY_ID"":""678c2d577d5530210477d5fc"",""SESSION_ID"":""678d32428743d3ac381fccf2""}",2025-01-19T17:12:21.876698909Z
01JHZRV3XYTXJHJZZF086ST9DG,https://api.dicebear.com/8.x/rings/svg?seed=Repi,2025-01-19T17:22:14.702850699Z,1.740000,2025-01-19T17:53:35.980839553Z,game ended,2025-01-19T17:53:36.074325003Z,true,2025-01-19T17:54:52.782025706Z,"{""age"":""62"",""gender"":""Male"",""strategy"":""Random"",""enjoy"":""Yes, used the same definitions to describe the same shape after a few rounds"",""feedback"":""No problems."",""education"":""master""}",2025-01-19T17:54:52.765428501Z,01JHZRP5AAR0CEZ1RZS1WKMAVK,2025-01-19T17:21:02.130171587Z,2,2025-01-19T17:15:01.068115891Z,true,2025-01-19T17:22:14.281361294Z,01JHZRP5AAR0CEZ1RZS1WKMAVK,2025-01-19T17:22:14.318411119Z,01JHZSC9NBM7MERM3PW4BSG5Q3,2025-01-19T17:22:14.318411119Z,Repi,2025-01-19T17:22:14.702850699Z,#29828D,2025-01-19T17:22:14.702850699Z,01JHZRV33NYXPDXC3FCXDM2ZKS,2025-01-19T17:12:51.390177744Z,5e766b0ba02ca51dfa1de797,2025-01-19T17:12:51.390177744Z,01JHZS4ME77Y3ADBX5Z70GAY0F,2025-01-19T17:22:14.702850699Z,,,director,2025-01-19T17:53:24.842599925Z,1.740000,2025-01-19T17:53:35.980839553Z,/avatars/blue.png,2025-01-19T17:22:14.702850699Z,"{""contextSize"":4,""contextStructure"":""noncomp"",""feedbackDuration"":3,""maxTimeout"":5,""numRepetitionsWithPartner"":4,""playerCount"":2,""selectionDuration"":60,""showNegativeFeedback"":1}",2025-01-19T17:12:51.395279511Z,full-noncomp,2025-01-19T17:12:51.395279511Z,"{""participantKey"":""5e766b0ba02ca51dfa1de797"",""STUDY_ID"":""678c2d577d5530210477d5fc"",""SESSION_ID"":""678d324550e7600dad558611""}",2025-01-19T17:12:51.833659791Z
01JHZRZ4AJ2MMWCEDDG1ZDVPTS,https://api.dicebear.com/8.x/rings/svg?seed=Repi,2025-01-19T17:20:43.918188562Z,1.650000,2025-01-19T18:00:44.691390261Z,game ended,2025-01-19T18:00:44.783906215Z,true,2025-01-19T18:08:11.263986326Z,"{""age"":""36"",""gender"":""male"",""strategy"":""nicknames instead of actual descriptions"",""enjoy"":""enjoyed playing with my partner, smart fellow"",""feedback"":""none, I put other in highest educational qualification above, I have a Bachelor's but I am from the UK not the US"",""education"":""other""}",2025-01-19T18:08:11.289495034Z,01JHZRP4GV3C4QB3FS4ACE3M85,2025-01-19T17:20:26.424288122Z,2,2025-01-19T17:20:17.202268785Z,true,2025-01-19T17:20:40.261442318Z,01JHZRP4GV3C4QB3FS4ACE3M85,2025-01-19T17:20:40.26738047Z,01JHZS9DT9Q411DEK7YVKX1C8Q,2025-01-19T17:20:40.26738047Z,Repi,2025-01-19T17:20:43.918188562Z,#29828D,2025-01-19T17:20:43.918188562Z,01JHZRZ2WP7KNVM6AWA79Z2MXS,2025-01-19T17:15:02.866728611Z,6631974094690f6997799b7c,2025-01-19T17:15:02.866728611Z,01JHZS2NHVSRM80ZT97HE4ANS8,2025-01-19T17:20:43.918188562Z,,,director,2025-01-19T18:00:17.89902509Z,1.650000,2025-01-19T18:00:44.691390261Z,/avatars/blue.png,2025-01-19T17:20:43.918188562Z,"{""contextSize"":4,""contextStructure"":""noncomp"",""feedbackDuration"":3,""maxTimeout"":5,""numRepetitionsWithPartner"":4,""playerCount"":2,""selectionDuration"":60,""showNegativeFeedback"":1}",2025-01-19T17:15:02.871586966Z,full-noncomp,2025-01-19T17:15:02.871586966Z,"{""participantKey"":""6631974094690f6997799b7c"",""STUDY_ID"":""678c2d577d5530210477d5fc"",""SESSION_ID"":""678d324b277ecfbf44f4fc74""}",2025-01-19T17:15:03.835882023Z
01JHZRSDDRM2H6JGRWBTNPYQ8Q,https://api.dicebear.com/8.x/rings/svg?seed=Repi,2025-01-19T17:25:55.76167734Z,0.870000,2025-01-19T18:08:26.512958424Z,game ended,2025-01-19T18:08:26.609985653Z,true,2025-01-19T18:09:31.858230516Z,"{""age"":""39"",""gender"":""female"",""strategy"":""it was kind of fun "",""enjoy"":""yes i did"",""feedback"":""none"",""education"":""high-school""}",2025-01-19T18:09:31.833528903Z,01JHZRP65RP1HTS3WQF69JTY33,2025-01-19T17:22:14.308707998Z,2,2025-01-19T17:12:36.331509679Z,true,2025-01-19T17:25:55.252490443Z,01JHZRP65RP1HTS3WQF69JTY33,2025-01-19T17:25:55.289149335Z,01JHZSK1EQPCT6RT1YXV7ZKA3P,2025-01-19T17:25:55.289149335Z,Repi,2025-01-19T17:25:55.76167734Z,#29828D,2025-01-19T17:25:55.76167734Z,01JHZRSD4JHJVRH9J10HXNCN7C,2025-01-19T17:11:55.576812639Z,673c8683b1c8a4c8a79d02d8,2025-01-19T17:11:55.576812639Z,01JHZRT6Q6RDPM2KX26E2808TN,2025-01-19T17:25:55.76167734Z,,,director,2025-01-19T18:07:54.800439894Z,0.870000,2025-01-19T18:08:26.512958424Z,/avatars/blue.png,2025-01-19T17:25:55.76167734Z,"{""contextSize"":4,""contextStructure"":""noncomp"",""feedbackDuration"":3,""maxTimeout"":5,""numRepetitionsWithPartner"":4,""playerCount"":2,""selectionDuration"":60,""showNegativeFeedback"":1}",2025-01-19T17:11:55.580750858Z,full-noncomp,2025-01-19T17:11:55.580750858Z,"{""participantKey"":""673c8683b1c8a4c8a79d02d8"",""STUDY_ID"":""678c2d577d5530210477d5fc"",""SESSION_ID"":""678d32461b04e7a307fde925""}",2025-01-19T17:11:55.741904274Z
01JHZTVJNXTR84R04FKSHS6PZW,https://api.dicebear.com/8.x/rings/svg?seed=Minu,2025-01-19T18:00:57.976423158Z,0,2025-01-19T18:00:57.976423158Z,game ended,2025-01-19T18:07:16.853601664Z,true,2025-01-19T18:38:45.983465207Z,"{""age"":""41"",""gender"":""Male"",""strategy"":"""",""enjoy"":"""",""feedback"":"""",""education"":""master""}",2025-01-19T18:38:45.96023013Z,01JHZRP8KVCX3R8FVFXCFDNEJC,2025-01-19T17:48:03.671458Z,2,2025-01-19T17:51:42.634420893Z,true,2025-01-19T18:00:56.297113184Z,01JHZRP8KVCX3R8FVFXCFDNEJC,2025-01-19T18:00:56.367030068Z,01JHZVK59BX8P9V0XT04WPPTTS,2025-01-19T18:00:56.367030068Z,Minu,2025-01-19T18:00:57.976423158Z,#444EA1,2025-01-19T18:00:57.976423158Z,01JHZTVETVGP60G55ZNYXPV1YJ,2025-01-19T17:48:03.645525868Z,672628f1dd186b536530f278,2025-01-19T17:48:03.645525868Z,01JHZRTNAMY3FPZ56PB44A5XSC,2025-01-19T18:00:57.976423158Z,,,director,2025-01-19T18:06:13.339732177Z,0,2025-01-19T18:00:57.976423158Z,/avatars/red.png,2025-01-19T18:00:57.976423158Z,"{""contextSize"":4,""contextStructure"":""noncomp"",""feedbackDuration"":3,""maxTimeout"":5,""numRepetitionsWithPartner"":4,""playerCount"":2,""selectionDuration"":60,""showNegativeFeedback"":1}",2025-01-19T17:48:03.671458Z,full-noncomp,2025-01-19T17:48:03.671458Z,"{""participantKey"":""672628f1dd186b536530f278"",""STUDY_ID"":""678c2d577d5530210477d5fc"",""SESSION_ID"":""678d3a1d7db390b4cfaba77c""}",2025-01-19T17:48:04.343315699Z
01JHZRSZ875V9R6ZQ5EP26YXRS,https://api.dicebear.com/8.x/rings/svg?seed=Repi,2025-01-19T17:32:12.901962842Z,0.090000,2025-01-19T17:44:33.25089417Z,game ended,2025-01-19T17:49:50.666717108Z,true,2025-01-19T17:51:14.381115738Z,"{""age"":""37"",""gender"":""female"",""strategy"":""i just tried to describe the shapes."",""enjoy"":""Not at all, they wouldn't even help me. I kept asking please describe. They would only talk when it was their turn."",""feedback"":""The other player was not great to work with at all."",""education"":""master""}",2025-01-19T17:51:14.238881401Z,01JHZRP6GXA9WSY32V5XKT1SEW,2025-01-19T17:25:55.278671712Z,2,2025-01-19T17:25:43.295413106Z,true,2025-01-19T17:30:40.241537977Z,01JHZRP6GXA9WSY32V5XKT1SEW,2025-01-19T17:30:40.273029092Z,01JHZSVQREKS4XF3XD77ZVVMQN,2025-01-19T17:30:40.273029092Z,Repi,2025-01-19T17:32:12.901962842Z,#29828D,2025-01-19T17:32:12.901962842Z,01JHZRSYP7B2QRCKTCJ593BSE7,2025-01-19T17:12:13.831709244Z,5c17c149f596b100011ca8b8,2025-01-19T17:12:13.831709244Z,01JHZRVY3AH5A62935DGBWVGCF,2025-01-19T17:32:12.901962842Z,,,matcher,2025-01-19T17:48:47.257360896Z,0.090000,2025-01-19T17:44:33.25089417Z,/avatars/blue.png,2025-01-19T17:32:12.901962842Z,"{""contextSize"":4,""contextStructure"":""noncomp"",""feedbackDuration"":3,""maxTimeout"":5,""numRepetitionsWithPartner"":4,""playerCount"":2,""selectionDuration"":60,""showNegativeFeedback"":1}",2025-01-19T17:12:13.836219268Z,full-noncomp,2025-01-19T17:12:13.836219268Z,"{""participantKey"":""5c17c149f596b100011ca8b8"",""STUDY_ID"":""678c2d577d5530210477d5fc"",""SESSION_ID"":""678d325076839c229220cb41""}",2025-01-19T17:12:14.279084293Z
01JHZRSNWT06C9C1A8ZRVFYQRV,https://api.dicebear.com/8.x/rings/svg?seed=Repi,2025-01-19T17:20:26.667999702Z,1.860000,2025-01-19T17:51:37.458423923Z,game ended,2025-01-19T17:51:37.589049335Z,true,2025-01-19T17:52:53.627139173Z,"{""age"":""43"",""gender"":""male"",""strategy"":""trying to find an analogy, such as H and K looking"",""enjoy"":""yes, great fun, we seemed to understand each other well"",""feedback"":""great fun, thoroughly enjoyed :)"",""education"":""master""}",2025-01-19T17:52:53.608295015Z,01JHZRP45TCZZ7KAXYDEKZSPW3,2025-01-19T17:19:16.422339695Z,2,2025-01-19T17:16:24.81687847Z,true,2025-01-19T17:20:26.390873568Z,01JHZRP45TCZZ7KAXYDEKZSPW3,2025-01-19T17:20:26.432210144Z,01JHZS909XJWGQQMR956GVRB9K,2025-01-19T17:20:26.432210144Z,Repi,2025-01-19T17:20:26.667999702Z,#29828D,2025-01-19T17:20:26.667999702Z,01JHZRSNB7K4Y68QPMCTV1DYKG,2025-01-19T17:12:04.250247763Z,5e3c759575109a055e99b38a,2025-01-19T17:12:04.250247763Z,01JHZRYM5K1F3FBZGJPJGTF2XS,2025-01-19T17:20:26.667999702Z,,,director,2025-01-19T17:51:12.127677376Z,1.860000,2025-01-19T17:51:37.458423923Z,/avatars/blue.png,2025-01-19T17:20:26.667999702Z,"{""contextSize"":4,""contextStructure"":""noncomp"",""feedbackDuration"":3,""maxTimeout"":5,""numRepetitionsWithPartner"":4,""playerCount"":2,""selectionDuration"":60,""showNegativeFeedback"":1}",2025-01-19T17:12:04.254028776Z,full-noncomp,2025-01-19T17:12:04.254028776Z,"{""participantKey"":""5e3c759575109a055e99b38a"",""STUDY_ID"":""678c2d577d5530210477d5fc"",""SESSION_ID"":""678d324c42b3a8d014abd2e8""}",2025-01-19T17:12:04.548578984Z
01JHZRTC85RJCKTKTVQNERJV0P,https://api.dicebear.com/8.x/rings/svg?seed=Repi,2025-01-19T17:19:16.62202074Z,0.060000,2025-01-19T17:23:45.566362504Z,game ended,2025-01-19T17:29:01.672607497Z,true,2025-01-19T17:30:43.267574953Z,"{""age"":""72"",""gender"":""male"",""strategy"":""give an obvious and simple clue"",""enjoy"":""No, the partner was not very responsive and did not give good clues. I think it was an AI because a human would have done much better."",""feedback"":"""",""education"":""master""}",2025-01-19T17:30:43.256068769Z,01JHZRP3SY1T8B3B1TR2PGH877,2025-01-19T17:18:50.410002009Z,2,2025-01-19T17:13:27.375860165Z,true,2025-01-19T17:19:00.046604873Z,01JHZRP3SY1T8B3B1TR2PGH877,2025-01-19T17:19:00.054009246Z,01JHZS6BYKTBRTMZE7BM1ZDAVM,2025-01-19T17:19:00.054009246Z,Repi,2025-01-19T17:19:16.62202074Z,#29828D,2025-01-19T17:19:16.62202074Z,01JHZRTC5PNXH6AEEYPXTWM450,2025-01-19T17:12:27.141669551Z,650072ae8de93bfe76ee318d,2025-01-19T17:12:27.141669551Z,01JHZRXFQMY2HT3F6Y8JM7BHM1,2025-01-19T17:19:16.62202074Z,,,director,2025-01-19T17:27:58.451678917Z,0.060000,2025-01-19T17:23:45.566362504Z,/avatars/blue.png,2025-01-19T17:19:16.62202074Z,"{""contextSize"":4,""contextStructure"":""noncomp"",""feedbackDuration"":3,""maxTimeout"":5,""numRepetitionsWithPartner"":4,""playerCount"":2,""selectionDuration"":60,""showNegativeFeedback"":1}",2025-01-19T17:12:27.147110479Z,full-noncomp,2025-01-19T17:12:27.147110479Z,"{""participantKey"":""650072ae8de93bfe76ee318d"",""STUDY_ID"":""678c2d577d5530210477d5fc"",""SESSION_ID"":""678d32489d2f1676368d8be5""}",2025-01-19T17:12:27.206548372Z
01JHZRZNRK023SAEGC8TTY0XGZ,https://api.dicebear.com/8.x/rings/svg?seed=Repi,2025-01-19T17:35:08.887003509Z,1.680000,2025-01-19T18:20:57.973243298Z,game ended,2025-01-19T18:20:58.076667235Z,true,2025-01-19T18:23:38.686692139Z,"{""age"":""28"",""gender"":""male"",""strategy"":""imagery"",""enjoy"":""yes, he is smart and sharp"",""feedback"":"""",""education"":""other""}",2025-01-19T18:23:38.663012608Z,01JHZRP6W58PW0QH0Q8CX5R6E1,2025-01-19T17:32:11.999658158Z,2,2025-01-19T17:20:49.599764528Z,true,2025-01-19T17:35:07.79870096Z,01JHZRP6W58PW0QH0Q8CX5R6E1,2025-01-19T17:35:07.852372627Z,01JHZT3X2A929EN89ZJFD08DA3,2025-01-19T17:35:07.852372627Z,Repi,2025-01-19T17:35:08.887003509Z,#29828D,2025-01-19T17:35:08.887003509Z,01JHZRZM9N6P7RXD5CPD5ZRJ7D,2025-01-19T17:15:20.723622763Z,678969200a76abe09fd2a75c,2025-01-19T17:15:20.723622763Z,01JHZS1CYAAET6P8Z48HRA5RFN,2025-01-19T17:35:08.887003509Z,,,director,2025-01-19T18:20:23.395305587Z,1.680000,2025-01-19T18:20:57.973243298Z,/avatars/blue.png,2025-01-19T17:35:08.887003509Z,"{""contextSize"":4,""contextStructure"":""noncomp"",""feedbackDuration"":3,""maxTimeout"":5,""numRepetitionsWithPartner"":4,""playerCount"":2,""selectionDuration"":60,""showNegativeFeedback"":1}",2025-01-19T17:15:20.728622646Z,full-noncomp,2025-01-19T17:15:20.728622646Z,"{""participantKey"":""678969200a76abe09fd2a75c"",""STUDY_ID"":""678c2d577d5530210477d5fc"",""SESSION_ID"":""678d328ef4e79862ac95b126""}",2025-01-19T17:15:21.508832525Z
01JHZS3MCJCXT896K5P9H85G05,https://api.dicebear.com/8.x/rings/svg?seed=Repi,2025-01-19T18:01:27.599588799Z,0,2025-01-19T18:01:27.599588799Z,game ended,2025-01-19T18:07:17.343497888Z,true,2025-01-19T17:57:36.766388392Z,"{""gamefailed"":""nogame""}",2025-01-19T17:57:38.477241439Z,01JHZRP8WXRF6WDGRBH1CMQ18G,2025-01-19T18:00:56.338946144Z,2,2025-01-19T17:26:49.035013198Z,true,2025-01-19T17:52:52.167052738Z,01JHZRP8KVCX3R8FVFXCFDNEJC,2025-01-19T17:52:52.229077442Z,01JHZV4CG2K6F8PXC2V6J131NJ,2025-01-19T17:52:52.229077442Z,Repi,2025-01-19T18:01:27.599588799Z,#29828D,2025-01-19T18:01:27.599588799Z,01JHZS3HV4WTXAXSTJN3EF1AJ6,2025-01-19T17:17:30.386648468Z,67826c0cd5858c9d420da7ff,2025-01-19T17:17:30.386648468Z,01JHZS3Q2J7RMAT9QKRTB316CG,2025-01-19T18:01:27.599588799Z,false,2025-01-19T18:01:03.211115121Z,matcher,2025-01-19T18:06:13.895082987Z,0,2025-01-19T18:01:27.599588799Z,/avatars/blue.png,2025-01-19T18:01:27.599588799Z,"{""contextSize"":4,""contextStructure"":""noncomp"",""feedbackDuration"":3,""maxTimeout"":5,""numRepetitionsWithPartner"":4,""playerCount"":2,""selectionDuration"":60,""showNegativeFeedback"":1}",2025-01-19T17:17:30.392711008Z,full-noncomp,2025-01-19T17:17:30.392711008Z,"{""participantKey"":""67826c0cd5858c9d420da7ff"",""STUDY_ID"":""678c2d577d5530210477d5fc"",""SESSION_ID"":""678d324c093a82fa3fe48a70""}",2025-01-19T17:17:31.194677781Z
01JHZRSBY2EW7TZ5AB58ER24XM,https://api.dicebear.com/8.x/rings/svg?seed=Repi,2025-01-19T17:15:46.515309972Z,1.890000,2025-01-19T17:40:04.119902343Z,game ended,2025-01-19T17:40:04.197088172Z,true,2025-01-19T17:41:32.222611007Z,"{""age"":""35"",""gender"":""nonbinary"",""strategy"":""simple descriptions, use language of the other player, find common descriptions"",""enjoy"":""yes! we seemed to share a strategy and got all except one!"",""feedback"":""sometimes I could not select an item even though i was clicking"",""education"":""bachelor""}",2025-01-19T17:41:32.20653772Z,01JHZRP13EEXZA7X6Q5VAKFQ00,2025-01-19T17:15:17.205237922Z,2,2025-01-19T17:12:43.055348565Z,true,2025-01-19T17:15:46.376331791Z,01JHZRP13EEXZA7X6Q5VAKFQ00,2025-01-19T17:15:46.412857445Z,01JHZS0EVAP12AW86NAB4J2C6Z,2025-01-19T17:15:46.412857445Z,Repi,2025-01-19T17:15:46.515309972Z,#29828D,2025-01-19T17:15:46.515309972Z,01JHZRSBNAX56QF4FPW2VTSJKG,2025-01-19T17:11:54.050978742Z,669a9e052cc32d5a552d2fe8,2025-01-19T17:11:54.050978742Z,01JHZRSQRW1KYQVW7DZNKPVVNQ,2025-01-19T17:15:46.515309972Z,,,director,2025-01-19T17:39:55.073485612Z,1.890000,2025-01-19T17:40:04.119902343Z,/avatars/blue.png,2025-01-19T17:15:46.515309972Z,"{""contextSize"":4,""contextStructure"":""noncomp"",""feedbackDuration"":3,""maxTimeout"":5,""numRepetitionsWithPartner"":4,""playerCount"":2,""selectionDuration"":60,""showNegativeFeedback"":1}",2025-01-19T17:11:54.057973187Z,full-noncomp,2025-01-19T17:11:54.057973187Z,"{""participantKey"":""669a9e052cc32d5a552d2fe8"",""STUDY_ID"":""678c2d577d5530210477d5fc"",""SESSION_ID"":""678d324464ad76e4ab11c620""}",2025-01-19T17:11:54.199866583Z
01JHZRTA9WKW3N5KVFVA6YXMR8,https://api.dicebear.com/8.x/rings/svg?seed=Minu,2025-01-19T17:15:17.35295109Z,1.830000,2025-01-19T17:39:46.883476681Z,game ended,2025-01-19T17:39:46.957590437Z,true,2025-01-19T17:41:14.542956514Z,"{""age"":""49"",""gender"":""Male"",""strategy"":""Becoming familiar with short explanations"",""enjoy"":""It was actually really fun. We worked well, the task was enjoyable, really flew by. I could keep doing it."",""feedback"":""Yeah, I couldn't see the chat box and had to click all around the page for ages, thus missed the first one. Perhaps it's just my chrome? Might be worth adding a coloured surrounding box? Perhaps it's just me. :)"",""education"":""other""}",2025-01-19T17:41:14.524902066Z,01JHZRNZPM2R94XJ5Y8A4VE390,2025-01-19T17:12:25.153339665Z,2,2025-01-19T17:13:41.33916527Z,true,2025-01-19T17:13:59.240178396Z,01JHZRNZPM2R94XJ5Y8A4VE390,2025-01-19T17:13:59.247825258Z,01JHZRX66CNCJDFZEQG4QS8XTS,2025-01-19T17:13:59.247825258Z,Minu,2025-01-19T17:15:17.35295109Z,#444EA1,2025-01-19T17:15:17.35295109Z,01JHZRT9RSKEQAA8KEASWMJFTP,2025-01-19T17:12:25.148156371Z,596e1edd39e9d00001b7bb98,2025-01-19T17:12:25.148156371Z,01JHZRSMRB4DG54VA2F91AHAEE,2025-01-19T17:15:17.35295109Z,,,matcher,2025-01-19T17:39:34.702094949Z,1.830000,2025-01-19T17:39:46.883476681Z,/avatars/red.png,2025-01-19T17:15:17.35295109Z,"{""contextSize"":4,""contextStructure"":""noncomp"",""feedbackDuration"":3,""maxTimeout"":5,""numRepetitionsWithPartner"":4,""playerCount"":2,""selectionDuration"":60,""showNegativeFeedback"":1}",2025-01-19T17:12:25.153339665Z,full-noncomp,2025-01-19T17:12:25.153339665Z,"{""participantKey"":""596e1edd39e9d00001b7bb98"",""STUDY_ID"":""678c2d577d5530210477d5fc"",""SESSION_ID"":""678d324e42b3a8d014abd2eb""}",2025-01-19T17:12:25.430842141Z
01JHZS1CYAAET6P8Z48HRA5RFN,https://api.dicebear.com/8.x/rings/svg?seed=Minu,2025-01-19T17:35:08.887003509Z,1.680000,2025-01-19T18:20:57.973243298Z,game ended,2025-01-19T18:20:58.076667235Z,true,2025-01-19T18:22:41.92342147Z,"{""age"":""59"",""gender"":""female"",""strategy"":""comprehensive "",""enjoy"":""yes, good interpreter "",""feedback"":""none"",""education"":""other""}",2025-01-19T18:22:41.899475294Z,01JHZRP6W58PW0QH0Q8CX5R6E1,2025-01-19T17:32:11.999658158Z,2,2025-01-19T17:20:52.417513347Z,true,2025-01-19T17:34:47.41361803Z,01JHZRP6W58PW0QH0Q8CX5R6E1,2025-01-19T17:34:47.434241171Z,01JHZT3947SQX76KTM46WVZ69G,2025-01-19T17:34:47.434241171Z,Minu,2025-01-19T17:35:08.887003509Z,#444EA1,2025-01-19T17:35:08.887003509Z,01JHZS1CJ4GAXS740NMA0ZCRND,2025-01-19T17:16:17.226142142Z,663abe859bcc3ea8ef9bbdf3,2025-01-19T17:16:17.226142142Z,01JHZRZNRK023SAEGC8TTY0XGZ,2025-01-19T17:35:08.887003509Z,,,matcher,2025-01-19T18:20:23.395305587Z,1.680000,2025-01-19T18:20:57.973243298Z,/avatars/red.png,2025-01-19T17:35:08.887003509Z,"{""contextSize"":4,""contextStructure"":""noncomp"",""feedbackDuration"":3,""maxTimeout"":5,""numRepetitionsWithPartner"":4,""playerCount"":2,""selectionDuration"":60,""showNegativeFeedback"":1}",2025-01-19T17:16:17.23155803Z,full-noncomp,2025-01-19T17:16:17.23155803Z,"{""participantKey"":""663abe859bcc3ea8ef9bbdf3"",""STUDY_ID"":""678c2d577d5530210477d5fc"",""SESSION_ID"":""678d324afba67597a3a5099d""}",2025-01-19T17:16:17.444412559Z
01JHZRSD0BBT2JA1ABBDABHTTM,https://api.dicebear.com/8.x/rings/svg?seed=Repi,2025-01-19T17:16:42.464793081Z,1.740000,2025-01-19T17:43:32.549258685Z,game ended,2025-01-19T17:43:32.634577489Z,true,2025-01-19T17:44:33.981942568Z,"{""age"":""52"",""gender"":""male"",""strategy"":""I tried to use simple descriptions."",""enjoy"":""They were responsive and good at guessing."",""feedback"":""no problems"",""education"":""bachelor""}",2025-01-19T17:44:33.998636516Z,01JHZRP28EFJNTK7PEWYZB3W3R,2025-01-19T17:15:46.403945725Z,2,2025-01-19T17:12:48.964926776Z,true,2025-01-19T17:16:42.284367567Z,01JHZRP28EFJNTK7PEWYZB3W3R,2025-01-19T17:16:42.333568223Z,01JHZS25ETBFRAMEN5MTMH80MW,2025-01-19T17:16:42.333568223Z,Repi,2025-01-19T17:16:42.464793081Z,#29828D,2025-01-19T17:16:42.464793081Z,01JHZRSCJCZYJBAXQF8DY3XAA1,2025-01-19T17:11:55.147269695Z,66e32aaad05615cfd9fcbe48,2025-01-19T17:11:55.147269695Z,01JHZRSPSK6AVZ697ZQS44CPSJ,2025-01-19T17:16:42.464793081Z,,,director,2025-01-19T17:43:16.650528764Z,1.740000,2025-01-19T17:43:32.549258685Z,/avatars/blue.png,2025-01-19T17:16:42.464793081Z,"{""contextSize"":4,""contextStructure"":""noncomp"",""feedbackDuration"":3,""maxTimeout"":5,""numRepetitionsWithPartner"":4,""playerCount"":2,""selectionDuration"":60,""showNegativeFeedback"":1}",2025-01-19T17:11:55.151069255Z,full-noncomp,2025-01-19T17:11:55.151069255Z,"{""participantKey"":""66e32aaad05615cfd9fcbe48"",""STUDY_ID"":""678c2d577d5530210477d5fc"",""SESSION_ID"":""678d324664f34d54f79e4bab""}",2025-01-19T17:11:55.405014287Z
01JHZRSTJTE0X7VHXTA9Z9AXS1,,,,,null,2025-01-19T17:12:09.054990987Z,,,,,01JHZRPV7MGZXQTK2PZ2D5X7DJ,2025-01-19T18:01:03.211115121Z,1,2025-01-19T17:12:14.639991961Z,,,,,,,,,,,01JHZRSSYSNTBHFV7YMZ14CPMA,2025-01-19T17:12:09.050778883Z,652964a563d36c1a829c0caa,2025-01-19T17:12:09.050778883Z,,,,,,,,,,,"{""contextSize"":4,""contextStructure"":""noncomp"",""feedbackDuration"":3,""maxTimeout"":5,""numRepetitionsWithPartner"":4,""playerCount"":2,""selectionDuration"":60,""showNegativeFeedback"":1}",2025-01-19T17:12:09.054990987Z,full-noncomp,2025-01-19T17:12:09.054990987Z,"{""participantKey"":""652964a563d36c1a829c0caa"",""STUDY_ID"":""678c2d577d5530210477d5fc"",""SESSION_ID"":""678d3240042c052496025119""}",2025-01-19T17:12:09.383383867Z
01JHZRVY3AH5A62935DGBWVGCF,https://api.dicebear.com/8.x/rings/svg?seed=Minu,2025-01-19T17:32:12.901962842Z,0.090000,2025-01-19T17:44:33.25089417Z,game ended,2025-01-19T17:49:50.666717108Z,true,2025-01-19T18:13:26.776387938Z,"{""age"":""25"",""gender"":""man"",""strategy"":""shape of animals"",""enjoy"":""yes"",""feedback"":""NA"",""education"":""bachelor""}",2025-01-19T18:13:26.514715948Z,01JHZRP6GXA9WSY32V5XKT1SEW,2025-01-19T17:25:55.278671712Z,2,2025-01-19T17:18:52.530224785Z,true,2025-01-19T17:32:11.967558455Z,01JHZRP6GXA9WSY32V5XKT1SEW,2025-01-19T17:32:12.01382713Z,01JHZSYHBBZRX4BMJEY85KD4EV,2025-01-19T17:32:12.01382713Z,Minu,2025-01-19T17:32:12.901962842Z,#444EA1,2025-01-19T17:32:12.901962842Z,01JHZRVW96X26QNYSVS1VKMZCD,2025-01-19T17:13:18.186104566Z,671609ab4a3f2c6c76dfe9d8,2025-01-19T17:13:18.186104566Z,01JHZRSZ875V9R6ZQ5EP26YXRS,2025-01-19T17:32:12.901962842Z,,,director,2025-01-19T17:48:47.257360896Z,0.090000,2025-01-19T17:44:33.25089417Z,/avatars/red.png,2025-01-19T17:32:12.901962842Z,"{""contextSize"":4,""contextStructure"":""noncomp"",""feedbackDuration"":3,""maxTimeout"":5,""numRepetitionsWithPartner"":4,""playerCount"":2,""selectionDuration"":60,""showNegativeFeedback"":1}",2025-01-19T17:13:18.190967086Z,full-noncomp,2025-01-19T17:13:18.190967086Z,"{""participantKey"":""671609ab4a3f2c6c76dfe9d8"",""STUDY_ID"":""678c2d577d5530210477d5fc"",""SESSION_ID"":""678d32483e318bf0c17ad56a""}",2025-01-19T17:13:19.14514519Z
01JHZRYM5K1F3FBZGJPJGTF2XS,https://api.dicebear.com/8.x/rings/svg?seed=Minu,2025-01-19T17:20:26.667999702Z,1.860000,2025-01-19T17:51:37.458423923Z,game ended,2025-01-19T17:51:37.589049335Z,true,2025-01-19T17:52:14.800562892Z,"{""age"":""20"",""gender"":""Male"",""strategy"":""described what the shapes looked like "",""enjoy"":""i did, we got along"",""feedback"":"""",""education"":""high-school""}",2025-01-19T17:52:14.818952972Z,01JHZRP45TCZZ7KAXYDEKZSPW3,2025-01-19T17:19:16.422339695Z,2,2025-01-19T17:15:54.343614147Z,true,2025-01-19T17:19:16.475754208Z,01JHZRP45TCZZ7KAXYDEKZSPW3,2025-01-19T17:19:17.51674497Z,01JHZS6X0B7F509KRSJRKENM0D,2025-01-19T17:19:17.51674497Z,Minu,2025-01-19T17:20:26.667999702Z,#444EA1,2025-01-19T17:20:26.667999702Z,01JHZRYKHMYW3QBXP8PZ14XRNF,2025-01-19T17:14:46.323406566Z,66904bbd1eb9bb790b9b0f6f,2025-01-19T17:14:46.323406566Z,01JHZRSNWT06C9C1A8ZRVFYQRV,2025-01-19T17:20:26.667999702Z,,,matcher,2025-01-19T17:51:12.127677376Z,1.860000,2025-01-19T17:51:37.458423923Z,/avatars/red.png,2025-01-19T17:20:26.667999702Z,"{""contextSize"":4,""contextStructure"":""noncomp"",""feedbackDuration"":3,""maxTimeout"":5,""numRepetitionsWithPartner"":4,""playerCount"":2,""selectionDuration"":60,""showNegativeFeedback"":1}",2025-01-19T17:14:46.328145265Z,full-noncomp,2025-01-19T17:14:46.328145265Z,"{""participantKey"":""66904bbd1eb9bb790b9b0f6f"",""STUDY_ID"":""678c2d577d5530210477d5fc"",""SESSION_ID"":""678d324bf2ab5df3c9023303""}",2025-01-19T17:14:46.655920018Z
01JHZS4ME77Y3ADBX5Z70GAY0F,https://api.dicebear.com/8.x/rings/svg?seed=Minu,2025-01-19T17:22:14.702850699Z,1.740000,2025-01-19T17:53:35.980839553Z,game ended,2025-01-19T17:53:36.074325003Z,true,2025-01-19T17:54:48.701233274Z,"{""age"":""33"",""gender"":""Female"",""strategy"":""Simple as possible but clear enough that there's only was for sure possible correct answer."",""enjoy"":""I did! Was fun  :)."",""feedback"":""None. Best of luck with your research  :)."",""education"":""master""}",2025-01-19T17:54:48.721153371Z,01JHZRP5AAR0CEZ1RZS1WKMAVK,2025-01-19T17:21:02.130171587Z,2,2025-01-19T17:20:38.871752986Z,true,2025-01-19T17:21:55.803793566Z,01JHZRP5AAR0CEZ1RZS1WKMAVK,2025-01-19T17:21:55.815147377Z,01JHZSBQK42AZA9G8APZ64W4Y9,2025-01-19T17:21:55.815147377Z,Minu,2025-01-19T17:22:14.702850699Z,#444EA1,2025-01-19T17:22:14.702850699Z,01JHZS4KTG25GPSXGXNZHXVW1K,2025-01-19T17:18:03.207367048Z,6658bbc6589d777bab78b02c,2025-01-19T17:18:03.207367048Z,01JHZRV3XYTXJHJZZF086ST9DG,2025-01-19T17:22:14.702850699Z,,,matcher,2025-01-19T17:53:24.842599925Z,1.740000,2025-01-19T17:53:35.980839553Z,/avatars/red.png,2025-01-19T17:22:14.702850699Z,"{""contextSize"":4,""contextStructure"":""noncomp"",""feedbackDuration"":3,""maxTimeout"":5,""numRepetitionsWithPartner"":4,""playerCount"":2,""selectionDuration"":60,""showNegativeFeedback"":1}",2025-01-19T17:18:03.216138575Z,full-noncomp,2025-01-19T17:18:03.216138575Z,"{""participantKey"":""6658bbc6589d777bab78b02c"",""STUDY_ID"":""678c2d577d5530210477d5fc"",""SESSION_ID"":""678d323f7f36398029bb0ac0""}",2025-01-19T17:18:03.527065698Z
01JHZRSMRB4DG54VA2F91AHAEE,https://api.dicebear.com/8.x/rings/svg?seed=Repi,2025-01-19T17:15:17.35295109Z,1.830000,2025-01-19T17:39:46.883476681Z,game ended,2025-01-19T17:39:46.957590437Z,true,2025-01-19T17:43:06.011905428Z,"{""age"":""36"",""gender"":""male"",""strategy"":""looking for unique identifying shapes or patterns in the target and coming up with unique identifying recgonizable names "",""enjoy"":""Yes it was enjoyable and once we established familiarity with the objects it became easier to communicate with my partner"",""feedback"":""no issues and enjoyed the study"",""education"":""bachelor""}",2025-01-19T17:43:05.99697297Z,01JHZRNZPM2R94XJ5Y8A4VE390,2025-01-19T17:12:03.086634106Z,2,2025-01-19T17:14:21.17878887Z,true,2025-01-19T17:15:17.175407944Z,01JHZRNZPM2R94XJ5Y8A4VE390,2025-01-19T17:15:17.213092542Z,01JHZRZJASKWB9W9XEFQDEE2YT,2025-01-19T17:15:17.213092542Z,Repi,2025-01-19T17:15:17.35295109Z,#29828D,2025-01-19T17:15:17.35295109Z,01JHZRSMBN0EYV06PSRXW2PJX3,2025-01-19T17:12:03.083109401Z,66d9547a9df3044a616f2cfd,2025-01-19T17:12:03.083109401Z,01JHZRTA9WKW3N5KVFVA6YXMR8,2025-01-19T17:15:17.35295109Z,,,director,2025-01-19T17:39:34.702094949Z,1.830000,2025-01-19T17:39:46.883476681Z,/avatars/blue.png,2025-01-19T17:15:17.35295109Z,"{""contextSize"":4,""contextStructure"":""noncomp"",""feedbackDuration"":3,""maxTimeout"":5,""numRepetitionsWithPartner"":4,""playerCount"":2,""selectionDuration"":60,""showNegativeFeedback"":1}",2025-01-19T17:12:03.086634106Z,full-noncomp,2025-01-19T17:12:03.086634106Z,"{""participantKey"":""66d9547a9df3044a616f2cfd"",""STUDY_ID"":""678c2d577d5530210477d5fc"",""SESSION_ID"":""678d32454a4c250177bd64d1""}",2025-01-19T17:12:03.31110097Z
01JHZRSQRW1KYQVW7DZNKPVVNQ,https://api.dicebear.com/8.x/rings/svg?seed=Minu,2025-01-19T17:15:46.515309972Z,1.890000,2025-01-19T17:40:04.119902343Z,game ended,2025-01-19T17:40:04.197088172Z,true,2025-01-19T17:40:44.180671424Z,"{""age"":""43"",""gender"":""Male"",""strategy"":""To be clear and concise with descriptions"",""enjoy"":""Yes, it was fun"",""feedback"":""Thanks for letting me take part!"",""education"":""high-school""}",2025-01-19T17:40:44.163776111Z,01JHZRP13EEXZA7X6Q5VAKFQ00,2025-01-19T17:15:17.205237922Z,2,2025-01-19T17:14:09.915090416Z,true,2025-01-19T17:15:45.655086309Z,01JHZRP13EEXZA7X6Q5VAKFQ00,2025-01-19T17:15:45.663187141Z,01JHZS0E3W03HP2WTH54NV8GBF,2025-01-19T17:15:45.663187141Z,Minu,2025-01-19T17:15:46.515309972Z,#444EA1,2025-01-19T17:15:46.515309972Z,01JHZRSQ5E19XQEX24MGEYPYC7,2025-01-19T17:12:06.172944256Z,5eadaff848b26f4483ae62d9,2025-01-19T17:12:06.172944256Z,01JHZRSBY2EW7TZ5AB58ER24XM,2025-01-19T17:15:46.515309972Z,,,matcher,2025-01-19T17:39:55.073485612Z,1.890000,2025-01-19T17:40:04.119902343Z,/avatars/red.png,2025-01-19T17:15:46.515309972Z,"{""contextSize"":4,""contextStructure"":""noncomp"",""feedbackDuration"":3,""maxTimeout"":5,""numRepetitionsWithPartner"":4,""playerCount"":2,""selectionDuration"":60,""showNegativeFeedback"":1}",2025-01-19T17:12:06.177195328Z,full-noncomp,2025-01-19T17:12:06.177195328Z,"{""participantKey"":""5eadaff848b26f4483ae62d9"",""STUDY_ID"":""678c2d577d5530210477d5fc"",""SESSION_ID"":""678d32497a10b7d908590dc1""}",2025-01-19T17:12:06.485385038Z
01JHZRXFQMY2HT3F6Y8JM7BHM1,https://api.dicebear.com/8.x/rings/svg?seed=Minu,2025-01-19T17:19:16.62202074Z,0.060000,2025-01-19T17:23:45.566362504Z,game ended,2025-01-19T17:29:01.672607497Z,true,2025-01-19T17:34:16.627329203Z,"{""age"":""21"",""gender"":""Female"",""strategy"":""I rely on my intuition"",""enjoy"":""I enjoy the game until page white out"",""feedback"":""Display white out"",""education"":""master""}",2025-01-19T17:34:16.591638928Z,01JHZRP3SY1T8B3B1TR2PGH877,2025-01-19T17:18:50.410002009Z,2,2025-01-19T17:17:03.499664016Z,true,2025-01-19T17:19:16.394786022Z,01JHZRP3SY1T8B3B1TR2PGH877,2025-01-19T17:19:16.430134837Z,01JHZS6VYBPHKXYXV95NVVZQYP,2025-01-19T17:19:16.430134837Z,Minu,2025-01-19T17:19:16.62202074Z,#444EA1,2025-01-19T17:19:16.62202074Z,01JHZRXDRGP4T468S5BPG42WME,2025-01-19T17:14:09.012299698Z,678201fd68120cff1a71a191,2025-01-19T17:14:09.012299698Z,01JHZRTC85RJCKTKTVQNERJV0P,2025-01-19T17:19:16.62202074Z,,,matcher,2025-01-19T17:27:58.451678917Z,0.060000,2025-01-19T17:23:45.566362504Z,/avatars/red.png,2025-01-19T17:19:16.62202074Z,"{""contextSize"":4,""contextStructure"":""noncomp"",""feedbackDuration"":3,""maxTimeout"":5,""numRepetitionsWithPartner"":4,""playerCount"":2,""selectionDuration"":60,""showNegativeFeedback"":1}",2025-01-19T17:14:09.016954507Z,full-noncomp,2025-01-19T17:14:09.016954507Z,"{""participantKey"":""678201fd68120cff1a71a191"",""STUDY_ID"":""678c2d577d5530210477d5fc"",""SESSION_ID"":""678d32679d2f1676368d8bee""}",2025-01-19T17:14:09.437593893Z
01JHZS0NSFPQ41H8JECP9374DQ,https://api.dicebear.com/8.x/rings/svg?seed=Minu,2025-01-19T17:21:02.430946597Z,1.470000,2025-01-19T17:59:10.955304257Z,game ended,2025-01-19T17:59:11.107658301Z,true,2025-01-19T18:00:32.125973086Z,"{""age"":""57"",""gender"":""Male"",""strategy"":""We both described the image we could see"",""enjoy"":""Yes they gave good descriptions of what we could see"",""feedback"":""no problems"",""education"":""high-school""}",2025-01-19T18:00:32.096062876Z,01JHZRP4Y8PFKXMG440X4RZJCQ,2025-01-19T17:20:43.597675355Z,2,2025-01-19T17:19:45.030771142Z,true,2025-01-19T17:21:01.015825803Z,01JHZRP4Y8PFKXMG440X4RZJCQ,2025-01-19T17:21:01.025341415Z,01JHZSA22ZFDDWN9F7KWPXZNA4,2025-01-19T17:21:01.025341415Z,Minu,2025-01-19T17:21:02.430946597Z,#444EA1,2025-01-19T17:21:02.430946597Z,01JHZS0N77QGZXXPZB3NGBHEQ8,2025-01-19T17:15:53.519494561Z,651abcc13ecbad9f2062ac4f,2025-01-19T17:15:53.519494561Z,01JHZRSRR0JWYHD2N1QYH8M6W7,2025-01-19T17:21:02.430946597Z,,,matcher,2025-01-19T17:58:27.071225723Z,1.470000,2025-01-19T17:59:10.955304257Z,/avatars/red.png,2025-01-19T17:21:02.430946597Z,"{""contextSize"":4,""contextStructure"":""noncomp"",""feedbackDuration"":3,""maxTimeout"":5,""numRepetitionsWithPartner"":4,""playerCount"":2,""selectionDuration"":60,""showNegativeFeedback"":1}",2025-01-19T17:15:53.52439649Z,full-noncomp,2025-01-19T17:15:53.52439649Z,"{""participantKey"":""651abcc13ecbad9f2062ac4f"",""STUDY_ID"":""678c2d577d5530210477d5fc"",""SESSION_ID"":""678d32d1f4e79862ac95b139""}",2025-01-19T17:15:53.826160876Z
01JHZS2NHVSRM80ZT97HE4ANS8,https://api.dicebear.com/8.x/rings/svg?seed=Minu,2025-01-19T17:20:43.918188562Z,1.650000,2025-01-19T18:00:44.691390261Z,game ended,2025-01-19T18:00:44.783906215Z,true,2025-01-19T18:04:12.446889083Z,"{""age"":""36"",""gender"":""man"",""strategy"":""we used names for the shapes"",""enjoy"":""they understood easily"",""feedback"":""none"",""education"":""bachelor""}",2025-01-19T18:04:12.424063699Z,01JHZRP4GV3C4QB3FS4ACE3M85,2025-01-19T17:20:26.424288122Z,2,2025-01-19T17:17:18.875669992Z,true,2025-01-19T17:20:43.569991689Z,01JHZRP4GV3C4QB3FS4ACE3M85,2025-01-19T17:20:43.606194273Z,01JHZS9H2MPEZJNVMRQK27FQRF,2025-01-19T17:20:43.606194273Z,Minu,2025-01-19T17:20:43.918188562Z,#444EA1,2025-01-19T17:20:43.918188562Z,01JHZS2M14BTV13Z1586QSM5EA,2025-01-19T17:16:58.811829152Z,672ceecd4b982fd2123fa32f,2025-01-19T17:16:58.811829152Z,01JHZRZ4AJ2MMWCEDDG1ZDVPTS,2025-01-19T17:20:43.918188562Z,,,matcher,2025-01-19T18:00:17.89902509Z,1.650000,2025-01-19T18:00:44.691390261Z,/avatars/red.png,2025-01-19T17:20:43.918188562Z,"{""contextSize"":4,""contextStructure"":""noncomp"",""feedbackDuration"":3,""maxTimeout"":5,""numRepetitionsWithPartner"":4,""playerCount"":2,""selectionDuration"":60,""showNegativeFeedback"":1}",2025-01-19T17:16:58.817162428Z,full-noncomp,2025-01-19T17:16:58.817162428Z,"{""participantKey"":""672ceecd4b982fd2123fa32f"",""STUDY_ID"":""678c2d577d5530210477d5fc"",""SESSION_ID"":""678d32473e318bf0c17ad567""}",2025-01-19T17:16:59.605006677Z
01JHZRSJSEXJHSYJ59C9626WB7,https://api.dicebear.com/8.x/rings/svg?seed=Repi,2025-01-19T17:17:33.981348711Z,1.860000,2025-01-19T17:39:47.591772348Z,game ended,2025-01-19T17:39:47.67061059Z,true,2025-01-19T17:41:23.454496072Z,"{""age"":""56"",""gender"":""Female"",""strategy"":""find a shape easy to describe"",""enjoy"":""yes it was fun working with someone"",""feedback"":""just ending to soon"",""education"":""high-school""}",2025-01-19T17:41:23.43780548Z,01JHZRP2YRNPPJXJSSTHEBS9MA,2025-01-19T17:16:42.324051013Z,2,2025-01-19T17:16:12.335998326Z,true,2025-01-19T17:17:15.83525559Z,01JHZRP2YRNPPJXJSSTHEBS9MA,2025-01-19T17:17:15.841354777Z,01JHZS365Z4ABP6ZB436P4FKM9,2025-01-19T17:17:15.841354777Z,Repi,2025-01-19T17:17:33.981348711Z,#29828D,2025-01-19T17:17:33.981348711Z,01JHZRSJK4EBB2TVE9X8TVR031,2025-01-19T17:12:01.070026933Z,66b799c39798fd79dd188ed0,2025-01-19T17:12:01.070026933Z,01JHZRVSX0XBRK8YR4Z7PETKNS,2025-01-19T17:17:33.981348711Z,,,director,2025-01-19T17:39:38.271624471Z,1.860000,2025-01-19T17:39:47.591772348Z,/avatars/blue.png,2025-01-19T17:17:33.981348711Z,"{""contextSize"":4,""contextStructure"":""noncomp"",""feedbackDuration"":3,""maxTimeout"":5,""numRepetitionsWithPartner"":4,""playerCount"":2,""selectionDuration"":60,""showNegativeFeedback"":1}",2025-01-19T17:12:01.075014108Z,full-noncomp,2025-01-19T17:12:01.075014108Z,"{""participantKey"":""66b799c39798fd79dd188ed0"",""STUDY_ID"":""678c2d577d5530210477d5fc"",""SESSION_ID"":""678d32479c43c6a985ee4b96""}",2025-01-19T17:12:01.609235567Z
01JHZRT7ZNB6YT7A2XPJSPFSWD,,,,,null,2025-01-19T17:12:22.77961615Z,,,,,01JHZRPV7MGZXQTK2PZ2D5X7DJ,2025-01-19T18:01:03.211115121Z,2,2025-01-19T17:12:40.157431741Z,,,,,,,,,,,01JHZRT79XCZ5JW0Y1K5473V6A,2025-01-19T17:12:22.774014905Z,5bb21a6ed14ec100019840fb,2025-01-19T17:12:22.774014905Z,,,,,,,,,,,"{""contextSize"":4,""contextStructure"":""noncomp"",""feedbackDuration"":3,""maxTimeout"":5,""numRepetitionsWithPartner"":4,""playerCount"":2,""selectionDuration"":60,""showNegativeFeedback"":1}",2025-01-19T17:12:22.77961615Z,full-noncomp,2025-01-19T17:12:22.77961615Z,"{""participantKey"":""5bb21a6ed14ec100019840fb"",""STUDY_ID"":""678c2d577d5530210477d5fc"",""SESSION_ID"":""678d3243487f8504e3d64ed3""}",2025-01-19T17:12:23.466787342Z
01JHZRW20PXE9B81HYW5TB042E,https://api.dicebear.com/8.x/rings/svg?seed=Repi,2025-01-19T17:18:50.605395517Z,1.650000,2025-01-19T17:54:33.668778538Z,game ended,2025-01-19T17:54:33.765306977Z,true,2025-01-19T17:55:33.849792493Z,"{""age"":""42"",""gender"":""Male"",""strategy"":""Lookng for geometrical shapes on left and right"",""enjoy"":""Yes"",""feedback"":""Really interesting study, well done!"",""education"":""master""}",2025-01-19T17:55:33.833205347Z,01JHZRP3F0Z4P858ET8CY7M67Z,2025-01-19T17:17:33.817047876Z,2,2025-01-19T17:14:28.462676614Z,true,2025-01-19T17:17:59.002553475Z,01JHZRP3F0Z4P858ET8CY7M67Z,2025-01-19T17:17:59.008881063Z,01JHZS4GAY6A58R2Y7K6YWWVWB,2025-01-19T17:17:59.008881063Z,Repi,2025-01-19T17:18:50.605395517Z,#29828D,2025-01-19T17:18:50.605395517Z,01JHZRW0V494Y6ZX39AS1KJXNH,2025-01-19T17:13:22.198184356Z,6704539fe462b87182866f14,2025-01-19T17:13:22.198184356Z,01JHZRXCEGNF6W4BJVDTPMPFCX,2025-01-19T17:18:50.605395517Z,,,director,2025-01-19T17:53:54.025293545Z,1.650000,2025-01-19T17:54:33.668778538Z,/avatars/blue.png,2025-01-19T17:18:50.605395517Z,"{""contextSize"":4,""contextStructure"":""noncomp"",""feedbackDuration"":3,""maxTimeout"":5,""numRepetitionsWithPartner"":4,""playerCount"":2,""selectionDuration"":60,""showNegativeFeedback"":1}",2025-01-19T17:13:22.20286557Z,full-noncomp,2025-01-19T17:13:22.20286557Z,"{""participantKey"":""6704539fe462b87182866f14"",""STUDY_ID"":""678c2d577d5530210477d5fc"",""SESSION_ID"":""678d324e6d2ce66b54ca468d""}",2025-01-19T17:13:22.879259685Z
01JHZRXCEGNF6W4BJVDTPMPFCX,https://api.dicebear.com/8.x/rings/svg?seed=Minu,2025-01-19T17:18:50.605395517Z,1.650000,2025-01-19T17:54:33.668778538Z,game ended,2025-01-19T17:54:33.765306977Z,true,2025-01-19T17:55:06.681976803Z,"{""age"":""48"",""gender"":""female"",""strategy"":"""",""enjoy"":"""",""feedback"":"""",""education"":""master""}",2025-01-19T17:55:06.659312536Z,01JHZRP3F0Z4P858ET8CY7M67Z,2025-01-19T17:17:33.817047876Z,2,2025-01-19T17:14:41.037575271Z,true,2025-01-19T17:18:50.368635651Z,01JHZRP3F0Z4P858ET8CY7M67Z,2025-01-19T17:18:50.417336734Z,01JHZS62HF8R47GW7NTW40ZM1G,2025-01-19T17:18:50.417336734Z,Minu,2025-01-19T17:18:50.605395517Z,#444EA1,2025-01-19T17:18:50.605395517Z,01JHZRXAJCWKA283MW3G5C1WX5,2025-01-19T17:14:05.648820408Z,6725006b1128706bbaf567d4,2025-01-19T17:14:05.648820408Z,01JHZRW20PXE9B81HYW5TB042E,2025-01-19T17:18:50.605395517Z,,,matcher,2025-01-19T17:53:54.025293545Z,1.650000,2025-01-19T17:54:33.668778538Z,/avatars/red.png,2025-01-19T17:18:50.605395517Z,"{""contextSize"":4,""contextStructure"":""noncomp"",""feedbackDuration"":3,""maxTimeout"":5,""numRepetitionsWithPartner"":4,""playerCount"":2,""selectionDuration"":60,""showNegativeFeedback"":1}",2025-01-19T17:14:05.653801202Z,full-noncomp,2025-01-19T17:14:05.653801202Z,"{""participantKey"":""6725006b1128706bbaf567d4"",""STUDY_ID"":""678c2d577d5530210477d5fc"",""SESSION_ID"":""678d3249ca9035544555a4d1""}",2025-01-19T17:14:06.107085757Z
01JHZRSRR0JWYHD2N1QYH8M6W7,https://api.dicebear.com/8.x/rings/svg?seed=Repi,2025-01-19T17:21:02.430946597Z,1.470000,2025-01-19T17:59:10.955304257Z,game ended,2025-01-19T17:59:11.107658301Z,true,2025-01-19T18:00:13.158585271Z,"{""age"":""26"",""gender"":""Female"",""strategy"":""had to give simpler instructions"",""enjoy"":"""",""feedback"":"""",""education"":""bachelor""}",2025-01-19T18:00:13.134331287Z,01JHZRP4Y8PFKXMG440X4RZJCQ,2025-01-19T17:20:43.597675355Z,2,2025-01-19T17:13:58.075876473Z,true,2025-01-19T17:21:02.10515201Z,01JHZRP4Y8PFKXMG440X4RZJCQ,2025-01-19T17:21:02.138392263Z,01JHZSA35RTZS6NQWYWYFXR0VC,2025-01-19T17:21:02.138392263Z,Repi,2025-01-19T17:21:02.430946597Z,#29828D,2025-01-19T17:21:02.430946597Z,01JHZRSRCW3Z4BSA0KHHDF230R,2025-01-19T17:12:07.168399933Z,5a219133b4665b00011fd87a,2025-01-19T17:12:07.168399933Z,01JHZS0NSFPQ41H8JECP9374DQ,2025-01-19T17:21:02.430946597Z,,,director,2025-01-19T17:58:27.071225723Z,1.470000,2025-01-19T17:59:10.955304257Z,/avatars/blue.png,2025-01-19T17:21:02.430946597Z,"{""contextSize"":4,""contextStructure"":""noncomp"",""feedbackDuration"":3,""maxTimeout"":5,""numRepetitionsWithPartner"":4,""playerCount"":2,""selectionDuration"":60,""showNegativeFeedback"":1}",2025-01-19T17:12:07.172470522Z,full-noncomp,2025-01-19T17:12:07.172470522Z,"{""participantKey"":""5a219133b4665b00011fd87a"",""STUDY_ID"":""678c2d577d5530210477d5fc"",""SESSION_ID"":""678d324781e65f39b334b917""}",2025-01-19T17:12:07.353144009Z
