id,batchID,batchIDLastChangedAt,gameID,gameIDLastChangedAt,playerID,playerIDLastChangedAt
01JGMQW2TMKT366Z3KY8BY188D,01JGMPEKW1V97KK4X1VQTESBEP,2025-01-03T00:08:33.876784946Z,01JGMPEKWGHHVPTB7Y2D6260DM,2025-01-03T00:08:33.876784946Z,01JGMQJ4XXK6S05MGKMK1YV2FZ,2025-01-03T00:08:33.876784946Z
01JGMQWJXAW1FMFF3TMX1MXSYZ,01JGMPE57MXBQ4QHPBXP8PZ1NK,2025-01-03T00:08:50.346676441Z,01JGMPE587BR7N7WSVT2WDGBYZ,2025-01-03T00:08:50.346676441Z,01JGMQG4C69YM2PCB6S4AQP0MY,2025-01-03T00:08:50.346676441Z
01JGMR2GWTJC2H2VA4SA4KTGPR,01JGMPDZ376T9XHA8WCVV40Y2J,2025-01-03T00:12:04.891001332Z,01JGMPDZ43FFD9JRQ4A4DMTRA1,2025-01-03T00:12:04.891001332Z,01JGMQGH43JPF97JBRB7ERV7Y0,2025-01-03T00:12:04.891001332Z
01JGMRMKWT1E5RVWT01S5HVV49,01JGMPDZ376T9XHA8WCVV40Y2J,2025-01-03T00:21:57.786444862Z,01JGMPDZ42BSHFVYVY6M672P0G,2025-01-03T00:21:57.786444862Z,01JGMRH8V5KRAGH34CQ6RX81DS,2025-01-03T00:21:57.786444862Z
01JGMRXCXZ2Q5MQN4JHC0PCZAS,01JGMPDZ376T9XHA8WCVV40Y2J,2025-01-03T00:26:45.567361922Z,01JGMPDZ43FFD9JRQ4AJG1MR0F,2025-01-03T00:26:45.567361922Z,01JGMRS4R165EHN6VR9W1JT35B,2025-01-03T00:26:45.567361922Z
01JGMQN9NDD8P997M804SVXDBZ,01JGMPEKW1V97KK4X1VQTESBEP,2025-01-03T00:04:51.501628593Z,01JGMPEKWH8QMTD4WJEC8GZVHA,2025-01-03T00:04:51.501628593Z,01JGMQGPZBFPBPR8RRNHWD81EA,2025-01-03T00:04:51.501628593Z
01JGMQNFB4QZ8RD6F98SJQKE3N,01JGMPEKW1V97KK4X1VQTESBEP,2025-01-03T00:04:57.316224575Z,01JGMPEKWGHHVPTB7Y1WE4VE72,2025-01-03T00:04:57.316224575Z,01JGMQG1E0QCEHXYNRX23WD747,2025-01-03T00:04:57.316224575Z
01JGMQZ3NV7XG6QFDHQDSYRHQ7,01JGMPEGBWA2MPEFNSAW965NKY,2025-01-03T00:10:13.051864205Z,01JGMPEGCD0EX4TXSSNEY3A670,2025-01-03T00:10:13.051864205Z,01JGMQHGD1VY3YMYX1SRZDF4P2,2025-01-03T00:10:13.051864205Z
01JGMRMKWKT0CYBBD33GWV86TX,01JGMPDZ376T9XHA8WCVV40Y2J,2025-01-03T00:21:57.779322688Z,01JGMPDZ42BSHFVYVY6M672P0G,2025-01-03T00:21:57.779322688Z,01JGMQJ42PPSDJSC12K8X2G1ZT,2025-01-03T00:21:57.779322688Z
01JGMQWJXD4MAN1KXVG8FC48TR,01JGMPE57MXBQ4QHPBXP8PZ1NK,2025-01-03T00:08:50.349190742Z,01JGMPE587BR7N7WSVT2WDGBYZ,2025-01-03T00:08:50.349190742Z,01JGMQGFQMT0FM1WQB0GH5XYEB,2025-01-03T00:08:50.349190742Z
01JGMQZ3NZ39JQ0T9Y2K54M15J,01JGMPEGBWA2MPEFNSAW965NKY,2025-01-03T00:10:13.055219169Z,01JGMPEGCD0EX4TXSSNEY3A670,2025-01-03T00:10:13.055219169Z,01JGMQRP99CPYVH2GR0Y3QBAEC,2025-01-03T00:10:13.055219169Z
01JGMR2GWZR7YGTF0NS4HM1RZ5,01JGMPDZ376T9XHA8WCVV40Y2J,2025-01-03T00:12:04.895588146Z,01JGMPDZ43FFD9JRQ4A4DMTRA1,2025-01-03T00:12:04.895588146Z,01JGMQTDCNJ97HMMS04T3PJX4W,2025-01-03T00:12:04.895588146Z
01JGMR5ZJ2K57Q0SFEBRT626VJ,01JGMPEGBWA2MPEFNSAW965NKY,2025-01-03T00:13:58.210962034Z,01JGMPEGCD0EX4TXSSNR8YRX74,2025-01-03T00:13:58.210962034Z,01JGMQGNK9QXSGJ4S5SV1S4F5C,2025-01-03T00:13:58.210962034Z
01JGMR5ZJ7H631RKMDRZ0N4GET,01JGMPEGBWA2MPEFNSAW965NKY,2025-01-03T00:13:58.215800284Z,01JGMPEGCD0EX4TXSSNR8YRX74,2025-01-03T00:13:58.215800284Z,01JGMR1BVG17G9BSEFQKMNT6JZ,2025-01-03T00:13:58.215800284Z
01JGMR786YEC699Z9KD0QXPYCG,01JGMPE57MXBQ4QHPBXP8PZ1NK,2025-01-03T00:14:39.838225829Z,01JGMPE5881R3V1FHKJHHTTK7K,2025-01-03T00:14:39.838225829Z,01JGMQYJGYFT15GF82RNQ1RSY5,2025-01-03T00:14:39.838225829Z
01JGMQN9NDD8P997M80F7S0H7H,01JGMPEKW1V97KK4X1VQTESBEP,2025-01-03T00:04:51.501950673Z,01JGMPEKWH8QMTD4WJEC8GZVHA,2025-01-03T00:04:51.501950673Z,01JGMQH1FMA0SZ0ZMDHAFWQJ3A,2025-01-03T00:04:51.501950673Z
01JGMQNXTQ7PCDBFFZXA0M98BG,01JGMPEGBWA2MPEFNSAW965NKY,2025-01-03T00:05:12.151853753Z,01JGMPEGCCTMJ7086RP1QDWA0E,2025-01-03T00:05:12.151853753Z,01JGMQGY3640PH0M1EA7GVTRQJ,2025-01-03T00:05:12.151853753Z
01JGMRXCXNYWQMYP97EGQR6X28,01JGMPDZ376T9XHA8WCVV40Y2J,2025-01-03T00:26:45.55792675Z,01JGMPDZ43FFD9JRQ4AJG1MR0F,2025-01-03T00:26:45.55792675Z,01JGMQWE23QVFGNB9JWRF64CG4,2025-01-03T00:26:45.55792675Z
01JGMQW2TJRQE5C8609NJKKDSJ,01JGMPEKW1V97KK4X1VQTESBEP,2025-01-03T00:08:33.874880302Z,01JGMPEKWGHHVPTB7Y2D6260DM,2025-01-03T00:08:33.874880302Z,01JGMQG16VDRHX8E6H6D5KJQCM,2025-01-03T00:08:33.874880302Z
01JGMR786R6BY668EFZ1BXRGX5,01JGMPE57MXBQ4QHPBXP8PZ1NK,2025-01-03T00:14:39.832517711Z,01JGMPE5881R3V1FHKJHHTTK7K,2025-01-03T00:14:39.832517711Z,01JGMQVN9N493768F6VFVA1BXW,2025-01-03T00:14:39.832517711Z
01JGMQNFB4QZ8RD6F991AAP49F,01JGMPEKW1V97KK4X1VQTESBEP,2025-01-03T00:04:57.316971821Z,01JGMPEKWGHHVPTB7Y1WE4VE72,2025-01-03T00:04:57.316971821Z,01JGMQGPEY1GXAKW4XBP7WJQCG,2025-01-03T00:04:57.316971821Z
01JGMQNXTP57E395MG1DBZ8FDM,01JGMPEGBWA2MPEFNSAW965NKY,2025-01-03T00:05:12.150105039Z,01JGMPEGCCTMJ7086RP1QDWA0E,2025-01-03T00:05:12.150105039Z,01JGMQGTYAV3ABPWNRWXQAPZMH,2025-01-03T00:05:12.150105039Z
