id,batchID,batchIDLastChangedAt,gameID,gameIDLastChangedAt,playerID,playerIDLastChangedAt
01JH6EHXD0AYQFK4BAY88GB3D7,01JH6E12CCBPBZYDQZBF95Z414,2025-01-09T21:12:03.232456408Z,01JH6E12CYJK257E7E3RXVEBQK,2025-01-09T21:12:03.232456408Z,01JH6EDCRPMMP0TZSFS592H1YJ,2025-01-09T21:12:03.232456408Z
01JH6EJZPZ9WABWGTMBAP45VZ6,01JH6E1C20PAC5D5ERJBB6CQ26,2025-01-09T21:12:38.367573322Z,01JH6E1C2DWXZEMQ1NCYN91YQD,2025-01-09T21:12:38.367573322Z,01JH6EEWQ0Q2J1Q0MMCY4WDQ1Z,2025-01-09T21:12:38.367573322Z
01JH6EM4STMN42PYHWJQZ4QJ95,01JH6E12CCBPBZYDQZBF95Z414,2025-01-09T21:13:16.346081378Z,01JH6E12CWGXQF2B41B59YQN0N,2025-01-09T21:13:16.346081378Z,01JH6E73Q9S1WSVRTG8D0NXV7R,2025-01-09T21:13:16.346081378Z
01JH6EQTW8AGC3CG7AJJ213VGY,01JH6E1C20PAC5D5ERJBB6CQ26,2025-01-09T21:15:17.256656722Z,01JH6E1C2DWXZEMQ1NDGSW5GAF,2025-01-09T21:15:17.256656722Z,01JH6EEGR6R4XBJ3VBD2TA0FJ8,2025-01-09T21:15:17.256656722Z
01JH6EWB7E75FJYPEAY9P4DYQK,01JH6EG3TA5QYS5Z38HKNPBNV1,2025-01-09T21:17:45.07071724Z,01JH6EG3TRG27F1KB2P3FPC8N9,2025-01-09T21:17:45.07071724Z,01JH6EDGQKVEDJ8G0G9B8PJAAV,2025-01-09T21:17:45.07071724Z
01JH6F8CJDE7JPVSYAPA51YTF9,01JH6EG3TA5QYS5Z38HKNPBNV1,2025-01-09T21:24:19.661537752Z,01JH6EG3TSBYEJ9FEXT82YTFWY,2025-01-09T21:24:19.661537752Z,01JH6F574WP0SZKEN1DPSE22J9,2025-01-09T21:24:19.661537752Z
01JH6FKZMJF31TJYEET8HRYJYE,01JH6EQVBD3A04RXZSFH4GJKMN,2025-01-09T21:30:39.634058569Z,01JH6ER00DKQJP5DAGEN19MFQG,2025-01-09T21:30:39.634058569Z,01JH6EZPN85KA2D8RXSWEGW94Z,2025-01-09T21:30:39.634058569Z
01JH6EJZPY7PAD3VQXM598NZXV,01JH6E1C20PAC5D5ERJBB6CQ26,2025-01-09T21:12:38.366928383Z,01JH6E1C2DWXZEMQ1NCYN91YQD,2025-01-09T21:12:38.366928383Z,01JH6EE07RJH19M5EDFMA5E0K6,2025-01-09T21:12:38.366928383Z
01JH6EPJXBPKJSKRWA9EVSCHZB,01JH6E1C20PAC5D5ERJBB6CQ26,2025-01-09T21:14:36.331223501Z,01JH6E1C2BP6ZGXRXBA6P1DY1H,2025-01-09T21:14:36.331223501Z,01JH6EESMW57FWEFHKRVJSTWEF,2025-01-09T21:14:36.331223501Z
01JH6EQTW6AAE39ZZFSGJ6JXQ7,01JH6E1C20PAC5D5ERJBB6CQ26,2025-01-09T21:15:17.254623163Z,01JH6E1C2DWXZEMQ1NDGSW5GAF,2025-01-09T21:15:17.254623163Z,01JH6ECDF9X659VR9CMKP04EW8,2025-01-09T21:15:17.254623163Z
01JH6F8CJ95Y9F8V8SAW9W3R00,01JH6EG3TA5QYS5Z38HKNPBNV1,2025-01-09T21:24:19.657500156Z,01JH6EG3TSBYEJ9FEXT82YTFWY,2025-01-09T21:24:19.657500156Z,01JH6EEC3WABBJNBJCT7B0GK4K,2025-01-09T21:24:19.657500156Z
01JH6EFPF5KJD2TJDWQ87SSENW,01JH6E12CCBPBZYDQZBF95Z414,2025-01-09T21:10:50.597276075Z,01JH6E12CYJK257E7E3BVNY8KC,2025-01-09T21:10:50.597276075Z,01JH6E9N7GMFHE539DP5PKP7GT,2025-01-09T21:10:50.597276075Z
01JH6EM4STMN42PYHWJZZSP6ZC,01JH6E12CCBPBZYDQZBF95Z414,2025-01-09T21:13:16.34683216Z,01JH6E12CWGXQF2B41B59YQN0N,2025-01-09T21:13:16.34683216Z,01JH6EFSJBEHY9TA4782TSSNX7,2025-01-09T21:13:16.34683216Z
01JH6EPJX909EKW0D400Q2F14G,01JH6E1C20PAC5D5ERJBB6CQ26,2025-01-09T21:14:36.329837524Z,01JH6E1C2BP6ZGXRXBA6P1DY1H,2025-01-09T21:14:36.329837524Z,01JH6EC4K4M4WYP4PHMWA4Z0JD,2025-01-09T21:14:36.329837524Z
01JH6EWB7BF7GRCYJQHSSYKXTC,01JH6EG3TA5QYS5Z38HKNPBNV1,2025-01-09T21:17:45.06740364Z,01JH6EG3TRG27F1KB2P3FPC8N9,2025-01-09T21:17:45.06740364Z,01JH6EAX5D301ENHVSXMDYQFXD,2025-01-09T21:17:45.06740364Z
01JH6FKZMPD71MEN4HH41X6Z5D,01JH6EQVBD3A04RXZSFH4GJKMN,2025-01-09T21:30:39.638987399Z,01JH6ER00DKQJP5DAGEN19MFQG,2025-01-09T21:30:39.638987399Z,01JH6FEQ42SHBZQ2JTT8M0D7AY,2025-01-09T21:30:39.638987399Z
01JH6EFPF5KJD2TJDWQE9R25G1,01JH6E12CCBPBZYDQZBF95Z414,2025-01-09T21:10:50.597494161Z,01JH6E12CYJK257E7E3BVNY8KC,2025-01-09T21:10:50.597494161Z,01JH6EAE9YQ1PSVJ4DGM6PTES5,2025-01-09T21:10:50.597494161Z
01JH6EHXCZRRKBT3JVM8W6FSMY,01JH6E12CCBPBZYDQZBF95Z414,2025-01-09T21:12:03.231928477Z,01JH6E12CYJK257E7E3RXVEBQK,2025-01-09T21:12:03.231928477Z,01JH6ECEK8H3EYT02YS5JT51JA,2025-01-09T21:12:03.231928477Z
01JH6F1C7N4C3TT5EKGBCKHQ5T,01JH6EG3TA5QYS5Z38HKNPBNV1,2025-01-09T21:20:29.941508983Z,01JH6EG3TQ8S1K1RV6SD3SZ300,2025-01-09T21:20:29.941508983Z,01JH6END8AY64F01KZ0D9HPJTX,2025-01-09T21:20:29.941508983Z
01JH6F1C7R741027GDKQWRCNWJ,01JH6EG3TA5QYS5Z38HKNPBNV1,2025-01-09T21:20:29.94411238Z,01JH6EG3TQ8S1K1RV6SD3SZ300,2025-01-09T21:20:29.94411238Z,01JH6ERVZCNV0ZX1CZCZJPRDM6,2025-01-09T21:20:29.94411238Z
