setId,max_similarity,n_flagged_images,has_training_clash,worst_cell,worst_label,worst_image,found
2,0.7655,1,FALSE,novel_combination,A1,10_15.png,2026-09-09
4,0.8017,1,FALSE,entirely_held_out,J10,373_282.png,2026-09-09
6,0.8274,1,TRUE,training,A4,275_153.png,2026-09-09
9,0.8353,1,FALSE,entirely_held_out,J10,253_254.png,2026-09-09
10,0.7964,2,TRUE,familiar_top_novel_bottom,D8,382_270.png,2026-09-09
11,0.7625,1,TRUE,training,A2,316_392.png,2026-09-09
12,0.7533,1,TRUE,training,A4,72_275.png,2026-09-09
13,0.7742,2,FALSE,novel_top_familiar_bottom,E1,277_142.png,2026-09-09
15,0.8449,1,TRUE,training,A3,52_17.png,2026-09-09
17,0.7561,1,TRUE,training,C2,0_1.png,2026-09-09
21,0.7971,1,FALSE,entirely_held_out,L12,273_72.png,2026-09-09
27,0.7659,1,FALSE,novel_combination,B2,362_187.png,2026-09-09
29,0.8248,1,TRUE,training,D1,225_431.png,2026-09-09
33,0.8263,1,FALSE,novel_top_familiar_bottom,H4,387_253.png,2026-09-09
52,0.8041,1,FALSE,novel_combination,B2,312_316.png,2026-09-09
56,0.7699,1,FALSE,familiar_top_novel_bottom,D8,211_288.png,2026-09-09
61,0.7585,1,TRUE,training,C1,137_446.png,2026-09-09
62,0.7598,1,FALSE,novel_combination,B2,451_452.png,2026-09-09
65,0.7859,2,TRUE,novel_top_familiar_bottom,E1,20_15.png,2026-09-09
88,0.8204,1,FALSE,novel_combination,D4,59_464.png,2026-09-09
99,0.8006,1,TRUE,training,D2,70_78.png,2026-09-09
108,0.7776,1,FALSE,novel_combination,B2,368_138.png,2026-09-09
113,0.8083,1,FALSE,familiar_top_novel_bottom,D8,192_108.png,2026-09-09
115,0.8011,1,TRUE,training,C2,450_298.png,2026-09-09
122,0.7669,1,FALSE,novel_combination,B2,157_301.png,2026-09-09
132,0.7550,1,FALSE,familiar_top_novel_bottom,D8,59_387.png,2026-09-09
141,0.8304,1,TRUE,training,D1,2_73.png,2026-09-09
145,0.7935,1,TRUE,training,D3,294_321.png,2026-09-09
146,0.8625,1,TRUE,training,A3,333_207.png,2026-09-09
148,0.7625,1,TRUE,training,C2,392_316.png,2026-09-09
150,0.7861,1,FALSE,novel_top_familiar_bottom,E1,101_329.png,2026-09-09
151,0.7687,1,FALSE,novel_top_familiar_bottom,G3,51_223.png,2026-09-09
159,0.8345,1,TRUE,training,A3,207_312.png,2026-09-09
186,0.7520,1,TRUE,training,C4,199_227.png,2026-09-09
187,0.8038,1,FALSE,novel_combination,A1,53_401.png,2026-09-09
190,0.7600,1,FALSE,novel_combination,D4,377_202.png,2026-09-09
194,0.8006,1,TRUE,training,A4,70_78.png,2026-09-09
195,0.7730,1,FALSE,novel_combination,C3,159_247.png,2026-09-09
197,0.8101,1,FALSE,novel_top_familiar_bottom,H4,192_208.png,2026-09-09
203,0.7833,2,TRUE,training,B3,72_247.png,2026-09-09
209,0.7889,1,FALSE,entirely_held_out,L12,231_343.png,2026-09-09
219,0.7782,1,FALSE,novel_top_familiar_bottom,F2,344_56.png,2026-09-09
230,0.8625,1,FALSE,novel_combination,B2,156_144.png,2026-09-09
231,0.8070,1,TRUE,training,C1,68_142.png,2026-09-09
236,0.7929,1,FALSE,novel_top_familiar_bottom,E1,313_284.png,2026-09-09
240,0.7671,2,FALSE,familiar_top_novel_bottom,A5,465_204.png,2026-09-09
243,0.7869,1,TRUE,training,C1,277_65.png,2026-09-09
254,0.7527,1,FALSE,novel_top_familiar_bottom,E1,329_20.png,2026-09-09
257,0.7579,1,TRUE,training,B4,229_321.png,2026-09-09
267,0.7898,1,TRUE,training,D1,75_464.png,2026-09-09
269,0.8840,2,TRUE,familiar_top_novel_bottom,B6,54_212.png,2026-09-09
284,0.8744,1,FALSE,entirely_held_out,J10,43_27.png,2026-09-09
288,0.7730,1,FALSE,novel_combination,A1,146_42.png,2026-09-09
292,0.7553,1,TRUE,training,A2,429_104.png,2026-09-09
293,0.7697,1,FALSE,novel_top_familiar_bottom,E1,14_11.png,2026-09-09
295,0.7862,1,TRUE,training,A3,120_121.png,2026-09-09
299,0.7730,1,TRUE,training,C1,247_159.png,2026-09-09
311,0.8709,1,FALSE,novel_combination,D4,134_137.png,2026-09-09
315,0.7697,1,FALSE,novel_top_familiar_bottom,H4,11_14.png,2026-09-09
318,0.7603,1,FALSE,novel_top_familiar_bottom,E1,163_170.png,2026-09-09
323,0.7575,1,TRUE,training,B1,15_61.png,2026-09-09
330,0.7772,1,FALSE,novel_top_familiar_bottom,G3,462_322.png,2026-09-09
331,0.7729,1,FALSE,novel_combination,D4,365_357.png,2026-09-09
332,0.8064,1,FALSE,familiar_top_novel_bottom,D8,90_113.png,2026-09-09
343,0.8150,1,FALSE,novel_combination,B2,131_142.png,2026-09-09
348,0.7981,1,FALSE,entirely_held_out,L12,466_59.png,2026-09-09
355,0.7628,1,FALSE,entirely_held_out,K11,87_404.png,2026-09-09
356,0.7522,1,FALSE,novel_combination,A1,59_28.png,2026-09-09
364,0.7697,1,FALSE,entirely_held_out,K11,11_14.png,2026-09-09
365,0.7775,1,TRUE,training,C2,341_140.png,2026-09-09
367,0.7718,1,TRUE,training,B1,178_107.png,2026-09-09
371,0.7733,1,TRUE,training,D2,205_89.png,2026-09-09
372,0.7641,1,TRUE,training,B3,71_35.png,2026-09-09
373,0.7624,1,TRUE,training,B3,393_137.png,2026-09-09
374,0.7571,1,FALSE,entirely_held_out,I9,225_416.png,2026-09-09
376,0.8288,1,TRUE,training,B4,453_114.png,2026-09-09
389,0.8232,2,FALSE,familiar_top_novel_bottom,A5,460_76.png,2026-09-09
401,0.8271,2,TRUE,training,B3,135_134.png,2026-09-09
404,0.8025,1,FALSE,entirely_held_out,K11,209_401.png,2026-09-09
407,0.7549,1,TRUE,training,B1,84_27.png,2026-09-09
415,0.7530,1,TRUE,training,B4,253_70.png,2026-09-09
416,0.8175,1,FALSE,entirely_held_out,K11,48_65.png,2026-09-09
418,0.7699,1,FALSE,entirely_held_out,L12,288_211.png,2026-09-09
419,0.7718,1,FALSE,familiar_top_novel_bottom,A5,107_178.png,2026-09-09
421,0.8135,1,TRUE,training,C4,135_137.png,2026-09-09
425,0.7518,1,FALSE,familiar_top_novel_bottom,A5,59_388.png,2026-09-09
426,0.8093,1,TRUE,training,B1,275_273.png,2026-09-09
428,0.8083,1,FALSE,familiar_top_novel_bottom,C7,201_160.png,2026-09-09
431,0.8595,1,TRUE,training,A4,423_236.png,2026-09-09
439,0.8088,1,TRUE,training,A2,414_411.png,2026-09-09
442,0.8053,1,TRUE,training,A3,316_333.png,2026-09-09
447,0.7524,1,FALSE,novel_combination,C3,274_317.png,2026-09-09
453,0.8043,1,FALSE,familiar_top_novel_bottom,D8,77_160.png,2026-09-09
465,0.8255,3,TRUE,entirely_held_out,I9,60_50.png,2026-09-09
466,0.9639,1,FALSE,entirely_held_out,K11,246_300.png,2026-09-09
472,0.7730,1,TRUE,training,B1,42_146.png,2026-09-09
475,0.7528,1,FALSE,entirely_held_out,J10,160_278.png,2026-09-09
489,0.7539,1,FALSE,familiar_top_novel_bottom,B6,309_286.png,2026-09-09
495,0.8101,1,FALSE,novel_combination,C3,208_192.png,2026-09-09
