,mean_similarity,min_similarity,max_similarity,median_similarity,set_id,set_type
0,0.32014229893684387,-0.05488373339176178,0.6334546208381653,0.3383442759513855,0,noncomp
1,0.2850485146045685,0.0032415110617876053,0.5641219615936279,0.29111558198928833,1,noncomp
2,0.2693546414375305,0.04321466386318207,0.6145631074905396,0.2689058482646942,2,noncomp
3,0.2591943144798279,-0.019307274371385574,0.6706990599632263,0.2509276866912842,3,noncomp
4,0.21279682219028473,-0.052312057465314865,0.6030263900756836,0.19620299339294434,4,noncomp
5,0.26820480823516846,-0.08052141219377518,0.6055552363395691,0.27297544479370117,5,noncomp
6,0.22641690075397491,-0.051279470324516296,0.572795569896698,0.2221064567565918,6,noncomp
7,0.28015145659446716,0.047688767313957214,0.6166057586669922,0.2848880887031555,7,noncomp
8,0.21986418962478638,-0.04659847915172577,0.5967890620231628,0.21509458124637604,8,noncomp
9,0.20899301767349243,-0.0668194591999054,0.5508949756622314,0.21425291895866394,9,noncomp
10,0.2397497445344925,-0.061116963624954224,0.5916534662246704,0.23736265301704407,10,noncomp
11,0.31004250049591064,-0.00012134574353694916,0.6319156885147095,0.3132752478122711,11,noncomp
12,0.27142536640167236,-0.06790447235107422,0.5665706396102905,0.2677364647388458,12,noncomp
13,0.2560652494430542,-0.024080004543066025,0.6123089790344238,0.22259211540222168,13,noncomp
14,0.2556697130203247,-0.08111824095249176,0.6570058465003967,0.2517089545726776,14,noncomp
15,0.263534277677536,-0.003556552343070507,0.4961499571800232,0.258532851934433,15,noncomp
16,0.2694958746433258,-0.024352071806788445,0.6020057201385498,0.2617979943752289,16,noncomp
17,0.28333523869514465,0.03846381977200508,0.7014275789260864,0.28409531712532043,17,noncomp
18,0.26092711091041565,-0.028873827308416367,0.5710694193840027,0.24340741336345673,18,noncomp
19,0.3079530596733093,0.03866199031472206,0.6042211651802063,0.29472455382347107,19,noncomp
20,0.24170880019664764,-0.04771215096116066,0.5928844809532166,0.23465496301651,20,noncomp
21,0.22224803268909454,-0.05942364037036896,0.6625820398330688,0.20903584361076355,21,noncomp
22,0.2744389772415161,-0.05873022973537445,0.5745803117752075,0.27653220295906067,22,noncomp
23,0.24043609201908112,0.003134398953989148,0.5448952913284302,0.23802430927753448,23,noncomp
24,0.24815696477890015,-0.05390441045165062,0.5668022632598877,0.25102826952934265,24,noncomp
25,0.2766415476799011,0.07188175618648529,0.5720455646514893,0.28193867206573486,25,noncomp
26,0.2561362087726593,-0.016875673085451126,0.6655435562133789,0.23484531044960022,26,noncomp
27,0.30764591693878174,0.023647230118513107,0.6441957950592041,0.3009258806705475,27,noncomp
28,0.2602632939815521,-0.004194381646811962,0.5715073347091675,0.25794097781181335,28,noncomp
29,0.2681514024734497,0.033554673194885254,0.6505995988845825,0.2649465799331665,29,noncomp
30,0.25553470849990845,-0.06567967683076859,0.6560652256011963,0.24615246057510376,30,noncomp
31,0.2547634541988373,-0.022439582273364067,0.6475253105163574,0.24319808185100555,31,noncomp
32,0.2626861035823822,0.025066237896680832,0.653910219669342,0.2538556456565857,32,noncomp
33,0.2089790403842926,-0.015566809102892876,0.5544324517250061,0.18582120537757874,33,noncomp
34,0.2643870413303375,-0.006681743543595076,0.5204597115516663,0.2624943256378174,34,noncomp
35,0.25141075253486633,0.003864954924210906,0.5065246224403381,0.2480381429195404,35,noncomp
36,0.2491052895784378,-0.034120142459869385,0.5091614723205566,0.2583138048648834,36,noncomp
37,0.29206371307373047,0.014087183400988579,0.6494988203048706,0.293001264333725,37,noncomp
38,0.2462073117494583,0.0020581246353685856,0.525443971157074,0.2529531419277191,38,noncomp
39,0.2462756633758545,-0.020446762442588806,0.5322856903076172,0.24258257448673248,39,noncomp
40,0.2510446310043335,0.0295284241437912,0.5034230947494507,0.24967248737812042,40,noncomp
41,0.20316579937934875,-0.016143260523676872,0.5849432945251465,0.18319439888000488,41,noncomp
42,0.32871827483177185,0.013915187679231167,0.7300753593444824,0.3162647485733032,42,noncomp
43,0.29443100094795227,0.012498901225626469,0.7654263377189636,0.2880513072013855,43,noncomp
44,0.2466370314359665,0.0058549148961901665,0.5769972801208496,0.2454739212989807,44,noncomp
45,0.24759851396083832,-0.03651547431945801,0.6055550575256348,0.24273785948753357,45,noncomp
46,0.27464061975479126,-0.0038820747286081314,0.6217522621154785,0.25986286997795105,46,noncomp
47,0.23919299244880676,-0.05190398544073105,0.5982455015182495,0.23519042134284973,47,noncomp
48,0.25165146589279175,-0.05031701549887657,0.5975950956344604,0.25038260221481323,48,noncomp
49,0.283101886510849,-0.0487394705414772,0.5304423570632935,0.2799559235572815,49,noncomp
50,0.24407583475112915,0.022355778142809868,0.568124532699585,0.24095815420150757,50,noncomp
51,0.2998107075691223,0.012484563514590263,0.7318835258483887,0.2931322455406189,51,noncomp
52,0.2833995819091797,0.0510578453540802,0.6170101165771484,0.2740682065486908,52,noncomp
53,0.2641252875328064,-0.011536208912730217,0.5566827058792114,0.25830429792404175,53,noncomp
54,0.3036905527114868,0.06630703806877136,0.6684952974319458,0.3023800551891327,54,noncomp
55,0.2321348488330841,-0.09410546720027924,0.5428367853164673,0.21286949515342712,55,noncomp
56,0.23872999846935272,-0.0431264229118824,0.5253404378890991,0.2414747178554535,56,noncomp
57,0.2802315354347229,-0.02692417800426483,0.6097189784049988,0.28092917799949646,57,noncomp
58,0.2796715497970581,-0.030108051374554634,0.6454938650131226,0.29160648584365845,58,noncomp
59,0.24977737665176392,-0.10378999263048172,0.5674834251403809,0.2448003590106964,59,noncomp
60,0.2963518798351288,0.010443400591611862,0.5505527853965759,0.3052745759487152,60,noncomp
61,0.25433939695358276,-0.08198291808366776,0.6277270317077637,0.23093676567077637,61,noncomp
62,0.2981913685798645,0.07128521800041199,0.5966454744338989,0.297595351934433,62,noncomp
63,0.22991366684436798,-0.05497364327311516,0.6257419586181641,0.20019058883190155,63,noncomp
64,0.25468990206718445,0.010990004986524582,0.65857994556427,0.2591885030269623,64,noncomp
65,0.3282511830329895,0.06587754189968109,0.702722430229187,0.3057689368724823,65,noncomp
66,0.26592567563056946,-0.027665648609399796,0.6242001056671143,0.2753066420555115,66,noncomp
67,0.25762128829956055,0.006144411396235228,0.5387109518051147,0.25574102997779846,67,noncomp
68,0.2679715156555176,0.026116061955690384,0.6956644058227539,0.23664404451847076,68,noncomp
69,0.27421149611473083,0.001159385428763926,0.6408437490463257,0.2822325527667999,69,noncomp
70,0.2406676560640335,-0.0943690687417984,0.5482275485992432,0.24078135192394257,70,noncomp
71,0.24445705115795135,-0.06322198361158371,0.7508326768875122,0.2313150018453598,71,noncomp
72,0.26009467244148254,-0.12782500684261322,0.5778778791427612,0.25838029384613037,72,noncomp
73,0.28015363216400146,0.020573604851961136,0.715487003326416,0.27063536643981934,73,noncomp
74,0.2358836978673935,-0.12366944551467896,0.5623306035995483,0.23516520857810974,74,noncomp
75,0.26632848381996155,0.021171601489186287,0.6296567320823669,0.23793888092041016,75,noncomp
76,0.362205445766449,0.09269464015960693,0.6072487831115723,0.3715968728065491,76,noncomp
77,0.27788791060447693,-0.07114788889884949,0.6630439162254333,0.28542694449424744,77,noncomp
78,0.21870899200439453,-0.07447454333305359,0.5406079888343811,0.2213532030582428,78,noncomp
79,0.3044973611831665,0.013949715532362461,0.5639129877090454,0.3104833960533142,79,noncomp
80,0.237262561917305,-0.0004718080163002014,0.5826128125190735,0.23844513297080994,80,noncomp
81,0.2598534822463989,0.006209695711731911,0.5747298002243042,0.2575840651988983,81,noncomp
82,0.29159799218177795,-0.06715292483568192,0.7202281951904297,0.28793513774871826,82,noncomp
83,0.23166412115097046,0.027540860697627068,0.5628322958946228,0.2018376588821411,83,noncomp
84,0.2673797011375427,-0.06353067606687546,0.6563125252723694,0.2748355269432068,84,noncomp
85,0.26273858547210693,-0.02000410668551922,0.5194290280342102,0.2367555797100067,85,noncomp
86,0.2583499550819397,-0.04618455469608307,0.5570454597473145,0.25175559520721436,86,noncomp
87,0.34511837363243103,0.13500522077083588,0.6412850618362427,0.3301689624786377,87,noncomp
88,0.2597845792770386,0.009883098304271698,0.5959689617156982,0.26426833868026733,88,noncomp
89,0.30813804268836975,0.03133942186832428,0.6609402894973755,0.29629895091056824,89,noncomp
90,0.29544490575790405,0.06359581649303436,0.5867919921875,0.2899528741836548,90,noncomp
91,0.22395750880241394,-0.06969210505485535,0.6384422779083252,0.21545812487602234,91,noncomp
92,0.2567481994628906,0.01995714195072651,0.5448083877563477,0.2538660764694214,92,noncomp
93,0.2917715013027191,-0.08394314348697662,0.635627031326294,0.2918429970741272,93,noncomp
94,0.25202348828315735,-0.0976310670375824,0.6283754110336304,0.2500138580799103,94,noncomp
95,0.36202624440193176,0.059795934706926346,0.6217311024665833,0.36038073897361755,95,noncomp
96,0.24573519825935364,-0.08335117995738983,0.6158918738365173,0.22821356356143951,96,noncomp
97,0.29159414768218994,0.06693857163190842,0.5437343120574951,0.2720196843147278,97,noncomp
98,0.2860254645347595,0.0702175572514534,0.6840860247612,0.25657427310943604,98,noncomp
99,0.253521591424942,-0.04340735822916031,0.6704444885253906,0.25706765055656433,99,noncomp
100,0.2503156065940857,0.016843978315591812,0.6014341711997986,0.24043187499046326,100,noncomp
101,0.2408793568611145,-0.06920243799686432,0.6045640707015991,0.23129048943519592,101,noncomp
102,0.28778424859046936,0.08062051236629486,0.6183788776397705,0.2798774838447571,102,noncomp
103,0.2876855432987213,-0.031319960951805115,0.6322614550590515,0.2771415710449219,103,noncomp
104,0.30549442768096924,-0.07182858884334564,0.6403161883354187,0.32201623916625977,104,noncomp
105,0.24186499416828156,0.030540384352207184,0.704215943813324,0.20928572118282318,105,noncomp
106,0.27985307574272156,-0.057278938591480255,0.6030508875846863,0.2645965814590454,106,noncomp
107,0.27516376972198486,-0.0343223474919796,0.594565749168396,0.27054286003112793,107,noncomp
108,0.2912581264972687,0.03807000070810318,0.59971022605896,0.2889291048049927,108,noncomp
109,0.34454208612442017,0.00362497940659523,0.7086864113807678,0.3546987771987915,109,noncomp
110,0.2633131146430969,0.02811489999294281,0.5262273550033569,0.25613775849342346,110,noncomp
111,0.23655575513839722,-0.04443809762597084,0.522662878036499,0.22837693989276886,111,noncomp
112,0.20878218114376068,-0.024055862799286842,0.5204874873161316,0.19385826587677002,112,noncomp
113,0.2614968419075012,0.04052960127592087,0.7488449215888977,0.2337750792503357,113,noncomp
114,0.3107061982154846,0.02043137140572071,0.591530442237854,0.31643423438072205,114,noncomp
115,0.2291695773601532,-0.04590865224599838,0.6018396615982056,0.22570613026618958,115,noncomp
116,0.27353477478027344,0.05489354953169823,0.5854287147521973,0.25722116231918335,116,noncomp
117,0.3125777840614319,0.04418063908815384,0.6361794471740723,0.31592875719070435,117,noncomp
118,0.2577301859855652,0.0027600713074207306,0.6127264499664307,0.2450667917728424,118,noncomp
119,0.2897767722606659,-0.027762532234191895,0.6686742901802063,0.30225345492362976,119,noncomp
120,0.28119829297065735,-0.003711249213665724,0.5634665489196777,0.2852690517902374,120,noncomp
121,0.24828961491584778,0.011905218474566936,0.5664221048355103,0.2466554343700409,121,noncomp
122,0.24265900254249573,0.0010616141371428967,0.5315043926239014,0.23289915919303894,122,noncomp
123,0.3034152090549469,0.04185464233160019,0.5538775324821472,0.29660871624946594,123,noncomp
124,0.30888012051582336,0.01674937643110752,0.6232924461364746,0.3055155277252197,124,noncomp
125,0.2245936542749405,-0.05075052008032799,0.6330204606056213,0.20511749386787415,125,noncomp
126,0.29786571860313416,-0.0008653998374938965,0.6071473360061646,0.28347164392471313,126,noncomp
127,0.2745584547519684,0.021827708929777145,0.594761073589325,0.2596116065979004,127,noncomp
128,0.2548620402812958,0.016157623380422592,0.5019506216049194,0.25779858231544495,128,noncomp
129,0.2913900315761566,-0.03712617605924606,0.6660945415496826,0.29634201526641846,129,noncomp
130,0.26527687907218933,-0.0540597103536129,0.6571215391159058,0.26744285225868225,130,noncomp
131,0.22602573037147522,-0.03769499436020851,0.6521643400192261,0.20471760630607605,131,noncomp
132,0.30289945006370544,0.018291940912604332,0.6312639117240906,0.3097216486930847,132,noncomp
133,0.2995997965335846,0.07060465216636658,0.5912814140319824,0.29231807589530945,133,noncomp
134,0.28886497020721436,-0.027341071516275406,0.6538369059562683,0.2743055820465088,134,noncomp
135,0.282564252614975,0.04515576735138893,0.6436398029327393,0.2668912410736084,135,noncomp
136,0.2528339922428131,-0.027199897915124893,0.5680707097053528,0.25561872124671936,136,noncomp
137,0.3194607198238373,0.030404623597860336,0.7129744291305542,0.3089147210121155,137,noncomp
138,0.290953129529953,0.030398108065128326,0.517561674118042,0.290161669254303,138,noncomp
139,0.2726120352745056,-0.031123394146561623,0.6687023639678955,0.2576516270637512,139,noncomp
140,0.2395620048046112,-0.015629107132554054,0.5699237585067749,0.24254602193832397,140,noncomp
141,0.22558832168579102,-0.014176435768604279,0.6162471771240234,0.21704575419425964,141,noncomp
142,0.2444125860929489,-0.07086007297039032,0.535584032535553,0.2402961552143097,142,noncomp
143,0.27549365162849426,-0.01612319052219391,0.517179548740387,0.2805420160293579,143,noncomp
144,0.2799649238586426,-0.0021165702491998672,0.5903403162956238,0.28440621495246887,144,noncomp
145,0.2828488349914551,0.03219418227672577,0.578283965587616,0.28925663232803345,145,noncomp
146,0.28871747851371765,-0.02886461280286312,0.6062502264976501,0.2805744707584381,146,noncomp
147,0.25652581453323364,-0.06179182603955269,0.6412335634231567,0.24681809544563293,147,noncomp
148,0.2685970962047577,-0.0862610712647438,0.5398373007774353,0.25920429825782776,148,noncomp
149,0.28442350029945374,-0.11350932717323303,0.5889378190040588,0.2922942042350769,149,noncomp
150,0.2323431521654129,-0.0842980295419693,0.6124749779701233,0.23261409997940063,150,noncomp
151,0.30440670251846313,0.031039845198392868,0.6386564373970032,0.3007798492908478,151,noncomp
152,0.25013425946235657,-0.06548317521810532,0.573722243309021,0.25584959983825684,152,noncomp
153,0.2832152545452118,0.027409665286540985,0.6315358281135559,0.24842025339603424,153,noncomp
154,0.24372762441635132,-0.08908506482839584,0.5768578052520752,0.24140134453773499,154,noncomp
155,0.29510578513145447,0.051583852618932724,0.6609789133071899,0.2843557894229889,155,noncomp
156,0.3184255063533783,0.05450819432735443,0.6401975750923157,0.311978816986084,156,noncomp
157,0.24937023222446442,0.014341073110699654,0.548109233379364,0.22778302431106567,157,noncomp
158,0.229713574051857,-0.05183417722582817,0.6844168901443481,0.2141329050064087,158,noncomp
159,0.28246891498565674,-0.0054461597464978695,0.6111406683921814,0.2806346118450165,159,noncomp
160,0.2764342725276947,-0.04626652970910072,0.5969564914703369,0.27446842193603516,160,noncomp
161,0.26653653383255005,-0.01867900975048542,0.5927091240882874,0.2574635446071625,161,noncomp
162,0.2917135953903198,-0.01966017298400402,0.6627084612846375,0.2875375747680664,162,noncomp
163,0.26909974217414856,-0.09045298397541046,0.6979551911354065,0.2685341238975525,163,noncomp
164,0.22699013352394104,0.0019825194031000137,0.4811425805091858,0.2287166863679886,164,noncomp
165,0.29125556349754333,0.013207999989390373,0.5840885639190674,0.2919456958770752,165,noncomp
166,0.2634694278240204,-0.0885135754942894,0.6578664779663086,0.27295926213264465,166,noncomp
167,0.2552643418312073,-0.08141645789146423,0.6908639669418335,0.23510560393333435,167,noncomp
168,0.3181386888027191,0.04695470258593559,0.6062440276145935,0.3121855854988098,168,noncomp
169,0.27461329102516174,-0.009786756709218025,0.7526931166648865,0.26270633935928345,169,noncomp
170,0.2505899667739868,-0.015291674062609673,0.6072528958320618,0.24066072702407837,170,noncomp
171,0.2740029990673065,-0.04589857533574104,0.5805647969245911,0.2609380781650543,171,noncomp
172,0.2812311053276062,0.0069440025836229324,0.6955207586288452,0.2783345580101013,172,noncomp
173,0.33055296540260315,0.062045447528362274,0.630850613117218,0.3348434567451477,173,noncomp
174,0.28882429003715515,-0.0014053136110305786,0.632602334022522,0.2857048511505127,174,noncomp
175,0.2718731164932251,-0.00600602850317955,0.6310569643974304,0.2671496868133545,175,noncomp
176,0.34864693880081177,0.06460317969322205,0.6820468306541443,0.34341272711753845,176,noncomp
177,0.2492276281118393,-0.03235797956585884,0.5770451426506042,0.23852701485157013,177,noncomp
178,0.24175933003425598,-0.10111664980649948,0.5047575235366821,0.2344527542591095,178,noncomp
179,0.29315251111984253,0.014176350086927414,0.5335245728492737,0.2806370258331299,179,noncomp
180,0.2575661540031433,-0.03200993686914444,0.6392350196838379,0.24476413428783417,180,noncomp
181,0.3251459002494812,0.0919729471206665,0.625495195388794,0.31577539443969727,181,noncomp
182,0.25882092118263245,-0.020317064598202705,0.6165446639060974,0.2423970103263855,182,noncomp
183,0.30558884143829346,0.01987553760409355,0.6196529865264893,0.3032141327857971,183,noncomp
184,0.2888527810573578,0.02936040237545967,0.5465947389602661,0.2926884591579437,184,noncomp
185,0.272760808467865,0.015230197459459305,0.6732923984527588,0.268358051776886,185,noncomp
186,0.2822974622249603,0.036512862890958786,0.5438433885574341,0.24998359382152557,186,noncomp
187,0.28618067502975464,-0.03309861943125725,0.7047690153121948,0.2970448136329651,187,noncomp
188,0.27407148480415344,-0.021723710000514984,0.5529564023017883,0.26673901081085205,188,noncomp
189,0.25424620509147644,-0.01619700714945793,0.5496999025344849,0.248271644115448,189,noncomp
190,0.28262239694595337,-0.008699766360223293,0.5521330237388611,0.2846352458000183,190,noncomp
191,0.26404187083244324,0.004630085546523333,0.6035999059677124,0.26148632168769836,191,noncomp
192,0.2658153176307678,-0.021452490240335464,0.629944384098053,0.2556034028530121,192,noncomp
193,0.28289684653282166,0.010920176282525063,0.6307864189147949,0.2786000370979309,193,noncomp
194,0.25170478224754333,-0.034008756279945374,0.584409236907959,0.25578773021698,194,noncomp
195,0.27548471093177795,-0.020520316436886787,0.6478179097175598,0.2627980709075928,195,noncomp
196,0.28951409459114075,-0.004943357780575752,0.5504715442657471,0.29785972833633423,196,noncomp
197,0.2686973214149475,-0.030937284231185913,0.6563655734062195,0.2549017369747162,197,noncomp
198,0.2327698916196823,-0.0390625037252903,0.6021637916564941,0.22067373991012573,198,noncomp
199,0.2508331537246704,0.006629221141338348,0.5325776934623718,0.23873595893383026,199,noncomp
200,0.28490927815437317,-0.020940784364938736,0.5697603821754456,0.2774021327495575,200,noncomp
201,0.2628091275691986,-0.028383968397974968,0.6372900009155273,0.25951871275901794,201,noncomp
202,0.24926038086414337,-0.09852895140647888,0.6048086881637573,0.24064359068870544,202,noncomp
203,0.23631645739078522,-0.054559361189603806,0.6765920519828796,0.21411478519439697,203,noncomp
204,0.2895675301551819,0.006347727961838245,0.6842135190963745,0.28563255071640015,204,noncomp
205,0.2586747109889984,0.003297712653875351,0.6809741258621216,0.2400915026664734,205,noncomp
206,0.23940128087997437,-0.041359469294548035,0.573757529258728,0.22932595014572144,206,noncomp
207,0.2431788146495819,0.003393791615962982,0.6577613353729248,0.24951937794685364,207,noncomp
208,0.27819108963012695,0.03474136069417,0.6154014468193054,0.2584962248802185,208,noncomp
209,0.2351539433002472,-0.019486520439386368,0.5802968740463257,0.2105003297328949,209,noncomp
210,0.2788490056991577,0.01398724690079689,0.5817580819129944,0.26963767409324646,210,noncomp
211,0.2429337501525879,-0.03368033468723297,0.5484645962715149,0.23709702491760254,211,noncomp
212,0.26044514775276184,-0.03424582630395889,0.5734423995018005,0.25009608268737793,212,noncomp
213,0.2288098931312561,-0.05171959847211838,0.5531097650527954,0.23910701274871826,213,noncomp
214,0.2698972523212433,-0.024369627237319946,0.6576640009880066,0.26902252435684204,214,noncomp
215,0.24302604794502258,-0.10411447286605835,0.7337148189544678,0.24935021996498108,215,noncomp
216,0.26957613229751587,-0.033456217497587204,0.6073285937309265,0.25924110412597656,216,noncomp
217,0.2542804181575775,-0.10564830154180527,0.7241041660308838,0.2419472336769104,217,noncomp
218,0.26843807101249695,0.04972396790981293,0.5408565998077393,0.2647700309753418,218,noncomp
219,0.3072299361228943,0.09244999289512634,0.5958791971206665,0.30257755517959595,219,noncomp
220,0.22313934564590454,-0.05700914189219475,0.6379266381263733,0.2064954936504364,220,noncomp
221,0.2890181839466095,0.06934279948472977,0.5566613078117371,0.27930667996406555,221,noncomp
222,0.29797232151031494,-0.01488194614648819,0.682693362236023,0.2769051790237427,222,noncomp
223,0.2777373492717743,0.03893670812249184,0.5569360256195068,0.28121593594551086,223,noncomp
224,0.30119937658309937,0.06596731394529343,0.6634658575057983,0.2821270227432251,224,noncomp
225,0.30050358176231384,0.038607850670814514,0.5921148061752319,0.2809613347053528,225,noncomp
226,0.29166027903556824,-0.047333013266325,0.559760570526123,0.3002983331680298,226,noncomp
227,0.23698370158672333,-0.052476756274700165,0.5380196571350098,0.24407853186130524,227,noncomp
228,0.23718684911727905,-0.052060019224882126,0.5674663782119751,0.21220949292182922,228,noncomp
229,0.29308804869651794,-0.023640494793653488,0.6053125262260437,0.29696333408355713,229,noncomp
230,0.25882425904273987,0.020804228261113167,0.5775365829467773,0.2520797550678253,230,noncomp
231,0.25283321738243103,-0.039216138422489166,0.6105622053146362,0.2302313894033432,231,noncomp
232,0.30301427841186523,-0.025276444852352142,0.6487882733345032,0.2961226999759674,232,noncomp
233,0.2850014567375183,0.004908241331577301,0.6305036544799805,0.2808946371078491,233,noncomp
234,0.317312091588974,0.05396628752350807,0.6383962035179138,0.29930707812309265,234,noncomp
235,0.24727626144886017,-0.0013935519382357597,0.5656965970993042,0.23769332468509674,235,noncomp
236,0.26967862248420715,-0.03524162247776985,0.6481147408485413,0.2807442843914032,236,noncomp
237,0.24154461920261383,-0.01772284507751465,0.5481370091438293,0.2344735562801361,237,noncomp
238,0.3411829173564911,0.012450313195586205,0.5861476063728333,0.3358915448188782,238,noncomp
239,0.2775985598564148,0.015949202701449394,0.6028850674629211,0.24583818018436432,239,noncomp
240,0.2469397336244583,-0.08162109553813934,0.6124265789985657,0.23691485822200775,240,noncomp
241,0.2927291989326477,0.06364568322896957,0.584502100944519,0.28307706117630005,241,noncomp
242,0.27801817655563354,0.056064605712890625,0.6090335845947266,0.2751670479774475,242,noncomp
243,0.2573619484901428,-0.044862955808639526,0.5849811434745789,0.24523518979549408,243,noncomp
244,0.27450063824653625,-0.004809202626347542,0.5424375534057617,0.2823646664619446,244,noncomp
245,0.2357833832502365,-0.07745197415351868,0.559350311756134,0.2195703387260437,245,noncomp
246,0.2845490276813507,0.08475500345230103,0.6283950805664062,0.27080318331718445,246,noncomp
247,0.29767507314682007,0.002660684287548065,0.6487061977386475,0.2927541732788086,247,noncomp
248,0.2676319479942322,0.02811581827700138,0.6271227598190308,0.2547990083694458,248,noncomp
249,0.2786288559436798,-0.011436844244599342,0.6848055124282837,0.2613378167152405,249,noncomp
250,0.2517702877521515,-0.004505636170506477,0.6083294153213501,0.2408904880285263,250,noncomp
251,0.26193052530288696,0.0006151067209430039,0.556091845035553,0.2571670413017273,251,noncomp
252,0.2612903416156769,0.046313587576150894,0.5883358120918274,0.23846884071826935,252,noncomp
253,0.2330421805381775,-0.04695511609315872,0.5339004993438721,0.22225333750247955,253,noncomp
254,0.28147488832473755,-0.00751730240881443,0.7085318565368652,0.2735528349876404,254,noncomp
255,0.28010642528533936,-0.0030658054165542126,0.583572268486023,0.2615897059440613,255,noncomp
256,0.2511259913444519,-0.011872860603034496,0.5702866911888123,0.2656424939632416,256,noncomp
257,0.2896503508090973,0.07790790498256683,0.5678919553756714,0.2793514132499695,257,noncomp
258,0.25535187125205994,-0.12480107694864273,0.6221274137496948,0.25675949454307556,258,noncomp
259,0.3136450946331024,0.009568672627210617,0.6098271608352661,0.30002743005752563,259,noncomp
260,0.25014016032218933,0.003217175602912903,0.5940259099006653,0.2470836341381073,260,noncomp
261,0.24125143885612488,-0.0030891727656126022,0.5619598031044006,0.2306687831878662,261,noncomp
262,0.2844184637069702,0.03388288989663124,0.6396174430847168,0.28314462304115295,262,noncomp
263,0.2811388373374939,-0.0053519983775913715,0.5689083337783813,0.2842084765434265,263,noncomp
264,0.24542465806007385,-0.003800833597779274,0.5778730511665344,0.2276957631111145,264,noncomp
265,0.28898483514785767,0.005284731276333332,0.5678418278694153,0.28892797231674194,265,noncomp
266,0.27735745906829834,-0.00434497557580471,0.7115081548690796,0.2510240972042084,266,noncomp
267,0.314826101064682,0.04897323250770569,0.6096346378326416,0.3268365263938904,267,noncomp
268,0.24808868765830994,-0.0014575477689504623,0.5872918963432312,0.22940698266029358,268,noncomp
269,0.24599789083003998,0.017120499163866043,0.577879786491394,0.22814875841140747,269,noncomp
270,0.23594538867473602,0.0036874422803521156,0.5510510206222534,0.23038147389888763,270,noncomp
271,0.2879638075828552,0.08947831392288208,0.6596263647079468,0.2832874357700348,271,noncomp
272,0.30053383111953735,0.07017271965742111,0.600401759147644,0.29503968358039856,272,noncomp
273,0.30291032791137695,0.04935615882277489,0.6737017631530762,0.2929510474205017,273,noncomp
274,0.26041552424430847,0.0005636974237859249,0.5683536529541016,0.2552690804004669,274,noncomp
275,0.2614530920982361,-0.09421497583389282,0.5836353302001953,0.24342554807662964,275,noncomp
276,0.2589624524116516,-0.0068449461832642555,0.6207422614097595,0.24919000267982483,276,noncomp
277,0.27693742513656616,0.01153363287448883,0.5997706055641174,0.27357032895088196,277,noncomp
278,0.21903373301029205,-0.08420179784297943,0.6226543188095093,0.21281743049621582,278,noncomp
279,0.2774461805820465,-0.044126249849796295,0.6528029441833496,0.26765865087509155,279,noncomp
280,0.27699604630470276,0.013282790780067444,0.6546326875686646,0.2698156535625458,280,noncomp
281,0.31829601526260376,0.06527932733297348,0.6425089836120605,0.3171575665473938,281,noncomp
282,0.3182131350040436,-0.0045317392796278,0.5931851267814636,0.3065369427204132,282,noncomp
283,0.2490171492099762,-0.04323825612664223,0.5322127342224121,0.2495686411857605,283,noncomp
284,0.2590402066707611,-0.1687602996826172,0.5285464525222778,0.26432567834854126,284,noncomp
285,0.2606910765171051,-0.023940227925777435,0.5948499441146851,0.23923592269420624,285,noncomp
286,0.2935716509819031,0.04372971132397652,0.6635578870773315,0.27844780683517456,286,noncomp
287,0.2707272469997406,-0.0010485053062438965,0.5498881340026855,0.26780247688293457,287,noncomp
288,0.266073077917099,0.023310376331210136,0.6739199161529541,0.2555171549320221,288,noncomp
289,0.24763448536396027,0.031854093074798584,0.5178514719009399,0.22883492708206177,289,noncomp
290,0.25826776027679443,0.04221348837018013,0.5953925251960754,0.23581740260124207,290,noncomp
291,0.3061677813529968,0.04278671741485596,0.6079673767089844,0.3091902732849121,291,noncomp
292,0.22744594514369965,-0.020771553739905357,0.5331656336784363,0.2146356850862503,292,noncomp
293,0.2425408810377121,-0.027608320116996765,0.5733752846717834,0.22973817586898804,293,noncomp
294,0.23979757726192474,-0.02528446540236473,0.5959634184837341,0.22788043320178986,294,noncomp
295,0.2682208716869354,0.014352535828948021,0.6080914735794067,0.24413852393627167,295,noncomp
296,0.3029778301715851,0.004036640748381615,0.5875357389450073,0.30578529834747314,296,noncomp
297,0.252371609210968,-0.022539565339684486,0.6674491763114929,0.24881410598754883,297,noncomp
298,0.26668867468833923,-0.03581804409623146,0.6569619178771973,0.24801605939865112,298,noncomp
299,0.29498350620269775,0.08348983526229858,0.5845890641212463,0.2896622121334076,299,noncomp
300,0.25583162903785706,-0.01177898608148098,0.5915544033050537,0.24913394451141357,300,noncomp
301,0.3037765622138977,0.04529642313718796,0.5938050150871277,0.2901500463485718,301,noncomp
302,0.25745514035224915,0.04790519177913666,0.5737618207931519,0.2331451028585434,302,noncomp
303,0.23952323198318481,-0.024188634008169174,0.555604100227356,0.2367447018623352,303,noncomp
304,0.26026561856269836,0.017731018364429474,0.6112951040267944,0.2494785487651825,304,noncomp
305,0.22940601408481598,-0.05224958807229996,0.5905263423919678,0.2322455197572708,305,noncomp
306,0.2944440245628357,-0.03298329561948776,0.6715272665023804,0.28655388951301575,306,noncomp
307,0.24231772124767303,-0.01705533266067505,0.6181538701057434,0.22568044066429138,307,noncomp
308,0.2647293508052826,0.018184632062911987,0.6129571199417114,0.2513832151889801,308,noncomp
309,0.2721065580844879,-0.02428867667913437,0.5858517289161682,0.2765541970729828,309,noncomp
310,0.2088087946176529,-0.010610764846205711,0.5017803311347961,0.20078176259994507,310,noncomp
311,0.23378337919712067,0.011440266855061054,0.5437580943107605,0.2191438227891922,311,noncomp
312,0.24223409593105316,-0.020848345011472702,0.6284626722335815,0.23068584501743317,312,noncomp
313,0.31850093603134155,0.06286221742630005,0.7181416153907776,0.30738556385040283,313,noncomp
314,0.2615741491317749,-0.017664935439825058,0.5153684616088867,0.25686824321746826,314,noncomp
315,0.27279332280158997,-0.04133614897727966,0.5998485684394836,0.2639712989330292,315,noncomp
316,0.3254287838935852,-0.001791737973690033,0.6556418538093567,0.3143651783466339,316,noncomp
317,0.31113705039024353,0.008206706494092941,0.7160090208053589,0.3021388053894043,317,noncomp
318,0.2548365592956543,0.008478124625980854,0.6348526477813721,0.2505856156349182,318,noncomp
319,0.2845083177089691,-0.0062136962078511715,0.7621955871582031,0.2759663462638855,319,noncomp
320,0.23686055839061737,-0.017815064638853073,0.5930166840553284,0.21829810738563538,320,noncomp
321,0.2342393547296524,-0.07456979155540466,0.6407486200332642,0.21812359988689423,321,noncomp
322,0.2589482069015503,0.004821594804525375,0.6376368999481201,0.24080972373485565,322,noncomp
323,0.28717687726020813,-0.057373542338609695,0.5851629376411438,0.30697059631347656,323,noncomp
324,0.25975358486175537,0.02585310861468315,0.5572947263717651,0.2558629512786865,324,noncomp
325,0.23032037913799286,0.011485928669571877,0.5275002121925354,0.20844703912734985,325,noncomp
326,0.28821417689323425,-0.04846383258700371,0.6164087057113647,0.27466437220573425,326,noncomp
327,0.25705686211586,-0.03744230419397354,0.5861789584159851,0.25349900126457214,327,noncomp
328,0.3144572079181671,-0.013517383486032486,0.621940553188324,0.30913907289505005,328,noncomp
329,0.24257589876651764,-0.04521771892905235,0.5526957511901855,0.23786209523677826,329,noncomp
330,0.24285957217216492,-0.03219718113541603,0.5014419555664062,0.23706552386283875,330,noncomp
331,0.22000059485435486,-0.023781301453709602,0.6156806349754333,0.21326257288455963,331,noncomp
332,0.23754574358463287,-0.038007624447345734,0.6873654127120972,0.21631692349910736,332,noncomp
333,0.22659233212471008,-0.07670287787914276,0.6531156301498413,0.2169588804244995,333,noncomp
334,0.2344723641872406,-0.021206751465797424,0.5890326499938965,0.2309267520904541,334,noncomp
335,0.24844446778297424,-0.00956431869417429,0.5174145698547363,0.26315170526504517,335,noncomp
336,0.3166094422340393,-0.020961353555321693,0.6381259560585022,0.3033304512500763,336,noncomp
337,0.25308242440223694,-0.026830866932868958,0.6388795971870422,0.24066568911075592,337,noncomp
338,0.25695234537124634,-0.011324144899845123,0.6358859539031982,0.2538735270500183,338,noncomp
339,0.2665029466152191,-0.059298329055309296,0.5562487840652466,0.2519911229610443,339,noncomp
340,0.28652244806289673,0.022743484005331993,0.6762295365333557,0.2811673581600189,340,noncomp
341,0.3111855089664459,0.0037758145481348038,0.6745399236679077,0.290677934885025,341,noncomp
342,0.24427777528762817,0.016682300716638565,0.5348624587059021,0.23434464633464813,342,noncomp
343,0.28036901354789734,0.0003471663221716881,0.6061098575592041,0.2900361716747284,343,noncomp
344,0.23338033258914948,-0.049171604216098785,0.6698193550109863,0.2268138974905014,344,noncomp
345,0.3095279037952423,0.025947850197553635,0.59715735912323,0.294167697429657,345,noncomp
346,0.1869322508573532,-0.06286974996328354,0.6088488698005676,0.15109485387802124,346,noncomp
347,0.283243328332901,0.028503239154815674,0.5907878875732422,0.2851831316947937,347,noncomp
348,0.26994606852531433,-0.0662233829498291,0.5513045191764832,0.2657175362110138,348,noncomp
349,0.24041931331157684,-0.07659667730331421,0.5510224103927612,0.23076178133487701,349,noncomp
350,0.24512401223182678,-0.061588894575834274,0.5749975442886353,0.22028623521327972,350,noncomp
351,0.2850947678089142,-0.009134612046182156,0.6736716032028198,0.26244139671325684,351,noncomp
352,0.2964992821216583,0.0354669913649559,0.6697301864624023,0.29340997338294983,352,noncomp
353,0.26654598116874695,-0.04300034046173096,0.664725661277771,0.2668289542198181,353,noncomp
354,0.30905094742774963,-0.004055377095937729,0.6760284900665283,0.3163304030895233,354,noncomp
355,0.261523574590683,0.013046743348240852,0.5701936483383179,0.26744526624679565,355,noncomp
356,0.3118385970592499,-0.10540211200714111,0.6090879440307617,0.31427785754203796,356,noncomp
357,0.30080994963645935,0.005314027890563011,0.5917589664459229,0.28847306966781616,357,noncomp
358,0.2538747191429138,-0.06082312762737274,0.6345264911651611,0.2466323971748352,358,noncomp
359,0.2546977400779724,-0.10613531619310379,0.6829034686088562,0.2496819645166397,359,noncomp
360,0.22970522940158844,-0.0933564081788063,0.5468868613243103,0.2115207016468048,360,noncomp
361,0.3174588978290558,0.06819327920675278,0.5915470123291016,0.3109305500984192,361,noncomp
362,0.27533671259880066,-0.042120836675167084,0.6345887184143066,0.26518678665161133,362,noncomp
363,0.3005184233188629,-0.04227088391780853,0.6038957834243774,0.3060168921947479,363,noncomp
364,0.29587364196777344,0.0593436062335968,0.5961853861808777,0.27347370982170105,364,noncomp
365,0.3075210750102997,0.04183212295174599,0.5174806118011475,0.3011654019355774,365,noncomp
366,0.2739153802394867,-0.07392501085996628,0.6969985365867615,0.2632390558719635,366,noncomp
367,0.22306035459041595,-0.05457915738224983,0.4654404819011688,0.23085767030715942,367,noncomp
368,0.3349340856075287,0.01065133512020111,0.7299128770828247,0.341113418340683,368,noncomp
369,0.3329004645347595,0.0741557627916336,0.5884479880332947,0.3151782155036926,369,noncomp
370,0.2557743191719055,0.0365515798330307,0.5403100252151489,0.23740552365779877,370,noncomp
371,0.3072751760482788,-0.010336865670979023,0.6377430558204651,0.3120228052139282,371,noncomp
372,0.2995728850364685,-0.013662144541740417,0.5623589158058167,0.286543607711792,372,noncomp
373,0.25719961524009705,-0.02667474001646042,0.6937940716743469,0.2405608892440796,373,noncomp
374,0.24852146208286285,-0.01879509538412094,0.5646716356277466,0.23838086426258087,374,noncomp
375,0.24519230425357819,-0.14852192997932434,0.5261654853820801,0.2463417649269104,375,noncomp
376,0.24691075086593628,-0.002563966903835535,0.7075018286705017,0.23607085645198822,376,noncomp
377,0.28860658407211304,0.007585950195789337,0.5632343292236328,0.28337913751602173,377,noncomp
378,0.27283668518066406,0.026117850095033646,0.5683209896087646,0.2689873278141022,378,noncomp
379,0.2116021364927292,-0.07076038420200348,0.5962576270103455,0.1959892362356186,379,noncomp
380,0.2673000395298004,-0.021020689979195595,0.5673154592514038,0.27031049132347107,380,noncomp
381,0.27589479088783264,-0.012549114413559437,0.522773027420044,0.28498575091362,381,noncomp
382,0.31039178371429443,0.0009668776765465736,0.5436261892318726,0.31915146112442017,382,noncomp
383,0.2714836895465851,0.05430218577384949,0.5899832844734192,0.2734425365924835,383,noncomp
384,0.2890072762966156,-0.0050506796687841415,0.5569916367530823,0.2966165244579315,384,noncomp
385,0.23102699220180511,-0.09455442428588867,0.6231086254119873,0.2303592711687088,385,noncomp
386,0.29708632826805115,0.00310684647411108,0.6959230899810791,0.27606654167175293,386,noncomp
387,0.2615908980369568,-0.13705776631832123,0.6515327095985413,0.2597687840461731,387,noncomp
388,0.21556991338729858,-0.014133425429463387,0.5194849371910095,0.2019001990556717,388,noncomp
389,0.24989451467990875,-0.07234311103820801,0.5842999219894409,0.2604043483734131,389,noncomp
390,0.2812500596046448,-0.02233196049928665,0.7547709941864014,0.280348002910614,390,noncomp
391,0.23258845508098602,-0.03524169325828552,0.5592079758644104,0.23383945226669312,391,noncomp
392,0.26678675413131714,0.021143540740013123,0.5293976664543152,0.26552578806877136,392,noncomp
393,0.28758570551872253,0.03376389294862747,0.6398757100105286,0.2849130630493164,393,noncomp
394,0.2958526313304901,-0.03552919998764992,0.5826102495193481,0.30637627840042114,394,noncomp
395,0.26308444142341614,-0.11454709619283676,0.6219590306282043,0.27059099078178406,395,noncomp
396,0.3168525993824005,0.029779989272356033,0.580529510974884,0.3133033812046051,396,noncomp
397,0.35568174719810486,-0.0007563875988125801,0.681512176990509,0.3674490749835968,397,noncomp
398,0.3161921501159668,0.044062964618206024,0.6289450526237488,0.32643043994903564,398,noncomp
399,0.28422942757606506,-0.016924850642681122,0.6022243499755859,0.30397069454193115,399,noncomp
400,0.2602681815624237,-0.044335976243019104,0.5877270102500916,0.2537554204463959,400,noncomp
401,0.26510491967201233,-0.013119000010192394,0.5611146092414856,0.26501116156578064,401,noncomp
402,0.26219066977500916,0.01007154956459999,0.513433575630188,0.2693670690059662,402,noncomp
403,0.24412918090820312,-0.024584045633673668,0.5254088044166565,0.23298342525959015,403,noncomp
404,0.2768498361110687,0.0010267682373523712,0.6883462071418762,0.2674342393875122,404,noncomp
405,0.24966344237327576,-0.04718794673681259,0.6337999105453491,0.24447497725486755,405,noncomp
406,0.23123253881931305,0.00654950924217701,0.550047755241394,0.21440377831459045,406,noncomp
407,0.2642098069190979,0.06719013303518295,0.6934434175491333,0.244745671749115,407,noncomp
408,0.23292352259159088,-0.0984778180718422,0.56097412109375,0.21003089845180511,408,noncomp
409,0.30155688524246216,0.04094693437218666,0.5883904695510864,0.32122910022735596,409,noncomp
410,0.24786093831062317,-0.008562501519918442,0.5425032377243042,0.24512659013271332,410,noncomp
411,0.2500380277633667,0.011007850989699364,0.5487174391746521,0.23095546662807465,411,noncomp
412,0.2845490276813507,-0.06411604583263397,0.5803795456886292,0.28336718678474426,412,noncomp
413,0.27272269129753113,-0.0023164860904216766,0.5503347516059875,0.265530526638031,413,noncomp
414,0.26351597905158997,-0.008084239438176155,0.5373189449310303,0.2573150396347046,414,noncomp
415,0.2501821219921112,0.018039410933852196,0.5472636222839355,0.22926436364650726,415,noncomp
416,0.25707903504371643,-0.025342945009469986,0.6694884300231934,0.2502953112125397,416,noncomp
417,0.2975146174430847,-0.023046789690852165,0.6669173240661621,0.27805033326148987,417,noncomp
418,0.2778581976890564,0.016972141340374947,0.5444762110710144,0.27818185091018677,418,noncomp
419,0.21385790407657623,-0.08100229501724243,0.6767171621322632,0.20121799409389496,419,noncomp
420,0.24796679615974426,0.03969933092594147,0.6065967082977295,0.23308899998664856,420,noncomp
421,0.2725687026977539,-0.0063649979420006275,0.5905277132987976,0.27447178959846497,421,noncomp
422,0.2501801550388336,-0.037956759333610535,0.7370063662528992,0.22980515658855438,422,noncomp
423,0.31115609407424927,0.056415241211652756,0.5493211150169373,0.3213457465171814,423,noncomp
424,0.26332956552505493,0.0005265194922685623,0.5195987820625305,0.2514750063419342,424,noncomp
425,0.23954270780086517,-0.039064932614564896,0.6196109056472778,0.2467334270477295,425,noncomp
426,0.23805297911167145,-0.06341110169887543,0.5443277359008789,0.24392613768577576,426,noncomp
427,0.30943602323532104,-0.06847187131643295,0.680101215839386,0.31121426820755005,427,noncomp
428,0.23379944264888763,-0.035402990877628326,0.6124361753463745,0.2112058848142624,428,noncomp
429,0.33421847224235535,-0.0425461120903492,0.6929973363876343,0.3432422876358032,429,noncomp
430,0.23999638855457306,0.004072336480021477,0.4780006408691406,0.23510193824768066,430,noncomp
431,0.34842488169670105,0.08291328698396683,0.629987895488739,0.3354030251502991,431,noncomp
432,0.2743794620037079,-0.022708378732204437,0.6079674363136292,0.27386218309402466,432,noncomp
433,0.2721547782421112,-0.060662418603897095,0.6681569218635559,0.2659047842025757,433,noncomp
434,0.2876083254814148,-0.00216764397919178,0.6547732949256897,0.27246442437171936,434,noncomp
435,0.2510809302330017,-0.03326437249779701,0.568391740322113,0.24572286009788513,435,noncomp
436,0.24672673642635345,-0.12156571447849274,0.5963031649589539,0.23294685781002045,436,noncomp
437,0.2902558743953705,-0.0365385003387928,0.5613842606544495,0.29360172152519226,437,noncomp
438,0.24801577627658844,-0.007794220000505447,0.631349503993988,0.238111212849617,438,noncomp
439,0.2769047021865845,0.0639919862151146,0.5713298916816711,0.2684439420700073,439,noncomp
440,0.2864173650741577,0.02395293116569519,0.5650572180747986,0.2928006649017334,440,noncomp
441,0.24095813930034637,-0.011831900104880333,0.5373150110244751,0.23226624727249146,441,noncomp
442,0.2908022999763489,0.03294805437326431,0.6262080073356628,0.2924783229827881,442,noncomp
443,0.25084468722343445,-0.040208786725997925,0.5987152457237244,0.23293083906173706,443,noncomp
444,0.2910597026348114,0.02635602094233036,0.6524110436439514,0.28360122442245483,444,noncomp
445,0.22898341715335846,0.025710441172122955,0.656768798828125,0.19519920647144318,445,noncomp
446,0.3063252568244934,0.06572185456752777,0.6398211717605591,0.3048708438873291,446,noncomp
447,0.27041804790496826,-0.0471651591360569,0.5990854501724243,0.2686474323272705,447,noncomp
448,0.25496968626976013,-0.03967133164405823,0.53070068359375,0.2524176239967346,448,noncomp
449,0.2794167399406433,0.03029734082520008,0.7135871052742004,0.27341005206108093,449,noncomp
450,0.24503491818904877,-0.03569979593157768,0.6781304478645325,0.23921014368534088,450,noncomp
451,0.3141390085220337,0.047431547194719315,0.5908350944519043,0.2977871596813202,451,noncomp
452,0.24839185178279877,-0.009458290413022041,0.676720380783081,0.22630257904529572,452,noncomp
453,0.23784464597702026,-0.11759062111377716,0.6800695657730103,0.21596966683864594,453,noncomp
454,0.2621498703956604,-0.03720371052622795,0.4996356964111328,0.26313453912734985,454,noncomp
455,0.2687048614025116,-0.05989231914281845,0.556470513343811,0.2757623493671417,455,noncomp
456,0.26901426911354065,-0.03362717851996422,0.5133179426193237,0.2728895843029022,456,noncomp
457,0.21469645202159882,-0.0640387311577797,0.5492807030677795,0.20149949193000793,457,noncomp
458,0.28600358963012695,0.02649524435400963,0.583901047706604,0.2767573893070221,458,noncomp
459,0.30387142300605774,0.00016252408386208117,0.7092903852462769,0.29257190227508545,459,noncomp
460,0.23304679989814758,0.00015914440155029297,0.6211593151092529,0.21091873943805695,460,noncomp
461,0.25071191787719727,-0.02376159280538559,0.6030654311180115,0.24494320154190063,461,noncomp
462,0.24194812774658203,-0.04011757671833038,0.5667226910591125,0.23879274725914001,462,noncomp
463,0.2438906580209732,0.018656983971595764,0.5795599818229675,0.22612303495407104,463,noncomp
464,0.2813092768192291,0.0370015911757946,0.645728588104248,0.2730605900287628,464,noncomp
465,0.3090202212333679,-0.016993127763271332,0.6053692698478699,0.3076852560043335,465,noncomp
466,0.23001740872859955,-0.057592228055000305,0.6810868978500366,0.21359120309352875,466,noncomp
467,0.25798311829566956,0.009037099778652191,0.7012344598770142,0.23881104588508606,467,noncomp
468,0.3145732879638672,-0.024038437753915787,0.6477234363555908,0.3064030706882477,468,noncomp
469,0.2749081552028656,0.018508724868297577,0.5467684864997864,0.2818242311477661,469,noncomp
470,0.22581641376018524,-0.02066848799586296,0.4845842123031616,0.21121785044670105,470,noncomp
471,0.3034151792526245,0.035570599138736725,0.5674207806587219,0.317227303981781,471,noncomp
472,0.28019922971725464,0.0325668565928936,0.6232715845108032,0.266885906457901,472,noncomp
473,0.2390459030866623,-0.008382348343729973,0.5127442479133606,0.21965591609477997,473,noncomp
474,0.27326419949531555,-0.012690503150224686,0.6009132862091064,0.2543380558490753,474,noncomp
475,0.23968274891376495,-0.057215530425310135,0.6710476279258728,0.21059001982212067,475,noncomp
476,0.2647882103919983,0.06180113926529884,0.600174069404602,0.24983516335487366,476,noncomp
477,0.24323688447475433,-0.014111770316958427,0.7293437719345093,0.22415229678153992,477,noncomp
478,0.2666204869747162,-0.00029374659061431885,0.6190989017486572,0.27541542053222656,478,noncomp
479,0.25551530718803406,-0.021185854449868202,0.5392230749130249,0.23652593791484833,479,noncomp
480,0.23299285769462585,-0.017686473205685616,0.5853084921836853,0.21819055080413818,480,noncomp
481,0.29117724299430847,0.02874128147959709,0.60916668176651,0.27516138553619385,481,noncomp
482,0.25546494126319885,-0.002659142017364502,0.6684975624084473,0.246664896607399,482,noncomp
483,0.29055559635162354,0.03530287742614746,0.6197825074195862,0.2817467451095581,483,noncomp
484,0.2884580194950104,0.04520942643284798,0.7515276074409485,0.272064208984375,484,noncomp
485,0.2687321603298187,-0.037114448845386505,0.5567774772644043,0.2650097906589508,485,noncomp
486,0.2352059930562973,-0.054660484194755554,0.5602203607559204,0.22777725756168365,486,noncomp
487,0.277730256319046,-0.01768120564520359,0.6710489392280579,0.25201529264450073,487,noncomp
488,0.2905898690223694,0.05351850390434265,0.6560388803482056,0.28078916668891907,488,noncomp
489,0.24139417707920074,-0.03138357028365135,0.6063027381896973,0.22586531937122345,489,noncomp
490,0.2787853181362152,-0.033619724214076996,0.607308566570282,0.2764328718185425,490,noncomp
491,0.2552257180213928,-0.10370644927024841,0.5257608294487,0.2488832026720047,491,noncomp
492,0.2691512405872345,0.03712600842118263,0.6156556606292725,0.2565114498138428,492,noncomp
493,0.2843357026576996,0.040892407298088074,0.6453180313110352,0.274931937456131,493,noncomp
494,0.2613469660282135,-0.008429061621427536,0.593924880027771,0.241705060005188,494,noncomp
495,0.24440361559391022,-0.04266275838017464,0.5909941792488098,0.23121695220470428,495,noncomp
496,0.25804466009140015,0.039341505616903305,0.554146409034729,0.2500897943973541,496,noncomp
497,0.2659224569797516,0.011138401925563812,0.5855010747909546,0.25880876183509827,497,noncomp
498,0.2407209724187851,-0.04457821696996689,0.5794264078140259,0.2450886219739914,498,noncomp
499,0.2424815595149994,0.006808129139244556,0.570948600769043,0.23090122640132904,499,noncomp
500,0.22908663749694824,-0.034097906202077866,0.744151771068573,0.22025015950202942,500,noncomp
501,0.24914126098155975,-0.042915768921375275,0.6126718521118164,0.23924224078655243,501,noncomp
502,0.26456642150878906,0.013834835961461067,0.6005334854125977,0.26415446400642395,502,noncomp
503,0.23250913619995117,-0.06952337175607681,0.7368761301040649,0.22918736934661865,503,noncomp
504,0.3071514368057251,0.022108841687440872,0.638587474822998,0.29803550243377686,504,noncomp
505,0.2823198735713959,-0.013001584447920322,0.5939443111419678,0.2709828317165375,505,noncomp
506,0.28456905484199524,-0.035236191004514694,0.5738915205001831,0.2789662778377533,506,noncomp
507,0.24575816094875336,-0.027097580954432487,0.5268246531486511,0.24900351464748383,507,noncomp
508,0.2708222568035126,-0.05739478021860123,0.5697437524795532,0.26450541615486145,508,noncomp
509,0.27271753549575806,0.0007078275084495544,0.6256889700889587,0.2690977454185486,509,noncomp
510,0.28336337208747864,-0.028199488297104836,0.6634035706520081,0.27846699953079224,510,noncomp
511,0.2478598952293396,-0.04005162790417671,0.6625664830207825,0.22602467238903046,511,noncomp
512,0.24004694819450378,-0.02338995411992073,0.5430782437324524,0.21863682568073273,512,noncomp
513,0.25988855957984924,-0.016006920486688614,0.6661635637283325,0.24957019090652466,513,noncomp
514,0.23654960095882416,-0.0806223601102829,0.6384386420249939,0.23001638054847717,514,noncomp
515,0.2515224814414978,0.0014380979118868709,0.5969603061676025,0.2405814826488495,515,noncomp
516,0.298617422580719,-0.06156354397535324,0.6223624348640442,0.2999298572540283,516,noncomp
517,0.27037709951400757,0.015456221997737885,0.5808091759681702,0.25626641511917114,517,noncomp
518,0.3045528829097748,-0.01510436087846756,0.5924574136734009,0.3005558252334595,518,noncomp
519,0.2873040735721588,-0.00810347218066454,0.5788796544075012,0.27583906054496765,519,noncomp
520,0.2551374137401581,-0.037514157593250275,0.5965642333030701,0.24471834301948547,520,noncomp
521,0.2618849575519562,0.04497291147708893,0.6134746670722961,0.23057113587856293,521,noncomp
522,0.310407429933548,0.045022591948509216,0.7039762735366821,0.28760024905204773,522,noncomp
523,0.2835654020309448,-0.040886230766773224,0.6930896639823914,0.2816537618637085,523,noncomp
524,0.2345311939716339,-0.04529975727200508,0.5199877619743347,0.23218441009521484,524,noncomp
525,0.23614636063575745,-0.02158537320792675,0.5586062073707581,0.22834953665733337,525,noncomp
526,0.24533626437187195,-0.11447010934352875,0.5984196662902832,0.24082203209400177,526,noncomp
527,0.2275005429983139,-0.04442247748374939,0.5421960353851318,0.2166898250579834,527,noncomp
528,0.29401886463165283,0.05657663196325302,0.6069355010986328,0.2862422466278076,528,noncomp
529,0.2256913036108017,-0.010154226794838905,0.5657923221588135,0.21358923614025116,529,noncomp
530,0.28191131353378296,0.04685407876968384,0.6293201446533203,0.2617267072200775,530,noncomp
531,0.28737327456474304,0.05788131058216095,0.6194002628326416,0.26756176352500916,531,noncomp
532,0.252268522977829,-0.021953891962766647,0.561230480670929,0.24168652296066284,532,noncomp
533,0.23764604330062866,-0.038237255066633224,0.5738442540168762,0.24344485998153687,533,noncomp
534,0.217476949095726,-0.08904045820236206,0.4401632249355316,0.22502975165843964,534,noncomp
535,0.2475152313709259,-0.03593815490603447,0.6881241202354431,0.24238838255405426,535,noncomp
536,0.29714491963386536,0.035443492233753204,0.6071282625198364,0.29387253522872925,536,noncomp
537,0.2517562508583069,0.044720154255628586,0.5876643657684326,0.25470781326293945,537,noncomp
538,0.2916093170642853,0.06556563079357147,0.56486576795578,0.28258466720581055,538,noncomp
539,0.24135993421077728,-0.06426960974931717,0.6859551668167114,0.22221805155277252,539,noncomp
540,0.24481001496315002,-0.023484088480472565,0.5733509063720703,0.23098018765449524,540,noncomp
541,0.3033845126628876,0.041274718940258026,0.5677968263626099,0.3021972179412842,541,noncomp
542,0.3064624071121216,-0.049995213747024536,0.6380696296691895,0.31264612078666687,542,noncomp
543,0.3280467391014099,0.02259388007223606,0.6094067096710205,0.33672022819519043,543,noncomp
544,0.23502373695373535,-0.10242684185504913,0.6204350590705872,0.21815316379070282,544,noncomp
545,0.263306200504303,-0.01275966502726078,0.5354031920433044,0.24727150797843933,545,noncomp
546,0.25646358728408813,-0.0626792311668396,0.6462805271148682,0.23972803354263306,546,noncomp
547,0.23265092074871063,-0.07416331768035889,0.5791776776313782,0.23171363770961761,547,noncomp
548,0.29337629675865173,-0.037506453692913055,0.6208946704864502,0.2980291247367859,548,noncomp
549,0.27921098470687866,-0.002925952197983861,0.532465398311615,0.2751252353191376,549,noncomp
550,0.2932254672050476,0.044099606573581696,0.5405964851379395,0.3015417456626892,550,noncomp
551,0.28818196058273315,-0.0009100018069148064,0.5508108139038086,0.2823287844657898,551,noncomp
552,0.29666444659233093,-0.024760182946920395,0.6628009080886841,0.28753358125686646,552,noncomp
553,0.23362378776073456,0.03194127231836319,0.6566144227981567,0.2077333629131317,553,noncomp
554,0.2653152644634247,-0.029173724353313446,0.6163812279701233,0.2630789875984192,554,noncomp
555,0.3268906772136688,0.02939707413315773,0.675233006477356,0.32218730449676514,555,noncomp
556,0.2522963881492615,-0.011925289407372475,0.6083939671516418,0.2401924431324005,556,noncomp
557,0.2926105260848999,0.06215807795524597,0.6534822583198547,0.2807236611843109,557,noncomp
558,0.25298887491226196,-0.00901242345571518,0.5496734380722046,0.24008995294570923,558,noncomp
559,0.23405130207538605,-0.03342888131737709,0.5708742141723633,0.2289811670780182,559,noncomp
560,0.2716730535030365,-0.017147807404398918,0.5247756242752075,0.27501803636550903,560,noncomp
561,0.28723224997520447,-0.01653885655105114,0.6494444608688354,0.2952077388763428,561,noncomp
562,0.2782292664051056,-0.010600251145660877,0.6450361013412476,0.2699131369590759,562,noncomp
563,0.26984626054763794,0.033256374299526215,0.5847487449645996,0.27217549085617065,563,noncomp
564,0.23942819237709045,0.00595642626285553,0.5011926293373108,0.24192672967910767,564,noncomp
565,0.277967631816864,-0.018063560128211975,0.6959875822067261,0.26308029890060425,565,noncomp
566,0.23681248724460602,-0.03919180482625961,0.5841156840324402,0.22452720999717712,566,noncomp
567,0.23110952973365784,-0.11411350220441818,0.5541836619377136,0.22235286235809326,567,noncomp
568,0.2642720639705658,-0.019077282398939133,0.6441916227340698,0.2644754946231842,568,noncomp
569,0.2810908257961273,0.05847324803471565,0.6140778660774231,0.267988383769989,569,noncomp
570,0.2869320809841156,-0.1052064597606659,0.6647939085960388,0.28936490416526794,570,noncomp
571,0.2692381739616394,-0.041580680757761,0.7351031303405762,0.25290045142173767,571,noncomp
572,0.30412811040878296,-0.04738587141036987,0.6078463792800903,0.29215073585510254,572,noncomp
573,0.2574700713157654,0.04711901396512985,0.611181378364563,0.2490081489086151,573,noncomp
574,0.26158300042152405,-0.02339848317205906,0.5482773184776306,0.2512791156768799,574,noncomp
575,0.23667001724243164,0.007445302791893482,0.6241017580032349,0.2383607178926468,575,noncomp
576,0.27585694193840027,-0.012214524671435356,0.5183374881744385,0.27098438143730164,576,noncomp
577,0.21836188435554504,-0.009511390700936317,0.6265301704406738,0.2124607264995575,577,noncomp
578,0.3081989288330078,-0.009714057669043541,0.646938145160675,0.31665539741516113,578,noncomp
579,0.27922505140304565,0.0362839438021183,0.6978485584259033,0.2624324858188629,579,noncomp
580,0.24878175556659698,-0.025619501248002052,0.6244755983352661,0.2500099837779999,580,noncomp
581,0.2576901614665985,-0.06616448611021042,0.6111593246459961,0.2357080578804016,581,noncomp
582,0.25267496705055237,-0.03380125015974045,0.5815883874893188,0.25703418254852295,582,noncomp
583,0.26269054412841797,-0.007588967680931091,0.6092112064361572,0.24909842014312744,583,noncomp
584,0.2625042200088501,-0.010818096809089184,0.4996841549873352,0.26390355825424194,584,noncomp
585,0.23518826067447662,-0.13006839156150818,0.5613495111465454,0.23159047961235046,585,noncomp
586,0.2842268645763397,-0.12991642951965332,0.623526930809021,0.2870723605155945,586,noncomp
587,0.27117490768432617,0.005290413275361061,0.5549991130828857,0.2638385593891144,587,noncomp
588,0.26850229501724243,-0.0024848319590091705,0.6103484630584717,0.2587663531303406,588,noncomp
589,0.22871969640254974,-0.04377109557390213,0.6839181184768677,0.2118302583694458,589,noncomp
590,0.2493562400341034,-0.057009365409612656,0.54103022813797,0.24292215704917908,590,noncomp
591,0.25604483485221863,-0.021953795105218887,0.5616533756256104,0.2646830081939697,591,noncomp
592,0.29707416892051697,0.0008081803098320961,0.6740263104438782,0.2784962058067322,592,noncomp
593,0.2709576487541199,-0.013757857494056225,0.6585955023765564,0.27726203203201294,593,noncomp
594,0.2902769446372986,0.05000831186771393,0.5650252103805542,0.28491002321243286,594,noncomp
595,0.2743262052536011,0.013094992376863956,0.5660274028778076,0.26062509417533875,595,noncomp
596,0.2929893434047699,0.009033581241965294,0.6527067422866821,0.2878180742263794,596,noncomp
597,0.21448349952697754,-0.027847906574606895,0.5091082453727722,0.1998114287853241,597,noncomp
598,0.312950074672699,0.05657051131129265,0.6261534690856934,0.31017711758613586,598,noncomp
599,0.22670729458332062,-0.016155460849404335,0.5077353715896606,0.2020774632692337,599,noncomp
600,0.25823888182640076,-0.04619752615690231,0.5516720414161682,0.25370699167251587,600,noncomp
601,0.25542768836021423,0.023671748116612434,0.6640803813934326,0.2286946028470993,601,noncomp
602,0.24827902019023895,0.04738977551460266,0.6081331968307495,0.2354903668165207,602,noncomp
603,0.26150622963905334,-0.034277528524398804,0.5321323275566101,0.25828954577445984,603,noncomp
604,0.28022775053977966,0.04225469380617142,0.5059385895729065,0.26749366521835327,604,noncomp
605,0.267609179019928,0.003333738539367914,0.660880446434021,0.259714812040329,605,noncomp
606,0.26781076192855835,-0.009783812798559666,0.6043639779090881,0.2602002024650574,606,noncomp
607,0.24733708798885345,-0.013512425124645233,0.6078938245773315,0.22981056571006775,607,noncomp
608,0.23040656745433807,-0.05985483154654503,0.5488071441650391,0.23028649389743805,608,noncomp
609,0.26916784048080444,0.009332386776804924,0.5061541795730591,0.2691364586353302,609,noncomp
610,0.31226846575737,0.05024253576993942,0.6042208075523376,0.29176974296569824,610,noncomp
611,0.21514855325222015,-0.0006588147953152657,0.49352186918258667,0.2162170559167862,611,noncomp
612,0.2453560084104538,0.012165578082203865,0.5613030791282654,0.22760415077209473,612,noncomp
613,0.2629505693912506,-0.0012405561283230782,0.5372599363327026,0.26232707500457764,613,noncomp
614,0.2942991554737091,0.03618968650698662,0.6032541394233704,0.2840941250324249,614,noncomp
615,0.24008968472480774,-0.05852341279387474,0.5697757005691528,0.21580661833286285,615,noncomp
616,0.2658826410770416,-0.07558730244636536,0.5941369533538818,0.25934505462646484,616,noncomp
617,0.25584864616394043,-0.05339771509170532,0.5768832564353943,0.24836719036102295,617,noncomp
618,0.23219813406467438,-0.0580228753387928,0.5843033790588379,0.21459706127643585,618,noncomp
619,0.29419976472854614,0.05283182114362717,0.6062480211257935,0.2918877601623535,619,noncomp
620,0.26454684138298035,-0.02320823073387146,0.574496865272522,0.26867911219596863,620,noncomp
621,0.2745635211467743,0.01716916635632515,0.6372436285018921,0.26770779490470886,621,noncomp
622,0.304252952337265,-0.0004935041069984436,0.6777973175048828,0.28181344270706177,622,noncomp
623,0.25629815459251404,-0.04066086560487747,0.5584973096847534,0.24954041838645935,623,noncomp
624,0.23989726603031158,-0.06901418417692184,0.49592339992523193,0.23923230171203613,624,noncomp
625,0.24618259072303772,-0.010854234918951988,0.586957573890686,0.24462227523326874,625,noncomp
626,0.2705884575843811,-0.024372326210141182,0.5386516451835632,0.27631884813308716,626,noncomp
627,0.23325294256210327,-0.13192005455493927,0.5694604516029358,0.22387613356113434,627,noncomp
628,0.2618955969810486,0.00823885202407837,0.6006686091423035,0.26689428091049194,628,noncomp
629,0.2847300171852112,0.049004070460796356,0.5626183748245239,0.28609734773635864,629,noncomp
630,0.285343736410141,-0.029977908357977867,0.587806224822998,0.2907610535621643,630,noncomp
631,0.2821684777736664,0.053401898592710495,0.5027555227279663,0.27175337076187134,631,noncomp
632,0.2788553535938263,0.021146593615412712,0.55451500415802,0.2798909544944763,632,noncomp
633,0.23284517228603363,-0.029668565839529037,0.5409337282180786,0.22578653693199158,633,noncomp
634,0.23677317798137665,0.0010344546753913164,0.6366398334503174,0.2106056809425354,634,noncomp
635,0.2872168719768524,0.030889032408595085,0.6615349054336548,0.27632617950439453,635,noncomp
636,0.29965952038764954,0.0012119393795728683,0.704366147518158,0.27931106090545654,636,noncomp
637,0.25789278745651245,-0.017968758940696716,0.6101957559585571,0.24909663200378418,637,noncomp
638,0.28173911571502686,-0.009578580036759377,0.686607837677002,0.28834250569343567,638,noncomp
639,0.25947242975234985,-0.05984416604042053,0.5881609320640564,0.23949703574180603,639,noncomp
640,0.2896523177623749,-0.012011686339974403,0.560716986656189,0.29149672389030457,640,noncomp
641,0.2580360770225525,-0.0561835840344429,0.6712912917137146,0.24473673105239868,641,noncomp
642,0.30186131596565247,-0.004303052090108395,0.6574124693870544,0.31516361236572266,642,noncomp
643,0.24386195838451385,0.01505475677549839,0.7495362758636475,0.23967258632183075,643,noncomp
644,0.26352158188819885,-0.021172158420085907,0.6580328345298767,0.2543838322162628,644,noncomp
645,0.24440757930278778,-0.0044700708240270615,0.6386628746986389,0.2448636144399643,645,noncomp
646,0.2712387442588806,-0.06837497651576996,0.5479431748390198,0.26707589626312256,646,noncomp
647,0.2592375576496124,-0.054456744343042374,0.5616101026535034,0.24355965852737427,647,noncomp
648,0.2236374169588089,-0.04844464361667633,0.5058474540710449,0.22620531916618347,648,noncomp
649,0.34366142749786377,0.14135590195655823,0.6154005527496338,0.3321007192134857,649,noncomp
650,0.2573886215686798,0.0716935470700264,0.7174445390701294,0.23693445324897766,650,noncomp
651,0.32985779643058777,0.01235040184110403,0.6277452707290649,0.31236428022384644,651,noncomp
652,0.28363528847694397,-0.042211905121803284,0.5715845823287964,0.2895040810108185,652,noncomp
653,0.23935160040855408,-0.059613462537527084,0.5794498920440674,0.22738997638225555,653,noncomp
654,0.24476838111877441,-0.00768008828163147,0.5979335308074951,0.24323709309101105,654,noncomp
655,0.24371649324893951,-0.04135888069868088,0.5566607117652893,0.21257063746452332,655,noncomp
656,0.2628718912601471,0.04988071322441101,0.5955462455749512,0.24851301312446594,656,noncomp
657,0.31780117750167847,0.0505114421248436,0.6714010238647461,0.31518667936325073,657,noncomp
658,0.26507359743118286,-0.06431211531162262,0.5918585658073425,0.26028871536254883,658,noncomp
659,0.3000718355178833,0.015122744254767895,0.6857153177261353,0.28881025314331055,659,noncomp
660,0.28235068917274475,0.02746119536459446,0.5813729763031006,0.27656665444374084,660,noncomp
661,0.26152005791664124,-0.10820434987545013,0.5954452753067017,0.2491391897201538,661,noncomp
662,0.22721634805202484,-0.05241604149341583,0.605304479598999,0.2182697206735611,662,noncomp
663,0.26893240213394165,-0.0011563636362552643,0.578262209892273,0.2624764144420624,663,noncomp
664,0.25190821290016174,-0.056039921939373016,0.6482270956039429,0.23162919282913208,664,noncomp
665,0.26479488611221313,-0.00811062566936016,0.5992612838745117,0.2395906001329422,665,noncomp
666,0.23501373827457428,-0.0862310528755188,0.6260559558868408,0.2466975897550583,666,noncomp
667,0.2853487432003021,0.024203697219491005,0.6316964030265808,0.28528133034706116,667,noncomp
668,0.27428188920021057,0.031548067927360535,0.5361890196800232,0.27354609966278076,668,noncomp
669,0.2850610613822937,0.0253733042627573,0.6793467998504639,0.27592137455940247,669,noncomp
670,0.30290547013282776,0.004253965802490711,0.6023945808410645,0.3050234019756317,670,noncomp
671,0.26945236325263977,-0.06033559888601303,0.5478177070617676,0.2591998875141144,671,noncomp
672,0.28485676646232605,0.014025351032614708,0.5505226254463196,0.27638423442840576,672,noncomp
673,0.23776744306087494,-0.03227344527840614,0.5287958383560181,0.2247980535030365,673,noncomp
674,0.23395578563213348,-0.005424586124718189,0.5713168382644653,0.21951615810394287,674,noncomp
675,0.25388219952583313,0.015766723081469536,0.5406681299209595,0.24803900718688965,675,noncomp
676,0.26103076338768005,-0.05829772353172302,0.5873047113418579,0.2501504421234131,676,noncomp
677,0.2942003607749939,0.0022391118109226227,0.6672134399414062,0.2934487462043762,677,noncomp
678,0.23268556594848633,0.021687962114810944,0.5893490314483643,0.2287282943725586,678,noncomp
679,0.235820010304451,-0.0326971635222435,0.536000669002533,0.22620922327041626,679,noncomp
680,0.26050275564193726,-0.029760930687189102,0.6281958818435669,0.24833859503269196,680,noncomp
681,0.2891027331352234,0.01296592690050602,0.6407605409622192,0.28456926345825195,681,noncomp
682,0.2500231862068176,-0.013128656893968582,0.6176087260246277,0.23330605030059814,682,noncomp
683,0.2673698365688324,-0.02166125364601612,0.6965026259422302,0.2546464800834656,683,noncomp
684,0.2566515803337097,-0.026471568271517754,0.6299418210983276,0.23079892992973328,684,noncomp
685,0.2546651065349579,0.03815000504255295,0.5696139931678772,0.2524215579032898,685,noncomp
686,0.25972503423690796,0.034045372158288956,0.5567933320999146,0.2558295428752899,686,noncomp
687,0.22369109094142914,-0.009353113360702991,0.5567665100097656,0.21128526329994202,687,noncomp
688,0.24589289724826813,0.012770825996994972,0.5038134455680847,0.23807787895202637,688,noncomp
689,0.28255289793014526,-0.02243187092244625,0.5974169969558716,0.2821245789527893,689,noncomp
690,0.2562430500984192,-0.014017296954989433,0.559607207775116,0.2559044063091278,690,noncomp
691,0.2718614339828491,0.04545527696609497,0.5734249353408813,0.25269201397895813,691,noncomp
692,0.2574966549873352,-0.10445163398981094,0.6567369699478149,0.25049471855163574,692,noncomp
693,0.23862801492214203,-0.03352314978837967,0.6291031241416931,0.2409297376871109,693,noncomp
694,0.27234190702438354,0.04782477021217346,0.5722753405570984,0.2603703737258911,694,noncomp
695,0.292307049036026,-0.04868737608194351,0.6008681654930115,0.2916535437107086,695,noncomp
696,0.2734829783439636,0.023141933605074883,0.6181727051734924,0.2756562829017639,696,noncomp
697,0.294255793094635,-0.05028471350669861,0.6038211584091187,0.30847346782684326,697,noncomp
698,0.2735057771205902,0.025959545746445656,0.6699915528297424,0.2603675127029419,698,noncomp
699,0.29213857650756836,0.045417629182338715,0.6154295206069946,0.28619202971458435,699,noncomp
700,0.3040769398212433,-0.02688095159828663,0.651087760925293,0.3143960237503052,700,noncomp
701,0.31448042392730713,-0.05452573299407959,0.6382575035095215,0.3228532075881958,701,noncomp
702,0.31820979714393616,0.032467059791088104,0.6411008238792419,0.316311776638031,702,noncomp
703,0.3097929060459137,0.06257050484418869,0.5535354614257812,0.29928308725357056,703,noncomp
704,0.26015663146972656,-0.0007500983774662018,0.5775710940361023,0.26282283663749695,704,noncomp
705,0.24443288147449493,-0.01786598563194275,0.6472460627555847,0.23020824790000916,705,noncomp
706,0.2559855282306671,-0.11292120814323425,0.5344964861869812,0.24058175086975098,706,noncomp
707,0.26757490634918213,-0.022792290896177292,0.6291280388832092,0.27007901668548584,707,noncomp
708,0.26257532835006714,-0.07695375382900238,0.5681399703025818,0.26444369554519653,708,noncomp
709,0.24700501561164856,-0.007263248786330223,0.4946105480194092,0.2531603276729584,709,noncomp
710,0.26389870047569275,-0.0005028177984058857,0.603810727596283,0.25353068113327026,710,noncomp
711,0.27588972449302673,0.012507885694503784,0.5285850763320923,0.28109902143478394,711,noncomp
712,0.2559000253677368,0.007032250985503197,0.6038084626197815,0.2473079264163971,712,noncomp
713,0.2602546811103821,0.024942200630903244,0.5894755721092224,0.24348026514053345,713,noncomp
714,0.27098897099494934,-0.03614868223667145,0.5493995547294617,0.266390860080719,714,noncomp
715,0.32958903908729553,0.037766311317682266,0.6182757616043091,0.32967904210090637,715,noncomp
716,0.2829384505748749,0.02244752086699009,0.5272283554077148,0.26221391558647156,716,noncomp
717,0.25706416368484497,0.028674017637968063,0.5576910376548767,0.2519207000732422,717,noncomp
718,0.23741446435451508,-0.09435439109802246,0.5514417886734009,0.23388776183128357,718,noncomp
719,0.3048626482486725,0.07856006175279617,0.6834044456481934,0.29236143827438354,719,noncomp
720,0.2565464377403259,-0.027039654552936554,0.6113714575767517,0.23706655204296112,720,noncomp
721,0.26278093457221985,0.00045933760702610016,0.6234704256057739,0.24268484115600586,721,noncomp
722,0.2462814301252365,0.021051162853837013,0.5530954003334045,0.23753099143505096,722,noncomp
723,0.2624886631965637,0.019938912242650986,0.6895948052406311,0.25810256600379944,723,noncomp
724,0.2582259178161621,-0.006217092275619507,0.5376845598220825,0.24456268548965454,724,noncomp
725,0.2838636338710785,-0.03266403079032898,0.6425397396087646,0.2926587462425232,725,noncomp
726,0.27255091071128845,0.0158047117292881,0.6251049637794495,0.24611568450927734,726,noncomp
727,0.25917378067970276,0.02211751788854599,0.5482456088066101,0.25818949937820435,727,noncomp
728,0.23716256022453308,0.0023259762674570084,0.5748794674873352,0.2275591343641281,728,noncomp
729,0.2664150595664978,-0.045913469046354294,0.5763629674911499,0.26222872734069824,729,noncomp
730,0.2694150507450104,-0.05186808481812477,0.6323882341384888,0.26130005717277527,730,noncomp
731,0.23955224454402924,-0.031150827184319496,0.5947673320770264,0.23714417219161987,731,noncomp
732,0.25533872842788696,-0.021551912650465965,0.6168866753578186,0.24479572474956512,732,noncomp
733,0.2607426345348358,-0.015423803590238094,0.5591418147087097,0.23862093687057495,733,noncomp
734,0.2688361704349518,0.012358255684375763,0.6230581998825073,0.26794129610061646,734,noncomp
735,0.2567058503627777,0.00842248648405075,0.5912607908248901,0.24584883451461792,735,noncomp
736,0.24645297229290009,0.003939380869269371,0.5034687519073486,0.2536095082759857,736,noncomp
737,0.2766611874103546,-0.032835815101861954,0.6934950947761536,0.27640461921691895,737,noncomp
738,0.28452783823013306,0.03440846502780914,0.5509732961654663,0.2807287871837616,738,noncomp
739,0.2646307647228241,0.01345573365688324,0.643936276435852,0.2726846933364868,739,noncomp
740,0.25748956203460693,0.012075522914528847,0.6446205973625183,0.23814651370048523,740,noncomp
741,0.3264370262622833,-0.1163591742515564,0.6732598543167114,0.30692681670188904,741,noncomp
742,0.24993139505386353,-0.06839393079280853,0.6161289215087891,0.24666838347911835,742,noncomp
743,0.22569087147712708,-0.025948846712708473,0.5642767548561096,0.20926447212696075,743,noncomp
744,0.25693872570991516,0.012632882222533226,0.5068779587745667,0.2422790229320526,744,noncomp
745,0.2363092452287674,-0.11716482788324356,0.7078725695610046,0.2043115347623825,745,noncomp
746,0.25569093227386475,-0.021553877741098404,0.5411830544471741,0.25106433033943176,746,noncomp
747,0.24273666739463806,-0.049117110669612885,0.6672017574310303,0.24467307329177856,747,noncomp
748,0.2542515695095062,-0.06677886843681335,0.6434903144836426,0.2490912228822708,748,noncomp
749,0.263792484998703,-0.07002405822277069,0.5963510870933533,0.26963645219802856,749,noncomp
750,0.30333182215690613,0.06786712259054184,0.660190761089325,0.2940741181373596,750,noncomp
751,0.29190129041671753,0.0011727195233106613,0.5837690830230713,0.28357014060020447,751,noncomp
752,0.28205880522727966,-0.06356634944677353,0.6174876093864441,0.29440838098526,752,noncomp
753,0.2783494293689728,0.04229835048317909,0.688764214515686,0.27348223328590393,753,noncomp
754,0.2797299027442932,-0.05441141873598099,0.5988689661026001,0.27003204822540283,754,noncomp
755,0.23465755581855774,-0.18433813750743866,0.5691971778869629,0.2283979207277298,755,noncomp
756,0.2814227342605591,0.013692439533770084,0.5487647652626038,0.2752160429954529,756,noncomp
757,0.28787708282470703,0.01847677305340767,0.6069274544715881,0.27927497029304504,757,noncomp
758,0.25007274746894836,-0.020811036229133606,0.6409845352172852,0.2375655323266983,758,noncomp
759,0.2902884781360626,-0.04539502039551735,0.5762858390808105,0.28490668535232544,759,noncomp
760,0.2743603587150574,-0.086173415184021,0.5946464538574219,0.26960092782974243,760,noncomp
761,0.2224874645471573,-0.03587762266397476,0.6283140778541565,0.2101733237504959,761,noncomp
762,0.2788679003715515,-0.050258807837963104,0.5854035019874573,0.2887885868549347,762,noncomp
763,0.3178183436393738,0.05275021865963936,0.7339763641357422,0.3212064504623413,763,noncomp
764,0.2763880789279938,4.3555162847042084e-05,0.5798830986022949,0.2808598279953003,764,noncomp
765,0.2765564024448395,0.006258959881961346,0.6447027921676636,0.2704506516456604,765,noncomp
766,0.30748698115348816,-0.044338613748550415,0.5897481441497803,0.30776268243789673,766,noncomp
767,0.2565900683403015,-0.004076104611158371,0.588078498840332,0.24081707000732422,767,noncomp
768,0.2569544017314911,-0.07567442953586578,0.6913306713104248,0.22500227391719818,768,noncomp
769,0.2607627809047699,-0.034260038286447525,0.6677747964859009,0.25644609332084656,769,noncomp
770,0.26624739170074463,-0.006840537302196026,0.5714488625526428,0.2473854273557663,770,noncomp
771,0.280397891998291,0.04119713604450226,0.512159526348114,0.2716984748840332,771,noncomp
772,0.3400227129459381,0.08102823793888092,0.6533405780792236,0.31599169969558716,772,noncomp
773,0.24619095027446747,0.01936943829059601,0.8125386834144592,0.2207808792591095,773,noncomp
774,0.29749158024787903,0.001459895633161068,0.6605603098869324,0.3031653165817261,774,noncomp
775,0.31950077414512634,0.05501597747206688,0.6366317272186279,0.3264070451259613,775,noncomp
776,0.2755415141582489,0.06108733266592026,0.5934259295463562,0.25755107402801514,776,noncomp
777,0.2805323302745819,-0.008190710097551346,0.590747058391571,0.27183660864830017,777,noncomp
778,0.29171720147132874,0.0015176218003034592,0.6355263590812683,0.2865651547908783,778,noncomp
779,0.27706772089004517,-0.03488505259156227,0.5485686659812927,0.2928192615509033,779,noncomp
780,0.24931834638118744,-0.13798096776008606,0.5566325187683105,0.24962233006954193,780,noncomp
781,0.23287878930568695,0.0012275553308427334,0.6344815492630005,0.21398748457431793,781,noncomp
782,0.2573617398738861,0.008008426055312157,0.6002223491668701,0.24262024462223053,782,noncomp
783,0.2974521219730377,-0.017817504703998566,0.6155149340629578,0.29396793246269226,783,noncomp
784,0.2569856345653534,0.03292851150035858,0.6627761721611023,0.2405773252248764,784,noncomp
785,0.2645331919193268,0.010273526422679424,0.5494037866592407,0.2662839889526367,785,noncomp
786,0.27109113335609436,0.0020319875329732895,0.616156816482544,0.25411826372146606,786,noncomp
787,0.23393376171588898,-0.020827071741223335,0.5787810683250427,0.2216508537530899,787,noncomp
788,0.2751588225364685,-0.011011702008545399,0.6249356269836426,0.26772457361221313,788,noncomp
789,0.2725050747394562,0.02518782950937748,0.5325596332550049,0.2691776752471924,789,noncomp
790,0.2831844389438629,-0.08582992851734161,0.6395845413208008,0.28460100293159485,790,noncomp
791,0.21751047670841217,0.0021391641348600388,0.6995250582695007,0.19257105886936188,791,noncomp
792,0.3063388764858246,0.0022656824439764023,0.6611164212226868,0.2890375554561615,792,noncomp
793,0.28637656569480896,0.07636168599128723,0.5665997862815857,0.27833473682403564,793,noncomp
794,0.25304916501045227,-0.0844685286283493,0.7144644856452942,0.2441941499710083,794,noncomp
795,0.2540775537490845,-0.06968001276254654,0.5749797821044922,0.2543216943740845,795,noncomp
796,0.26486366987228394,-0.038130827248096466,0.6180088520050049,0.2368638962507248,796,noncomp
797,0.28301897644996643,0.01468660682439804,0.6208602786064148,0.2676564157009125,797,noncomp
798,0.285668283700943,-0.000660821795463562,0.6166212558746338,0.27104511857032776,798,noncomp
799,0.2716313600540161,-0.08079857379198074,0.670616626739502,0.26853078603744507,799,noncomp
800,0.26687896251678467,-0.01337895356118679,0.5757746696472168,0.25085440278053284,800,noncomp
801,0.2967546284198761,0.03408209607005119,0.6458004713058472,0.2917657196521759,801,noncomp
802,0.2908776104450226,-0.04928767308592796,0.5361700654029846,0.290736585855484,802,noncomp
803,0.26965102553367615,0.0015203561633825302,0.6530848145484924,0.2456410825252533,803,noncomp
804,0.2483207732439041,-0.08320159465074539,0.5406094789505005,0.2425207495689392,804,noncomp
805,0.32272768020629883,-0.06529783457517624,0.6140516996383667,0.32865017652511597,805,noncomp
806,0.2623693645000458,0.0007381467148661613,0.7003726959228516,0.2406865507364273,806,noncomp
807,0.2841119170188904,-0.0424811914563179,0.5908947587013245,0.28040382266044617,807,noncomp
808,0.3019684851169586,0.07720087468624115,0.7594112157821655,0.29813188314437866,808,noncomp
809,0.2715946435928345,0.019879354164004326,0.6195678114891052,0.269564688205719,809,noncomp
810,0.296336829662323,0.029459364712238312,0.7033843994140625,0.2852841913700104,810,noncomp
811,0.2838992774486542,-0.013241101056337357,0.6115065813064575,0.2633238136768341,811,noncomp
812,0.3435361981391907,0.09873370081186295,0.6108630895614624,0.3398134112358093,812,noncomp
813,0.3228100538253784,0.03837330639362335,0.6297352313995361,0.3216000199317932,813,noncomp
814,0.25834953784942627,-0.03435182198882103,0.5398179292678833,0.2515295445919037,814,noncomp
815,0.2729441821575165,-0.027480263262987137,0.6771763563156128,0.2493668496608734,815,noncomp
816,0.29135289788246155,-0.0092947231605649,0.6351950168609619,0.2944241762161255,816,noncomp
817,0.27527886629104614,0.0032739099115133286,0.6839047074317932,0.2725582718849182,817,noncomp
818,0.27912378311157227,0.006450526416301727,0.5684773325920105,0.27196022868156433,818,noncomp
819,0.22128702700138092,-0.05782853066921234,0.5199823975563049,0.22708216309547424,819,noncomp
820,0.2678185999393463,0.019919827580451965,0.5376198291778564,0.26157650351524353,820,noncomp
821,0.2849171459674835,0.04946330189704895,0.6059291958808899,0.2694226801395416,821,noncomp
822,0.27499592304229736,0.027025405317544937,0.5979100465774536,0.264096200466156,822,noncomp
823,0.2532545328140259,0.01333472691476345,0.5634669661521912,0.23964324593544006,823,noncomp
824,0.3095032572746277,0.10546199977397919,0.5724568367004395,0.3040752410888672,824,noncomp
825,0.2382395714521408,-0.020129721611738205,0.5390856266021729,0.22350403666496277,825,noncomp
826,0.24645386636257172,-0.004870609380304813,0.5594000816345215,0.23680351674556732,826,noncomp
827,0.28277915716171265,-0.029787577688694,0.6178659200668335,0.28132522106170654,827,noncomp
828,0.28412944078445435,-0.07395671308040619,0.6024631857872009,0.2742087244987488,828,noncomp
829,0.30164065957069397,0.0034084459766745567,0.5704314112663269,0.29430079460144043,829,noncomp
830,0.25627264380455017,-0.003624074626713991,0.5279013514518738,0.25453096628189087,830,noncomp
831,0.2747623324394226,0.015420153737068176,0.5124190449714661,0.272929847240448,831,noncomp
832,0.3054082989692688,0.05269169807434082,0.7078971862792969,0.3005349040031433,832,noncomp
833,0.23914551734924316,0.008730227127671242,0.5591983199119568,0.22983905673027039,833,noncomp
834,0.2922491133213043,-0.028842605650424957,0.5775124430656433,0.30774548649787903,834,noncomp
835,0.29167741537094116,0.06310082972049713,0.526594340801239,0.2910417914390564,835,noncomp
836,0.2386074960231781,-0.04911491647362709,0.5333645939826965,0.22737930715084076,836,noncomp
837,0.2756703197956085,-0.033632777631282806,0.6243107318878174,0.2723567485809326,837,noncomp
838,0.22947078943252563,-0.0750134289264679,0.6357753276824951,0.22426491975784302,838,noncomp
839,0.28436028957366943,0.00574189517647028,0.6544936895370483,0.26026487350463867,839,noncomp
840,0.24725116789340973,-0.031380794942379,0.5809369683265686,0.2380918264389038,840,noncomp
841,0.25633400678634644,-0.04571762681007385,0.6258479356765747,0.24512535333633423,841,noncomp
842,0.2529342472553253,-0.032548386603593826,0.6609673500061035,0.2502185106277466,842,noncomp
843,0.2687319815158844,0.0007162552792578936,0.6651533246040344,0.25318849086761475,843,noncomp
844,0.3192245364189148,0.020910296589136124,0.7510995864868164,0.32223567366600037,844,noncomp
845,0.3385688066482544,0.068043552339077,0.6577208042144775,0.3266722559928894,845,noncomp
846,0.28015756607055664,0.010006330907344818,0.6479233503341675,0.2775896489620209,846,noncomp
847,0.28000253438949585,0.014079256914556026,0.6432390809059143,0.2759914994239807,847,noncomp
848,0.2301947921514511,-0.0009075924754142761,0.6279729604721069,0.22055760025978088,848,noncomp
849,0.30091971158981323,0.01868266984820366,0.6380971670150757,0.298674613237381,849,noncomp
850,0.3011549711227417,0.02980487048625946,0.6575653553009033,0.28058087825775146,850,noncomp
851,0.31124743819236755,-0.03878503665328026,0.6264683604240417,0.3084479868412018,851,noncomp
852,0.2178080528974533,-0.018260039389133453,0.5256907343864441,0.2106045037508011,852,noncomp
853,0.2562544345855713,-0.02746838517487049,0.5599215626716614,0.2509104013442993,853,noncomp
854,0.2627052068710327,0.04025483876466751,0.6367235779762268,0.24010777473449707,854,noncomp
855,0.22511081397533417,-0.11417155712842941,0.581964373588562,0.2143213003873825,855,noncomp
856,0.2877904772758484,0.038860201835632324,0.6009760499000549,0.29546791315078735,856,noncomp
857,0.2490822970867157,0.004859188571572304,0.5881221890449524,0.2206595242023468,857,noncomp
858,0.3115593194961548,-0.06109263002872467,0.6754319071769714,0.3163003921508789,858,noncomp
859,0.24548210203647614,-0.02169240266084671,0.6117219924926758,0.2263604700565338,859,noncomp
860,0.2868541479110718,0.0036900548730045557,0.6172962188720703,0.2806214988231659,860,noncomp
861,0.24595287442207336,-0.0503753162920475,0.575156569480896,0.23134779930114746,861,noncomp
862,0.26728522777557373,0.01855599135160446,0.605121910572052,0.2581592798233032,862,noncomp
863,0.2599067687988281,-0.026055654510855675,0.5550369024276733,0.2470267415046692,863,noncomp
864,0.2333642840385437,-0.08892486989498138,0.508920431137085,0.24059757590293884,864,noncomp
865,0.270028680562973,0.02624478004872799,0.6570078730583191,0.25030916929244995,865,noncomp
866,0.28590190410614014,-0.06210736930370331,0.7423308491706848,0.2791407108306885,866,noncomp
867,0.25284332036972046,-0.07350083440542221,0.5485628247261047,0.24629348516464233,867,noncomp
868,0.2674710154533386,-0.048410139977931976,0.5691184401512146,0.2710954546928406,868,noncomp
869,0.26472270488739014,0.001629493199288845,0.5760188102722168,0.25191929936408997,869,noncomp
870,0.26178184151649475,-0.03163258358836174,0.5229693651199341,0.2542438805103302,870,noncomp
871,0.3044807016849518,-0.05407538264989853,0.615250289440155,0.29333844780921936,871,noncomp
872,0.2777944803237915,-0.053576648235321045,0.6668587327003479,0.2841965854167938,872,noncomp
873,0.21498772501945496,0.026529202237725258,0.5583806037902832,0.1948544830083847,873,noncomp
874,0.2635396718978882,0.03616086021065712,0.5782023668289185,0.24913528561592102,874,noncomp
875,0.23580725491046906,-0.015427675098180771,0.6322196125984192,0.23481088876724243,875,noncomp
876,0.26595011353492737,0.009045550599694252,0.6083670258522034,0.2554689645767212,876,noncomp
877,0.21500462293624878,-0.08922773599624634,0.49332159757614136,0.21333885192871094,877,noncomp
878,0.2623487114906311,0.06193457543849945,0.5529553890228271,0.2719932496547699,878,noncomp
879,0.276533305644989,-0.0024548531509935856,0.5604990720748901,0.28009068965911865,879,noncomp
880,0.28595879673957825,0.015002456493675709,0.645499587059021,0.2836686372756958,880,noncomp
881,0.289002001285553,-0.04027098789811134,0.586655855178833,0.2840038537979126,881,noncomp
882,0.27125877141952515,-0.007041997276246548,0.57476806640625,0.26324325799942017,882,noncomp
883,0.2721651792526245,0.02026076801121235,0.6609748005867004,0.2644523084163666,883,noncomp
884,0.24220819771289825,-0.0027761179953813553,0.7047696709632874,0.2300461381673813,884,noncomp
885,0.2298939973115921,-0.0032398495823144913,0.580609142780304,0.21445265412330627,885,noncomp
886,0.2611887454986572,-0.01474527083337307,0.6200425624847412,0.240354984998703,886,noncomp
887,0.23934102058410645,-0.0339832529425621,0.5401986837387085,0.23749125003814697,887,noncomp
888,0.27634626626968384,-0.01616343855857849,0.7556447982788086,0.269631028175354,888,noncomp
889,0.26793572306632996,0.004629245027899742,0.6235014200210571,0.2649538516998291,889,noncomp
890,0.25732165575027466,0.019264914095401764,0.5755380392074585,0.2430044710636139,890,noncomp
891,0.26566439867019653,-0.04681204631924629,0.6127591729164124,0.2586939036846161,891,noncomp
892,0.26103419065475464,0.03736674413084984,0.5746049880981445,0.2608250379562378,892,noncomp
893,0.2836504280567169,-0.053198639303445816,0.6333198547363281,0.2929438650608063,893,noncomp
894,0.25556817650794983,-0.07717563211917877,0.518819272518158,0.24504104256629944,894,noncomp
895,0.26622459292411804,0.012991350144147873,0.5384001731872559,0.2548379898071289,895,noncomp
896,0.32556524872779846,0.05148690193891525,0.601596474647522,0.3126000761985779,896,noncomp
897,0.23488880693912506,0.008050395175814629,0.5677592754364014,0.23737896978855133,897,noncomp
898,0.30239468812942505,-0.08774428814649582,0.6716668605804443,0.2899673581123352,898,noncomp
899,0.2776654064655304,0.041003331542015076,0.602446973323822,0.2537961006164551,899,noncomp
900,0.26229146122932434,-0.06185625493526459,0.5485991835594177,0.25817954540252686,900,noncomp
901,0.2831706702709198,-0.02201809175312519,0.6057978868484497,0.26468148827552795,901,noncomp
902,0.27168506383895874,-0.0827326774597168,0.6970947980880737,0.2920374870300293,902,noncomp
903,0.289306640625,0.023980025202035904,0.7187609672546387,0.27145373821258545,903,noncomp
904,0.29185688495635986,0.033193375915288925,0.6673319339752197,0.2851437032222748,904,noncomp
905,0.2726907432079315,-0.020521705970168114,0.5687636733055115,0.2750984728336334,905,noncomp
906,0.24402271211147308,-0.012620804831385612,0.5699000954627991,0.23901017010211945,906,noncomp
907,0.2873837351799011,0.02714541181921959,0.6508318781852722,0.2685409188270569,907,noncomp
908,0.2924175262451172,-0.014292677864432335,0.5820896625518799,0.2756200432777405,908,noncomp
909,0.24865195155143738,0.014959744177758694,0.7562394142150879,0.23524294793605804,909,noncomp
910,0.30511897802352905,0.027214661240577698,0.5766471028327942,0.29109033942222595,910,noncomp
911,0.26456546783447266,0.05460517108440399,0.5842800140380859,0.2523210644721985,911,noncomp
912,0.2592190206050873,0.029430177062749863,0.5779403448104858,0.24437028169631958,912,noncomp
913,0.2722056806087494,0.01134142279624939,0.564556360244751,0.2769920229911804,913,noncomp
914,0.2617621123790741,-0.06948312371969223,0.6180601119995117,0.26134800910949707,914,noncomp
915,0.2570938467979431,-0.11310430616140366,0.5699189901351929,0.2574187219142914,915,noncomp
916,0.2593472898006439,0.0009826308814808726,0.611604630947113,0.22237296402454376,916,noncomp
917,0.265879362821579,0.009903118014335632,0.5623564720153809,0.26523807644844055,917,noncomp
918,0.2904897630214691,0.014626980759203434,0.6848815083503723,0.28610047698020935,918,noncomp
919,0.28476083278656006,0.013080037198960781,0.7122539281845093,0.2803407907485962,919,noncomp
920,0.274028480052948,-0.07050343602895737,0.5958558917045593,0.2601979374885559,920,noncomp
921,0.26851749420166016,-0.10974053293466568,0.604850709438324,0.2676957845687866,921,noncomp
922,0.21477378904819489,-0.007664775941520929,0.5744192600250244,0.19429995119571686,922,noncomp
923,0.3357602059841156,0.015390575863420963,0.6061967611312866,0.33089151978492737,923,noncomp
924,0.24956288933753967,-0.0011650307569652796,0.5839149355888367,0.23690888285636902,924,noncomp
925,0.2603248059749603,0.06913767755031586,0.549462080001831,0.2425391972064972,925,noncomp
926,0.23712728917598724,-0.03706376627087593,0.5523471832275391,0.23727136850357056,926,noncomp
927,0.2637315094470978,-0.05706540122628212,0.4777412414550781,0.2659381926059723,927,noncomp
928,0.30885377526283264,0.036622725427150726,0.6598424911499023,0.2899448275566101,928,noncomp
929,0.2512890696525574,0.003971980884671211,0.5475659370422363,0.23440690338611603,929,noncomp
930,0.27142924070358276,-0.056298695504665375,0.5947731733322144,0.27055636048316956,930,noncomp
931,0.24253244698047638,-0.03390701115131378,0.6486111283302307,0.23412135243415833,931,noncomp
932,0.28777551651000977,-0.07298041880130768,0.7114018797874451,0.2895348072052002,932,noncomp
933,0.2547104060649872,-0.0006671017035841942,0.605519711971283,0.23661255836486816,933,noncomp
934,0.27124398946762085,0.022640179842710495,0.6047897338867188,0.2630341649055481,934,noncomp
935,0.2554815709590912,-0.02968461811542511,0.565935492515564,0.25424858927726746,935,noncomp
936,0.3530479371547699,-0.007269168272614479,0.6503199338912964,0.3386458158493042,936,noncomp
937,0.3107285499572754,0.001394074410200119,0.7257128357887268,0.3137591481208801,937,noncomp
938,0.2503472864627838,-0.025186803191900253,0.5311740040779114,0.24957206845283508,938,noncomp
939,0.30896642804145813,0.02498725801706314,0.6197792887687683,0.29695624113082886,939,noncomp
940,0.3091312646865845,-0.014715995639562607,0.6099420785903931,0.31135624647140503,940,noncomp
941,0.24898570775985718,-0.06419537216424942,0.6088322401046753,0.24223777651786804,941,noncomp
942,0.30947840213775635,0.02852729707956314,0.6363992691040039,0.29359719157218933,942,noncomp
943,0.23991705477237701,-0.06890398263931274,0.6337999105453491,0.23047634959220886,943,noncomp
944,0.27171626687049866,-0.017792727798223495,0.6429761052131653,0.257768452167511,944,noncomp
945,0.24961580336093903,-0.09550659358501434,0.6259873509407043,0.2338993102312088,945,noncomp
946,0.28672537207603455,0.0009084949269890785,0.6949601769447327,0.28210633993148804,946,noncomp
947,0.24876831471920013,-0.051328081637620926,0.5253500938415527,0.24798133969306946,947,noncomp
948,0.3006042540073395,0.014491057954728603,0.6227116584777832,0.3016132116317749,948,noncomp
949,0.2261849045753479,-0.057870667427778244,0.5300458669662476,0.22057951986789703,949,noncomp
950,0.25381702184677124,-0.03598041087388992,0.6098507046699524,0.2335072159767151,950,noncomp
951,0.3045111894607544,-0.018825912848114967,0.5471442341804504,0.3062114119529724,951,noncomp
952,0.22139860689640045,0.013537504710257053,0.5309155583381653,0.21700146794319153,952,noncomp
953,0.26940667629241943,0.033807288855314255,0.7150243520736694,0.24577122926712036,953,noncomp
954,0.20265132188796997,-0.0347110889852047,0.6655969619750977,0.20014330744743347,954,noncomp
955,0.28513091802597046,-0.04007073864340782,0.6563736796379089,0.27211955189704895,955,noncomp
956,0.23513494431972504,0.00976649858057499,0.5738516449928284,0.21766117215156555,956,noncomp
957,0.2868318557739258,0.06416156888008118,0.661076009273529,0.2805885076522827,957,noncomp
958,0.3054755628108978,0.0850122943520546,0.5506641864776611,0.3085784316062927,958,noncomp
959,0.29093077778816223,0.017282838001847267,0.6865189075469971,0.2786567509174347,959,noncomp
960,0.21156713366508484,-0.04576507955789566,0.5838751792907715,0.20093783736228943,960,noncomp
961,0.2664724588394165,0.038804471492767334,0.5854590535163879,0.25418683886528015,961,noncomp
962,0.27172455191612244,-0.0038132797926664352,0.6274014711380005,0.2644457221031189,962,noncomp
963,0.2602452337741852,-0.066285640001297,0.5864371061325073,0.24627293646335602,963,noncomp
964,0.2618549168109894,-0.034268416464328766,0.5685446858406067,0.25632232427597046,964,noncomp
965,0.2578604519367218,-0.024947883561253548,0.4924945831298828,0.2397344410419464,965,noncomp
966,0.26463091373443604,0.037051111459732056,0.5455790162086487,0.2405405342578888,966,noncomp
967,0.2750694453716278,0.028894299641251564,0.5671305656433105,0.2605074942111969,967,noncomp
968,0.26210126280784607,0.01555428747087717,0.49804794788360596,0.25715187191963196,968,noncomp
969,0.2841998040676117,-0.014338040724396706,0.6387885808944702,0.2784269452095032,969,noncomp
970,0.274436891078949,-0.014592207968235016,0.5820872783660889,0.2934928834438324,970,noncomp
971,0.21802012622356415,-0.049603015184402466,0.6209407448768616,0.19397181272506714,971,noncomp
972,0.2958869934082031,0.0412449836730957,0.5826961994171143,0.28618118166923523,972,noncomp
973,0.24891112744808197,-0.033632319420576096,0.5151342153549194,0.2390720397233963,973,noncomp
974,0.30573099851608276,0.08952347189188004,0.6427954435348511,0.28412652015686035,974,noncomp
975,0.2901444733142853,-0.00946849025785923,0.647179901599884,0.28837934136390686,975,noncomp
976,0.27992984652519226,-0.011497411876916885,0.5808826684951782,0.26717719435691833,976,noncomp
977,0.24161671102046967,-0.0197554063051939,0.5431803464889526,0.21928244829177856,977,noncomp
978,0.23665142059326172,-0.029322132468223572,0.5906684994697571,0.22773340344429016,978,noncomp
979,0.269254595041275,0.04573461785912514,0.5882771015167236,0.26353558897972107,979,noncomp
980,0.26864951848983765,0.0026002232916653156,0.6527092456817627,0.2577163875102997,980,noncomp
981,0.28028377890586853,-0.01254019420593977,0.6180373430252075,0.2545984983444214,981,noncomp
982,0.32363563776016235,-0.00737150851637125,0.6771876811981201,0.3075598478317261,982,noncomp
983,0.24165350198745728,-0.03224734961986542,0.6085463762283325,0.2294575572013855,983,noncomp
984,0.2800197899341583,0.06461873650550842,0.6216672658920288,0.26133185625076294,984,noncomp
985,0.3073124587535858,-0.011692511849105358,0.6191294193267822,0.30099180340766907,985,noncomp
986,0.284768283367157,0.008755125105381012,0.5731320381164551,0.2849953770637512,986,noncomp
987,0.2277010977268219,-0.04046715050935745,0.5719156861305237,0.21415236592292786,987,noncomp
988,0.2644243538379669,-0.059051111340522766,0.6895831823348999,0.24907328188419342,988,noncomp
989,0.27727505564689636,0.018211372196674347,0.5589866638183594,0.264465868473053,989,noncomp
990,0.2727489471435547,0.02246078848838806,0.5800046324729919,0.2587284445762634,990,noncomp
991,0.28569716215133667,0.00234292633831501,0.6649645566940308,0.2718391418457031,991,noncomp
992,0.28031232953071594,-0.0060653346590697765,0.6847955584526062,0.263161838054657,992,noncomp
993,0.2974308133125305,0.04111267253756523,0.577657163143158,0.29413002729415894,993,noncomp
994,0.2587600350379944,-0.008487965911626816,0.5769897103309631,0.24054744839668274,994,noncomp
995,0.25349855422973633,0.01010432094335556,0.5480404496192932,0.24920961260795593,995,noncomp
996,0.2960556745529175,0.029341934248805046,0.5906104445457458,0.2967703938484192,996,noncomp
997,0.2377890646457672,-0.013370675966143608,0.6175535321235657,0.23278768360614777,997,noncomp
998,0.2866794764995575,0.038873422890901566,0.5938076376914978,0.2808697819709778,998,noncomp
999,0.29602453112602234,-0.10627736151218414,0.6331303119659424,0.3047890067100525,999,noncomp
