id,actualPlayerCount,actualPlayerCountLastChangedAt,batchID,batchIDLastChangedAt,bottomTangrams,bottomTangramsLastChangedAt,contextSize,contextSizeLastChangedAt,contextStructure,contextStructureLastChangedAt,ended,endedLastChangedAt,endedReason,endedReasonLastChangedAt,groupID,groupIDLastChangedAt,justStarted,justStartedLastChangedAt,maxTimeout,maxTimeoutLastChangedAt,rotation,rotationLastChangedAt,roundIndex,roundIndexLastChangedAt,showNegativeFeedback,showNegativeFeedbackLastChangedAt,stageID,stageIDLastChangedAt,start,startLastChangedAt,starting,startingLastChangedAt,status,statusLastChangedAt,targets,targetsLastChangedAt,topTangrams,topTangramsLastChangedAt,treatment,treatmentLastChangedAt,treatmentName,treatmentNameLastChangedAt
01JH63PE945FFQSSJE3F6ER6ER,,,01JH63PE8RXBSCSCA3CG4RMDWW,2025-01-09T18:02:17.25237546Z,,,,,,,false,2025-01-09T18:02:17.25237546Z,,,01JH63PE9NNVFT7GZ6E2HKQW62,2025-01-09T18:02:17.271040432Z,,,,,,,,,,,,,false,2025-01-09T18:02:17.25237546Z,,,,,,,,,"{""contextSize"":4,""contextStructure"":""comp-between"",""feedbackDuration"":3,""maxTimeout"":3,""numRepetitionsWithPartner"":4,""playerCount"":2,""selectionDuration"":60,""showNegativeFeedback"":1}",2025-01-09T18:02:17.25237546Z,full-comp-between,2025-01-09T18:02:17.25237546Z
01JH63PE95NWS74AEFR2R546Q2,2,2025-01-09T18:39:56.93325636Z,01JH63PE8RXBSCSCA3CG4RMDWW,2025-01-09T18:02:17.253636136Z,"[246,87,162,200,168,143,437,432,266,95,249,265,207,373,434,419]",2025-01-09T18:39:57.207378292Z,4,2025-01-09T18:39:56.95948118Z,noncomp,2025-01-09T18:39:56.95948118Z,true,2025-01-09T18:45:35.155338423Z,timeOut,2025-01-09T18:45:35.150279068Z,01JH63PEA29M084JHQW0R2DDGR,2025-01-09T18:02:17.284545606Z,true,2025-01-09T18:39:57.207378292Z,3,2025-01-09T18:39:56.95948118Z,0,2025-01-09T18:39:56.95948118Z,63,2025-01-09T18:39:57.207378292Z,1,2025-01-09T18:39:56.95948118Z,null,2025-01-09T18:45:35.155338423Z,true,2025-01-09T18:39:56.93325636Z,true,2025-01-09T18:39:56.93325636Z,ended,2025-01-09T18:45:35.150279068Z,"[[275,246],[150,87],[94,162],[49,200],[252,168],[335,143],[129,437],[457,432],[189,266],[245,95],[66,249],[369,265],[316,207],[377,373],[247,434],[416,419]]",2025-01-09T18:39:57.207378292Z,"[275,150,94,49,252,335,129,457,189,245,66,369,316,377,247,416]",2025-01-09T18:39:57.207378292Z,"{""contextSize"":4,""contextStructure"":""noncomp"",""feedbackDuration"":3,""maxTimeout"":3,""numRepetitionsWithPartner"":4,""playerCount"":2,""selectionDuration"":60,""showNegativeFeedback"":1}",2025-01-09T18:02:17.253636136Z,full-noncomp,2025-01-09T18:02:17.253636136Z
01JH63PE95NWS74AEFRCJYXR75,2,2025-01-09T19:11:36.798984237Z,01JH63PE8RXBSCSCA3CG4RMDWW,2025-01-09T18:02:17.253800734Z,"[439,453,442,446]",2025-01-09T19:11:37.051186395Z,4,2025-01-09T19:11:36.83102234Z,comp-within,2025-01-09T19:11:36.83102234Z,true,2025-01-09T19:50:16.026557078Z,end of game,2025-01-09T19:50:16.040824039Z,01JH63PEAGW2A71M45VNN8PNRJ,2025-01-09T18:02:17.297907737Z,true,2025-01-09T19:11:37.051186395Z,3,2025-01-09T19:11:36.83102234Z,0,2025-01-09T19:11:36.83102234Z,63,2025-01-09T19:11:37.051186395Z,1,2025-01-09T19:11:36.83102234Z,null,2025-01-09T19:50:16.026557078Z,true,2025-01-09T19:11:36.798984237Z,true,2025-01-09T19:11:36.798984237Z,ended,2025-01-09T19:50:16.040824039Z,"[[394,439],[394,453],[394,442],[394,446],[134,439],[134,453],[134,442],[134,446],[295,439],[295,453],[295,442],[295,446],[125,439],[125,453],[125,442],[125,446]]",2025-01-09T19:11:37.051186395Z,"[394,134,295,125]",2025-01-09T19:11:37.051186395Z,"{""contextSize"":4,""contextStructure"":""comp-within"",""feedbackDuration"":3,""maxTimeout"":3,""numRepetitionsWithPartner"":4,""playerCount"":2,""selectionDuration"":60,""showNegativeFeedback"":1}",2025-01-09T18:02:17.253800734Z,full-comp-within,2025-01-09T18:02:17.253800734Z
01JH63H2JBTAXCR944FHYGQ9CS,2,2025-01-09T18:12:22.751611676Z,01JH63H2HQWJ8TX0MGEPZHHGYN,2025-01-09T17:59:21.419432176Z,"[121,248,446,37]",2025-01-09T18:12:22.979359325Z,4,2025-01-09T18:12:22.771955871Z,comp-between,2025-01-09T18:12:22.771955871Z,true,2025-01-09T18:28:46.312623963Z,end of game,2025-01-09T18:28:46.323727736Z,01JH63H2K3VY1NGJDGYCG6E86Y,2025-01-09T17:59:21.445698182Z,true,2025-01-09T18:12:22.979359325Z,3,2025-01-09T18:12:22.771955871Z,180,2025-01-09T18:12:22.771955871Z,63,2025-01-09T18:12:22.979359325Z,1,2025-01-09T18:12:22.771955871Z,null,2025-01-09T18:28:46.312623963Z,true,2025-01-09T18:12:22.751611676Z,true,2025-01-09T18:12:22.751611676Z,ended,2025-01-09T18:28:46.323727736Z,"[[104,121],[104,248],[104,446],[104,37],[370,121],[370,248],[370,446],[370,37],[152,121],[152,248],[152,446],[152,37],[109,121],[109,248],[109,446],[109,37]]",2025-01-09T18:12:22.979359325Z,"[104,370,152,109]",2025-01-09T18:12:22.979359325Z,"{""contextSize"":4,""contextStructure"":""comp-between"",""feedbackDuration"":3,""maxTimeout"":3,""numRepetitionsWithPartner"":4,""playerCount"":2,""selectionDuration"":60,""showNegativeFeedback"":1}",2025-01-09T17:59:21.419432176Z,full-comp-between,2025-01-09T17:59:21.419432176Z
01JH63H2JBTAXCR944FVZS2MSG,2,2025-01-09T18:18:59.742379224Z,01JH63H2HQWJ8TX0MGEPZHHGYN,2025-01-09T17:59:21.419809078Z,"[134,244,297,336]",2025-01-09T18:18:59.903193364Z,4,2025-01-09T18:18:59.762120635Z,comp-within,2025-01-09T18:18:59.762120635Z,true,2025-01-09T18:23:15.889840402Z,timeOut,2025-01-09T18:23:15.884625476Z,01JH63H2KM8PTYTPEABCZCQD24,2025-01-09T17:59:21.461923504Z,true,2025-01-09T18:18:59.903193364Z,3,2025-01-09T18:18:59.762120635Z,90,2025-01-09T18:18:59.762120635Z,63,2025-01-09T18:18:59.903193364Z,1,2025-01-09T18:18:59.762120635Z,null,2025-01-09T18:23:15.889840402Z,true,2025-01-09T18:18:59.742379224Z,true,2025-01-09T18:18:59.742379224Z,ended,2025-01-09T18:23:15.884625476Z,"[[439,134],[439,244],[439,297],[439,336],[418,134],[418,244],[418,297],[418,336],[333,134],[333,244],[333,297],[333,336],[21,134],[21,244],[21,297],[21,336]]",2025-01-09T18:18:59.903193364Z,"[439,418,333,21]",2025-01-09T18:18:59.903193364Z,"{""contextSize"":4,""contextStructure"":""comp-within"",""feedbackDuration"":3,""maxTimeout"":3,""numRepetitionsWithPartner"":4,""playerCount"":2,""selectionDuration"":60,""showNegativeFeedback"":1}",2025-01-09T17:59:21.419809078Z,full-comp-within,2025-01-09T17:59:21.419809078Z
01JH63H2JD2983R4N4PQHD9D3S,2,2025-01-09T18:15:57.060703515Z,01JH63H2HQWJ8TX0MGEPZHHGYN,2025-01-09T17:59:21.421906736Z,"[388,143,203,219,330,183,217,407,34,121,159,466,1,314,212,344]",2025-01-09T18:15:57.271977881Z,4,2025-01-09T18:15:57.078431639Z,noncomp,2025-01-09T18:15:57.078431639Z,true,2025-01-09T18:44:35.224912143Z,end of game,2025-01-09T18:44:35.238224523Z,01JH63H2M3J3RZWY2DVEYD1TC8,2025-01-09T17:59:21.476656843Z,true,2025-01-09T18:15:57.271977881Z,3,2025-01-09T18:15:57.078431639Z,270,2025-01-09T18:15:57.078431639Z,63,2025-01-09T18:15:57.271977881Z,1,2025-01-09T18:15:57.078431639Z,null,2025-01-09T18:44:35.224912143Z,true,2025-01-09T18:15:57.060703515Z,true,2025-01-09T18:15:57.060703515Z,ended,2025-01-09T18:44:35.238224523Z,"[[343,388],[298,143],[25,203],[265,219],[177,330],[332,183],[46,217],[450,407],[293,34],[454,121],[52,159],[387,466],[119,1],[349,314],[148,212],[96,344]]",2025-01-09T18:15:57.271977881Z,"[343,298,25,265,177,332,46,450,293,454,52,387,119,349,148,96]",2025-01-09T18:15:57.271977881Z,"{""contextSize"":4,""contextStructure"":""noncomp"",""feedbackDuration"":3,""maxTimeout"":3,""numRepetitionsWithPartner"":4,""playerCount"":2,""selectionDuration"":60,""showNegativeFeedback"":1}",2025-01-09T17:59:21.421906736Z,full-noncomp,2025-01-09T17:59:21.421906736Z
