id,batchID,batchIDLastChangedAt,gameID,gameIDLastChangedAt,playerID,playerIDLastChangedAt
01JH65VD0P845Z158DXBN1MQ8C,01JH63PE8RXBSCSCA3CG4RMDWW,2025-01-09T18:39:56.950060654Z,01JH63PE95NWS74AEFR2R546Q2,2025-01-09T18:39:56.950060654Z,01JH64E30BRQCD4A5VN2ZZSXNG,2025-01-09T18:39:56.950060654Z
01JH67NCBK80NA9MVCG0YVFSQW,01JH63PE8RXBSCSCA3CG4RMDWW,2025-01-09T19:11:36.819544985Z,01JH63PE95NWS74AEFRCJYXR75,2025-01-09T19:11:36.819544985Z,01JH64AVNREZW3TC9EDMBMK11Z,2025-01-09T19:11:36.819544985Z
01JH648XKA3NRN5B95VZB894JG,01JH63H2HQWJ8TX0MGEPZHHGYN,2025-01-09T18:12:22.7625784Z,01JH63H2JBTAXCR944FHYGQ9CS,2025-01-09T18:12:22.7625784Z,01JH63XNAWPJ3DZ3W9V4Y6GMTA,2025-01-09T18:12:22.7625784Z
01JH648XKA3NRN5B95W5WQHFPC,01JH63H2HQWJ8TX0MGEPZHHGYN,2025-01-09T18:12:22.76274159Z,01JH63H2JBTAXCR944FHYGQ9CS,2025-01-09T18:12:22.76274159Z,01JH6420Z79Y8A7N87CKT992FE,2025-01-09T18:12:22.76274159Z
01JH64FEWFVNF4KR4AHS9CDQ8V,01JH63H2HQWJ8TX0MGEPZHHGYN,2025-01-09T18:15:57.071261768Z,01JH63H2JD2983R4N4PQHD9D3S,2025-01-09T18:15:57.071261768Z,01JH64A3XYTXN1J25MQCV5SHF6,2025-01-09T18:15:57.071261768Z
01JH64FEWFVNF4KR4AHX23C6M7,01JH63H2HQWJ8TX0MGEPZHHGYN,2025-01-09T18:15:57.071627515Z,01JH63H2JD2983R4N4PQHD9D3S,2025-01-09T18:15:57.071627515Z,01JH64B412WF7NTW2VJ70X0D8D,2025-01-09T18:15:57.071627515Z
01JH64N199AQT9BPHVTFE00AF7,01JH63H2HQWJ8TX0MGEPZHHGYN,2025-01-09T18:18:59.753988417Z,01JH63H2JBTAXCR944FVZS2MSG,2025-01-09T18:18:59.753988417Z,01JH64AMPXX9EWYR52KJFKSZFJ,2025-01-09T18:18:59.753988417Z
01JH64N19AEJP02GVHCJ26E29H,01JH63H2HQWJ8TX0MGEPZHHGYN,2025-01-09T18:18:59.754658987Z,01JH63H2JBTAXCR944FVZS2MSG,2025-01-09T18:18:59.754658987Z,01JH64DFK7CVW6THA7BRN8G80J,2025-01-09T18:18:59.754658987Z
01JH65VD0QPWM8DXN9HH8W5BYD,01JH63PE8RXBSCSCA3CG4RMDWW,2025-01-09T18:39:56.951312664Z,01JH63PE95NWS74AEFR2R546Q2,2025-01-09T18:39:56.951312664Z,01JH65GFJJWVQE6VRJ6RN0A0JD,2025-01-09T18:39:56.951312664Z
01JH67NCBNVA89PJ7XNP8RQDDW,01JH63PE8RXBSCSCA3CG4RMDWW,2025-01-09T19:11:36.821044869Z,01JH63PE95NWS74AEFRCJYXR75,2025-01-09T19:11:36.821044869Z,01JH65VH8E7EHBAG46M0NSWPKE,2025-01-09T19:11:36.821044869Z
