id,batchID,batchIDLastChangedAt,gameID,gameIDLastChangedAt,playerID,playerIDLastChangedAt,roundID,roundIDLastChangedAt
01JK4KQGQ3D7Z1RR86SCQS7EFZ,01JK4H0V6EWVRY2A46B0F4BHN4,2025-02-03T00:35:24.515996011Z,01JK4H0V6VD5AZR3C6BXT8MZH2,2025-02-03T00:35:24.515996011Z,01JK4JHCCPDJP4AE98TKDHMDYH,2025-02-03T00:35:24.515996011Z,01JK4JRYJ2FV45GH2S4XWJ5JD3,2025-02-03T00:35:24.515996011Z
01JK4NFJFCPJYV4FJZV2D1EHWK,01JK4KCG8PE2NRJXT4GAWV5AES,2025-02-03T01:06:01.324087588Z,01JK4KCG91Y658MZF9HV6KKWGD,2025-02-03T01:06:01.324087588Z,01JK4KGGE04Y117DR421HYRH22,2025-02-03T01:06:01.324087588Z,01JK4KX109SW9X0Z6JJ7JS13M2,2025-02-03T01:06:01.324087588Z
01JK4PJ8APJTZZ5EQNZ124JPDZ,01JK4KCG8PE2NRJXT4GAWV5AES,2025-02-03T01:24:57.814374633Z,01JK4KCG91Y658MZF9HV6KKWGD,2025-02-03T01:24:57.814374633Z,01JK4KGGE04Y117DR421HYRH22,2025-02-03T01:24:57.814374633Z,01JK4KX10M04BPXKH5M68VGYF6,2025-02-03T01:24:57.814374633Z
01JK4K76D4EAKS3H8DEJRMVVCH,01JK4H0V6EWVRY2A46B0F4BHN4,2025-02-03T00:26:29.668553757Z,01JK4H0V6VD5AZR3C6BXT8MZH2,2025-02-03T00:26:29.668553757Z,01JK4JHQG80WTCSNF66R2WNRZM,2025-02-03T00:26:29.668553757Z,01JK4JRYHSM07SKJ6EM3X6CK2Z,2025-02-03T00:26:29.668553757Z
01JK4K2DNCSSBME6TQXZ86NV1T,01JK4H0WRRCWC572HYB8STYZQ0,2025-02-03T00:23:53.260682615Z,01JK4H0WRY5EJWNXARJXG0VTP1,2025-02-03T00:23:53.260682615Z,01JK4HR57C040377HC6MYY927Z,2025-02-03T00:23:53.260682615Z,01JK4JYGPRV2RA0RRY0Y2RFP7N,2025-02-03T00:23:53.260682615Z
01JK4K345B0JV8G9RE25Q5Q123,01JK4H0V6EWVRY2A46B0F4BHN4,2025-02-03T00:24:16.29942618Z,01JK4H0V6VD5AZR3C6BXT8MZH2,2025-02-03T00:24:16.29942618Z,01JK4JHQG80WTCSNF66R2WNRZM,2025-02-03T00:24:16.29942618Z,01JK4JRYHJ52F1PBBN9BFX0A45,2025-02-03T00:24:16.29942618Z
01JK4K4B7W6BP8GXG3365GWSNV,01JK4H0WRRCWC572HYB8STYZQ0,2025-02-03T00:24:56.316560502Z,01JK4H0WRY5EJWNXARJXG0VTP1,2025-02-03T00:24:56.316560502Z,01JK4HR57C040377HC6MYY927Z,2025-02-03T00:24:56.316560502Z,01JK4JYGQ6C9PHC2J9PZ35T5ZW,2025-02-03T00:24:56.316560502Z
01JK4KGWB4FQK7S5420C5KG9JA,01JK4H0V6EWVRY2A46B0F4BHN4,2025-02-03T00:31:47.044972885Z,01JK4H0V6VD5AZR3C6BXT8MZH2,2025-02-03T00:31:47.044972885Z,01JK4JHQG80WTCSNF66R2WNRZM,2025-02-03T00:31:47.044972885Z,01JK4JRYJ0VK6WP1185YE1RR8A,2025-02-03T00:31:47.044972885Z
01JK4MC0KCVX4MGGAPWH4ARVZP,01JK4KCG8PE2NRJXT4GAWV5AES,2025-02-03T00:46:36.140668049Z,01JK4KCG91Y658MZF9HV6KKWGD,2025-02-03T00:46:36.140668049Z,01JK4JXWY8R1BH6B72W8M0WNYP,2025-02-03T00:46:36.140668049Z,01JK4KX0ZBZ81045ESGTXDAVYK,2025-02-03T00:46:36.140668049Z
01JK4JRZF88ZQ4E4G438EMCJ45,01JK4H0V6EWVRY2A46B0F4BHN4,2025-02-03T00:18:43.81674759Z,01JK4H0V6VD5AZR3C6BXT8MZH2,2025-02-03T00:18:43.81674759Z,01JK4JHCCPDJP4AE98TKDHMDYH,2025-02-03T00:18:43.81674759Z,01JK4JRYG3HKH4H94WEJN9M82F,2025-02-03T00:18:43.81674759Z
01JK4KGD62NASA7A7564KGZWT9,01JK4K1J46HG8HPHJG8D2ANMNF,2025-02-03T00:31:31.52215421Z,01JK4K1J4ESMAQ8APEQ0QZX73M,2025-02-03T00:31:31.52215421Z,01JK4J768Q3V1780BCAP3BWH4K,2025-02-03T00:31:31.52215421Z,01JK4KAJB3449NCE886HSYHN0W,2025-02-03T00:31:31.52215421Z
01JK4KMPNBRQ07KVV6R06B7WKH,01JK4H0V6EWVRY2A46B0F4BHN4,2025-02-03T00:33:52.299944473Z,01JK4H0V6VD5AZR3C6BXT8MZH2,2025-02-03T00:33:52.299944473Z,01JK4JHQG80WTCSNF66R2WNRZM,2025-02-03T00:33:52.299944473Z,01JK4JRYJ4M7E43W030SZC1A8Q,2025-02-03T00:33:52.299944473Z
01JK4KRNN191C3BVN8HW9M2VWH,01JK4H0V6EWVRY2A46B0F4BHN4,2025-02-03T00:36:02.33777575Z,01JK4H0V6VD5AZR3C6BXT8MZH2,2025-02-03T00:36:02.33777575Z,01JK4JHQG80WTCSNF66R2WNRZM,2025-02-03T00:36:02.33777575Z,01JK4JRYJ6YTNWXER1Z0GZCGTD,2025-02-03T00:36:02.33777575Z
01JK4NEAQN8WPS4C76QVN9C8HV,01JK4KCG8PE2NRJXT4GAWV5AES,2025-02-03T01:05:20.629214107Z,01JK4KCG91Y658MZF9HV6KKWGD,2025-02-03T01:05:20.629214107Z,01JK4JXWY8R1BH6B72W8M0WNYP,2025-02-03T01:05:20.629214107Z,01JK4KX102PYHH2V3HRTSSZHES,2025-02-03T01:05:20.629214107Z
01JK4K1DY9DXQRKQJK09HB30MB,01JK4H0V6EWVRY2A46B0F4BHN4,2025-02-03T00:23:20.777168562Z,01JK4H0V6VD5AZR3C6BXT8MZH2,2025-02-03T00:23:20.777168562Z,01JK4JHCCPDJP4AE98TKDHMDYH,2025-02-03T00:23:20.777168562Z,01JK4JRYHH1X4V3E56J4G3EQF5,2025-02-03T00:23:20.777168562Z
01JK4K82GHSCKJ8J1JGKDQW7Q0,01JK4H0V6EWVRY2A46B0F4BHN4,2025-02-03T00:26:58.449610427Z,01JK4H0V6VD5AZR3C6BXT8MZH2,2025-02-03T00:26:58.449610427Z,01JK4JHQG80WTCSNF66R2WNRZM,2025-02-03T00:26:58.449610427Z,01JK4JRYHTZZEFE79930X3NTBM,2025-02-03T00:26:58.449610427Z
01JK4KCJ05R8D5PMQGX4AFBMTS,01JK4K1J46HG8HPHJG8D2ANMNF,2025-02-03T00:29:25.381464625Z,01JK4K1J4ESMAQ8APEQ0QZX73M,2025-02-03T00:29:25.381464625Z,01JK4K4XQJMAP5JV93WNB1M8AE,2025-02-03T00:29:25.381464625Z,01JK4KAJAX6C48QCGMEXJJGHGM,2025-02-03T00:29:25.381464625Z
01JK4KCVAFR0RGCXHGZ8C72979,01JK4H0V6EWVRY2A46B0F4BHN4,2025-02-03T00:29:34.92790742Z,01JK4H0V6VD5AZR3C6BXT8MZH2,2025-02-03T00:29:34.92790742Z,01JK4JHCCPDJP4AE98TKDHMDYH,2025-02-03T00:29:34.92790742Z,01JK4JRYHWK7A8MBSHF9PPBFEN,2025-02-03T00:29:34.92790742Z
01JK4K5P38D5NEZGYDXEZVYNE2,01JK4H0V6EWVRY2A46B0F4BHN4,2025-02-03T00:25:40.200842891Z,01JK4H0V6VD5AZR3C6BXT8MZH2,2025-02-03T00:25:40.200842891Z,01JK4JHQG80WTCSNF66R2WNRZM,2025-02-03T00:25:40.200842891Z,01JK4JRYHTZZEFE799561XGXX6,2025-02-03T00:25:40.200842891Z
01JK4KS2KB7H0HQXDF1YE9NGES,01JK4H0V6EWVRY2A46B0F4BHN4,2025-02-03T00:36:15.595086058Z,01JK4H0V6VD5AZR3C6BXT8MZH2,2025-02-03T00:36:15.595086058Z,01JK4JHQG80WTCSNF66R2WNRZM,2025-02-03T00:36:15.595086058Z,01JK4JRYJ6YTNWXER20ZFEAYQJ,2025-02-03T00:36:15.595086058Z
01JK4MZJV3TW5B2WBCGA3TKZ97,01JK4KCG8PE2NRJXT4GAWV5AES,2025-02-03T00:57:17.411172533Z,01JK4KCG91Y658MZF9HV6KKWGD,2025-02-03T00:57:17.411172533Z,01JK4KGGE04Y117DR421HYRH22,2025-02-03T00:57:17.411172533Z,01JK4KX0ZAKK2BPEJDDZCZ6KA2,2025-02-03T00:57:17.411172533Z
01JK4N5V7WFYG69FR8BKY28B1Q,01JK4KCG8PE2NRJXT4GAWV5AES,2025-02-03T01:00:42.62020957Z,01JK4KCG91Y658MZF9HV6KKWGD,2025-02-03T01:00:42.62020957Z,01JK4JXWY8R1BH6B72W8M0WNYP,2025-02-03T01:00:42.62020957Z,01JK4KX0Z3A00RGJF0NESJMZYV,2025-02-03T01:00:42.62020957Z
01JK4NJJ59B58MC3FSA81A5ZB8,01JK4KCG8PE2NRJXT4GAWV5AES,2025-02-03T01:07:39.305157507Z,01JK4KCG91Y658MZF9HV6KKWGD,2025-02-03T01:07:39.305157507Z,01JK4KGGE04Y117DR421HYRH22,2025-02-03T01:07:39.305157507Z,01JK4KX0ZW8VYMYPC43ME7RZVN,2025-02-03T01:07:39.305157507Z
01JK4PAWTGZSHG8R07DGQ9XV6S,01JK4KCG8PE2NRJXT4GAWV5AES,2025-02-03T01:20:56.656483904Z,01JK4KCG91Y658MZF9HV6KKWGD,2025-02-03T01:20:56.656483904Z,01JK4KGGE04Y117DR421HYRH22,2025-02-03T01:20:56.656483904Z,01JK4KX10GNMQVPFJX4J4YHXBJ,2025-02-03T01:20:56.656483904Z
01JK4KNJK07NJ7ED72GCB0B1Y2,01JK4H0V6EWVRY2A46B0F4BHN4,2025-02-03T00:34:20.896886241Z,01JK4H0V6VD5AZR3C6BXT8MZH2,2025-02-03T00:34:20.896886241Z,01JK4JHQG80WTCSNF66R2WNRZM,2025-02-03T00:34:20.896886241Z,01JK4JRYJ3JND82T7ZNE035QSY,2025-02-03T00:34:20.896886241Z
01JK4K443KKFNEEZVTMR2QZ0BZ,01JK4H0V6EWVRY2A46B0F4BHN4,2025-02-03T00:24:49.011453739Z,01JK4H0V6VD5AZR3C6BXT8MZH2,2025-02-03T00:24:49.011453739Z,01JK4JHCCPDJP4AE98TKDHMDYH,2025-02-03T00:24:49.011453739Z,01JK4JRYHJ52F1PBBNABQS5VN7,2025-02-03T00:24:49.011453739Z
01JK4M0GHG4QNS8W40EBG3CBR2,01JK4KCG8PE2NRJXT4GAWV5AES,2025-02-03T00:40:19.248096061Z,01JK4KCG91Y658MZF9HV6KKWGD,2025-02-03T00:40:19.248096061Z,01JK4JXWY8R1BH6B72W8M0WNYP,2025-02-03T00:40:19.248096061Z,01JK4KX0YM3V78Y82RK77P27A1,2025-02-03T00:40:19.248096061Z
01JK4MG1MAN67YG03HSP2GYZPD,01JK4KCG8PE2NRJXT4GAWV5AES,2025-02-03T00:48:48.266447516Z,01JK4KCG91Y658MZF9HV6KKWGD,2025-02-03T00:48:48.266447516Z,01JK4KGGE04Y117DR421HYRH22,2025-02-03T00:48:48.266447516Z,01JK4KX0ZVB3J0GRJJEJJBGP63,2025-02-03T00:48:48.266447516Z
01JK4NCH4PRSANWVW6Z0DKJH8E,01JK4KCG8PE2NRJXT4GAWV5AES,2025-02-03T01:04:21.654232841Z,01JK4KCG91Y658MZF9HV6KKWGD,2025-02-03T01:04:21.654232841Z,01JK4KGGE04Y117DR421HYRH22,2025-02-03T01:04:21.654232841Z,01JK4KX101RJ91G2V2VMEHHBS0,2025-02-03T01:04:21.654232841Z
01JK4K0G2JW33G1Z0QGZ6YFAS0,01JK4H0WRRCWC572HYB8STYZQ0,2025-02-03T00:22:50.194143501Z,01JK4H0WRY5EJWNXARJXG0VTP1,2025-02-03T00:22:50.194143501Z,01JK4HR57C040377HC6MYY927Z,2025-02-03T00:22:50.194143501Z,01JK4JYGPETMXAWCA6XNY8Y4J4,2025-02-03T00:22:50.194143501Z
01JK4KD762EXJ8VNFYPM770DFJ,01JK4H0V6EWVRY2A46B0F4BHN4,2025-02-03T00:29:47.074496366Z,01JK4H0V6VD5AZR3C6BXT8MZH2,2025-02-03T00:29:47.074496366Z,01JK4JHQG80WTCSNF66R2WNRZM,2025-02-03T00:29:47.074496366Z,01JK4JRYHV7ECA6SC6RY2TBJER,2025-02-03T00:29:47.074496366Z
01JK4KHJ4PH06KQRF1XJSQKDR2,01JK4H0V6EWVRY2A46B0F4BHN4,2025-02-03T00:32:09.366526494Z,01JK4H0V6VD5AZR3C6BXT8MZH2,2025-02-03T00:32:09.366526494Z,01JK4JHCCPDJP4AE98TKDHMDYH,2025-02-03T00:32:09.366526494Z,01JK4JRYJ0VK6WP1187AGJBZ01,2025-02-03T00:32:09.366526494Z
01JK4M76YQG5VD8397FCA0HWKQ,01JK4KCG8PE2NRJXT4GAWV5AES,2025-02-03T00:43:58.807079127Z,01JK4KCG91Y658MZF9HV6KKWGD,2025-02-03T00:43:58.807079127Z,01JK4JXWY8R1BH6B72W8M0WNYP,2025-02-03T00:43:58.807079127Z,01JK4KX0YXQYYWT029KVBFX3XN,2025-02-03T00:43:58.807079127Z
01JK4NPQC14DGM4ZS0KRCPFRWT,01JK4KCG8PE2NRJXT4GAWV5AES,2025-02-03T01:09:55.713152413Z,01JK4KCG91Y658MZF9HV6KKWGD,2025-02-03T01:09:55.713152413Z,01JK4KGGE04Y117DR421HYRH22,2025-02-03T01:09:55.713152413Z,01JK4KX0ZC5AX84RH6YAGPM7J8,2025-02-03T01:09:55.713152413Z
01JK4K1DY9DXQRKQJK0M44S848,01JK4H0V6EWVRY2A46B0F4BHN4,2025-02-03T00:23:20.777530729Z,01JK4H0V6VD5AZR3C6BXT8MZH2,2025-02-03T00:23:20.777530729Z,01JK4JHQG80WTCSNF66R2WNRZM,2025-02-03T00:23:20.777530729Z,01JK4JRYHH1X4V3E56J4G3EQF5,2025-02-03T00:23:20.777530729Z
01JK4K8MQ3JVDVVBP4X0Y7875J,01JK4H0V6EWVRY2A46B0F4BHN4,2025-02-03T00:27:17.091880532Z,01JK4H0V6VD5AZR3C6BXT8MZH2,2025-02-03T00:27:17.091880532Z,01JK4JHCCPDJP4AE98TKDHMDYH,2025-02-03T00:27:17.091880532Z,01JK4JRYHTZZEFE7992DXPSZP4,2025-02-03T00:27:17.091880532Z
01JK4M3TF457CY69YCJMKBFA7W,01JK4KCG8PE2NRJXT4GAWV5AES,2025-02-03T00:42:07.716887582Z,01JK4KCG91Y658MZF9HV6KKWGD,2025-02-03T00:42:07.716887582Z,01JK4JXWY8R1BH6B72W8M0WNYP,2025-02-03T00:42:07.716887582Z,01JK4KX0ZKFDVT9HMSXS08YS3X,2025-02-03T00:42:07.716887582Z
01JK4N94KX4EJFY108VEZMVP03,01JK4KCG8PE2NRJXT4GAWV5AES,2025-02-03T01:02:30.525425595Z,01JK4KCG91Y658MZF9HV6KKWGD,2025-02-03T01:02:30.525425595Z,01JK4JXWY8R1BH6B72W8M0WNYP,2025-02-03T01:02:30.525425595Z,01JK4KX0ZTT3HN824GH4A4WQY3,2025-02-03T01:02:30.525425595Z
01JK4NJJ57Q5RVZQBWZNXX9WTH,01JK4KCG8PE2NRJXT4GAWV5AES,2025-02-03T01:07:39.303845337Z,01JK4KCG91Y658MZF9HV6KKWGD,2025-02-03T01:07:39.303845337Z,01JK4JXWY8R1BH6B72W8M0WNYP,2025-02-03T01:07:39.303845337Z,01JK4KX0ZW8VYMYPC43ME7RZVN,2025-02-03T01:07:39.303845337Z
01JK4K4B7W6BP8GXG3393B2D2E,01JK4H0WRRCWC572HYB8STYZQ0,2025-02-03T00:24:56.316941168Z,01JK4H0WRY5EJWNXARJXG0VTP1,2025-02-03T00:24:56.316941168Z,01JK4J768Q3V1780BCAP3BWH4K,2025-02-03T00:24:56.316941168Z,01JK4JYGQ6C9PHC2J9PZ35T5ZW,2025-02-03T00:24:56.316941168Z
01JK4K6H8WPX3HASGM3MFKSFG3,01JK4H0V6EWVRY2A46B0F4BHN4,2025-02-03T00:26:08.028878766Z,01JK4H0V6VD5AZR3C6BXT8MZH2,2025-02-03T00:26:08.028878766Z,01JK4JHCCPDJP4AE98TKDHMDYH,2025-02-03T00:26:08.028878766Z,01JK4JRYHTZZEFE7994FM90H9J,2025-02-03T00:26:08.028878766Z
01JK4KGF9EBH94S0786E3AMMGB,01JK4H0V6EWVRY2A46B0F4BHN4,2025-02-03T00:31:33.678772075Z,01JK4H0V6VD5AZR3C6BXT8MZH2,2025-02-03T00:31:33.678772075Z,01JK4JHCCPDJP4AE98TKDHMDYH,2025-02-03T00:31:33.678772075Z,01JK4JRYJ2FV45GH2S6QSRH873,2025-02-03T00:31:33.678772075Z
01JK4K68THGAGYBY7VAF2J1TWR,01JK4H0WRRCWC572HYB8STYZQ0,2025-02-03T00:25:59.377289923Z,01JK4H0WRY5EJWNXARJXG0VTP1,2025-02-03T00:25:59.377289923Z,01JK4J768Q3V1780BCAP3BWH4K,2025-02-03T00:25:59.377289923Z,01JK4JYGQ133TWMET41YSH47D3,2025-02-03T00:25:59.377289923Z
01JK4P81HRVM39D80PZGBZYCNX,01JK4KCG8PE2NRJXT4GAWV5AES,2025-02-03T01:19:23.192533881Z,01JK4KCG91Y658MZF9HV6KKWGD,2025-02-03T01:19:23.192533881Z,01JK4JXWY8R1BH6B72W8M0WNYP,2025-02-03T01:19:23.192533881Z,01JK4KX10EP1T6GKWC73WMEM0R,2025-02-03T01:19:23.192533881Z
01JK4KFDRV7WEC9F9CW2ZMJ13H,01JK4H0V6EWVRY2A46B0F4BHN4,2025-02-03T00:30:59.355158112Z,01JK4H0V6VD5AZR3C6BXT8MZH2,2025-02-03T00:30:59.355158112Z,01JK4JHQG80WTCSNF66R2WNRZM,2025-02-03T00:30:59.355158112Z,01JK4JRYHKN0X47J73AE3T55Q8,2025-02-03T00:30:59.355158112Z
01JK4K5ACGEERG9DKVEYH05K1V,01JK4H0V6EWVRY2A46B0F4BHN4,2025-02-03T00:25:28.208196828Z,01JK4H0V6VD5AZR3C6BXT8MZH2,2025-02-03T00:25:28.208196828Z,01JK4JHCCPDJP4AE98TKDHMDYH,2025-02-03T00:25:28.208196828Z,01JK4JRYHRQYX7K8DNWN4Q8P33,2025-02-03T00:25:28.208196828Z
01JK4KNZBE5W39RKFKTA9YJ08Y,01JK4H0V6EWVRY2A46B0F4BHN4,2025-02-03T00:34:33.966606778Z,01JK4H0V6VD5AZR3C6BXT8MZH2,2025-02-03T00:34:33.966606778Z,01JK4JHQG80WTCSNF66R2WNRZM,2025-02-03T00:34:33.966606778Z,01JK4JRYJ0VK6WP1188AHWKMCT,2025-02-03T00:34:33.966606778Z
01JK4MVTTKMC1ZGVK5CAB85BHK,01JK4KCG8PE2NRJXT4GAWV5AES,2025-02-03T00:55:14.515167469Z,01JK4KCG91Y658MZF9HV6KKWGD,2025-02-03T00:55:14.515167469Z,01JK4JXWY8R1BH6B72W8M0WNYP,2025-02-03T00:55:14.515167469Z,01JK4KX0YZS37N3JGEA1EWEZN6,2025-02-03T00:55:14.515167469Z
01JK4NAQYKRW1HF6DKCR9R7VJ0,01JK4KCG8PE2NRJXT4GAWV5AES,2025-02-03T01:03:23.091189181Z,01JK4KCG91Y658MZF9HV6KKWGD,2025-02-03T01:03:23.091189181Z,01JK4JXWY8R1BH6B72W8M0WNYP,2025-02-03T01:03:23.091189181Z,01JK4KX0ZP40XTP32BZ2CSBVBT,2025-02-03T01:03:23.091189181Z
01JK4K0R6RAV8CHYD7M7E6K7A1,01JK4H0V6EWVRY2A46B0F4BHN4,2025-02-03T00:22:58.520288013Z,01JK4H0V6VD5AZR3C6BXT8MZH2,2025-02-03T00:22:58.520288013Z,01JK4JHQG80WTCSNF66R2WNRZM,2025-02-03T00:22:58.520288013Z,01JK4JRYHGFXN32CHW4YAD62F2,2025-02-03T00:22:58.520288013Z
01JK4M90ZXXS9PTHN1RZK0YK28,01JK4KCG8PE2NRJXT4GAWV5AES,2025-02-03T00:44:58.237848879Z,01JK4KCG91Y658MZF9HV6KKWGD,2025-02-03T00:44:58.237848879Z,01JK4KGGE04Y117DR421HYRH22,2025-02-03T00:44:58.237848879Z,01JK4KX0YNY4KE8645TYZT13MZ,2025-02-03T00:44:58.237848879Z
01JK4KX3NE0HDPXYM67WVFJ7G0,01JK4KCG8PE2NRJXT4GAWV5AES,2025-02-03T00:38:27.758693443Z,01JK4KCG91Y658MZF9HV6KKWGD,2025-02-03T00:38:27.758693443Z,01JK4KGGE04Y117DR421HYRH22,2025-02-03T00:38:27.758693443Z,01JK4KX0YD2YXJ3XMEXEWYDJ9T,2025-02-03T00:38:27.758693443Z
01JK4KGF9FJSN2SP8GCV1TEKD6,01JK4H0V6EWVRY2A46B0F4BHN4,2025-02-03T00:31:33.679413655Z,01JK4H0V6VD5AZR3C6BXT8MZH2,2025-02-03T00:31:33.679413655Z,01JK4JHQG80WTCSNF66R2WNRZM,2025-02-03T00:31:33.679413655Z,01JK4JRYJ2FV45GH2S6QSRH873,2025-02-03T00:31:33.679413655Z
01JK4KN8NVCCRG0TR5NF6K4TJ3,01JK4H0V6EWVRY2A46B0F4BHN4,2025-02-03T00:34:10.747992775Z,01JK4H0V6VD5AZR3C6BXT8MZH2,2025-02-03T00:34:10.747992775Z,01JK4JHCCPDJP4AE98TKDHMDYH,2025-02-03T00:34:10.747992775Z,01JK4JRYJ13ESB7RBY8AXF0MW7,2025-02-03T00:34:10.747992775Z
01JK4KQRR9YNHRS77MJRFGKPEP,01JK4H0V6EWVRY2A46B0F4BHN4,2025-02-03T00:35:32.745092957Z,01JK4H0V6VD5AZR3C6BXT8MZH2,2025-02-03T00:35:32.745092957Z,01JK4JHQG80WTCSNF66R2WNRZM,2025-02-03T00:35:32.745092957Z,01JK4JRYJ5ZZZ6NMNN8E5FY6NG,2025-02-03T00:35:32.745092957Z
01JK4JRZF88ZQ4E4G43HAAVC3M,01JK4H0V6EWVRY2A46B0F4BHN4,2025-02-03T00:18:43.816941182Z,01JK4H0V6VD5AZR3C6BXT8MZH2,2025-02-03T00:18:43.816941182Z,01JK4JHQG80WTCSNF66R2WNRZM,2025-02-03T00:18:43.816941182Z,01JK4JRYG3HKH4H94WEJN9M82F,2025-02-03T00:18:43.816941182Z
01JK4KAVZXYC8FCEG03DZFA549,01JK4H0V6EWVRY2A46B0F4BHN4,2025-02-03T00:28:30.077203769Z,01JK4H0V6VD5AZR3C6BXT8MZH2,2025-02-03T00:28:30.077203769Z,01JK4JHCCPDJP4AE98TKDHMDYH,2025-02-03T00:28:30.077203769Z,01JK4JRYHSM07SKJ6EKAQRB7KP,2025-02-03T00:28:30.077203769Z
01JK4KFDRTFSJ6WNGDXS3AY7YG,01JK4H0V6EWVRY2A46B0F4BHN4,2025-02-03T00:30:59.35437123Z,01JK4H0V6VD5AZR3C6BXT8MZH2,2025-02-03T00:30:59.35437123Z,01JK4JHCCPDJP4AE98TKDHMDYH,2025-02-03T00:30:59.35437123Z,01JK4JRYHKN0X47J73AE3T55Q8,2025-02-03T00:30:59.35437123Z
01JK4M3TF3SRSKP393BF5MCS1N,01JK4KCG8PE2NRJXT4GAWV5AES,2025-02-03T00:42:07.715973946Z,01JK4KCG91Y658MZF9HV6KKWGD,2025-02-03T00:42:07.715973946Z,01JK4KGGE04Y117DR421HYRH22,2025-02-03T00:42:07.715973946Z,01JK4KX0ZKFDVT9HMSXS08YS3X,2025-02-03T00:42:07.715973946Z
01JK4MEKSM90VPFYBAND5G9Q9B,01JK4KCG8PE2NRJXT4GAWV5AES,2025-02-03T00:48:01.332682109Z,01JK4KCG91Y658MZF9HV6KKWGD,2025-02-03T00:48:01.332682109Z,01JK4KGGE04Y117DR421HYRH22,2025-02-03T00:48:01.332682109Z,01JK4KX0ZYZRB4699A528ET1S9,2025-02-03T00:48:01.332682109Z
01JK4MHTJF5GQPEVXYBPM6V0DP,01JK4KCG8PE2NRJXT4GAWV5AES,2025-02-03T00:49:46.575824401Z,01JK4KCG91Y658MZF9HV6KKWGD,2025-02-03T00:49:46.575824401Z,01JK4KGGE04Y117DR421HYRH22,2025-02-03T00:49:46.575824401Z,01JK4KX0ZMZXTNTPE4NR7P0Z51,2025-02-03T00:49:46.575824401Z
01JK4JTXE74GK8KE9TKN5CTXTB,01JK4H0V6EWVRY2A46B0F4BHN4,2025-02-03T00:19:47.271271625Z,01JK4H0V6VD5AZR3C6BXT8MZH2,2025-02-03T00:19:47.271271625Z,01JK4JHQG80WTCSNF66R2WNRZM,2025-02-03T00:19:47.271271625Z,01JK4JRYG25HSTFQKMB6DFRYYW,2025-02-03T00:19:47.271271625Z
01JK4N5V7WFYG69FR8C2G6VS1G,01JK4KCG8PE2NRJXT4GAWV5AES,2025-02-03T01:00:42.620989412Z,01JK4KCG91Y658MZF9HV6KKWGD,2025-02-03T01:00:42.620989412Z,01JK4KGGE04Y117DR421HYRH22,2025-02-03T01:00:42.620989412Z,01JK4KX0Z3A00RGJF0NESJMZYV,2025-02-03T01:00:42.620989412Z
01JK4K926M3DS708G2DVRQF216,01JK4H0V6EWVRY2A46B0F4BHN4,2025-02-03T00:27:30.900891649Z,01JK4H0V6VD5AZR3C6BXT8MZH2,2025-02-03T00:27:30.900891649Z,01JK4JHCCPDJP4AE98TKDHMDYH,2025-02-03T00:27:30.900891649Z,01JK4JRYHQV2EDNCKCTBC37T19,2025-02-03T00:27:30.900891649Z
01JK4K9SV9F2NQZYNTMTRAFZYR,01JK4H0V6EWVRY2A46B0F4BHN4,2025-02-03T00:27:55.113377894Z,01JK4H0V6VD5AZR3C6BXT8MZH2,2025-02-03T00:27:55.113377894Z,01JK4JHQG80WTCSNF66R2WNRZM,2025-02-03T00:27:55.113377894Z,01JK4JRYHV7ECA6SC6PBDWC25S,2025-02-03T00:27:55.113377894Z
01JK4KHZ2JPDD05EYPM5J5SPP8,01JK4H0V6EWVRY2A46B0F4BHN4,2025-02-03T00:32:22.610606328Z,01JK4H0V6VD5AZR3C6BXT8MZH2,2025-02-03T00:32:22.610606328Z,01JK4JHCCPDJP4AE98TKDHMDYH,2025-02-03T00:32:22.610606328Z,01JK4JRYJ4M7E43W02Z1XQSX0F,2025-02-03T00:32:22.610606328Z
01JK4KPVAW0K94FJ2PSH2GSKZP,01JK4H0V6EWVRY2A46B0F4BHN4,2025-02-03T00:35:02.620496877Z,01JK4H0V6VD5AZR3C6BXT8MZH2,2025-02-03T00:35:02.620496877Z,01JK4JHCCPDJP4AE98TKDHMDYH,2025-02-03T00:35:02.620496877Z,01JK4JRYJ4M7E43W032AMMFV3J,2025-02-03T00:35:02.620496877Z
01JK4JYNNQ52XJVK847X4N38Y7,01JK4H0V6EWVRY2A46B0F4BHN4,2025-02-03T00:21:50.391784328Z,01JK4H0V6VD5AZR3C6BXT8MZH2,2025-02-03T00:21:50.391784328Z,01JK4JHQG80WTCSNF66R2WNRZM,2025-02-03T00:21:50.391784328Z,01JK4JRYHH1X4V3E56JRT2HHZE,2025-02-03T00:21:50.391784328Z
01JK4P1K879MTBVG25GCJ63CB7,01JK4KCG8PE2NRJXT4GAWV5AES,2025-02-03T01:15:51.943888713Z,01JK4KCG91Y658MZF9HV6KKWGD,2025-02-03T01:15:51.943888713Z,01JK4JXWY8R1BH6B72W8M0WNYP,2025-02-03T01:15:51.943888713Z,01JK4KX0ZJKXYGAYCM58JTPKNF,2025-02-03T01:15:51.943888713Z
01JK4P1K88NN23G8J5CMT6CH15,01JK4KCG8PE2NRJXT4GAWV5AES,2025-02-03T01:15:51.944832683Z,01JK4KCG91Y658MZF9HV6KKWGD,2025-02-03T01:15:51.944832683Z,01JK4KGGE04Y117DR421HYRH22,2025-02-03T01:15:51.944832683Z,01JK4KX0ZJKXYGAYCM58JTPKNF,2025-02-03T01:15:51.944832683Z
01JK4PKEEVTMWR4TZ8H7D2KQPV,01JK4KCG8PE2NRJXT4GAWV5AES,2025-02-03T01:25:36.859686789Z,01JK4KCG91Y658MZF9HV6KKWGD,2025-02-03T01:25:36.859686789Z,01JK4JXWY8R1BH6B72W8M0WNYP,2025-02-03T01:25:36.859686789Z,01JK4KX10Q2CQ2PXXBYTGRSA22,2025-02-03T01:25:36.859686789Z
01JK4N10RCX11PWQ12XCTHQKZE,01JK4KCG8PE2NRJXT4GAWV5AES,2025-02-03T00:58:04.42838289Z,01JK4KCG91Y658MZF9HV6KKWGD,2025-02-03T00:58:04.42838289Z,01JK4KGGE04Y117DR421HYRH22,2025-02-03T00:58:04.42838289Z,01JK4KX0Z7YCKB1EAAANYBY0K5,2025-02-03T00:58:04.42838289Z
01JK4MSB0YB642241BMQXAZ5A5,01JK4KCG8PE2NRJXT4GAWV5AES,2025-02-03T00:53:52.798873541Z,01JK4KCG91Y658MZF9HV6KKWGD,2025-02-03T00:53:52.798873541Z,01JK4KGGE04Y117DR421HYRH22,2025-02-03T00:53:52.798873541Z,01JK4KX0Z2AE9PBFYZFZVX53MQ,2025-02-03T00:53:52.798873541Z
01JK4MWRN5FE38001Y0DSZKCR2,01JK4KCG8PE2NRJXT4GAWV5AES,2025-02-03T00:55:45.06117066Z,01JK4KCG91Y658MZF9HV6KKWGD,2025-02-03T00:55:45.06117066Z,01JK4KGGE04Y117DR421HYRH22,2025-02-03T00:55:45.06117066Z,01JK4KX0Z0MEBJV62BJ7G23QF7,2025-02-03T00:55:45.06117066Z
01JK4N10RBDGG3C82P6DEXMD1H,01JK4KCG8PE2NRJXT4GAWV5AES,2025-02-03T00:58:04.427429488Z,01JK4KCG91Y658MZF9HV6KKWGD,2025-02-03T00:58:04.427429488Z,01JK4JXWY8R1BH6B72W8M0WNYP,2025-02-03T00:58:04.427429488Z,01JK4KX0Z7YCKB1EAAANYBY0K5,2025-02-03T00:58:04.427429488Z
01JK4N7WGC62EMG7CK7GWBVAYQ,01JK4KCG8PE2NRJXT4GAWV5AES,2025-02-03T01:01:49.452834589Z,01JK4KCG91Y658MZF9HV6KKWGD,2025-02-03T01:01:49.452834589Z,01JK4JXWY8R1BH6B72W8M0WNYP,2025-02-03T01:01:49.452834589Z,01JK4KX1007GH2MWF6JPVWM10K,2025-02-03T01:01:49.452834589Z
01JK4NS6ZJXRJ09N6VQVFTXZ9S,01JK4KCG8PE2NRJXT4GAWV5AES,2025-02-03T01:11:17.234381129Z,01JK4KCG91Y658MZF9HV6KKWGD,2025-02-03T01:11:17.234381129Z,01JK4KGGE04Y117DR421HYRH22,2025-02-03T01:11:17.234381129Z,01JK4KX0ZZYH46V27DM6Z1WPY7,2025-02-03T01:11:17.234381129Z
01JK4M1WVQDCWHDBVQQ0BX6VX6,01JK4KCG8PE2NRJXT4GAWV5AES,2025-02-03T00:41:04.631261575Z,01JK4KCG91Y658MZF9HV6KKWGD,2025-02-03T00:41:04.631261575Z,01JK4KGGE04Y117DR421HYRH22,2025-02-03T00:41:04.631261575Z,01JK4KX0ZRMEDQZNCCGYCB6FFC,2025-02-03T00:41:04.631261575Z
01JK4KQ45P1JFKQCJFQ8VD3K1E,01JK4H0V6EWVRY2A46B0F4BHN4,2025-02-03T00:35:11.670430858Z,01JK4H0V6VD5AZR3C6BXT8MZH2,2025-02-03T00:35:11.670430858Z,01JK4JHQG80WTCSNF66R2WNRZM,2025-02-03T00:35:11.670430858Z,01JK4JRYJ5ZZZ6NMNN7MCR45T4,2025-02-03T00:35:11.670430858Z
01JK4NXDSVNS6PN1RW5R4M5KPN,01JK4KCG8PE2NRJXT4GAWV5AES,2025-02-03T01:13:35.291930484Z,01JK4KCG91Y658MZF9HV6KKWGD,2025-02-03T01:13:35.291930484Z,01JK4JXWY8R1BH6B72W8M0WNYP,2025-02-03T01:13:35.291930484Z,01JK4KX106ZBBM2CVPBWD0BK56,2025-02-03T01:13:35.291930484Z
01JK4KAVZWZQXRYNXGEZRPH4HY,01JK4H0V6EWVRY2A46B0F4BHN4,2025-02-03T00:28:30.076658198Z,01JK4H0V6VD5AZR3C6BXT8MZH2,2025-02-03T00:28:30.076658198Z,01JK4JHQG80WTCSNF66R2WNRZM,2025-02-03T00:28:30.076658198Z,01JK4JRYHSM07SKJ6EKAQRB7KP,2025-02-03T00:28:30.076658198Z
01JK4KH70H2XFZ7DXSB33C48Y9,01JK4H0V6EWVRY2A46B0F4BHN4,2025-02-03T00:31:57.969930707Z,01JK4H0V6VD5AZR3C6BXT8MZH2,2025-02-03T00:31:57.969930707Z,01JK4JHQG80WTCSNF66R2WNRZM,2025-02-03T00:31:57.969930707Z,01JK4JRYJ3JND82T7ZKYPTSEK2,2025-02-03T00:31:57.969930707Z
01JK4P3E5JF48MS7676DF5B52S,01JK4KCG8PE2NRJXT4GAWV5AES,2025-02-03T01:16:52.274561386Z,01JK4KCG91Y658MZF9HV6KKWGD,2025-02-03T01:16:52.274561386Z,01JK4JXWY8R1BH6B72W8M0WNYP,2025-02-03T01:16:52.274561386Z,01JK4KX0YSNKD12MG2TAK2TJQA,2025-02-03T01:16:52.274561386Z
01JK4K9SV8RVJVA7J59TXPJMBQ,01JK4H0V6EWVRY2A46B0F4BHN4,2025-02-03T00:27:55.112897018Z,01JK4H0V6VD5AZR3C6BXT8MZH2,2025-02-03T00:27:55.112897018Z,01JK4JHCCPDJP4AE98TKDHMDYH,2025-02-03T00:27:55.112897018Z,01JK4JRYHV7ECA6SC6PBDWC25S,2025-02-03T00:27:55.112897018Z
01JK4MZJV24T3EXW7AGTR8WFE0,01JK4KCG8PE2NRJXT4GAWV5AES,2025-02-03T00:57:17.410048306Z,01JK4KCG91Y658MZF9HV6KKWGD,2025-02-03T00:57:17.410048306Z,01JK4JXWY8R1BH6B72W8M0WNYP,2025-02-03T00:57:17.410048306Z,01JK4KX0ZAKK2BPEJDDZCZ6KA2,2025-02-03T00:57:17.410048306Z
01JK4NY5ZNTBE7JHXZQFJP2B23,01JK4KCG8PE2NRJXT4GAWV5AES,2025-02-03T01:14:00.053110964Z,01JK4KCG91Y658MZF9HV6KKWGD,2025-02-03T01:14:00.053110964Z,01JK4JXWY8R1BH6B72W8M0WNYP,2025-02-03T01:14:00.053110964Z,01JK4KX104A8Y43VXKPMEFETZ3,2025-02-03T01:14:00.053110964Z
01JK4PE1FANRASH88C5D4GHA26,01JK4KCG8PE2NRJXT4GAWV5AES,2025-02-03T01:22:39.722948009Z,01JK4KCG91Y658MZF9HV6KKWGD,2025-02-03T01:22:39.722948009Z,01JK4JXWY8R1BH6B72W8M0WNYP,2025-02-03T01:22:39.722948009Z,01JK4KX10JHMCMCR5DCBW8M4XM,2025-02-03T01:22:39.722948009Z
01JK4PJ8ANHNWEN13HB7SQ92B8,01JK4KCG8PE2NRJXT4GAWV5AES,2025-02-03T01:24:57.813370142Z,01JK4KCG91Y658MZF9HV6KKWGD,2025-02-03T01:24:57.813370142Z,01JK4JXWY8R1BH6B72W8M0WNYP,2025-02-03T01:24:57.813370142Z,01JK4KX10M04BPXKH5M68VGYF6,2025-02-03T01:24:57.813370142Z
01JK4KDSCQE5T8FDDGF4PX8R9F,01JK4H0V6EWVRY2A46B0F4BHN4,2025-02-03T00:30:05.719028997Z,01JK4H0V6VD5AZR3C6BXT8MZH2,2025-02-03T00:30:05.719028997Z,01JK4JHQG80WTCSNF66R2WNRZM,2025-02-03T00:30:05.719028997Z,01JK4JRYHMR8R32XXDAV8K89NF,2025-02-03T00:30:05.719028997Z
01JK4M5R2RCVAVNAF0RPRY127R,01JK4KCG8PE2NRJXT4GAWV5AES,2025-02-03T00:43:10.808696635Z,01JK4KCG91Y658MZF9HV6KKWGD,2025-02-03T00:43:10.808696635Z,01JK4KGGE04Y117DR421HYRH22,2025-02-03T00:43:10.808696635Z,01JK4KX0ZQN6YM3SC89PEAWQXR,2025-02-03T00:43:10.808696635Z
01JK4KD7617H017DRJB8NB3A95,01JK4H0V6EWVRY2A46B0F4BHN4,2025-02-03T00:29:47.073909814Z,01JK4H0V6VD5AZR3C6BXT8MZH2,2025-02-03T00:29:47.073909814Z,01JK4JHCCPDJP4AE98TKDHMDYH,2025-02-03T00:29:47.073909814Z,01JK4JRYHV7ECA6SC6RY2TBJER,2025-02-03T00:29:47.073909814Z
01JK4KE2EWNGEXQ9GVZ8SD472E,01JK4H0V6EWVRY2A46B0F4BHN4,2025-02-03T00:30:15.004535024Z,01JK4H0V6VD5AZR3C6BXT8MZH2,2025-02-03T00:30:15.004535024Z,01JK4JHCCPDJP4AE98TKDHMDYH,2025-02-03T00:30:15.004535024Z,01JK4JRYHMR8R32XXDA49954BG,2025-02-03T00:30:15.004535024Z
01JK4KFPB97BEZQZX4MGYQ19CC,01JK4H0V6EWVRY2A46B0F4BHN4,2025-02-03T00:31:08.137782577Z,01JK4H0V6VD5AZR3C6BXT8MZH2,2025-02-03T00:31:08.137782577Z,01JK4JHQG80WTCSNF66R2WNRZM,2025-02-03T00:31:08.137782577Z,01JK4JRYHRQYX7K8DNY6NQN46Y,2025-02-03T00:31:08.137782577Z
01JK4KN1B6B7VSQEZVXK3BDEF9,01JK4H0V6EWVRY2A46B0F4BHN4,2025-02-03T00:34:03.238074668Z,01JK4H0V6VD5AZR3C6BXT8MZH2,2025-02-03T00:34:03.238074668Z,01JK4JHQG80WTCSNF66R2WNRZM,2025-02-03T00:34:03.238074668Z,01JK4JRYJ2FV45GH2S7KVVEM05,2025-02-03T00:34:03.238074668Z
01JK4K68TG1A3QS3RXHQEGJBA6,01JK4H0WRRCWC572HYB8STYZQ0,2025-02-03T00:25:59.376759571Z,01JK4H0WRY5EJWNXARJXG0VTP1,2025-02-03T00:25:59.376759571Z,01JK4HR57C040377HC6MYY927Z,2025-02-03T00:25:59.376759571Z,01JK4JYGQ133TWMET41YSH47D3,2025-02-03T00:25:59.376759571Z
01JK4NR15BY89KNE385863BJDA,01JK4KCG8PE2NRJXT4GAWV5AES,2025-02-03T01:10:38.507399015Z,01JK4KCG91Y658MZF9HV6KKWGD,2025-02-03T01:10:38.507399015Z,01JK4KGGE04Y117DR421HYRH22,2025-02-03T01:10:38.507399015Z,01JK4KX0Z8BH9PFYQT32RGT8RF,2025-02-03T01:10:38.507399015Z
01JK4P69E9XVBRCBD4EYY1Y0XF,01JK4KCG8PE2NRJXT4GAWV5AES,2025-02-03T01:18:25.73736209Z,01JK4KCG91Y658MZF9HV6KKWGD,2025-02-03T01:18:25.73736209Z,01JK4KGGE04Y117DR421HYRH22,2025-02-03T01:18:25.73736209Z,01JK4KX10DAXZA4B3DWNX1NWZB,2025-02-03T01:18:25.73736209Z
01JK4PM2BMVSWH1HVXV055YSH2,01JK4KCG8PE2NRJXT4GAWV5AES,2025-02-03T01:25:57.236912542Z,01JK4KCG91Y658MZF9HV6KKWGD,2025-02-03T01:25:57.236912542Z,01JK4KGGE04Y117DR421HYRH22,2025-02-03T01:25:57.236912542Z,01JK4KX10NZFEXTS6B2SR6FFXD,2025-02-03T01:25:57.236912542Z
01JK4K6H8X3H11BF2PXPHM3M6M,01JK4H0V6EWVRY2A46B0F4BHN4,2025-02-03T00:26:08.029278866Z,01JK4H0V6VD5AZR3C6BXT8MZH2,2025-02-03T00:26:08.029278866Z,01JK4JHQG80WTCSNF66R2WNRZM,2025-02-03T00:26:08.029278866Z,01JK4JRYHTZZEFE7994FM90H9J,2025-02-03T00:26:08.029278866Z
01JK4KF1YT6E0736EGF2XT6J0T,01JK4H0V6EWVRY2A46B0F4BHN4,2025-02-03T00:30:47.258863743Z,01JK4H0V6VD5AZR3C6BXT8MZH2,2025-02-03T00:30:47.258863743Z,01JK4JHQG80WTCSNF66R2WNRZM,2025-02-03T00:30:47.258863743Z,01JK4JRYHQV2EDNCKCSGVHXSE6,2025-02-03T00:30:47.258863743Z
01JK4KJAS781NWYERR8DQQR2X2,01JK4K1J46HG8HPHJG8D2ANMNF,2025-02-03T00:32:34.599062513Z,01JK4K1J4ESMAQ8APEQ0QZX73M,2025-02-03T00:32:34.599062513Z,01JK4J768Q3V1780BCAP3BWH4K,2025-02-03T00:32:34.599062513Z,01JK4KAJB8ZNKFCWZ5J2RMQDWB,2025-02-03T00:32:34.599062513Z
01JK4MHTJE0P6C76MCZX6K20SA,01JK4KCG8PE2NRJXT4GAWV5AES,2025-02-03T00:49:46.574801348Z,01JK4KCG91Y658MZF9HV6KKWGD,2025-02-03T00:49:46.574801348Z,01JK4JXWY8R1BH6B72W8M0WNYP,2025-02-03T00:49:46.574801348Z,01JK4KX0ZMZXTNTPE4NR7P0Z51,2025-02-03T00:49:46.574801348Z
01JK4NNE1PV8G3EBAKZVAM0CWP,01JK4KCG8PE2NRJXT4GAWV5AES,2025-02-03T01:09:13.398221977Z,01JK4KCG91Y658MZF9HV6KKWGD,2025-02-03T01:09:13.398221977Z,01JK4JXWY8R1BH6B72W8M0WNYP,2025-02-03T01:09:13.398221977Z,01JK4KX0Z8BH9PFYQT220WPN21,2025-02-03T01:09:13.398221977Z
01JK4NWB5JG4NBDB4JV75CG0TP,01JK4KCG8PE2NRJXT4GAWV5AES,2025-02-03T01:12:59.82692504Z,01JK4KCG91Y658MZF9HV6KKWGD,2025-02-03T01:12:59.82692504Z,01JK4JXWY8R1BH6B72W8M0WNYP,2025-02-03T01:12:59.82692504Z,01JK4KX0ZX66VSX4TXF7K08KRD,2025-02-03T01:12:59.82692504Z
01JK4K0R6QXWPF61Y71C0ECQEE,01JK4H0V6EWVRY2A46B0F4BHN4,2025-02-03T00:22:58.519787886Z,01JK4H0V6VD5AZR3C6BXT8MZH2,2025-02-03T00:22:58.519787886Z,01JK4JHCCPDJP4AE98TKDHMDYH,2025-02-03T00:22:58.519787886Z,01JK4JRYHGFXN32CHW4YAD62F2,2025-02-03T00:22:58.519787886Z
01JK4KB8Y76N66E9KQDTBWWNJJ,01JK4H0V6EWVRY2A46B0F4BHN4,2025-02-03T00:28:43.335716171Z,01JK4H0V6VD5AZR3C6BXT8MZH2,2025-02-03T00:28:43.335716171Z,01JK4JHQG80WTCSNF66R2WNRZM,2025-02-03T00:28:43.335716171Z,01JK4JRYHWK7A8MBSHEGPDC5QJ,2025-02-03T00:28:43.335716171Z
01JK4NXDSWJ4XGTJVG737M31J2,01JK4KCG8PE2NRJXT4GAWV5AES,2025-02-03T01:13:35.292831204Z,01JK4KCG91Y658MZF9HV6KKWGD,2025-02-03T01:13:35.292831204Z,01JK4KGGE04Y117DR421HYRH22,2025-02-03T01:13:35.292831204Z,01JK4KX106ZBBM2CVPBWD0BK56,2025-02-03T01:13:35.292831204Z
01JK4K5P38D5NEZGYDX7VN4ERV,01JK4H0V6EWVRY2A46B0F4BHN4,2025-02-03T00:25:40.200318221Z,01JK4H0V6VD5AZR3C6BXT8MZH2,2025-02-03T00:25:40.200318221Z,01JK4JHCCPDJP4AE98TKDHMDYH,2025-02-03T00:25:40.200318221Z,01JK4JRYHTZZEFE799561XGXX6,2025-02-03T00:25:40.200318221Z
01JK4KBK08Q06TCTX03Y1SSQTW,01JK4H0V6EWVRY2A46B0F4BHN4,2025-02-03T00:28:53.640540844Z,01JK4H0V6VD5AZR3C6BXT8MZH2,2025-02-03T00:28:53.640540844Z,01JK4JHQG80WTCSNF66R2WNRZM,2025-02-03T00:28:53.640540844Z,01JK4JRYHV7ECA6SC6R11TWWE6,2025-02-03T00:28:53.640540844Z
01JK4KEGHMQTFM3ZXEMJM82JT8,01JK4H0V6EWVRY2A46B0F4BHN4,2025-02-03T00:30:29.428101266Z,01JK4H0V6VD5AZR3C6BXT8MZH2,2025-02-03T00:30:29.428101266Z,01JK4JHQG80WTCSNF66R2WNRZM,2025-02-03T00:30:29.428101266Z,01JK4JRYHRQYX7K8DNXCTFBHBV,2025-02-03T00:30:29.428101266Z
01JK4MDCDPDM6BVRQVHWZ345NQ,01JK4KCG8PE2NRJXT4GAWV5AES,2025-02-03T00:47:21.014417003Z,01JK4KCG91Y658MZF9HV6KKWGD,2025-02-03T00:47:21.014417003Z,01JK4JXWY8R1BH6B72W8M0WNYP,2025-02-03T00:47:21.014417003Z,01JK4KX10BMYVKGB1QHH14XMWG,2025-02-03T00:47:21.014417003Z
01JK4K0G2JW33G1Z0QHAA5XAZ5,01JK4H0WRRCWC572HYB8STYZQ0,2025-02-03T00:22:50.194448645Z,01JK4H0WRY5EJWNXARJXG0VTP1,2025-02-03T00:22:50.194448645Z,01JK4J768Q3V1780BCAP3BWH4K,2025-02-03T00:22:50.194448645Z,01JK4JYGPETMXAWCA6XNY8Y4J4,2025-02-03T00:22:50.194448645Z
01JK4KE2EXMHCVGQ49C4TPC43Z,01JK4H0V6EWVRY2A46B0F4BHN4,2025-02-03T00:30:15.005127773Z,01JK4H0V6VD5AZR3C6BXT8MZH2,2025-02-03T00:30:15.005127773Z,01JK4JHQG80WTCSNF66R2WNRZM,2025-02-03T00:30:15.005127773Z,01JK4JRYHMR8R32XXDA49954BG,2025-02-03T00:30:15.005127773Z
01JK4MQKA3QTX2D8QNXFFFXS2M,01JK4KCG8PE2NRJXT4GAWV5AES,2025-02-03T00:52:55.747474326Z,01JK4KCG91Y658MZF9HV6KKWGD,2025-02-03T00:52:55.747474326Z,01JK4JXWY8R1BH6B72W8M0WNYP,2025-02-03T00:52:55.747474326Z,01JK4KX0YTE8V7MD7VMTTTN5YJ,2025-02-03T00:52:55.747474326Z
01JK4PFRWYXKPNCA32PRP7N4SJ,01JK4KCG8PE2NRJXT4GAWV5AES,2025-02-03T01:23:36.478598584Z,01JK4KCG91Y658MZF9HV6KKWGD,2025-02-03T01:23:36.478598584Z,01JK4KGGE04Y117DR421HYRH22,2025-02-03T01:23:36.478598584Z,01JK4KX10KHXNTB498EHE2P914,2025-02-03T01:23:36.478598584Z
01JK4K2DNCSSBME6TQY8HTYZJC,01JK4H0WRRCWC572HYB8STYZQ0,2025-02-03T00:23:53.261013253Z,01JK4H0WRY5EJWNXARJXG0VTP1,2025-02-03T00:23:53.261013253Z,01JK4J768Q3V1780BCAP3BWH4K,2025-02-03T00:23:53.261013253Z,01JK4JYGPRV2RA0RRY0Y2RFP7N,2025-02-03T00:23:53.261013253Z
01JK4KABZB3CAP173F882YSSA8,01JK4H0V6EWVRY2A46B0F4BHN4,2025-02-03T00:28:13.675436205Z,01JK4H0V6VD5AZR3C6BXT8MZH2,2025-02-03T00:28:13.675436205Z,01JK4JHQG80WTCSNF66R2WNRZM,2025-02-03T00:28:13.675436205Z,01JK4JRYHTZZEFE7993VT3EBV2,2025-02-03T00:28:13.675436205Z
01JK4KPA7GKR3N61T0ECEM8AN1,01JK4H0V6EWVRY2A46B0F4BHN4,2025-02-03T00:34:45.104612285Z,01JK4H0V6VD5AZR3C6BXT8MZH2,2025-02-03T00:34:45.104612285Z,01JK4JHCCPDJP4AE98TKDHMDYH,2025-02-03T00:34:45.104612285Z,01JK4JRYJ4M7E43W031QA9YH71,2025-02-03T00:34:45.104612285Z
01JK4N2S35HYDV83TXB9DS0KE2,01JK4KCG8PE2NRJXT4GAWV5AES,2025-02-03T00:59:02.117252303Z,01JK4KCG91Y658MZF9HV6KKWGD,2025-02-03T00:59:02.117252303Z,01JK4KGGE04Y117DR421HYRH22,2025-02-03T00:59:02.117252303Z,01JK4KX0YPNH8CB2EA9GEHBMR6,2025-02-03T00:59:02.117252303Z
01JK4P4ZQBTJK50BWCW2CRKCAP,01JK4KCG8PE2NRJXT4GAWV5AES,2025-02-03T01:17:43.019031594Z,01JK4KCG91Y658MZF9HV6KKWGD,2025-02-03T01:17:43.019031594Z,01JK4JXWY8R1BH6B72W8M0WNYP,2025-02-03T01:17:43.019031594Z,01JK4KX0YV2VGB7EMQC76YNGMQ,2025-02-03T01:17:43.019031594Z
01JK4JYJFVWFHGTT03Q4PGZVPY,01JK4H0WRRCWC572HYB8STYZQ0,2025-02-03T00:21:47.131034542Z,01JK4H0WRY5EJWNXARJXG0VTP1,2025-02-03T00:21:47.131034542Z,01JK4J768Q3V1780BCAP3BWH4K,2025-02-03T00:21:47.131034542Z,01JK4JYGPD9CMY0MPGJFJDN2WT,2025-02-03T00:21:47.131034542Z
01JK4KG0X8R423A5JS2E3KF7RT,01JK4H0V6EWVRY2A46B0F4BHN4,2025-02-03T00:31:18.952546185Z,01JK4H0V6VD5AZR3C6BXT8MZH2,2025-02-03T00:31:18.952546185Z,01JK4JHQG80WTCSNF66R2WNRZM,2025-02-03T00:31:18.952546185Z,01JK4JRYHRQYX7K8DNZ34ECQAS,2025-02-03T00:31:18.952546185Z
01JK4PHEMAQS1N9H37F0DQVGP7,01JK4KCG8PE2NRJXT4GAWV5AES,2025-02-03T01:24:31.498366235Z,01JK4KCG91Y658MZF9HV6KKWGD,2025-02-03T01:24:31.498366235Z,01JK4JXWY8R1BH6B72W8M0WNYP,2025-02-03T01:24:31.498366235Z,01JK4KX10P4G1NC7155BKKR8JY,2025-02-03T01:24:31.498366235Z
01JK4K926N6MWZF1VE0M7Y149N,01JK4H0V6EWVRY2A46B0F4BHN4,2025-02-03T00:27:30.901417076Z,01JK4H0V6VD5AZR3C6BXT8MZH2,2025-02-03T00:27:30.901417076Z,01JK4JHQG80WTCSNF66R2WNRZM,2025-02-03T00:27:30.901417076Z,01JK4JRYHQV2EDNCKCTBC37T19,2025-02-03T00:27:30.901417076Z
01JK4KKRTEVSW43RK7799XVQEX,01JK4H0V6EWVRY2A46B0F4BHN4,2025-02-03T00:33:21.742451541Z,01JK4H0V6VD5AZR3C6BXT8MZH2,2025-02-03T00:33:21.742451541Z,01JK4JHCCPDJP4AE98TKDHMDYH,2025-02-03T00:33:21.742451541Z,01JK4JRYJ13ESB7RBY69AENVPM,2025-02-03T00:33:21.742451541Z
01JK4MY42Y8N3QMWH1GHPBPAV3,01JK4KCG8PE2NRJXT4GAWV5AES,2025-02-03T00:56:29.5347878Z,01JK4KCG91Y658MZF9HV6KKWGD,2025-02-03T00:56:29.5347878Z,01JK4KGGE04Y117DR421HYRH22,2025-02-03T00:56:29.5347878Z,01JK4KX0ZGF3Y7CDCPKEJC3YZM,2025-02-03T00:56:29.5347878Z
01JK4NWB5KJ1186EWWMX0MNV2P,01JK4KCG8PE2NRJXT4GAWV5AES,2025-02-03T01:12:59.827866523Z,01JK4KCG91Y658MZF9HV6KKWGD,2025-02-03T01:12:59.827866523Z,01JK4KGGE04Y117DR421HYRH22,2025-02-03T01:12:59.827866523Z,01JK4KX0ZX66VSX4TXF7K08KRD,2025-02-03T01:12:59.827866523Z
01JK4KGD62NASA7A756FYKCXNT,01JK4K1J46HG8HPHJG8D2ANMNF,2025-02-03T00:31:31.522910921Z,01JK4K1J4ESMAQ8APEQ0QZX73M,2025-02-03T00:31:31.522910921Z,01JK4K4XQJMAP5JV93WNB1M8AE,2025-02-03T00:31:31.522910921Z,01JK4KAJB3449NCE886HSYHN0W,2025-02-03T00:31:31.522910921Z
01JK4N2S36S5Z1397V670QH4G3,01JK4KCG8PE2NRJXT4GAWV5AES,2025-02-03T00:59:02.1180971Z,01JK4KCG91Y658MZF9HV6KKWGD,2025-02-03T00:59:02.1180971Z,01JK4JXWY8R1BH6B72W8M0WNYP,2025-02-03T00:59:02.1180971Z,01JK4KX0YPNH8CB2EA9GEHBMR6,2025-02-03T00:59:02.1180971Z
01JK4NS6ZHQHH3EEJPM626RBYE,01JK4KCG8PE2NRJXT4GAWV5AES,2025-02-03T01:11:17.233509546Z,01JK4KCG91Y658MZF9HV6KKWGD,2025-02-03T01:11:17.233509546Z,01JK4JXWY8R1BH6B72W8M0WNYP,2025-02-03T01:11:17.233509546Z,01JK4KX0ZZYH46V27DM6Z1WPY7,2025-02-03T01:11:17.233509546Z
01JK4P75HZRJ362NSEP7THZ9H5,01JK4KCG8PE2NRJXT4GAWV5AES,2025-02-03T01:18:54.527135495Z,01JK4KCG91Y658MZF9HV6KKWGD,2025-02-03T01:18:54.527135495Z,01JK4KGGE04Y117DR421HYRH22,2025-02-03T01:18:54.527135495Z,01JK4KX10CWNWXNFEDAYZ8NPEM,2025-02-03T01:18:54.527135495Z
01JK4JYJFVWFHGTT03QCS00B80,01JK4H0WRRCWC572HYB8STYZQ0,2025-02-03T00:21:47.131544634Z,01JK4H0WRY5EJWNXARJXG0VTP1,2025-02-03T00:21:47.131544634Z,01JK4HR57C040377HC6MYY927Z,2025-02-03T00:21:47.131544634Z,01JK4JYGPD9CMY0MPGJFJDN2WT,2025-02-03T00:21:47.131544634Z
01JK4N4V2GPBJYXX4A34AC1SQC,01JK4KCG8PE2NRJXT4GAWV5AES,2025-02-03T01:00:09.680472331Z,01JK4KCG91Y658MZF9HV6KKWGD,2025-02-03T01:00:09.680472331Z,01JK4JXWY8R1BH6B72W8M0WNYP,2025-02-03T01:00:09.680472331Z,01JK4KX0Z4Q01AY8CPVCSV22G8,2025-02-03T01:00:09.680472331Z
01JK4KJBVEM9KHQRMWGF4XND60,01JK4H0V6EWVRY2A46B0F4BHN4,2025-02-03T00:32:35.694255566Z,01JK4H0V6VD5AZR3C6BXT8MZH2,2025-02-03T00:32:35.694255566Z,01JK4JHCCPDJP4AE98TKDHMDYH,2025-02-03T00:32:35.694255566Z,01JK4JRYJ2FV45GH2S5TR6HXQT,2025-02-03T00:32:35.694255566Z
01JK4KQRR8MKS4DJNNEHG56XME,01JK4H0V6EWVRY2A46B0F4BHN4,2025-02-03T00:35:32.744226599Z,01JK4H0V6VD5AZR3C6BXT8MZH2,2025-02-03T00:35:32.744226599Z,01JK4JHCCPDJP4AE98TKDHMDYH,2025-02-03T00:35:32.744226599Z,01JK4JRYJ5ZZZ6NMNN8E5FY6NG,2025-02-03T00:35:32.744226599Z
01JK4N3JR0P07Y2EMC463TMQ70,01JK4KCG8PE2NRJXT4GAWV5AES,2025-02-03T00:59:28.384399185Z,01JK4KCG91Y658MZF9HV6KKWGD,2025-02-03T00:59:28.384399185Z,01JK4JXWY8R1BH6B72W8M0WNYP,2025-02-03T00:59:28.384399185Z,01JK4KX0Z12Z9CEYYVC4V4PE8S,2025-02-03T00:59:28.384399185Z
01JK4KKEFR9F7GS03V8AXWT8X3,01JK4H0V6EWVRY2A46B0F4BHN4,2025-02-03T00:33:11.16015382Z,01JK4H0V6VD5AZR3C6BXT8MZH2,2025-02-03T00:33:11.16015382Z,01JK4JHQG80WTCSNF66R2WNRZM,2025-02-03T00:33:11.16015382Z,01JK4JRYJ3JND82T7ZMM46ZJ3T,2025-02-03T00:33:11.16015382Z
01JK4MQKA4Y8Z077SND7BXGN7F,01JK4KCG8PE2NRJXT4GAWV5AES,2025-02-03T00:52:55.748519302Z,01JK4KCG91Y658MZF9HV6KKWGD,2025-02-03T00:52:55.748519302Z,01JK4KGGE04Y117DR421HYRH22,2025-02-03T00:52:55.748519302Z,01JK4KX0YTE8V7MD7VMTTTN5YJ,2025-02-03T00:52:55.748519302Z
01JK4N3JQZJV605Q0484TZ179P,01JK4KCG8PE2NRJXT4GAWV5AES,2025-02-03T00:59:28.383470263Z,01JK4KCG91Y658MZF9HV6KKWGD,2025-02-03T00:59:28.383470263Z,01JK4KGGE04Y117DR421HYRH22,2025-02-03T00:59:28.383470263Z,01JK4KX0Z12Z9CEYYVC4V4PE8S,2025-02-03T00:59:28.383470263Z
01JK4KX3NDF93B06RQYQ7XXGGZ,01JK4KCG8PE2NRJXT4GAWV5AES,2025-02-03T00:38:27.757775994Z,01JK4KCG91Y658MZF9HV6KKWGD,2025-02-03T00:38:27.757775994Z,01JK4JXWY8R1BH6B72W8M0WNYP,2025-02-03T00:38:27.757775994Z,01JK4KX0YD2YXJ3XMEXEWYDJ9T,2025-02-03T00:38:27.757775994Z
01JK4KK1Y2AEXTD8EFYKF93Q40,01JK4H0V6EWVRY2A46B0F4BHN4,2025-02-03T00:32:58.306285107Z,01JK4H0V6VD5AZR3C6BXT8MZH2,2025-02-03T00:32:58.306285107Z,01JK4JHCCPDJP4AE98TKDHMDYH,2025-02-03T00:32:58.306285107Z,01JK4JRYJ13ESB7RBY7EQTH6FZ,2025-02-03T00:32:58.306285107Z
01JK4KM2FWAAGDYSVX3KWG2H9V,01JK4H0V6EWVRY2A46B0F4BHN4,2025-02-03T00:33:31.644987641Z,01JK4H0V6VD5AZR3C6BXT8MZH2,2025-02-03T00:33:31.644987641Z,01JK4JHQG80WTCSNF66R2WNRZM,2025-02-03T00:33:31.644987641Z,01JK4JRYJ4M7E43W02Y57WV1ES,2025-02-03T00:33:31.644987641Z
01JK4KRBME5YT1ZPF8C4WF3WA4,01JK4H0V6EWVRY2A46B0F4BHN4,2025-02-03T00:35:52.078407758Z,01JK4H0V6VD5AZR3C6BXT8MZH2,2025-02-03T00:35:52.078407758Z,01JK4JHCCPDJP4AE98TKDHMDYH,2025-02-03T00:35:52.078407758Z,01JK4JRYJ6YTNWXER1ZV9YXBD6,2025-02-03T00:35:52.078407758Z
01JK4NEAQM2J3F4QSD6Z73X3ZH,01JK4KCG8PE2NRJXT4GAWV5AES,2025-02-03T01:05:20.628362245Z,01JK4KCG91Y658MZF9HV6KKWGD,2025-02-03T01:05:20.628362245Z,01JK4KGGE04Y117DR421HYRH22,2025-02-03T01:05:20.628362245Z,01JK4KX102PYHH2V3HRTSSZHES,2025-02-03T01:05:20.628362245Z
01JK4P75HYFFAPTJW3FBYX584M,01JK4KCG8PE2NRJXT4GAWV5AES,2025-02-03T01:18:54.526110641Z,01JK4KCG91Y658MZF9HV6KKWGD,2025-02-03T01:18:54.526110641Z,01JK4JXWY8R1BH6B72W8M0WNYP,2025-02-03T01:18:54.526110641Z,01JK4KX10CWNWXNFEDAYZ8NPEM,2025-02-03T01:18:54.526110641Z
01JK4PKEETFWNJ0CYR3JAPWP68,01JK4KCG8PE2NRJXT4GAWV5AES,2025-02-03T01:25:36.858678181Z,01JK4KCG91Y658MZF9HV6KKWGD,2025-02-03T01:25:36.858678181Z,01JK4KGGE04Y117DR421HYRH22,2025-02-03T01:25:36.858678181Z,01JK4KX10Q2CQ2PXXBYTGRSA22,2025-02-03T01:25:36.858678181Z
01JK4K82GHSCKJ8J1JGABJABC6,01JK4H0V6EWVRY2A46B0F4BHN4,2025-02-03T00:26:58.44917249Z,01JK4H0V6VD5AZR3C6BXT8MZH2,2025-02-03T00:26:58.44917249Z,01JK4JHCCPDJP4AE98TKDHMDYH,2025-02-03T00:26:58.44917249Z,01JK4JRYHTZZEFE79930X3NTBM,2025-02-03T00:26:58.44917249Z
01JK4JW66YT4R24YF84B4EMKF4,01JK4H0V6EWVRY2A46B0F4BHN4,2025-02-03T00:20:29.022902567Z,01JK4H0V6VD5AZR3C6BXT8MZH2,2025-02-03T00:20:29.022902567Z,01JK4JHQG80WTCSNF66R2WNRZM,2025-02-03T00:20:29.022902567Z,01JK4JRYHH1X4V3E56KJRFC774,2025-02-03T00:20:29.022902567Z
01JK4K443KKFNEEZVTN0BAZ0EJ,01JK4H0V6EWVRY2A46B0F4BHN4,2025-02-03T00:24:49.011890946Z,01JK4H0V6VD5AZR3C6BXT8MZH2,2025-02-03T00:24:49.011890946Z,01JK4JHQG80WTCSNF66R2WNRZM,2025-02-03T00:24:49.011890946Z,01JK4JRYHJ52F1PBBNABQS5VN7,2025-02-03T00:24:49.011890946Z
01JK4K8MQ48V3VDEAXT6W3JZXG,01JK4H0V6EWVRY2A46B0F4BHN4,2025-02-03T00:27:17.092489858Z,01JK4H0V6VD5AZR3C6BXT8MZH2,2025-02-03T00:27:17.092489858Z,01JK4JHQG80WTCSNF66R2WNRZM,2025-02-03T00:27:17.092489858Z,01JK4JRYHTZZEFE7992DXPSZP4,2025-02-03T00:27:17.092489858Z
01JK4MADP9M08YPARYESRYJNK8,01JK4KCG8PE2NRJXT4GAWV5AES,2025-02-03T00:45:44.009932222Z,01JK4KCG91Y658MZF9HV6KKWGD,2025-02-03T00:45:44.009932222Z,01JK4KGGE04Y117DR421HYRH22,2025-02-03T00:45:44.009932222Z,01JK4KX0YW9RHKG6FFYBHXD6G6,2025-02-03T00:45:44.009932222Z
01JK4NY5ZPQM9MPBC3HMCZ332P,01JK4KCG8PE2NRJXT4GAWV5AES,2025-02-03T01:14:00.054084718Z,01JK4KCG91Y658MZF9HV6KKWGD,2025-02-03T01:14:00.054084718Z,01JK4KGGE04Y117DR421HYRH22,2025-02-03T01:14:00.054084718Z,01JK4KX104A8Y43VXKPMEFETZ3,2025-02-03T01:14:00.054084718Z
01JK4JTXE74GK8KE9TKA979B9Z,01JK4H0V6EWVRY2A46B0F4BHN4,2025-02-03T00:19:47.271038858Z,01JK4H0V6VD5AZR3C6BXT8MZH2,2025-02-03T00:19:47.271038858Z,01JK4JHCCPDJP4AE98TKDHMDYH,2025-02-03T00:19:47.271038858Z,01JK4JRYG25HSTFQKMB6DFRYYW,2025-02-03T00:19:47.271038858Z
01JK4KCA3BDGCYS3TZ3H1VTKKA,01JK4H0V6EWVRY2A46B0F4BHN4,2025-02-03T00:29:17.291198793Z,01JK4H0V6VD5AZR3C6BXT8MZH2,2025-02-03T00:29:17.291198793Z,01JK4JHQG80WTCSNF66R2WNRZM,2025-02-03T00:29:17.291198793Z,01JK4JRYHWK7A8MBSHG4PFDJCZ,2025-02-03T00:29:17.291198793Z
01JK4KHZ2H8D6CB0J08Z6ZBJCA,01JK4H0V6EWVRY2A46B0F4BHN4,2025-02-03T00:32:22.609882125Z,01JK4H0V6VD5AZR3C6BXT8MZH2,2025-02-03T00:32:22.609882125Z,01JK4JHQG80WTCSNF66R2WNRZM,2025-02-03T00:32:22.609882125Z,01JK4JRYJ4M7E43W02Z1XQSX0F,2025-02-03T00:32:22.609882125Z
01JK4MG1MBJ350RE87PGN7SCY0,01JK4KCG8PE2NRJXT4GAWV5AES,2025-02-03T00:48:48.267476337Z,01JK4KCG91Y658MZF9HV6KKWGD,2025-02-03T00:48:48.267476337Z,01JK4JXWY8R1BH6B72W8M0WNYP,2025-02-03T00:48:48.267476337Z,01JK4KX0ZVB3J0GRJJEJJBGP63,2025-02-03T00:48:48.267476337Z
01JK4MMAPMRX0Y19WPPH62HG66,01JK4KCG8PE2NRJXT4GAWV5AES,2025-02-03T00:51:08.628700052Z,01JK4KCG91Y658MZF9HV6KKWGD,2025-02-03T00:51:08.628700052Z,01JK4JXWY8R1BH6B72W8M0WNYP,2025-02-03T00:51:08.628700052Z,01JK4KX0Z9T1FYPZJ5B4GDWVS2,2025-02-03T00:51:08.628700052Z
01JK4MVTTKMC1ZGVK5CNJXEZZQ,01JK4KCG8PE2NRJXT4GAWV5AES,2025-02-03T00:55:14.516020633Z,01JK4KCG91Y658MZF9HV6KKWGD,2025-02-03T00:55:14.516020633Z,01JK4KGGE04Y117DR421HYRH22,2025-02-03T00:55:14.516020633Z,01JK4KX0YZS37N3JGEA1EWEZN6,2025-02-03T00:55:14.516020633Z
01JK4P9TN9ZWCGSTTEYV2BRCKG,01JK4KCG8PE2NRJXT4GAWV5AES,2025-02-03T01:20:21.673349555Z,01JK4KCG91Y658MZF9HV6KKWGD,2025-02-03T01:20:21.673349555Z,01JK4JXWY8R1BH6B72W8M0WNYP,2025-02-03T01:20:21.673349555Z,01JK4KX10FZJ2HRNMYQFVFR43G,2025-02-03T01:20:21.673349555Z
01JK4K4SQQTJQW72JRNSBTAPJG,01JK4H0V6EWVRY2A46B0F4BHN4,2025-02-03T00:25:11.159636727Z,01JK4H0V6VD5AZR3C6BXT8MZH2,2025-02-03T00:25:11.159636727Z,01JK4JHQG80WTCSNF66R2WNRZM,2025-02-03T00:25:11.159636727Z,01JK4JRYHQV2EDNCKCS12WQ2ZQ,2025-02-03T00:25:11.159636727Z
01JK4NPQC2XR14K87VSFCEWA98,01JK4KCG8PE2NRJXT4GAWV5AES,2025-02-03T01:09:55.714043007Z,01JK4KCG91Y658MZF9HV6KKWGD,2025-02-03T01:09:55.714043007Z,01JK4JXWY8R1BH6B72W8M0WNYP,2025-02-03T01:09:55.714043007Z,01JK4KX0ZC5AX84RH6YAGPM7J8,2025-02-03T01:09:55.714043007Z
01JK4KJBVFXSDFNQBBK2ATBNZ0,01JK4H0V6EWVRY2A46B0F4BHN4,2025-02-03T00:32:35.695069Z,01JK4H0V6VD5AZR3C6BXT8MZH2,2025-02-03T00:32:35.695069Z,01JK4JHQG80WTCSNF66R2WNRZM,2025-02-03T00:32:35.695069Z,01JK4JRYJ2FV45GH2S5TR6HXQT,2025-02-03T00:32:35.695069Z
01JK4KC046P43B3N62BK2VM6Z6,01JK4H0V6EWVRY2A46B0F4BHN4,2025-02-03T00:29:07.078524496Z,01JK4H0V6VD5AZR3C6BXT8MZH2,2025-02-03T00:29:07.078524496Z,01JK4JHCCPDJP4AE98TKDHMDYH,2025-02-03T00:29:07.078524496Z,01JK4JRYHV7ECA6SC6Q70EKP07,2025-02-03T00:29:07.078524496Z
01JK4KRBMF1C5ER4WND2K6T6M5,01JK4H0V6EWVRY2A46B0F4BHN4,2025-02-03T00:35:52.079159507Z,01JK4H0V6VD5AZR3C6BXT8MZH2,2025-02-03T00:35:52.079159507Z,01JK4JHQG80WTCSNF66R2WNRZM,2025-02-03T00:35:52.079159507Z,01JK4JRYJ6YTNWXER1ZV9YXBD6,2025-02-03T00:35:52.079159507Z
01JK4MEKSK1ZX9H4Y69V87KBA5,01JK4KCG8PE2NRJXT4GAWV5AES,2025-02-03T00:48:01.331618615Z,01JK4KCG91Y658MZF9HV6KKWGD,2025-02-03T00:48:01.331618615Z,01JK4JXWY8R1BH6B72W8M0WNYP,2025-02-03T00:48:01.331618615Z,01JK4KX0ZYZRB4699A528ET1S9,2025-02-03T00:48:01.331618615Z
01JK4KBK07X6M2J52KYPTATVJ8,01JK4H0V6EWVRY2A46B0F4BHN4,2025-02-03T00:28:53.639824288Z,01JK4H0V6VD5AZR3C6BXT8MZH2,2025-02-03T00:28:53.639824288Z,01JK4JHCCPDJP4AE98TKDHMDYH,2025-02-03T00:28:53.639824288Z,01JK4JRYHV7ECA6SC6R11TWWE6,2025-02-03T00:28:53.639824288Z
01JK4K76D4EAKS3H8DEA160QR0,01JK4H0V6EWVRY2A46B0F4BHN4,2025-02-03T00:26:29.668144598Z,01JK4H0V6VD5AZR3C6BXT8MZH2,2025-02-03T00:26:29.668144598Z,01JK4JHCCPDJP4AE98TKDHMDYH,2025-02-03T00:26:29.668144598Z,01JK4JRYHSM07SKJ6EM3X6CK2Z,2025-02-03T00:26:29.668144598Z
01JK4KJQQK9K77XVP4K9B82VY2,01JK4H0V6EWVRY2A46B0F4BHN4,2025-02-03T00:32:47.859570195Z,01JK4H0V6VD5AZR3C6BXT8MZH2,2025-02-03T00:32:47.859570195Z,01JK4JHQG80WTCSNF66R2WNRZM,2025-02-03T00:32:47.859570195Z,01JK4JRYJ5ZZZ6NMNN6SGEG4QX,2025-02-03T00:32:47.859570195Z
01JK4MDCDQZ5E8SDAH4650AXJN,01JK4KCG8PE2NRJXT4GAWV5AES,2025-02-03T00:47:21.015396589Z,01JK4KCG91Y658MZF9HV6KKWGD,2025-02-03T00:47:21.015396589Z,01JK4KGGE04Y117DR421HYRH22,2025-02-03T00:47:21.015396589Z,01JK4KX10BMYVKGB1QHH14XMWG,2025-02-03T00:47:21.015396589Z
01JK4NMGD9D2F5TPX0GGVRNX1J,01JK4KCG8PE2NRJXT4GAWV5AES,2025-02-03T01:08:43.049585505Z,01JK4KCG91Y658MZF9HV6KKWGD,2025-02-03T01:08:43.049585505Z,01JK4JXWY8R1BH6B72W8M0WNYP,2025-02-03T01:08:43.049585505Z,01JK4KX0ZD06A6H3M0ZF7X0XDJ,2025-02-03T01:08:43.049585505Z
01JK4P81HSR583XVJGMXCYA0VC,01JK4KCG8PE2NRJXT4GAWV5AES,2025-02-03T01:19:23.193559363Z,01JK4KCG91Y658MZF9HV6KKWGD,2025-02-03T01:19:23.193559363Z,01JK4KGGE04Y117DR421HYRH22,2025-02-03T01:19:23.193559363Z,01JK4KX10EP1T6GKWC73WMEM0R,2025-02-03T01:19:23.193559363Z
01JK4K5ACGEERG9DKVFB48K02H,01JK4H0V6EWVRY2A46B0F4BHN4,2025-02-03T00:25:28.208620479Z,01JK4H0V6VD5AZR3C6BXT8MZH2,2025-02-03T00:25:28.208620479Z,01JK4JHQG80WTCSNF66R2WNRZM,2025-02-03T00:25:28.208620479Z,01JK4JRYHRQYX7K8DNWN4Q8P33,2025-02-03T00:25:28.208620479Z
01JK4KJAS781NWYERR8P3MT1AX,01JK4K1J46HG8HPHJG8D2ANMNF,2025-02-03T00:32:34.599893819Z,01JK4K1J4ESMAQ8APEQ0QZX73M,2025-02-03T00:32:34.599893819Z,01JK4K4XQJMAP5JV93WNB1M8AE,2025-02-03T00:32:34.599893819Z,01JK4KAJB8ZNKFCWZ5J2RMQDWB,2025-02-03T00:32:34.599893819Z
01JK4KSCK6166734SKA5FCRPQS,01JK4H0V6EWVRY2A46B0F4BHN4,2025-02-03T00:36:25.830290323Z,01JK4H0V6VD5AZR3C6BXT8MZH2,2025-02-03T00:36:25.830290323Z,01JK4JHCCPDJP4AE98TKDHMDYH,2025-02-03T00:36:25.830290323Z,01JK4JRYJ6YTNWXER21QWK8QAT,2025-02-03T00:36:25.830290323Z
01JK4MMAPNHVHPEXXJRAF2NVXX,01JK4KCG8PE2NRJXT4GAWV5AES,2025-02-03T00:51:08.629706457Z,01JK4KCG91Y658MZF9HV6KKWGD,2025-02-03T00:51:08.629706457Z,01JK4KGGE04Y117DR421HYRH22,2025-02-03T00:51:08.629706457Z,01JK4KX0Z9T1FYPZJ5B4GDWVS2,2025-02-03T00:51:08.629706457Z
01JK4PAWTF1TZ5FWVXX1N5XKD4,01JK4KCG8PE2NRJXT4GAWV5AES,2025-02-03T01:20:56.655406468Z,01JK4KCG91Y658MZF9HV6KKWGD,2025-02-03T01:20:56.655406468Z,01JK4JXWY8R1BH6B72W8M0WNYP,2025-02-03T01:20:56.655406468Z,01JK4KX10GNMQVPFJX4J4YHXBJ,2025-02-03T01:20:56.655406468Z
01JK4KAMD26XW0NP42W1JPNBQA,01JK4K1J46HG8HPHJG8D2ANMNF,2025-02-03T00:28:22.306340001Z,01JK4K1J4ESMAQ8APEQ0QZX73M,2025-02-03T00:28:22.306340001Z,01JK4K4XQJMAP5JV93WNB1M8AE,2025-02-03T00:28:22.306340001Z,01JK4KAJASZXDT0QG3Q0A8P9DN,2025-02-03T00:28:22.306340001Z
01JK4KCJ04ARK8SM08E4B3VADK,01JK4K1J46HG8HPHJG8D2ANMNF,2025-02-03T00:29:25.380903426Z,01JK4K1J4ESMAQ8APEQ0QZX73M,2025-02-03T00:29:25.380903426Z,01JK4J768Q3V1780BCAP3BWH4K,2025-02-03T00:29:25.380903426Z,01JK4KAJAX6C48QCGMEXJJGHGM,2025-02-03T00:29:25.380903426Z
01JK4KEGHKVCB187GNFJ798PY2,01JK4H0V6EWVRY2A46B0F4BHN4,2025-02-03T00:30:29.427471192Z,01JK4H0V6VD5AZR3C6BXT8MZH2,2025-02-03T00:30:29.427471192Z,01JK4JHCCPDJP4AE98TKDHMDYH,2025-02-03T00:30:29.427471192Z,01JK4JRYHRQYX7K8DNXCTFBHBV,2025-02-03T00:30:29.427471192Z
01JK4KK1Y1PN2FY9Q95BB67HP0,01JK4H0V6EWVRY2A46B0F4BHN4,2025-02-03T00:32:58.305639706Z,01JK4H0V6VD5AZR3C6BXT8MZH2,2025-02-03T00:32:58.305639706Z,01JK4JHQG80WTCSNF66R2WNRZM,2025-02-03T00:32:58.305639706Z,01JK4JRYJ13ESB7RBY7EQTH6FZ,2025-02-03T00:32:58.305639706Z
01JK4KNZBD9X710JQYZPJHY3EY,01JK4H0V6EWVRY2A46B0F4BHN4,2025-02-03T00:34:33.965604002Z,01JK4H0V6VD5AZR3C6BXT8MZH2,2025-02-03T00:34:33.965604002Z,01JK4JHCCPDJP4AE98TKDHMDYH,2025-02-03T00:34:33.965604002Z,01JK4JRYJ0VK6WP1188AHWKMCT,2025-02-03T00:34:33.965604002Z
01JK4KSCK57HZSMBKYBZHMWNAQ,01JK4H0V6EWVRY2A46B0F4BHN4,2025-02-03T00:36:25.829503154Z,01JK4H0V6VD5AZR3C6BXT8MZH2,2025-02-03T00:36:25.829503154Z,01JK4JHQG80WTCSNF66R2WNRZM,2025-02-03T00:36:25.829503154Z,01JK4JRYJ6YTNWXER21QWK8QAT,2025-02-03T00:36:25.829503154Z
01JK4N6KH0YE7R0873Q2J3H223,01JK4KCG8PE2NRJXT4GAWV5AES,2025-02-03T01:01:07.488431109Z,01JK4KCG91Y658MZF9HV6KKWGD,2025-02-03T01:01:07.488431109Z,01JK4JXWY8R1BH6B72W8M0WNYP,2025-02-03T01:01:07.488431109Z,01JK4KX107WQ73T0N6NZNYV7K1,2025-02-03T01:01:07.488431109Z
01JK4NM02TK5H87Q3EQXBP7CMY,01JK4KCG8PE2NRJXT4GAWV5AES,2025-02-03T01:08:26.330200361Z,01JK4KCG91Y658MZF9HV6KKWGD,2025-02-03T01:08:26.330200361Z,01JK4JXWY8R1BH6B72W8M0WNYP,2025-02-03T01:08:26.330200361Z,01JK4KX0ZHRZJFZ8J3KHT7AH3B,2025-02-03T01:08:26.330200361Z
01JK4JXE5ZSH29EC4A2A8P6K4Z,01JK4H0V6EWVRY2A46B0F4BHN4,2025-02-03T00:21:09.951944331Z,01JK4H0V6VD5AZR3C6BXT8MZH2,2025-02-03T00:21:09.951944331Z,01JK4JHQG80WTCSNF66R2WNRZM,2025-02-03T00:21:09.951944331Z,01JK4JRYHGFXN32CHW37T37EP2,2025-02-03T00:21:09.951944331Z
01JK4KEFK0HEFKDXQPZS9EEM13,01JK4K1J46HG8HPHJG8D2ANMNF,2025-02-03T00:30:28.448529635Z,01JK4K1J4ESMAQ8APEQ0QZX73M,2025-02-03T00:30:28.448529635Z,01JK4J768Q3V1780BCAP3BWH4K,2025-02-03T00:30:28.448529635Z,01JK4KAJB8ZNKFCWZ5JTKJZFSY,2025-02-03T00:30:28.448529635Z
01JK4KEFK1NXBPBP5RP9PABY7R,01JK4K1J46HG8HPHJG8D2ANMNF,2025-02-03T00:30:28.449238811Z,01JK4K1J4ESMAQ8APEQ0QZX73M,2025-02-03T00:30:28.449238811Z,01JK4K4XQJMAP5JV93WNB1M8AE,2025-02-03T00:30:28.449238811Z,01JK4KAJB8ZNKFCWZ5JTKJZFSY,2025-02-03T00:30:28.449238811Z
01JK4PCCEZ4GCXG64XQHD5DSG5,01JK4KCG8PE2NRJXT4GAWV5AES,2025-02-03T01:21:45.439220531Z,01JK4KCG91Y658MZF9HV6KKWGD,2025-02-03T01:21:45.439220531Z,01JK4JXWY8R1BH6B72W8M0WNYP,2025-02-03T01:21:45.439220531Z,01JK4KX10HGSBTBQDB4SY1HWWT,2025-02-03T01:21:45.439220531Z
01JK4JYNNQ52XJVK847MCVG9GF,01JK4H0V6EWVRY2A46B0F4BHN4,2025-02-03T00:21:50.391360039Z,01JK4H0V6VD5AZR3C6BXT8MZH2,2025-02-03T00:21:50.391360039Z,01JK4JHCCPDJP4AE98TKDHMDYH,2025-02-03T00:21:50.391360039Z,01JK4JRYHH1X4V3E56JRT2HHZE,2025-02-03T00:21:50.391360039Z
01JK4PCCEYSQ3GK2QBPQKSSKZC,01JK4KCG8PE2NRJXT4GAWV5AES,2025-02-03T01:21:45.438168395Z,01JK4KCG91Y658MZF9HV6KKWGD,2025-02-03T01:21:45.438168395Z,01JK4KGGE04Y117DR421HYRH22,2025-02-03T01:21:45.438168395Z,01JK4KX10HGSBTBQDB4SY1HWWT,2025-02-03T01:21:45.438168395Z
01JK4PFRWXAFPH0903WAD1KF70,01JK4KCG8PE2NRJXT4GAWV5AES,2025-02-03T01:23:36.477197909Z,01JK4KCG91Y658MZF9HV6KKWGD,2025-02-03T01:23:36.477197909Z,01JK4JXWY8R1BH6B72W8M0WNYP,2025-02-03T01:23:36.477197909Z,01JK4KX10KHXNTB498EHE2P914,2025-02-03T01:23:36.477197909Z
01JK4KHJ4QMQHQ216W0ZPZQN5H,01JK4H0V6EWVRY2A46B0F4BHN4,2025-02-03T00:32:09.367173548Z,01JK4H0V6VD5AZR3C6BXT8MZH2,2025-02-03T00:32:09.367173548Z,01JK4JHQG80WTCSNF66R2WNRZM,2025-02-03T00:32:09.367173548Z,01JK4JRYJ0VK6WP1187AGJBZ01,2025-02-03T00:32:09.367173548Z
01JK4KPHM84M4SVVBEPVSC2FNZ,01JK4H0V6EWVRY2A46B0F4BHN4,2025-02-03T00:34:52.680108487Z,01JK4H0V6VD5AZR3C6BXT8MZH2,2025-02-03T00:34:52.680108487Z,01JK4JHQG80WTCSNF66R2WNRZM,2025-02-03T00:34:52.680108487Z,01JK4JRYJ4M7E43W02ZXWYJZ25,2025-02-03T00:34:52.680108487Z
01JK4KRNN0BHAWAXKPY4JPRAY2,01JK4H0V6EWVRY2A46B0F4BHN4,2025-02-03T00:36:02.336772414Z,01JK4H0V6VD5AZR3C6BXT8MZH2,2025-02-03T00:36:02.336772414Z,01JK4JHCCPDJP4AE98TKDHMDYH,2025-02-03T00:36:02.336772414Z,01JK4JRYJ6YTNWXER1Z0GZCGTD,2025-02-03T00:36:02.336772414Z
01JK4N7WGD1M8SAWY43KRE85R8,01JK4KCG8PE2NRJXT4GAWV5AES,2025-02-03T01:01:49.453796036Z,01JK4KCG91Y658MZF9HV6KKWGD,2025-02-03T01:01:49.453796036Z,01JK4KGGE04Y117DR421HYRH22,2025-02-03T01:01:49.453796036Z,01JK4KX1007GH2MWF6JPVWM10K,2025-02-03T01:01:49.453796036Z
01JK4NFJFB0KQ0R4MB901RP8MR,01JK4KCG8PE2NRJXT4GAWV5AES,2025-02-03T01:06:01.32309324Z,01JK4KCG91Y658MZF9HV6KKWGD,2025-02-03T01:06:01.32309324Z,01JK4JXWY8R1BH6B72W8M0WNYP,2025-02-03T01:06:01.32309324Z,01JK4KX109SW9X0Z6JJ7JS13M2,2025-02-03T01:06:01.32309324Z
01JK4NNE1NZ5T94G5WED4ZDG8J,01JK4KCG8PE2NRJXT4GAWV5AES,2025-02-03T01:09:13.397111894Z,01JK4KCG91Y658MZF9HV6KKWGD,2025-02-03T01:09:13.397111894Z,01JK4KGGE04Y117DR421HYRH22,2025-02-03T01:09:13.397111894Z,01JK4KX0Z8BH9PFYQT220WPN21,2025-02-03T01:09:13.397111894Z
01JK4NZXNZ73T2R0TJVHFZA74J,01JK4KCG8PE2NRJXT4GAWV5AES,2025-02-03T01:14:57.087285288Z,01JK4KCG91Y658MZF9HV6KKWGD,2025-02-03T01:14:57.087285288Z,01JK4JXWY8R1BH6B72W8M0WNYP,2025-02-03T01:14:57.087285288Z,01JK4KX0ZSN9E9B2R7SNVGEEJ4,2025-02-03T01:14:57.087285288Z
01JK4NZXP01B1QZNSBYYQ5QAJ6,01JK4KCG8PE2NRJXT4GAWV5AES,2025-02-03T01:14:57.088157361Z,01JK4KCG91Y658MZF9HV6KKWGD,2025-02-03T01:14:57.088157361Z,01JK4KGGE04Y117DR421HYRH22,2025-02-03T01:14:57.088157361Z,01JK4KX0ZSN9E9B2R7SNVGEEJ4,2025-02-03T01:14:57.088157361Z
01JK4KMDK4TEKJT4PJYX02H013,01JK4H0V6EWVRY2A46B0F4BHN4,2025-02-03T00:33:43.012831744Z,01JK4H0V6VD5AZR3C6BXT8MZH2,2025-02-03T00:33:43.012831744Z,01JK4JHCCPDJP4AE98TKDHMDYH,2025-02-03T00:33:43.012831744Z,01JK4JRYJ13ESB7RBY5C7HDD6H,2025-02-03T00:33:43.012831744Z
01JK4KR3JAQQSB3BJ9S5KA72GP,01JK4H0V6EWVRY2A46B0F4BHN4,2025-02-03T00:35:43.818461653Z,01JK4H0V6VD5AZR3C6BXT8MZH2,2025-02-03T00:35:43.818461653Z,01JK4JHCCPDJP4AE98TKDHMDYH,2025-02-03T00:35:43.818461653Z,01JK4JRYJ5ZZZ6NMNN97R1YEDZ,2025-02-03T00:35:43.818461653Z
01JK4KNJK1Q6ERXN69DWBSGFCK,01JK4H0V6EWVRY2A46B0F4BHN4,2025-02-03T00:34:20.897567319Z,01JK4H0V6VD5AZR3C6BXT8MZH2,2025-02-03T00:34:20.897567319Z,01JK4JHCCPDJP4AE98TKDHMDYH,2025-02-03T00:34:20.897567319Z,01JK4JRYJ3JND82T7ZNE035QSY,2025-02-03T00:34:20.897567319Z
01JK4KYP7WXCTF1SC6FYEC3YM5,01JK4KCG8PE2NRJXT4GAWV5AES,2025-02-03T00:39:19.548238221Z,01JK4KCG91Y658MZF9HV6KKWGD,2025-02-03T00:39:19.548238221Z,01JK4JXWY8R1BH6B72W8M0WNYP,2025-02-03T00:39:19.548238221Z,01JK4KX0YE1PV0MG39VC73VBMY,2025-02-03T00:39:19.548238221Z
01JK4P69EA6ZCMASJ2TAEXGG6H,01JK4KCG8PE2NRJXT4GAWV5AES,2025-02-03T01:18:25.738435181Z,01JK4KCG91Y658MZF9HV6KKWGD,2025-02-03T01:18:25.738435181Z,01JK4JXWY8R1BH6B72W8M0WNYP,2025-02-03T01:18:25.738435181Z,01JK4KX10DAXZA4B3DWNX1NWZB,2025-02-03T01:18:25.738435181Z
01JK4PHEM92P6W9GXG46YFYK6Q,01JK4KCG8PE2NRJXT4GAWV5AES,2025-02-03T01:24:31.497098436Z,01JK4KCG91Y658MZF9HV6KKWGD,2025-02-03T01:24:31.497098436Z,01JK4KGGE04Y117DR421HYRH22,2025-02-03T01:24:31.497098436Z,01JK4KX10P4G1NC7155BKKR8JY,2025-02-03T01:24:31.497098436Z
01JK4JZKG5RYQQK4XXDV5KJA37,01JK4H0V6EWVRY2A46B0F4BHN4,2025-02-03T00:22:20.933164855Z,01JK4H0V6VD5AZR3C6BXT8MZH2,2025-02-03T00:22:20.933164855Z,01JK4JHCCPDJP4AE98TKDHMDYH,2025-02-03T00:22:20.933164855Z,01JK4JRYHH1X4V3E56H406DHNP,2025-02-03T00:22:20.933164855Z
01JK4KH70J9MH9FZKXR3ZEK4MT,01JK4H0V6EWVRY2A46B0F4BHN4,2025-02-03T00:31:57.970762063Z,01JK4H0V6VD5AZR3C6BXT8MZH2,2025-02-03T00:31:57.970762063Z,01JK4JHCCPDJP4AE98TKDHMDYH,2025-02-03T00:31:57.970762063Z,01JK4JRYJ3JND82T7ZKYPTSEK2,2025-02-03T00:31:57.970762063Z
01JK4KMPNCZ0S5X86WF5789FA8,01JK4H0V6EWVRY2A46B0F4BHN4,2025-02-03T00:33:52.300618136Z,01JK4H0V6VD5AZR3C6BXT8MZH2,2025-02-03T00:33:52.300618136Z,01JK4JHCCPDJP4AE98TKDHMDYH,2025-02-03T00:33:52.300618136Z,01JK4JRYJ4M7E43W030SZC1A8Q,2025-02-03T00:33:52.300618136Z
01JK4KN8NWPGP1MGBR3WE8EH3F,01JK4H0V6EWVRY2A46B0F4BHN4,2025-02-03T00:34:10.748644549Z,01JK4H0V6VD5AZR3C6BXT8MZH2,2025-02-03T00:34:10.748644549Z,01JK4JHQG80WTCSNF66R2WNRZM,2025-02-03T00:34:10.748644549Z,01JK4JRYJ13ESB7RBY8AXF0MW7,2025-02-03T00:34:10.748644549Z
01JK4MJPRFC0NH9ZXQKTZCN00Z,01JK4KCG8PE2NRJXT4GAWV5AES,2025-02-03T00:50:15.439169239Z,01JK4KCG91Y658MZF9HV6KKWGD,2025-02-03T00:50:15.439169239Z,01JK4JXWY8R1BH6B72W8M0WNYP,2025-02-03T00:50:15.439169239Z,01JK4KX0ZFYMHD4MH3FH122HZ0,2025-02-03T00:50:15.439169239Z
01JK4KAMD1KW4WW9CPW8VHXDEB,01JK4K1J46HG8HPHJG8D2ANMNF,2025-02-03T00:28:22.30557324Z,01JK4K1J4ESMAQ8APEQ0QZX73M,2025-02-03T00:28:22.30557324Z,01JK4J768Q3V1780BCAP3BWH4K,2025-02-03T00:28:22.30557324Z,01JK4KAJASZXDT0QG3Q0A8P9DN,2025-02-03T00:28:22.30557324Z
01JK4NTJKBK19VCCBK7FB4TD8P,01JK4KCG8PE2NRJXT4GAWV5AES,2025-02-03T01:12:01.899758343Z,01JK4KCG91Y658MZF9HV6KKWGD,2025-02-03T01:12:01.899758343Z,01JK4KGGE04Y117DR421HYRH22,2025-02-03T01:12:01.899758343Z,01JK4KX108YW6MSZEJ0NVJVVSB,2025-02-03T01:12:01.899758343Z
01JK4KMDK5TVT6ZEBRR3NVQP3S,01JK4H0V6EWVRY2A46B0F4BHN4,2025-02-03T00:33:43.013480774Z,01JK4H0V6VD5AZR3C6BXT8MZH2,2025-02-03T00:33:43.013480774Z,01JK4JHQG80WTCSNF66R2WNRZM,2025-02-03T00:33:43.013480774Z,01JK4JRYJ13ESB7RBY5C7HDD6H,2025-02-03T00:33:43.013480774Z
01JK4KABZB3CAP173F8ECGZ99W,01JK4H0V6EWVRY2A46B0F4BHN4,2025-02-03T00:28:13.675913573Z,01JK4H0V6VD5AZR3C6BXT8MZH2,2025-02-03T00:28:13.675913573Z,01JK4JHCCPDJP4AE98TKDHMDYH,2025-02-03T00:28:13.675913573Z,01JK4JRYHTZZEFE7993VT3EBV2,2025-02-03T00:28:13.675913573Z
01JK4KCVAG94NEJDPXCYSMXDSX,01JK4H0V6EWVRY2A46B0F4BHN4,2025-02-03T00:29:34.928497894Z,01JK4H0V6VD5AZR3C6BXT8MZH2,2025-02-03T00:29:34.928497894Z,01JK4JHQG80WTCSNF66R2WNRZM,2025-02-03T00:29:34.928497894Z,01JK4JRYHWK7A8MBSHF9PPBFEN,2025-02-03T00:29:34.928497894Z
01JK4KF1YSJPZ92K5MGZ35Z2DJ,01JK4H0V6EWVRY2A46B0F4BHN4,2025-02-03T00:30:47.257991662Z,01JK4H0V6VD5AZR3C6BXT8MZH2,2025-02-03T00:30:47.257991662Z,01JK4JHCCPDJP4AE98TKDHMDYH,2025-02-03T00:30:47.257991662Z,01JK4JRYHQV2EDNCKCSGVHXSE6,2025-02-03T00:30:47.257991662Z
01JK4KJQQMMGQCKS5XHNK14E3G,01JK4H0V6EWVRY2A46B0F4BHN4,2025-02-03T00:32:47.860228677Z,01JK4H0V6VD5AZR3C6BXT8MZH2,2025-02-03T00:32:47.860228677Z,01JK4JHCCPDJP4AE98TKDHMDYH,2025-02-03T00:32:47.860228677Z,01JK4JRYJ5ZZZ6NMNN6SGEG4QX,2025-02-03T00:32:47.860228677Z
01JK4PE1F95DDDMHRRCPRRAVZF,01JK4KCG8PE2NRJXT4GAWV5AES,2025-02-03T01:22:39.721949551Z,01JK4KCG91Y658MZF9HV6KKWGD,2025-02-03T01:22:39.721949551Z,01JK4KGGE04Y117DR421HYRH22,2025-02-03T01:22:39.721949551Z,01JK4KX10JHMCMCR5DCBW8M4XM,2025-02-03T01:22:39.721949551Z
01JK4JXE5ZSH29EC4A1Z70DVEF,01JK4H0V6EWVRY2A46B0F4BHN4,2025-02-03T00:21:09.951619325Z,01JK4H0V6VD5AZR3C6BXT8MZH2,2025-02-03T00:21:09.951619325Z,01JK4JHCCPDJP4AE98TKDHMDYH,2025-02-03T00:21:09.951619325Z,01JK4JRYHGFXN32CHW37T37EP2,2025-02-03T00:21:09.951619325Z
01JK4KN1B5SNQSFF9KF7JJ3S5Z,01JK4H0V6EWVRY2A46B0F4BHN4,2025-02-03T00:34:03.237230405Z,01JK4H0V6VD5AZR3C6BXT8MZH2,2025-02-03T00:34:03.237230405Z,01JK4JHCCPDJP4AE98TKDHMDYH,2025-02-03T00:34:03.237230405Z,01JK4JRYJ2FV45GH2S7KVVEM05,2025-02-03T00:34:03.237230405Z
01JK4KGWB6G1800NB4E1DQPJ2S,01JK4H0V6EWVRY2A46B0F4BHN4,2025-02-03T00:31:47.046195262Z,01JK4H0V6VD5AZR3C6BXT8MZH2,2025-02-03T00:31:47.046195262Z,01JK4JHCCPDJP4AE98TKDHMDYH,2025-02-03T00:31:47.046195262Z,01JK4JRYJ0VK6WP1185YE1RR8A,2025-02-03T00:31:47.046195262Z
01JK4KFPBARJ4WTKYXA3JC65G7,01JK4H0V6EWVRY2A46B0F4BHN4,2025-02-03T00:31:08.138644165Z,01JK4H0V6VD5AZR3C6BXT8MZH2,2025-02-03T00:31:08.138644165Z,01JK4JHCCPDJP4AE98TKDHMDYH,2025-02-03T00:31:08.138644165Z,01JK4JRYHRQYX7K8DNY6NQN46Y,2025-02-03T00:31:08.138644165Z
01JK4KM2FXQJ1HW4VSW8NJ9PC0,01JK4H0V6EWVRY2A46B0F4BHN4,2025-02-03T00:33:31.645692825Z,01JK4H0V6VD5AZR3C6BXT8MZH2,2025-02-03T00:33:31.645692825Z,01JK4JHCCPDJP4AE98TKDHMDYH,2025-02-03T00:33:31.645692825Z,01JK4JRYJ4M7E43W02Y57WV1ES,2025-02-03T00:33:31.645692825Z
01JK4KS2KB7H0HQXDF28P303VW,01JK4H0V6EWVRY2A46B0F4BHN4,2025-02-03T00:36:15.595818271Z,01JK4H0V6VD5AZR3C6BXT8MZH2,2025-02-03T00:36:15.595818271Z,01JK4JHCCPDJP4AE98TKDHMDYH,2025-02-03T00:36:15.595818271Z,01JK4JRYJ6YTNWXER20ZFEAYQJ,2025-02-03T00:36:15.595818271Z
01JK4M0GHHTVEWPBCV5P3N4CFP,01JK4KCG8PE2NRJXT4GAWV5AES,2025-02-03T00:40:19.249275601Z,01JK4KCG91Y658MZF9HV6KKWGD,2025-02-03T00:40:19.249275601Z,01JK4KGGE04Y117DR421HYRH22,2025-02-03T00:40:19.249275601Z,01JK4KX0YM3V78Y82RK77P27A1,2025-02-03T00:40:19.249275601Z
01JK4M1WVNDMJ17RJ0B2BF8SK2,01JK4KCG8PE2NRJXT4GAWV5AES,2025-02-03T00:41:04.629880627Z,01JK4KCG91Y658MZF9HV6KKWGD,2025-02-03T00:41:04.629880627Z,01JK4JXWY8R1BH6B72W8M0WNYP,2025-02-03T00:41:04.629880627Z,01JK4KX0ZRMEDQZNCCGYCB6FFC,2025-02-03T00:41:04.629880627Z
01JK4MJPRDFE61TRB6M8X2XVH9,01JK4KCG8PE2NRJXT4GAWV5AES,2025-02-03T00:50:15.438006795Z,01JK4KCG91Y658MZF9HV6KKWGD,2025-02-03T00:50:15.438006795Z,01JK4KGGE04Y117DR421HYRH22,2025-02-03T00:50:15.438006795Z,01JK4KX0ZFYMHD4MH3FH122HZ0,2025-02-03T00:50:15.438006795Z
01JK4MY42XCECZN9QJHRGCAWHZ,01JK4KCG8PE2NRJXT4GAWV5AES,2025-02-03T00:56:29.533977219Z,01JK4KCG91Y658MZF9HV6KKWGD,2025-02-03T00:56:29.533977219Z,01JK4JXWY8R1BH6B72W8M0WNYP,2025-02-03T00:56:29.533977219Z,01JK4KX0ZGF3Y7CDCPKEJC3YZM,2025-02-03T00:56:29.533977219Z
01JK4K345B0JV8G9RE1ZT9CW7S,01JK4H0V6EWVRY2A46B0F4BHN4,2025-02-03T00:24:16.299096682Z,01JK4H0V6VD5AZR3C6BXT8MZH2,2025-02-03T00:24:16.299096682Z,01JK4JHCCPDJP4AE98TKDHMDYH,2025-02-03T00:24:16.299096682Z,01JK4JRYHJ52F1PBBN9BFX0A45,2025-02-03T00:24:16.299096682Z
01JK4N94KYM0VGBBESA7HT9GJ8,01JK4KCG8PE2NRJXT4GAWV5AES,2025-02-03T01:02:30.526246469Z,01JK4KCG91Y658MZF9HV6KKWGD,2025-02-03T01:02:30.526246469Z,01JK4KGGE04Y117DR421HYRH22,2025-02-03T01:02:30.526246469Z,01JK4KX0ZTT3HN824GH4A4WQY3,2025-02-03T01:02:30.526246469Z
01JK4P9TN8XV56XZKR1Y9TK9X8,01JK4KCG8PE2NRJXT4GAWV5AES,2025-02-03T01:20:21.672407268Z,01JK4KCG91Y658MZF9HV6KKWGD,2025-02-03T01:20:21.672407268Z,01JK4KGGE04Y117DR421HYRH22,2025-02-03T01:20:21.672407268Z,01JK4KX10FZJ2HRNMYQFVFR43G,2025-02-03T01:20:21.672407268Z
01JK4N4V2HXABP0TB34K40BEX8,01JK4KCG8PE2NRJXT4GAWV5AES,2025-02-03T01:00:09.681389545Z,01JK4KCG91Y658MZF9HV6KKWGD,2025-02-03T01:00:09.681389545Z,01JK4KGGE04Y117DR421HYRH22,2025-02-03T01:00:09.681389545Z,01JK4KX0Z4Q01AY8CPVCSV22G8,2025-02-03T01:00:09.681389545Z
01JK4M5R2QXX4JRGVRJ56TMAX5,01JK4KCG8PE2NRJXT4GAWV5AES,2025-02-03T00:43:10.807753488Z,01JK4KCG91Y658MZF9HV6KKWGD,2025-02-03T00:43:10.807753488Z,01JK4JXWY8R1BH6B72W8M0WNYP,2025-02-03T00:43:10.807753488Z,01JK4KX0ZQN6YM3SC89PEAWQXR,2025-02-03T00:43:10.807753488Z
01JK4KG0X7BPAGHYJS0M4VFJMF,01JK4H0V6EWVRY2A46B0F4BHN4,2025-02-03T00:31:18.951926616Z,01JK4H0V6VD5AZR3C6BXT8MZH2,2025-02-03T00:31:18.951926616Z,01JK4JHCCPDJP4AE98TKDHMDYH,2025-02-03T00:31:18.951926616Z,01JK4JRYHRQYX7K8DNZ34ECQAS,2025-02-03T00:31:18.951926616Z
01JK4MSB0XK69AW5SWN2GS7H3K,01JK4KCG8PE2NRJXT4GAWV5AES,2025-02-03T00:53:52.797716583Z,01JK4KCG91Y658MZF9HV6KKWGD,2025-02-03T00:53:52.797716583Z,01JK4JXWY8R1BH6B72W8M0WNYP,2025-02-03T00:53:52.797716583Z,01JK4KX0Z2AE9PBFYZFZVX53MQ,2025-02-03T00:53:52.797716583Z
01JK4NCH4Q9SWW1RC3HSE78W7Q,01JK4KCG8PE2NRJXT4GAWV5AES,2025-02-03T01:04:21.655210344Z,01JK4KCG91Y658MZF9HV6KKWGD,2025-02-03T01:04:21.655210344Z,01JK4JXWY8R1BH6B72W8M0WNYP,2025-02-03T01:04:21.655210344Z,01JK4KX101RJ91G2V2VMEHHBS0,2025-02-03T01:04:21.655210344Z
01JK4NR15C8C2GBEJPQ9CSTSFF,01JK4KCG8PE2NRJXT4GAWV5AES,2025-02-03T01:10:38.508388913Z,01JK4KCG91Y658MZF9HV6KKWGD,2025-02-03T01:10:38.508388913Z,01JK4JXWY8R1BH6B72W8M0WNYP,2025-02-03T01:10:38.508388913Z,01JK4KX0Z8BH9PFYQT32RGT8RF,2025-02-03T01:10:38.508388913Z
01JK4PM2BNK1Z683KTP48X6RVZ,01JK4KCG8PE2NRJXT4GAWV5AES,2025-02-03T01:25:57.237953791Z,01JK4KCG91Y658MZF9HV6KKWGD,2025-02-03T01:25:57.237953791Z,01JK4JXWY8R1BH6B72W8M0WNYP,2025-02-03T01:25:57.237953791Z,01JK4KX10NZFEXTS6B2SR6FFXD,2025-02-03T01:25:57.237953791Z
01JK4MADP82PFB14CPMAVYCBD2,01JK4KCG8PE2NRJXT4GAWV5AES,2025-02-03T00:45:44.008611286Z,01JK4KCG91Y658MZF9HV6KKWGD,2025-02-03T00:45:44.008611286Z,01JK4JXWY8R1BH6B72W8M0WNYP,2025-02-03T00:45:44.008611286Z,01JK4KX0YW9RHKG6FFYBHXD6G6,2025-02-03T00:45:44.008611286Z
01JK4JZKG5RYQQK4XXE5W9ZCCZ,01JK4H0V6EWVRY2A46B0F4BHN4,2025-02-03T00:22:20.93351462Z,01JK4H0V6VD5AZR3C6BXT8MZH2,2025-02-03T00:22:20.93351462Z,01JK4JHQG80WTCSNF66R2WNRZM,2025-02-03T00:22:20.93351462Z,01JK4JRYHH1X4V3E56H406DHNP,2025-02-03T00:22:20.93351462Z
01JK4KKRTD80RBSZYY4RRC3HKA,01JK4H0V6EWVRY2A46B0F4BHN4,2025-02-03T00:33:21.74165739Z,01JK4H0V6VD5AZR3C6BXT8MZH2,2025-02-03T00:33:21.74165739Z,01JK4JHQG80WTCSNF66R2WNRZM,2025-02-03T00:33:21.74165739Z,01JK4JRYJ13ESB7RBY69AENVPM,2025-02-03T00:33:21.74165739Z
01JK4KQ45N3GZ1AH3D7380J1AP,01JK4H0V6EWVRY2A46B0F4BHN4,2025-02-03T00:35:11.66972373Z,01JK4H0V6VD5AZR3C6BXT8MZH2,2025-02-03T00:35:11.66972373Z,01JK4JHCCPDJP4AE98TKDHMDYH,2025-02-03T00:35:11.66972373Z,01JK4JRYJ5ZZZ6NMNN7MCR45T4,2025-02-03T00:35:11.66972373Z
01JK4KQGQ3D7Z1RR86S45WNRPH,01JK4H0V6EWVRY2A46B0F4BHN4,2025-02-03T00:35:24.515124991Z,01JK4H0V6VD5AZR3C6BXT8MZH2,2025-02-03T00:35:24.515124991Z,01JK4JHQG80WTCSNF66R2WNRZM,2025-02-03T00:35:24.515124991Z,01JK4JRYJ2FV45GH2S4XWJ5JD3,2025-02-03T00:35:24.515124991Z
01JK4MNNPNPVRPA5A1RNHR74JE,01JK4KCG8PE2NRJXT4GAWV5AES,2025-02-03T00:51:52.661068423Z,01JK4KCG91Y658MZF9HV6KKWGD,2025-02-03T00:51:52.661068423Z,01JK4JXWY8R1BH6B72W8M0WNYP,2025-02-03T00:51:52.661068423Z,01JK4KX0Z592WMYEM38SR6XRKV,2025-02-03T00:51:52.661068423Z
01JK4P3E5K2T1W9HTQF3T69P77,01JK4KCG8PE2NRJXT4GAWV5AES,2025-02-03T01:16:52.275534699Z,01JK4KCG91Y658MZF9HV6KKWGD,2025-02-03T01:16:52.275534699Z,01JK4KGGE04Y117DR421HYRH22,2025-02-03T01:16:52.275534699Z,01JK4KX0YSNKD12MG2TAK2TJQA,2025-02-03T01:16:52.275534699Z
01JK4P4ZQC2XDBTSP4GPR2YJH6,01JK4KCG8PE2NRJXT4GAWV5AES,2025-02-03T01:17:43.020043164Z,01JK4KCG91Y658MZF9HV6KKWGD,2025-02-03T01:17:43.020043164Z,01JK4KGGE04Y117DR421HYRH22,2025-02-03T01:17:43.020043164Z,01JK4KX0YV2VGB7EMQC76YNGMQ,2025-02-03T01:17:43.020043164Z
01JK4JW66YT4R24YF840KF18DG,01JK4H0V6EWVRY2A46B0F4BHN4,2025-02-03T00:20:29.022673613Z,01JK4H0V6VD5AZR3C6BXT8MZH2,2025-02-03T00:20:29.022673613Z,01JK4JHCCPDJP4AE98TKDHMDYH,2025-02-03T00:20:29.022673613Z,01JK4JRYHH1X4V3E56KJRFC774,2025-02-03T00:20:29.022673613Z
01JK4KSNJ3N25TZ7B2K5Q07XMH,01JK4H0V6EWVRY2A46B0F4BHN4,2025-02-03T00:36:35.01160244Z,01JK4H0V6VD5AZR3C6BXT8MZH2,2025-02-03T00:36:35.01160244Z,01JK4JHCCPDJP4AE98TKDHMDYH,2025-02-03T00:36:35.01160244Z,01JK4JRYJ0VK6WP1186NS339MJ,2025-02-03T00:36:35.01160244Z
01JK4MC0KDG80A30FC98M89C2H,01JK4KCG8PE2NRJXT4GAWV5AES,2025-02-03T00:46:36.141677398Z,01JK4KCG91Y658MZF9HV6KKWGD,2025-02-03T00:46:36.141677398Z,01JK4KGGE04Y117DR421HYRH22,2025-02-03T00:46:36.141677398Z,01JK4KX0ZBZ81045ESGTXDAVYK,2025-02-03T00:46:36.141677398Z
01JK4MNNPPJS8JZZ125T3CJ8HH,01JK4KCG8PE2NRJXT4GAWV5AES,2025-02-03T00:51:52.662359762Z,01JK4KCG91Y658MZF9HV6KKWGD,2025-02-03T00:51:52.662359762Z,01JK4KGGE04Y117DR421HYRH22,2025-02-03T00:51:52.662359762Z,01JK4KX0Z592WMYEM38SR6XRKV,2025-02-03T00:51:52.662359762Z
01JK4MTJZ3SN0ANAG5K0FGQAXW,01JK4KCG8PE2NRJXT4GAWV5AES,2025-02-03T00:54:33.699524406Z,01JK4KCG91Y658MZF9HV6KKWGD,2025-02-03T00:54:33.699524406Z,01JK4KGGE04Y117DR421HYRH22,2025-02-03T00:54:33.699524406Z,01JK4KX0YYFA084W5WWBFF09GR,2025-02-03T00:54:33.699524406Z
01JK4K2EH9XXKFX8R4S6YPYWY8,01JK4H0V6EWVRY2A46B0F4BHN4,2025-02-03T00:23:54.153168616Z,01JK4H0V6VD5AZR3C6BXT8MZH2,2025-02-03T00:23:54.153168616Z,01JK4JHCCPDJP4AE98TKDHMDYH,2025-02-03T00:23:54.153168616Z,01JK4JRYHGFXN32CHW42J3NVMF,2025-02-03T00:23:54.153168616Z
01JK4KC047CMT5W6JKFSFA814P,01JK4H0V6EWVRY2A46B0F4BHN4,2025-02-03T00:29:07.079145151Z,01JK4H0V6VD5AZR3C6BXT8MZH2,2025-02-03T00:29:07.079145151Z,01JK4JHQG80WTCSNF66R2WNRZM,2025-02-03T00:29:07.079145151Z,01JK4JRYHV7ECA6SC6Q70EKP07,2025-02-03T00:29:07.079145151Z
01JK4KCA3ARVY6T6TYF4ZY52C3,01JK4H0V6EWVRY2A46B0F4BHN4,2025-02-03T00:29:17.290635664Z,01JK4H0V6VD5AZR3C6BXT8MZH2,2025-02-03T00:29:17.290635664Z,01JK4JHCCPDJP4AE98TKDHMDYH,2025-02-03T00:29:17.290635664Z,01JK4JRYHWK7A8MBSHG4PFDJCZ,2025-02-03T00:29:17.290635664Z
01JK4KPHM9F86PBSGM84DNFQ2K,01JK4H0V6EWVRY2A46B0F4BHN4,2025-02-03T00:34:52.68106008Z,01JK4H0V6VD5AZR3C6BXT8MZH2,2025-02-03T00:34:52.68106008Z,01JK4JHCCPDJP4AE98TKDHMDYH,2025-02-03T00:34:52.68106008Z,01JK4JRYJ4M7E43W02ZXWYJZ25,2025-02-03T00:34:52.68106008Z
01JK4N6KH1BVGKC41AHJ96GCPT,01JK4KCG8PE2NRJXT4GAWV5AES,2025-02-03T01:01:07.48950389Z,01JK4KCG91Y658MZF9HV6KKWGD,2025-02-03T01:01:07.48950389Z,01JK4KGGE04Y117DR421HYRH22,2025-02-03T01:01:07.48950389Z,01JK4KX107WQ73T0N6NZNYV7K1,2025-02-03T01:01:07.48950389Z
01JK4NM02V8FXJDB44XVEBNNSF,01JK4KCG8PE2NRJXT4GAWV5AES,2025-02-03T01:08:26.331123859Z,01JK4KCG91Y658MZF9HV6KKWGD,2025-02-03T01:08:26.331123859Z,01JK4KGGE04Y117DR421HYRH22,2025-02-03T01:08:26.331123859Z,01JK4KX0ZHRZJFZ8J3KHT7AH3B,2025-02-03T01:08:26.331123859Z
01JK4NMGDAYGVKKHZFN6PSB6NA,01JK4KCG8PE2NRJXT4GAWV5AES,2025-02-03T01:08:43.050396762Z,01JK4KCG91Y658MZF9HV6KKWGD,2025-02-03T01:08:43.050396762Z,01JK4KGGE04Y117DR421HYRH22,2025-02-03T01:08:43.050396762Z,01JK4KX0ZD06A6H3M0ZF7X0XDJ,2025-02-03T01:08:43.050396762Z
01JK4K2EH9XXKFX8R4SGEAQ1QC,01JK4H0V6EWVRY2A46B0F4BHN4,2025-02-03T00:23:54.153726921Z,01JK4H0V6VD5AZR3C6BXT8MZH2,2025-02-03T00:23:54.153726921Z,01JK4JHQG80WTCSNF66R2WNRZM,2025-02-03T00:23:54.153726921Z,01JK4JRYHGFXN32CHW42J3NVMF,2025-02-03T00:23:54.153726921Z
01JK4M76YPBPMD1HMSDP7WM67P,01JK4KCG8PE2NRJXT4GAWV5AES,2025-02-03T00:43:58.806059633Z,01JK4KCG91Y658MZF9HV6KKWGD,2025-02-03T00:43:58.806059633Z,01JK4KGGE04Y117DR421HYRH22,2025-02-03T00:43:58.806059633Z,01JK4KX0YXQYYWT029KVBFX3XN,2025-02-03T00:43:58.806059633Z
01JK4M90ZW6E764X1K0B6K4T6G,01JK4KCG8PE2NRJXT4GAWV5AES,2025-02-03T00:44:58.236644712Z,01JK4KCG91Y658MZF9HV6KKWGD,2025-02-03T00:44:58.236644712Z,01JK4JXWY8R1BH6B72W8M0WNYP,2025-02-03T00:44:58.236644712Z,01JK4KX0YNY4KE8645TYZT13MZ,2025-02-03T00:44:58.236644712Z
01JK4NH5Z3VV6VBGDKDMCTW44A,01JK4KCG8PE2NRJXT4GAWV5AES,2025-02-03T01:06:54.051857808Z,01JK4KCG91Y658MZF9HV6KKWGD,2025-02-03T01:06:54.051857808Z,01JK4JXWY8R1BH6B72W8M0WNYP,2025-02-03T01:06:54.051857808Z,01JK4KX10AG3K0TGRRFENXESP5,2025-02-03T01:06:54.051857808Z
01JK4NH5Z4Z33H2CK0SFMZSJ7K,01JK4KCG8PE2NRJXT4GAWV5AES,2025-02-03T01:06:54.052686356Z,01JK4KCG91Y658MZF9HV6KKWGD,2025-02-03T01:06:54.052686356Z,01JK4KGGE04Y117DR421HYRH22,2025-02-03T01:06:54.052686356Z,01JK4KX10AG3K0TGRRFENXESP5,2025-02-03T01:06:54.052686356Z
01JK4NTJK9MEKXW6MBS4GZNSJ5,01JK4KCG8PE2NRJXT4GAWV5AES,2025-02-03T01:12:01.897903285Z,01JK4KCG91Y658MZF9HV6KKWGD,2025-02-03T01:12:01.897903285Z,01JK4JXWY8R1BH6B72W8M0WNYP,2025-02-03T01:12:01.897903285Z,01JK4KX108YW6MSZEJ0NVJVVSB,2025-02-03T01:12:01.897903285Z
01JK4KDSCPGEVFG8RV8E4R3Y54,01JK4H0V6EWVRY2A46B0F4BHN4,2025-02-03T00:30:05.718228015Z,01JK4H0V6VD5AZR3C6BXT8MZH2,2025-02-03T00:30:05.718228015Z,01JK4JHCCPDJP4AE98TKDHMDYH,2025-02-03T00:30:05.718228015Z,01JK4JRYHMR8R32XXDAV8K89NF,2025-02-03T00:30:05.718228015Z
01JK4KSNJ48KFD1YJS6SR9G9C3,01JK4H0V6EWVRY2A46B0F4BHN4,2025-02-03T00:36:35.012622808Z,01JK4H0V6VD5AZR3C6BXT8MZH2,2025-02-03T00:36:35.012622808Z,01JK4JHQG80WTCSNF66R2WNRZM,2025-02-03T00:36:35.012622808Z,01JK4JRYJ0VK6WP1186NS339MJ,2025-02-03T00:36:35.012622808Z
01JK4KPA7JNYK6RH0B87KDFH6K,01JK4H0V6EWVRY2A46B0F4BHN4,2025-02-03T00:34:45.106176725Z,01JK4H0V6VD5AZR3C6BXT8MZH2,2025-02-03T00:34:45.106176725Z,01JK4JHQG80WTCSNF66R2WNRZM,2025-02-03T00:34:45.106176725Z,01JK4JRYJ4M7E43W031QA9YH71,2025-02-03T00:34:45.106176725Z
01JK4KKEFQQ84XJYB4MCDY34Q6,01JK4H0V6EWVRY2A46B0F4BHN4,2025-02-03T00:33:11.159462264Z,01JK4H0V6VD5AZR3C6BXT8MZH2,2025-02-03T00:33:11.159462264Z,01JK4JHCCPDJP4AE98TKDHMDYH,2025-02-03T00:33:11.159462264Z,01JK4JRYJ3JND82T7ZMM46ZJ3T,2025-02-03T00:33:11.159462264Z
01JK4KR3JBVCWWG7M2PVP29YTZ,01JK4H0V6EWVRY2A46B0F4BHN4,2025-02-03T00:35:43.819322443Z,01JK4H0V6VD5AZR3C6BXT8MZH2,2025-02-03T00:35:43.819322443Z,01JK4JHQG80WTCSNF66R2WNRZM,2025-02-03T00:35:43.819322443Z,01JK4JRYJ5ZZZ6NMNN97R1YEDZ,2025-02-03T00:35:43.819322443Z
01JK4KYP7XCZBS7Y2GPPRFY28G,01JK4KCG8PE2NRJXT4GAWV5AES,2025-02-03T00:39:19.549198576Z,01JK4KCG91Y658MZF9HV6KKWGD,2025-02-03T00:39:19.549198576Z,01JK4KGGE04Y117DR421HYRH22,2025-02-03T00:39:19.549198576Z,01JK4KX0YE1PV0MG39VC73VBMY,2025-02-03T00:39:19.549198576Z
01JK4MTJZ537F32MB5VQT6HJWJ,01JK4KCG8PE2NRJXT4GAWV5AES,2025-02-03T00:54:33.701118231Z,01JK4KCG91Y658MZF9HV6KKWGD,2025-02-03T00:54:33.701118231Z,01JK4JXWY8R1BH6B72W8M0WNYP,2025-02-03T00:54:33.701118231Z,01JK4KX0YYFA084W5WWBFF09GR,2025-02-03T00:54:33.701118231Z
01JK4NAQYMC002M4VY199D1HPV,01JK4KCG8PE2NRJXT4GAWV5AES,2025-02-03T01:03:23.092447745Z,01JK4KCG91Y658MZF9HV6KKWGD,2025-02-03T01:03:23.092447745Z,01JK4KGGE04Y117DR421HYRH22,2025-02-03T01:03:23.092447745Z,01JK4KX0ZP40XTP32BZ2CSBVBT,2025-02-03T01:03:23.092447745Z
01JK4K4SQQTJQW72JRNH16QEDH,01JK4H0V6EWVRY2A46B0F4BHN4,2025-02-03T00:25:11.159089315Z,01JK4H0V6VD5AZR3C6BXT8MZH2,2025-02-03T00:25:11.159089315Z,01JK4JHCCPDJP4AE98TKDHMDYH,2025-02-03T00:25:11.159089315Z,01JK4JRYHQV2EDNCKCS12WQ2ZQ,2025-02-03T00:25:11.159089315Z
01JK4KPVAXQSVBN3BX9CY7F59S,01JK4H0V6EWVRY2A46B0F4BHN4,2025-02-03T00:35:02.621288861Z,01JK4H0V6VD5AZR3C6BXT8MZH2,2025-02-03T00:35:02.621288861Z,01JK4JHQG80WTCSNF66R2WNRZM,2025-02-03T00:35:02.621288861Z,01JK4JRYJ4M7E43W032AMMFV3J,2025-02-03T00:35:02.621288861Z
01JK4MWRN45905RJYKMKDPMBBA,01JK4KCG8PE2NRJXT4GAWV5AES,2025-02-03T00:55:45.060163385Z,01JK4KCG91Y658MZF9HV6KKWGD,2025-02-03T00:55:45.060163385Z,01JK4JXWY8R1BH6B72W8M0WNYP,2025-02-03T00:55:45.060163385Z,01JK4KX0Z0MEBJV62BJ7G23QF7,2025-02-03T00:55:45.060163385Z
01JK4KB8Y76N66E9KQDJTNWZ4G,01JK4H0V6EWVRY2A46B0F4BHN4,2025-02-03T00:28:43.335186178Z,01JK4H0V6VD5AZR3C6BXT8MZH2,2025-02-03T00:28:43.335186178Z,01JK4JHCCPDJP4AE98TKDHMDYH,2025-02-03T00:28:43.335186178Z,01JK4JRYHWK7A8MBSHEGPDC5QJ,2025-02-03T00:28:43.335186178Z
