id,batchID,batchIDLastChangedAt,gameID,gameIDLastChangedAt,playerID,playerIDLastChangedAt
01JK4KAJ9JNK0S42BS22YF4F2G,01JK4K1J46HG8HPHJG8D2ANMNF,2025-02-03T00:28:20.146314385Z,01JK4K1J4ESMAQ8APEQ0QZX73M,2025-02-03T00:28:20.146314385Z,01JK4K4XQJMAP5JV93WNB1M8AE,2025-02-03T00:28:20.146314385Z
01JK4KX0WYQE4A5GKVZD7D3932,01JK4KCG8PE2NRJXT4GAWV5AES,2025-02-03T00:38:24.926572088Z,01JK4KCG91Y658MZF9HV6KKWGD,2025-02-03T00:38:24.926572088Z,01JK4JXWY8R1BH6B72W8M0WNYP,2025-02-03T00:38:24.926572088Z
01JK4KX0WZSVATZWK2PDBKAVYT,01JK4KCG8PE2NRJXT4GAWV5AES,2025-02-03T00:38:24.927333836Z,01JK4KCG91Y658MZF9HV6KKWGD,2025-02-03T00:38:24.927333836Z,01JK4KGGE04Y117DR421HYRH22,2025-02-03T00:38:24.927333836Z
01JK4JRYENAR3Z8BQ1VTEC0WA1,01JK4H0V6EWVRY2A46B0F4BHN4,2025-02-03T00:18:42.773836668Z,01JK4H0V6VD5AZR3C6BXT8MZH2,2025-02-03T00:18:42.773836668Z,01JK4JHCCPDJP4AE98TKDHMDYH,2025-02-03T00:18:42.773836668Z
01JK4JRYENAR3Z8BQ1W2F1Y81S,01JK4H0V6EWVRY2A46B0F4BHN4,2025-02-03T00:18:42.77391204Z,01JK4H0V6VD5AZR3C6BXT8MZH2,2025-02-03T00:18:42.77391204Z,01JK4JHQG80WTCSNF66R2WNRZM,2025-02-03T00:18:42.77391204Z
01JK4JYGN4GERBJZ03JTE5J4D2,01JK4H0WRRCWC572HYB8STYZQ0,2025-02-03T00:21:45.252887864Z,01JK4H0WRY5EJWNXARJXG0VTP1,2025-02-03T00:21:45.252887864Z,01JK4HR57C040377HC6MYY927Z,2025-02-03T00:21:45.252887864Z
01JK4JYGN5K22P2NB60XRN02Q4,01JK4H0WRRCWC572HYB8STYZQ0,2025-02-03T00:21:45.253131707Z,01JK4H0WRY5EJWNXARJXG0VTP1,2025-02-03T00:21:45.253131707Z,01JK4J768Q3V1780BCAP3BWH4K,2025-02-03T00:21:45.253131707Z
01JK4KAJ9HDCKE4BYFJ1975GJC,01JK4K1J46HG8HPHJG8D2ANMNF,2025-02-03T00:28:20.145648529Z,01JK4K1J4ESMAQ8APEQ0QZX73M,2025-02-03T00:28:20.145648529Z,01JK4J768Q3V1780BCAP3BWH4K,2025-02-03T00:28:20.145648529Z
