id,batchID,batchIDLastChangedAt,gameID,gameIDLastChangedAt,playerID,playerIDLastChangedAt,roundID,roundIDLastChangedAt,stageID,stageIDLastChangedAt,submit,submitLastChangedAt
01M0VCSNJBDK8M3WA7YFE0S01Y,01M0VCG4Y0J8Y1GSZHGVHG3219,2026-08-25T02:43:09.003034263Z,01M0VCG4YJ3SSHK6866WMH2XYH,2026-08-25T02:43:09.003034263Z,01M0VCG9G1HPRDKK775CBP8VAV,2026-08-25T02:43:09.003034263Z,01M0VCJ2Q6YEZJJ05A4FJBWMB8,2026-08-25T02:43:09.003034263Z,01M0VCJ2X3SECVQ5YAX76WFN67,2026-08-25T02:43:09.003034263Z,,
01M0VCTKZ11EHW02V17S2426BH,01M0VCG4Y0J8Y1GSZHGVHG3219,2026-08-25T02:43:40.129393158Z,01M0VCG4YJ3SSHK6866WMH2XYH,2026-08-25T02:43:40.129393158Z,01M0VCHMX1KP6K8WD30254ZST2,2026-08-25T02:43:40.129393158Z,01M0VCJ2Q5QCJQ2AE7R71RDW9N,2026-08-25T02:43:40.129393158Z,01M0VCJ2XMSBP3PR4Y9KFP7V9M,2026-08-25T02:43:40.129393158Z,,
01M0VCK08YE68J7T6Q3NJNKKB7,01M0VCG4Y0J8Y1GSZHGVHG3219,2026-08-25T02:39:30.59096483Z,01M0VCG4YJ3SSHK6866WMH2XYH,2026-08-25T02:39:30.59096483Z,01M0VCG9G1HPRDKK775CBP8VAV,2026-08-25T02:39:30.59096483Z,01M0VCJ2PBK4AC74S3BSY74ANJ,2026-08-25T02:39:30.59096483Z,01M0VCJ2SM9E3ZBJMP320QNQZB,2026-08-25T02:39:30.59096483Z,,
01M0VCMX67DX26WCY90ASNNRVW,01M0VCG4Y0J8Y1GSZHGVHG3219,2026-08-25T02:40:32.967570975Z,01M0VCG4YJ3SSHK6866WMH2XYH,2026-08-25T02:40:32.967570975Z,01M0VCHMX1KP6K8WD30254ZST2,2026-08-25T02:40:32.967570975Z,01M0VCJ2QHWWRPRN6AZB2TSKPJ,2026-08-25T02:40:32.967570975Z,01M0VCJ2TMVXAW2J75XN4Z3RVS,2026-08-25T02:40:32.967570975Z,true,2026-08-25T02:40:49.315413171Z
01M0VCNX09K742XV46REQ9G0J8,01M0VCG4Y0J8Y1GSZHGVHG3219,2026-08-25T02:41:05.545673779Z,01M0VCG4YJ3SSHK6866WMH2XYH,2026-08-25T02:41:05.545673779Z,01M0VCHMX1KP6K8WD30254ZST2,2026-08-25T02:41:05.545673779Z,01M0VCJ2QD2PZPT37ESE95MG4R,2026-08-25T02:41:05.545673779Z,01M0VCJ2VMRV0M3S4PDQ9AJM2G,2026-08-25T02:41:05.545673779Z,,
01M0VCND5X9PAXR3YMF8NR11N9,01M0VCG4Y0J8Y1GSZHGVHG3219,2026-08-25T02:40:49.341551981Z,01M0VCG4YJ3SSHK6866WMH2XYH,2026-08-25T02:40:49.341551981Z,01M0VCHMX1KP6K8WD30254ZST2,2026-08-25T02:40:49.341551981Z,01M0VCJ2QHWWRPRN6AZB2TSKPJ,2026-08-25T02:40:49.341551981Z,01M0VCJ2TMVXAW2J75YE14RC38,2026-08-25T02:40:49.341551981Z,,
01M0VCRQ4WH6ZHTDFMWGY529GD,01M0VCG4Y0J8Y1GSZHGVHG3219,2026-08-25T02:42:37.852705453Z,01M0VCG4YJ3SSHK6866WMH2XYH,2026-08-25T02:42:37.852705453Z,01M0VCG9G1HPRDKK775CBP8VAV,2026-08-25T02:42:37.852705453Z,01M0VCJ2Q7D84NY74SV9H15KVG,2026-08-25T02:42:37.852705453Z,01M0VCJ2WJA83K88PYJPJZZZZP,2026-08-25T02:42:37.852705453Z,,
01M0VCTKZ11EHW02V183G4JW6X,01M0VCG4Y0J8Y1GSZHGVHG3219,2026-08-25T02:43:40.12978724Z,01M0VCG4YJ3SSHK6866WMH2XYH,2026-08-25T02:43:40.12978724Z,01M0VCG9G1HPRDKK775CBP8VAV,2026-08-25T02:43:40.12978724Z,01M0VCJ2Q5QCJQ2AE7R71RDW9N,2026-08-25T02:43:40.12978724Z,01M0VCJ2XMSBP3PR4Y9KFP7V9M,2026-08-25T02:43:40.12978724Z,,
01M0VCNE7XDDVW8S6J1G06N7MK,01M0VCG4Y0J8Y1GSZHGVHG3219,2026-08-25T02:40:50.429501037Z,01M0VCG4YJ3SSHK6866WMH2XYH,2026-08-25T02:40:50.429501037Z,01M0VCHMX1KP6K8WD30254ZST2,2026-08-25T02:40:50.429501037Z,01M0VCJ2QFT0P7C2N2A35WA31P,2026-08-25T02:40:50.429501037Z,01M0VCJ2V4CYF8FV326P9TX6R8,2026-08-25T02:40:50.429501037Z,true,2026-08-25T02:41:04.437753544Z
01M0VCNX07E1ZPJFG22V5K3DAA,01M0VCG4Y0J8Y1GSZHGVHG3219,2026-08-25T02:41:05.543679723Z,01M0VCG4YJ3SSHK6866WMH2XYH,2026-08-25T02:41:05.543679723Z,01M0VCG9G1HPRDKK775CBP8VAV,2026-08-25T02:41:05.543679723Z,01M0VCJ2QD2PZPT37ESE95MG4R,2026-08-25T02:41:05.543679723Z,01M0VCJ2VMRV0M3S4PDQ9AJM2G,2026-08-25T02:41:05.543679723Z,,
01M0VCPTB39Y2K7YXN5HWWGYJN,01M0VCG4Y0J8Y1GSZHGVHG3219,2026-08-25T02:41:35.587377918Z,01M0VCG4YJ3SSHK6866WMH2XYH,2026-08-25T02:41:35.587377918Z,01M0VCG9G1HPRDKK775CBP8VAV,2026-08-25T02:41:35.587377918Z,01M0VCJ2QD2PZPT37ESE95MG4R,2026-08-25T02:41:35.587377918Z,01M0VCJ2VN1FYNR3SMB13CM9J8,2026-08-25T02:41:35.587377918Z,,
01M0VCRR7ETNMF1JSRJP03HKR9,01M0VCG4Y0J8Y1GSZHGVHG3219,2026-08-25T02:42:38.959006689Z,01M0VCG4YJ3SSHK6866WMH2XYH,2026-08-25T02:42:38.959006689Z,01M0VCG9G1HPRDKK775CBP8VAV,2026-08-25T02:42:38.959006689Z,01M0VCJ2Q6YEZJJ05A4FJBWMB8,2026-08-25T02:42:38.959006689Z,01M0VCJ2X3SECVQ5YAWK6FYBY7,2026-08-25T02:42:38.959006689Z,,
01M0VCSPM87JK8VMSS20J6VMNS,01M0VCG4Y0J8Y1GSZHGVHG3219,2026-08-25T02:43:10.088873197Z,01M0VCG4YJ3SSHK6866WMH2XYH,2026-08-25T02:43:10.088873197Z,01M0VCHMX1KP6K8WD30254ZST2,2026-08-25T02:43:10.088873197Z,01M0VCJ2Q5QCJQ2AE7R71RDW9N,2026-08-25T02:43:10.088873197Z,01M0VCJ2XKPDS2N2TX54ZRP3V7,2026-08-25T02:43:10.088873197Z,,
01M0VCKXM5PA16GHVD8JG323TT,01M0VCG4Y0J8Y1GSZHGVHG3219,2026-08-25T02:40:00.645646799Z,01M0VCG4YJ3SSHK6866WMH2XYH,2026-08-25T02:40:00.645646799Z,01M0VCG9G1HPRDKK775CBP8VAV,2026-08-25T02:40:00.645646799Z,01M0VCJ2PBK4AC74S3BSY74ANJ,2026-08-25T02:40:00.645646799Z,01M0VCJ2SNJ5C6DY0SX10FY2S4,2026-08-25T02:40:00.645646799Z,,
01M0VCMW41W0VPXGJ4M38821BT,01M0VCG4Y0J8Y1GSZHGVHG3219,2026-08-25T02:40:31.873470492Z,01M0VCG4YJ3SSHK6866WMH2XYH,2026-08-25T02:40:31.873470492Z,01M0VCHMX1KP6K8WD30254ZST2,2026-08-25T02:40:31.873470492Z,01M0VCJ2PAN9KQDZ9A6S6HTZDK,2026-08-25T02:40:31.873470492Z,01M0VCJ2T7CTNGYQE57YRMJ3BY,2026-08-25T02:40:31.873470492Z,,
01M0VCRQ4X7WCQQPB6SK01QMW6,01M0VCG4Y0J8Y1GSZHGVHG3219,2026-08-25T02:42:37.853921008Z,01M0VCG4YJ3SSHK6866WMH2XYH,2026-08-25T02:42:37.853921008Z,01M0VCHMX1KP6K8WD30254ZST2,2026-08-25T02:42:37.853921008Z,01M0VCJ2Q7D84NY74SV9H15KVG,2026-08-25T02:42:37.853921008Z,01M0VCJ2WJA83K88PYJPJZZZZP,2026-08-25T02:42:37.853921008Z,,
01M0VCQRR1NHTWCDTAWY2HDGD2,01M0VCG4Y0J8Y1GSZHGVHG3219,2026-08-25T02:42:06.721304871Z,01M0VCG4YJ3SSHK6866WMH2XYH,2026-08-25T02:42:06.721304871Z,01M0VCHMX1KP6K8WD30254ZST2,2026-08-25T02:42:06.721304871Z,01M0VCJ2Q9PWW3HDGC9VTH3EC6,2026-08-25T02:42:06.721304871Z,01M0VCJ2W3P0NGESM5BBRKQ6B3,2026-08-25T02:42:06.721304871Z,,
01M0VCKXM8504FFEF9DCTGG3T9,01M0VCG4Y0J8Y1GSZHGVHG3219,2026-08-25T02:40:00.648110857Z,01M0VCG4YJ3SSHK6866WMH2XYH,2026-08-25T02:40:00.648110857Z,01M0VCHMX1KP6K8WD30254ZST2,2026-08-25T02:40:00.648110857Z,01M0VCJ2PBK4AC74S3BSY74ANJ,2026-08-25T02:40:00.648110857Z,01M0VCJ2SNJ5C6DY0SX10FY2S4,2026-08-25T02:40:00.648110857Z,,
01M0VCKYS1VJ39B03BYVRV7CMS,01M0VCG4Y0J8Y1GSZHGVHG3219,2026-08-25T02:40:01.825993022Z,01M0VCG4YJ3SSHK6866WMH2XYH,2026-08-25T02:40:01.825993022Z,01M0VCHMX1KP6K8WD30254ZST2,2026-08-25T02:40:01.825993022Z,01M0VCJ2PAN9KQDZ9A6S6HTZDK,2026-08-25T02:40:01.825993022Z,01M0VCJ2T7CTNGYQE576MWBF61,2026-08-25T02:40:01.825993022Z,,
01M0VCNE7ZZF56DADAGFH9G6S0,01M0VCG4Y0J8Y1GSZHGVHG3219,2026-08-25T02:40:50.431461431Z,01M0VCG4YJ3SSHK6866WMH2XYH,2026-08-25T02:40:50.431461431Z,01M0VCG9G1HPRDKK775CBP8VAV,2026-08-25T02:40:50.431461431Z,01M0VCJ2QFT0P7C2N2A35WA31P,2026-08-25T02:40:50.431461431Z,01M0VCJ2V4CYF8FV326P9TX6R8,2026-08-25T02:40:50.431461431Z,true,2026-08-25T02:41:04.43108384Z
01M0VCMX69D19H2BXT4Z6S2P5D,01M0VCG4Y0J8Y1GSZHGVHG3219,2026-08-25T02:40:32.969435056Z,01M0VCG4YJ3SSHK6866WMH2XYH,2026-08-25T02:40:32.969435056Z,01M0VCG9G1HPRDKK775CBP8VAV,2026-08-25T02:40:32.969435056Z,01M0VCJ2QHWWRPRN6AZB2TSKPJ,2026-08-25T02:40:32.969435056Z,01M0VCJ2TMVXAW2J75XN4Z3RVS,2026-08-25T02:40:32.969435056Z,true,2026-08-25T02:40:49.309187012Z
01M0VCPTB1MQHJW8JPJT2APVMD,01M0VCG4Y0J8Y1GSZHGVHG3219,2026-08-25T02:41:35.585439288Z,01M0VCG4YJ3SSHK6866WMH2XYH,2026-08-25T02:41:35.585439288Z,01M0VCHMX1KP6K8WD30254ZST2,2026-08-25T02:41:35.585439288Z,01M0VCJ2QD2PZPT37ESE95MG4R,2026-08-25T02:41:35.585439288Z,01M0VCJ2VN1FYNR3SMB13CM9J8,2026-08-25T02:41:35.585439288Z,,
01M0VCPVD00HC6Q598TCEBZCN5,01M0VCG4Y0J8Y1GSZHGVHG3219,2026-08-25T02:41:36.672348313Z,01M0VCG4YJ3SSHK6866WMH2XYH,2026-08-25T02:41:36.672348313Z,01M0VCG9G1HPRDKK775CBP8VAV,2026-08-25T02:41:36.672348313Z,01M0VCJ2Q9PWW3HDGC9VTH3EC6,2026-08-25T02:41:36.672348313Z,01M0VCJ2W2MK6MNZ5Q6VMRF0JV,2026-08-25T02:41:36.672348313Z,,
01M0VCRR7GX06VBZMRQVG844XB,01M0VCG4Y0J8Y1GSZHGVHG3219,2026-08-25T02:42:38.960911842Z,01M0VCG4YJ3SSHK6866WMH2XYH,2026-08-25T02:42:38.960911842Z,01M0VCHMX1KP6K8WD30254ZST2,2026-08-25T02:42:38.960911842Z,01M0VCJ2Q6YEZJJ05A4FJBWMB8,2026-08-25T02:42:38.960911842Z,01M0VCJ2X3SECVQ5YAWK6FYBY7,2026-08-25T02:42:38.960911842Z,,
01M0VCJ3NVS2PRC6CXYXX2XEKV,01M0VCG4Y0J8Y1GSZHGVHG3219,2026-08-25T02:39:01.30783973Z,01M0VCG4YJ3SSHK6866WMH2XYH,2026-08-25T02:39:01.30783973Z,01M0VCG9G1HPRDKK775CBP8VAV,2026-08-25T02:39:01.30783973Z,01M0VCJ2P7A1RGYE40PXRX8K9S,2026-08-25T02:39:01.30783973Z,01M0VCJ2S02VSHJFNZG61V6ZGH,2026-08-25T02:39:01.30783973Z,true,2026-08-25T02:39:30.529284456Z
01M0VCJ3NWT9RKR9C2SPFH5MH1,01M0VCG4Y0J8Y1GSZHGVHG3219,2026-08-25T02:39:01.308287432Z,01M0VCG4YJ3SSHK6866WMH2XYH,2026-08-25T02:39:01.308287432Z,01M0VCHMX1KP6K8WD30254ZST2,2026-08-25T02:39:01.308287432Z,01M0VCJ2P7A1RGYE40PXRX8K9S,2026-08-25T02:39:01.308287432Z,01M0VCJ2S02VSHJFNZG61V6ZGH,2026-08-25T02:39:01.308287432Z,true,2026-08-25T02:39:29.249167639Z
01M0VCMW41W0VPXGJ4MEAV2N4Q,01M0VCG4Y0J8Y1GSZHGVHG3219,2026-08-25T02:40:31.873875961Z,01M0VCG4YJ3SSHK6866WMH2XYH,2026-08-25T02:40:31.873875961Z,01M0VCG9G1HPRDKK775CBP8VAV,2026-08-25T02:40:31.873875961Z,01M0VCJ2PAN9KQDZ9A6S6HTZDK,2026-08-25T02:40:31.873875961Z,01M0VCJ2T7CTNGYQE57YRMJ3BY,2026-08-25T02:40:31.873875961Z,,
01M0VCNVYD4XKTZZ43HCVXBJSN,01M0VCG4Y0J8Y1GSZHGVHG3219,2026-08-25T02:41:04.461454549Z,01M0VCG4YJ3SSHK6866WMH2XYH,2026-08-25T02:41:04.461454549Z,01M0VCHMX1KP6K8WD30254ZST2,2026-08-25T02:41:04.461454549Z,01M0VCJ2QFT0P7C2N2A35WA31P,2026-08-25T02:41:04.461454549Z,01M0VCJ2V4CYF8FV327CTJV4AT,2026-08-25T02:41:04.461454549Z,,
01M0VCPVD00HC6Q598TRZA2S98,01M0VCG4Y0J8Y1GSZHGVHG3219,2026-08-25T02:41:36.672767945Z,01M0VCG4YJ3SSHK6866WMH2XYH,2026-08-25T02:41:36.672767945Z,01M0VCHMX1KP6K8WD30254ZST2,2026-08-25T02:41:36.672767945Z,01M0VCJ2Q9PWW3HDGC9VTH3EC6,2026-08-25T02:41:36.672767945Z,01M0VCJ2W2MK6MNZ5Q6VMRF0JV,2026-08-25T02:41:36.672767945Z,,
01M0VCQST2T41S74XA7G4C2K25,01M0VCG4Y0J8Y1GSZHGVHG3219,2026-08-25T02:42:07.810675532Z,01M0VCG4YJ3SSHK6866WMH2XYH,2026-08-25T02:42:07.810675532Z,01M0VCHMX1KP6K8WD30254ZST2,2026-08-25T02:42:07.810675532Z,01M0VCJ2Q7D84NY74SV9H15KVG,2026-08-25T02:42:07.810675532Z,01M0VCJ2WJA83K88PYJ33N6QJE,2026-08-25T02:42:07.810675532Z,,
01M0VCK08ZNY3RRYEKRJ4A15JQ,01M0VCG4Y0J8Y1GSZHGVHG3219,2026-08-25T02:39:30.591373928Z,01M0VCG4YJ3SSHK6866WMH2XYH,2026-08-25T02:39:30.591373928Z,01M0VCHMX1KP6K8WD30254ZST2,2026-08-25T02:39:30.591373928Z,01M0VCJ2PBK4AC74S3BSY74ANJ,2026-08-25T02:39:30.591373928Z,01M0VCJ2SM9E3ZBJMP320QNQZB,2026-08-25T02:39:30.591373928Z,,
01M0VCKYRZWJFZ8DB1XBEE7V34,01M0VCG4Y0J8Y1GSZHGVHG3219,2026-08-25T02:40:01.823613825Z,01M0VCG4YJ3SSHK6866WMH2XYH,2026-08-25T02:40:01.823613825Z,01M0VCG9G1HPRDKK775CBP8VAV,2026-08-25T02:40:01.823613825Z,01M0VCJ2PAN9KQDZ9A6S6HTZDK,2026-08-25T02:40:01.823613825Z,01M0VCJ2T7CTNGYQE576MWBF61,2026-08-25T02:40:01.823613825Z,,
01M0VCNVYD4XKTZZ43H5M7K965,01M0VCG4Y0J8Y1GSZHGVHG3219,2026-08-25T02:41:04.461206953Z,01M0VCG4YJ3SSHK6866WMH2XYH,2026-08-25T02:41:04.461206953Z,01M0VCG9G1HPRDKK775CBP8VAV,2026-08-25T02:41:04.461206953Z,01M0VCJ2QFT0P7C2N2A35WA31P,2026-08-25T02:41:04.461206953Z,01M0VCJ2V4CYF8FV327CTJV4AT,2026-08-25T02:41:04.461206953Z,,
01M0VCSNJAKC2JG681QRCYWEN1,01M0VCG4Y0J8Y1GSZHGVHG3219,2026-08-25T02:43:09.002613416Z,01M0VCG4YJ3SSHK6866WMH2XYH,2026-08-25T02:43:09.002613416Z,01M0VCHMX1KP6K8WD30254ZST2,2026-08-25T02:43:09.002613416Z,01M0VCJ2Q6YEZJJ05A4FJBWMB8,2026-08-25T02:43:09.002613416Z,01M0VCJ2X3SECVQ5YAX76WFN67,2026-08-25T02:43:09.002613416Z,,
01M0VCSPM7SDBC2KMFQSE0MM2E,01M0VCG4Y0J8Y1GSZHGVHG3219,2026-08-25T02:43:10.087118833Z,01M0VCG4YJ3SSHK6866WMH2XYH,2026-08-25T02:43:10.087118833Z,01M0VCG9G1HPRDKK775CBP8VAV,2026-08-25T02:43:10.087118833Z,01M0VCJ2Q5QCJQ2AE7R71RDW9N,2026-08-25T02:43:10.087118833Z,01M0VCJ2XKPDS2N2TX54ZRP3V7,2026-08-25T02:43:10.087118833Z,,
01M0VCND5V0XW3MNY5EGEPDFFJ,01M0VCG4Y0J8Y1GSZHGVHG3219,2026-08-25T02:40:49.339910807Z,01M0VCG4YJ3SSHK6866WMH2XYH,2026-08-25T02:40:49.339910807Z,01M0VCG9G1HPRDKK775CBP8VAV,2026-08-25T02:40:49.339910807Z,01M0VCJ2QHWWRPRN6AZB2TSKPJ,2026-08-25T02:40:49.339910807Z,01M0VCJ2TMVXAW2J75YE14RC38,2026-08-25T02:40:49.339910807Z,,
01M0VCQRQZK55Y0528KYFB4B67,01M0VCG4Y0J8Y1GSZHGVHG3219,2026-08-25T02:42:06.719311814Z,01M0VCG4YJ3SSHK6866WMH2XYH,2026-08-25T02:42:06.719311814Z,01M0VCG9G1HPRDKK775CBP8VAV,2026-08-25T02:42:06.719311814Z,01M0VCJ2Q9PWW3HDGC9VTH3EC6,2026-08-25T02:42:06.719311814Z,01M0VCJ2W3P0NGESM5BBRKQ6B3,2026-08-25T02:42:06.719311814Z,,
01M0VCQST16B54M5B7SBNM5S31,01M0VCG4Y0J8Y1GSZHGVHG3219,2026-08-25T02:42:07.809346182Z,01M0VCG4YJ3SSHK6866WMH2XYH,2026-08-25T02:42:07.809346182Z,01M0VCG9G1HPRDKK775CBP8VAV,2026-08-25T02:42:07.809346182Z,01M0VCJ2Q7D84NY74SV9H15KVG,2026-08-25T02:42:07.809346182Z,01M0VCJ2WJA83K88PYJ33N6QJE,2026-08-25T02:42:07.809346182Z,,
