id,batchID,batchIDLastChangedAt,gameID,gameIDLastChangedAt,playerID,playerIDLastChangedAt,renderedAt,renderedAtLastChangedAt,roundID,roundIDLastChangedAt
01M0VCKYQ6HYQR7CY4A3SS35T3,01M0VCG4Y0J8Y1GSZHGVHG3219,2026-08-25T02:40:01.766603991Z,01M0VCG4YJ3SSHK6866WMH2XYH,2026-08-25T02:40:01.766603991Z,01M0VCHMX1KP6K8WD30254ZST2,2026-08-25T02:40:01.766603991Z,1787625601771,2026-08-25T02:40:01.907870765Z,01M0VCJ2PAN9KQDZ9A6S6HTZDK,2026-08-25T02:40:01.766603991Z
01M0VCQSS8EHXJMY5PFH3FA7FG,01M0VCG4Y0J8Y1GSZHGVHG3219,2026-08-25T02:42:07.784540289Z,01M0VCG4YJ3SSHK6866WMH2XYH,2026-08-25T02:42:07.784540289Z,01M0VCHMX1KP6K8WD30254ZST2,2026-08-25T02:42:07.784540289Z,1787625727768,2026-08-25T02:42:07.894145602Z,01M0VCJ2Q7D84NY74SV9H15KVG,2026-08-25T02:42:07.784540289Z
01M0VCMX5ASATDKY2YEHJYH47Q,01M0VCG4Y0J8Y1GSZHGVHG3219,2026-08-25T02:40:32.938949962Z,01M0VCG4YJ3SSHK6866WMH2XYH,2026-08-25T02:40:32.938949962Z,01M0VCHMX1KP6K8WD30254ZST2,2026-08-25T02:40:32.938949962Z,1787625632922,2026-08-25T02:40:33.049400178Z,01M0VCJ2QHWWRPRN6AZB2TSKPJ,2026-08-25T02:40:32.938949962Z
01M0VCNE73PAT2MFT4TC265K7B,01M0VCG4Y0J8Y1GSZHGVHG3219,2026-08-25T02:40:50.403128275Z,01M0VCG4YJ3SSHK6866WMH2XYH,2026-08-25T02:40:50.403128275Z,01M0VCG9G1HPRDKK775CBP8VAV,2026-08-25T02:40:50.403128275Z,1787625650371,2026-08-25T02:40:50.498960295Z,01M0VCJ2QFT0P7C2N2A35WA31P,2026-08-25T02:40:50.403128275Z
01M0VCSPK9D2GG7V9A8VZ4GDWV,01M0VCG4Y0J8Y1GSZHGVHG3219,2026-08-25T02:43:10.057818175Z,01M0VCG4YJ3SSHK6866WMH2XYH,2026-08-25T02:43:10.057818175Z,01M0VCG9G1HPRDKK775CBP8VAV,2026-08-25T02:43:10.057818175Z,1787625790132,2026-08-25T02:43:10.268985499Z,01M0VCJ2Q5QCJQ2AE7R71RDW9N,2026-08-25T02:43:10.057818175Z
01M0VCK087F4G68JC29E4AW4JD,01M0VCG4Y0J8Y1GSZHGVHG3219,2026-08-25T02:39:30.567203152Z,01M0VCG4YJ3SSHK6866WMH2XYH,2026-08-25T02:39:30.567203152Z,01M0VCG9G1HPRDKK775CBP8VAV,2026-08-25T02:39:30.567203152Z,1787625570545,2026-08-25T02:39:30.678046283Z,01M0VCJ2PBK4AC74S3BSY74ANJ,2026-08-25T02:39:30.567203152Z
01M0VCKYQ4W30XNQAEM9KT0H6N,01M0VCG4Y0J8Y1GSZHGVHG3219,2026-08-25T02:40:01.764610817Z,01M0VCG4YJ3SSHK6866WMH2XYH,2026-08-25T02:40:01.764610817Z,01M0VCG9G1HPRDKK775CBP8VAV,2026-08-25T02:40:01.764610817Z,1787625601775,2026-08-25T02:40:01.916683819Z,01M0VCJ2PAN9KQDZ9A6S6HTZDK,2026-08-25T02:40:01.764610817Z
01M0VCNE73PAT2MFT4TMZ8G2D6,01M0VCG4Y0J8Y1GSZHGVHG3219,2026-08-25T02:40:50.403541155Z,01M0VCG4YJ3SSHK6866WMH2XYH,2026-08-25T02:40:50.403541155Z,01M0VCHMX1KP6K8WD30254ZST2,2026-08-25T02:40:50.403541155Z,1787625650384,2026-08-25T02:40:50.510318113Z,01M0VCJ2QFT0P7C2N2A35WA31P,2026-08-25T02:40:50.403541155Z
01M0VCNWZFWRWA4XFWXXQPD5QY,01M0VCG4Y0J8Y1GSZHGVHG3219,2026-08-25T02:41:05.519823984Z,01M0VCG4YJ3SSHK6866WMH2XYH,2026-08-25T02:41:05.519823984Z,01M0VCG9G1HPRDKK775CBP8VAV,2026-08-25T02:41:05.519823984Z,1787625665598,2026-08-25T02:41:05.734436889Z,01M0VCJ2QD2PZPT37ESE95MG4R,2026-08-25T02:41:05.519823984Z
01M0VCPVBY0BKBNHWJXF9CEDCT,01M0VCG4Y0J8Y1GSZHGVHG3219,2026-08-25T02:41:36.638041406Z,01M0VCG4YJ3SSHK6866WMH2XYH,2026-08-25T02:41:36.638041406Z,01M0VCHMX1KP6K8WD30254ZST2,2026-08-25T02:41:36.638041406Z,1787625696623,2026-08-25T02:41:36.750682373Z,01M0VCJ2Q9PWW3HDGC9VTH3EC6,2026-08-25T02:41:36.638041406Z
01M0VCJ3HYFVGD3GFMC5DVPZHH,01M0VCG4Y0J8Y1GSZHGVHG3219,2026-08-25T02:39:01.182252276Z,01M0VCG4YJ3SSHK6866WMH2XYH,2026-08-25T02:39:01.182252276Z,01M0VCG9G1HPRDKK775CBP8VAV,2026-08-25T02:39:01.182252276Z,,,01M0VCJ2P7A1RGYE40PXRX8K9S,2026-08-25T02:39:01.182252276Z
01M0VCJ3HZKRGE7EZ85FHMKE9A,01M0VCG4Y0J8Y1GSZHGVHG3219,2026-08-25T02:39:01.183875215Z,01M0VCG4YJ3SSHK6866WMH2XYH,2026-08-25T02:39:01.183875215Z,01M0VCHMX1KP6K8WD30254ZST2,2026-08-25T02:39:01.183875215Z,,,01M0VCJ2P7A1RGYE40PXRX8K9S,2026-08-25T02:39:01.183875215Z
01M0VCK086898A4RZ7TX2VH523,01M0VCG4Y0J8Y1GSZHGVHG3219,2026-08-25T02:39:30.566854662Z,01M0VCG4YJ3SSHK6866WMH2XYH,2026-08-25T02:39:30.566854662Z,01M0VCHMX1KP6K8WD30254ZST2,2026-08-25T02:39:30.566854662Z,1787625570544,2026-08-25T02:39:30.684380666Z,01M0VCJ2PBK4AC74S3BSY74ANJ,2026-08-25T02:39:30.566854662Z
01M0VCMX5ASATDKY2YE6D0JCCR,01M0VCG4Y0J8Y1GSZHGVHG3219,2026-08-25T02:40:32.938553985Z,01M0VCG4YJ3SSHK6866WMH2XYH,2026-08-25T02:40:32.938553985Z,01M0VCG9G1HPRDKK775CBP8VAV,2026-08-25T02:40:32.938553985Z,1787625632905,2026-08-25T02:40:33.037756289Z,01M0VCJ2QHWWRPRN6AZB2TSKPJ,2026-08-25T02:40:32.938553985Z
01M0VCNWZHSCBXVDZT7RJJGENS,01M0VCG4Y0J8Y1GSZHGVHG3219,2026-08-25T02:41:05.521719455Z,01M0VCG4YJ3SSHK6866WMH2XYH,2026-08-25T02:41:05.521719455Z,01M0VCHMX1KP6K8WD30254ZST2,2026-08-25T02:41:05.521719455Z,1787625665602,2026-08-25T02:41:05.727307867Z,01M0VCJ2QD2PZPT37ESE95MG4R,2026-08-25T02:41:05.521719455Z
01M0VCPVC45TAVC6WXBXR4MATY,01M0VCG4Y0J8Y1GSZHGVHG3219,2026-08-25T02:41:36.644391133Z,01M0VCG4YJ3SSHK6866WMH2XYH,2026-08-25T02:41:36.644391133Z,01M0VCG9G1HPRDKK775CBP8VAV,2026-08-25T02:41:36.644391133Z,1787625696613,2026-08-25T02:41:36.747352677Z,01M0VCJ2Q9PWW3HDGC9VTH3EC6,2026-08-25T02:41:36.644391133Z
01M0VCQSS8EHXJMY5PFPBE4JSS,01M0VCG4Y0J8Y1GSZHGVHG3219,2026-08-25T02:42:07.784861718Z,01M0VCG4YJ3SSHK6866WMH2XYH,2026-08-25T02:42:07.784861718Z,01M0VCG9G1HPRDKK775CBP8VAV,2026-08-25T02:42:07.784861718Z,1787625727757,2026-08-25T02:42:07.888357221Z,01M0VCJ2Q7D84NY74SV9H15KVG,2026-08-25T02:42:07.784861718Z
01M0VCRR5QV67DD8XR4SS8AD0X,01M0VCG4Y0J8Y1GSZHGVHG3219,2026-08-25T02:42:38.903034929Z,01M0VCG4YJ3SSHK6866WMH2XYH,2026-08-25T02:42:38.903034929Z,01M0VCG9G1HPRDKK775CBP8VAV,2026-08-25T02:42:38.903034929Z,1787625758910,2026-08-25T02:42:39.047019991Z,01M0VCJ2Q6YEZJJ05A4FJBWMB8,2026-08-25T02:42:38.903034929Z
01M0VCRR5RZQKA52MJSVTZH0C5,01M0VCG4Y0J8Y1GSZHGVHG3219,2026-08-25T02:42:38.904867354Z,01M0VCG4YJ3SSHK6866WMH2XYH,2026-08-25T02:42:38.904867354Z,01M0VCHMX1KP6K8WD30254ZST2,2026-08-25T02:42:38.904867354Z,1787625758910,2026-08-25T02:42:39.040301608Z,01M0VCJ2Q6YEZJJ05A4FJBWMB8,2026-08-25T02:42:38.904867354Z
01M0VCSPK9D2GG7V9A8CT6PP9D,01M0VCG4Y0J8Y1GSZHGVHG3219,2026-08-25T02:43:10.057446259Z,01M0VCG4YJ3SSHK6866WMH2XYH,2026-08-25T02:43:10.057446259Z,01M0VCHMX1KP6K8WD30254ZST2,2026-08-25T02:43:10.057446259Z,1787625790141,2026-08-25T02:43:10.261839326Z,01M0VCJ2Q5QCJQ2AE7R71RDW9N,2026-08-25T02:43:10.057446259Z
