id,config,configLastChangedAt,endedReason,endedReasonLastChangedAt,initialized,initializedLastChangedAt,lobbyConfig,lobbyConfigLastChangedAt,status,statusLastChangedAt
01JH8WGGTCSVCYRJAH09HT4R66,"{""kind"":""complete"",""config"":{""treatments"":[{""treatment"":{""name"":""full-comp-between"",""factors"":{""contextSize"":4,""contextStructure"":""comp-between"",""feedbackDuration"":3,""maxTimeout"":5,""numRepetitionsWithPartner"":4,""playerCount"":2,""selectionDuration"":60,""showNegativeFeedback"":1}},""count"":1},{""treatment"":{""name"":""full-comp-within"",""factors"":{""contextSize"":4,""contextStructure"":""comp-within"",""feedbackDuration"":3,""maxTimeout"":5,""numRepetitionsWithPartner"":4,""playerCount"":2,""selectionDuration"":60,""showNegativeFeedback"":1}},""count"":1},{""treatment"":{""name"":""full-noncomp"",""factors"":{""contextSize"":4,""contextStructure"":""noncomp"",""feedbackDuration"":3,""maxTimeout"":5,""numRepetitionsWithPartner"":4,""playerCount"":2,""selectionDuration"":60,""showNegativeFeedback"":1}},""count"":1}]}}",2025-01-10T19:54:26.508371137Z,all games finished,2025-01-10T20:43:24.145500403Z,true,2025-01-10T19:54:26.524479785Z,"{""name"":""10m individual Kick"",""kind"":""individual"",""duration"":600000000000,""strategy"":""ignore""}",2025-01-10T19:54:26.508371137Z,ended,2025-01-10T20:43:24.145500403Z
01JH8WKC4ZT01B27PJ4YV05PVE,"{""kind"":""complete"",""config"":{""treatments"":[{""treatment"":{""name"":""full-comp-between"",""factors"":{""contextSize"":4,""contextStructure"":""comp-between"",""feedbackDuration"":3,""maxTimeout"":5,""numRepetitionsWithPartner"":4,""playerCount"":2,""selectionDuration"":60,""showNegativeFeedback"":1}},""count"":1},{""treatment"":{""name"":""full-comp-within"",""factors"":{""contextSize"":4,""contextStructure"":""comp-within"",""feedbackDuration"":3,""maxTimeout"":5,""numRepetitionsWithPartner"":4,""playerCount"":2,""selectionDuration"":60,""showNegativeFeedback"":1}},""count"":1},{""treatment"":{""name"":""full-noncomp"",""factors"":{""contextSize"":4,""contextStructure"":""noncomp"",""feedbackDuration"":3,""maxTimeout"":5,""numRepetitionsWithPartner"":4,""playerCount"":2,""selectionDuration"":60,""showNegativeFeedback"":1}},""count"":1}]}}",2025-01-10T19:56:00.031491698Z,,,true,2025-01-10T19:56:00.050141807Z,"{""name"":""10m individual Kick"",""kind"":""individual"",""duration"":600000000000,""strategy"":""ignore""}",2025-01-10T19:56:00.031491698Z,created,2025-01-10T19:56:00.031491698Z
01JH8X607X2W5NNNNAMVD232SK,"{""kind"":""complete"",""config"":{""treatments"":[{""treatment"":{""name"":""full-comp-between"",""factors"":{""contextSize"":4,""contextStructure"":""comp-between"",""feedbackDuration"":3,""maxTimeout"":5,""numRepetitionsWithPartner"":4,""playerCount"":2,""selectionDuration"":60,""showNegativeFeedback"":1}},""count"":1}]}}",2025-01-10T20:06:10.429864073Z,all games finished,2025-01-10T20:45:00.259692263Z,true,2025-01-10T20:06:10.445121563Z,"{""name"":""10m individual Kick"",""kind"":""individual"",""duration"":600000000000,""strategy"":""ignore""}",2025-01-10T20:06:10.429864073Z,ended,2025-01-10T20:45:00.259692263Z
01JH8X9NWN8P5ATD610V90J8DB,"{""kind"":""complete"",""config"":{""treatments"":[{""treatment"":{""name"":""full-noncomp"",""factors"":{""contextSize"":4,""contextStructure"":""noncomp"",""feedbackDuration"":3,""maxTimeout"":5,""numRepetitionsWithPartner"":4,""playerCount"":2,""selectionDuration"":60,""showNegativeFeedback"":1}},""count"":1}]}}",2025-01-10T20:08:10.901252142Z,all games finished,2025-01-10T21:06:08.714016705Z,true,2025-01-10T20:08:10.929562195Z,"{""name"":""10m individual Kick"",""kind"":""individual"",""duration"":600000000000,""strategy"":""ignore""}",2025-01-10T20:08:10.901252142Z,ended,2025-01-10T21:06:08.714016705Z
01JH8W4FBD6RZQBBGX54850G97,"{""kind"":""complete"",""config"":{""treatments"":[{""treatment"":{""name"":""full-comp-between"",""factors"":{""contextSize"":4,""contextStructure"":""comp-between"",""feedbackDuration"":3,""maxTimeout"":5,""numRepetitionsWithPartner"":4,""playerCount"":2,""selectionDuration"":60,""showNegativeFeedback"":1}},""count"":1},{""treatment"":{""name"":""full-comp-within"",""factors"":{""contextSize"":4,""contextStructure"":""comp-within"",""feedbackDuration"":3,""maxTimeout"":5,""numRepetitionsWithPartner"":4,""playerCount"":2,""selectionDuration"":60,""showNegativeFeedback"":1}},""count"":1},{""treatment"":{""name"":""full-noncomp"",""factors"":{""contextSize"":4,""contextStructure"":""noncomp"",""feedbackDuration"":3,""maxTimeout"":5,""numRepetitionsWithPartner"":4,""playerCount"":2,""selectionDuration"":60,""showNegativeFeedback"":1}},""count"":1}]}}",2025-01-10T19:47:51.789426301Z,all games finished,2025-01-10T20:31:46.792407475Z,true,2025-01-10T19:47:51.810185003Z,"{""name"":""10m individual Kick"",""kind"":""individual"",""duration"":600000000000,""strategy"":""ignore""}",2025-01-10T19:47:51.789426301Z,ended,2025-01-10T20:31:46.792407475Z
01JH8W4NMNMJ5TW3EXMX20J57W,"{""kind"":""complete"",""config"":{""treatments"":[{""treatment"":{""name"":""full-comp-between"",""factors"":{""contextSize"":4,""contextStructure"":""comp-between"",""feedbackDuration"":3,""maxTimeout"":5,""numRepetitionsWithPartner"":4,""playerCount"":2,""selectionDuration"":60,""showNegativeFeedback"":1}},""count"":1},{""treatment"":{""name"":""full-comp-within"",""factors"":{""contextSize"":4,""contextStructure"":""comp-within"",""feedbackDuration"":3,""maxTimeout"":5,""numRepetitionsWithPartner"":4,""playerCount"":2,""selectionDuration"":60,""showNegativeFeedback"":1}},""count"":1},{""treatment"":{""name"":""full-noncomp"",""factors"":{""contextSize"":4,""contextStructure"":""noncomp"",""feedbackDuration"":3,""maxTimeout"":5,""numRepetitionsWithPartner"":4,""playerCount"":2,""selectionDuration"":60,""showNegativeFeedback"":1}},""count"":1}]}}",2025-01-10T19:47:58.2296203Z,all games finished,2025-01-10T20:39:35.526313645Z,true,2025-01-10T19:47:58.246533522Z,"{""name"":""10m individual Kick"",""kind"":""individual"",""duration"":600000000000,""strategy"":""ignore""}",2025-01-10T19:47:58.2296203Z,ended,2025-01-10T20:39:35.526313645Z
