id,batchID,batchIDLastChangedAt,gameID,gameIDLastChangedAt,playerID,playerIDLastChangedAt
01JH8XMKG81EQX3NQ40WH2D82M,01JH8WGGTCSVCYRJAH09HT4R66,2025-01-10T20:14:08.904947932Z,01JH8WGGTV4MBJGVZWJR9HYVSB,2025-01-10T20:14:08.904947932Z,01JH8WEB71RZ3PYKKQMNK01T84,2025-01-10T20:14:08.904947932Z
01JH8Y1ZQGP1SBY9X56GPXZHQV,01JH8WGGTCSVCYRJAH09HT4R66,2025-01-10T20:21:27.40815371Z,01JH8WGGTWE355WC9FZ6X27HES,2025-01-10T20:21:27.40815371Z,01JH8XWKG5TM0PHFN1M5PJJA5Z,2025-01-10T20:21:27.40815371Z
01JH8X70SEFXECKEXRZD8TRYH8,01JH8W4FBD6RZQBBGX54850G97,2025-01-10T20:06:43.758783047Z,01JH8W4FC1HS5KSAXDKT8CTXFV,2025-01-10T20:06:43.758783047Z,01JH8WQ4G7TSMCC0FCTABVWZY7,2025-01-10T20:06:43.758783047Z
01JH8X8AN9Z0C731BJ1BDZFFXX,01JH8W4FBD6RZQBBGX54850G97,2025-01-10T20:07:26.633717076Z,01JH8W4FC1HS5KSAXDKDY3GJ15,2025-01-10T20:07:26.633717076Z,01JH8WNH3TYFQ42B68MF61DJQB,2025-01-10T20:07:26.633717076Z
01JH8XDMGQMH32P3FP90P1P49P,01JH8WGGTCSVCYRJAH09HT4R66,2025-01-10T20:10:20.567198637Z,01JH8WGGTV4MBJGVZWK2ZTEP3G,2025-01-10T20:10:20.567198637Z,01JH8X4Q8403S3Z04H840P3D7C,2025-01-10T20:10:20.567198637Z
01JH8YAQRVD4AQN6EKANCR9HBA,01JH8X607X2W5NNNNAMVD232SK,2025-01-10T20:26:14.171918004Z,01JH8X608BZSQF21W5Q0DTMHTG,2025-01-10T20:26:14.171918004Z,01JH8Y4WC450C6W4NHKTEN46CV,2025-01-10T20:26:14.171918004Z
01JH8X0NT3CR2Y1Y6EREKG97NW,01JH8W4NMNMJ5TW3EXMX20J57W,2025-01-10T20:03:15.907592024Z,01JH8W4NN2MQK62HEAS7B81WAA,2025-01-10T20:03:15.907592024Z,01JH8WX3MB40W9NS2S38AE9V20,2025-01-10T20:03:15.907592024Z
01JH8XKK3QWD76P2W0GD6K185D,01JH8W4FBD6RZQBBGX54850G97,2025-01-10T20:13:35.735363201Z,01JH8W4FC0G69RAQYXQ8RMGYWE,2025-01-10T20:13:35.735363201Z,01JH8XGR72J2B6AGE79ABX39WH,2025-01-10T20:13:35.735363201Z
01JH8Y1ZQB5ERFVTG3HPMPKZTK,01JH8WGGTCSVCYRJAH09HT4R66,2025-01-10T20:21:27.40309334Z,01JH8WGGTWE355WC9FZ6X27HES,2025-01-10T20:21:27.40309334Z,01JH8X6CJ08XEA4KEY9VRWSNSQ,2025-01-10T20:21:27.40309334Z
01JH8X8ANBSV9BVE7SEPGP43Y1,01JH8W4FBD6RZQBBGX54850G97,2025-01-10T20:07:26.635259843Z,01JH8W4FC1HS5KSAXDKDY3GJ15,2025-01-10T20:07:26.635259843Z,01JH8WVSDWTTRQ3WY4XGWD2GXP,2025-01-10T20:07:26.635259843Z
01JH8XDMGKHR58BYTDVMP02HCD,01JH8WGGTCSVCYRJAH09HT4R66,2025-01-10T20:10:20.563126467Z,01JH8WGGTV4MBJGVZWK2ZTEP3G,2025-01-10T20:10:20.563126467Z,01JH8WYH4EQJSWTJTB1WR0FRVK,2025-01-10T20:10:20.563126467Z
01JH8YNE87K5FG0NH21MKRXJDV,01JH8X9NWN8P5ATD610V90J8DB,2025-01-10T20:32:04.871993744Z,01JH8X9NXEH44B0QFWNV12FM33,2025-01-10T20:32:04.871993744Z,01JH8YFF2W3SWFC5SPNNWN74MK,2025-01-10T20:32:04.871993744Z
01JH8X0NT3CR2Y1Y6ER43HVX33,01JH8W4NMNMJ5TW3EXMX20J57W,2025-01-10T20:03:15.907121755Z,01JH8W4NN2MQK62HEAS7B81WAA,2025-01-10T20:03:15.907121755Z,01JH8WTWRY8SDZA9SGV7BEMG24,2025-01-10T20:03:15.907121755Z
01JH8X32RMXHEESXYC4TYRRKF7,01JH8W4NMNMJ5TW3EXMX20J57W,2025-01-10T20:04:34.708329424Z,01JH8W4NN4FR3VRQWN91H3DDHQ,2025-01-10T20:04:34.708329424Z,01JH8WTBWPGGMZMTXPEP2X4MH4,2025-01-10T20:04:34.708329424Z
01JH8X70SGZA08MR1NSY11JPFQ,01JH8W4FBD6RZQBBGX54850G97,2025-01-10T20:06:43.760391396Z,01JH8W4FC1HS5KSAXDKT8CTXFV,2025-01-10T20:06:43.760391396Z,01JH8WWN81YHPREJXWGT03GZJV,2025-01-10T20:06:43.760391396Z
01JH8XKK3MKF1H0RETGT36ZBCV,01JH8W4FBD6RZQBBGX54850G97,2025-01-10T20:13:35.732319533Z,01JH8W4FC0G69RAQYXQ8RMGYWE,2025-01-10T20:13:35.732319533Z,01JH8WQ3PCPJZ6JZ536VHGT2H3,2025-01-10T20:13:35.732319533Z
01JH8XMKGCXXB1ZXXGPRWH1V58,01JH8WGGTCSVCYRJAH09HT4R66,2025-01-10T20:14:08.908528547Z,01JH8WGGTV4MBJGVZWJR9HYVSB,2025-01-10T20:14:08.908528547Z,01JH8XDZH4364RCR5G4YMV2MCG,2025-01-10T20:14:08.908528547Z
01JH8YAQRN89S9DG3WM12JXY2X,01JH8X607X2W5NNNNAMVD232SK,2025-01-10T20:26:14.165818479Z,01JH8X608BZSQF21W5Q0DTMHTG,2025-01-10T20:26:14.165818479Z,01JH8XGPKG9BNC8MYMXZ7NEQCD,2025-01-10T20:26:14.165818479Z
01JH8YNE7ZCJ6713MG70JKQ9G4,01JH8X9NWN8P5ATD610V90J8DB,2025-01-10T20:32:04.863818905Z,01JH8X9NXEH44B0QFWNV12FM33,2025-01-10T20:32:04.863818905Z,01JH8XZ95K9GSSCBP9GQ2JCG32,2025-01-10T20:32:04.863818905Z
01JH8WYP52QYBKWV557DRSNC0K,01JH8W4NMNMJ5TW3EXMX20J57W,2025-01-10T20:02:10.722071337Z,01JH8W4NN2MQK62HEARTH2913J,2025-01-10T20:02:10.722071337Z,01JH8WPRNS4JRD0P221J2TRZFA,2025-01-10T20:02:10.722071337Z
01JH8WYP52QYBKWV557PT9NVVN,01JH8W4NMNMJ5TW3EXMX20J57W,2025-01-10T20:02:10.722249082Z,01JH8W4NN2MQK62HEARTH2913J,2025-01-10T20:02:10.722249082Z,01JH8WS6CDX5XM5HYAA6E9CGV0,2025-01-10T20:02:10.722249082Z
01JH8X32RJE4Q65Y0WTJPPJDNA,01JH8W4NMNMJ5TW3EXMX20J57W,2025-01-10T20:04:34.706878323Z,01JH8W4NN4FR3VRQWN91H3DDHQ,2025-01-10T20:04:34.706878323Z,01JH8WP11M7TGHV3X5NKDXVBXW,2025-01-10T20:04:34.706878323Z
