id,batchID,batchIDLastChangedAt,gameID,gameIDLastChangedAt,playerID,playerIDLastChangedAt
01JJSVXREZJY2KY5YRQCN5KTJ5,01JJSTDBD333FSKNDNFVKH0STW,2025-01-29T20:26:58.911799924Z,01JJSTDBD8W3NEB7NQX5QZQ8VW,2025-01-29T20:26:58.911799924Z,01JJSVG6HHDEF4YCYY0ET47GS1,2025-01-29T20:26:58.911799924Z
01JJSWNB7W1617KZJ2JX8A6B5N,01JJSTDDR3TR06GN5VXCQ6EXVE,2025-01-29T20:39:51.804224234Z,01JJSTDDR86E8WCTGR0W9FZ35A,2025-01-29T20:39:51.804224234Z,01JJSW6YHMETS915KDN6YC25K9,2025-01-29T20:39:51.804224234Z
01JJSWVWBGR0YRX8B06WYMSA0S,01JJSVN75JS060RKH0NFRCB081,2025-01-29T20:43:25.936906084Z,01JJSVN760B17V9MSDTF0H1NCS,2025-01-29T20:43:25.936906084Z,01JJSWM9RN6QHDF0EZ31XAX4WX,2025-01-29T20:43:25.936906084Z
01JJSX9SQ383MS2SHF7BETE2MQ,01JJSVN9ZGDQKVE3SFRXFCNVN7,2025-01-29T20:51:01.987699939Z,01JJSVN9ZRF9YVH0GE3PG1DTCT,2025-01-29T20:51:01.987699939Z,01JJSWZP4B14SS1J906PT3XPZC,2025-01-29T20:51:01.987699939Z
01JJSXC8JRP8R304GB72J3K85N,01JJSW2EV8QH4278E83DM4E9PY,2025-01-29T20:52:22.744358551Z,01JJSW2EVXTYH3PB5HCMAKCA5G,2025-01-29T20:52:22.744358551Z,01JJSX46WPRRPDRSTR10PXC5K6,2025-01-29T20:52:22.744358551Z
01JJSY19R4JM8X4R52EA99356T,01JJSW2H9T8P5S8X4VT18E0796,2025-01-29T21:03:52.068285617Z,01JJSW2HAPAYSFFJMGTGYR6981,2025-01-29T21:03:52.068285617Z,01JJSXK282GY8YGQAAJJ9G7BTJ,2025-01-29T21:03:52.068285617Z
01JJSVFJK4ZTE4G7W4Y555AWKT,01JJSTD4PCF9MJQ6HQEBYY86WN,2025-01-29T20:19:14.148067696Z,01JJSTD4PRYD2V2Z0GCAHV3NH1,2025-01-29T20:19:14.148067696Z,01JJSV67D7QD3AQZDA1ED7026G,2025-01-29T20:19:14.148067696Z
01JJSW7XMB9V13E9WDG9MGWA9J,01JJSTDC2E7YPC8R5WFZF18CF6,2025-01-29T20:32:31.883461862Z,01JJSTDC2KZ4ZVXHD82900SDSZ,2025-01-29T20:32:31.883461862Z,01JJSVTKTP0YEVGBD622JQWYBW,2025-01-29T20:32:31.883461862Z
01JJSX4DD766DRAXKTR9W0437K,01JJSVN94Z9W2S2F3XJPM04HYX,2025-01-29T20:48:05.543960389Z,01JJSVN957V3267K61Q3A1FATB,2025-01-29T20:48:05.543960389Z,01JJSWZH93HWM5WTHM6GJ10TJ6,2025-01-29T20:48:05.543960389Z
01JJSY19S59TDCFEABAA070KX5,01JJSW2H9T8P5S8X4VT18E0796,2025-01-29T21:03:52.10180854Z,01JJSW2HAPAYSFFJMGTGYR6981,2025-01-29T21:03:52.10180854Z,01JJSXWBBZKYYVPBX5TDY9642W,2025-01-29T21:03:52.10180854Z
01JJSY8SWC52P7Z0ZRFGFZBFD7,01JJSW2HV118NYR8Y13P793T5A,2025-01-29T21:07:57.964345872Z,01JJSW2HVYB46FT3QX6F4690H8,2025-01-29T21:07:57.964345872Z,01JJSXXFZDV96NQYTF4ZPNMAXT,2025-01-29T21:07:57.964345872Z
01JJSX0GR3KM6QGVNVQ97J66E3,01JJSVN8KAV792RGSMHF8WW5BS,2025-01-29T20:45:57.891283531Z,01JJSVN8KJ9XK7AYVE7CBAH4NS,2025-01-29T20:45:57.891283531Z,01JJSWRK13HAW8R1CYPZ36RERF,2025-01-29T20:45:57.891283531Z
01JJSVHQPT7JWE1Y61CAF9E59H,01JJSTD7NMJ89HDM2MD53WKCZT,2025-01-29T20:20:24.922133441Z,01JJSTD7NTADRA4RZNQP0K7Z1B,2025-01-29T20:20:24.922133441Z,01JJSVCHNFTKNDN5VZXSQRVEWR,2025-01-29T20:20:24.922133441Z
01JJSVM709WR6AHVTHT129QM04,01JJSTD9MK8KBKSVWHJSN3WQJ1,2025-01-29T20:21:46.121713081Z,01JJSTD9MSS87P6JB193SR5E8B,2025-01-29T20:21:46.121713081Z,01JJSVFEBP3X55CMWTRC14BJNM,2025-01-29T20:21:46.121713081Z
01JJSWAVXWAWW4SBXS8NX6SXWW,01JJSTDCESQ395HD6JVEZQJA0T,2025-01-29T20:34:08.444899407Z,01JJSTDCEY9CZ9HMDV16TT3NDD,2025-01-29T20:34:08.444899407Z,01JJSW4R8FY6F0ZG8AZRBHV7AK,2025-01-29T20:34:08.444899407Z
01JJSWPX9582EPFXFGYRB9F50J,01JJSTDRYSAZPBRKNXP0EZJFGP,2025-01-29T20:40:43.045190043Z,01JJSTDRZ1MHPP0ZSFA4YSHEF9,2025-01-29T20:40:43.045190043Z,01JJSW8S7ZYB2RA76WB2TQWZW3,2025-01-29T20:40:43.045190043Z
01JJSWBZEMJMVEBY65TN84QHAF,01JJSTDCSKHG81W01HC5C02MYX,2025-01-29T20:34:44.820540001Z,01JJSTDCSRXFKSYZE1Y41CSVK0,2025-01-29T20:34:44.820540001Z,01JJSW4ZSTKHNYSWKDJP9JZF84,2025-01-29T20:34:44.820540001Z
01JJSX4DCK48937V54WWWCPWBN,01JJSVN94Z9W2S2F3XJPM04HYX,2025-01-29T20:48:05.52349325Z,01JJSVN957V3267K61Q3A1FATB,2025-01-29T20:48:05.52349325Z,01JJSWT9WZA7AEZ1KR39TF42ER,2025-01-29T20:48:05.52349325Z
01JJSWPX9MXAETW633JJA8F7KV,01JJSTDRYSAZPBRKNXP0EZJFGP,2025-01-29T20:40:43.060682158Z,01JJSTDRZ1MHPP0ZSFA4YSHEF9,2025-01-29T20:40:43.060682158Z,01JJSWJ8HR9RMTXB8D704EQZF2,2025-01-29T20:40:43.060682158Z
01JJSVFJK4ZTE4G7W4YAG682PN,01JJSTD4PCF9MJQ6HQEBYY86WN,2025-01-29T20:19:14.148174697Z,01JJSTD4PRYD2V2Z0GCAHV3NH1,2025-01-29T20:19:14.148174697Z,01JJSVAZWFJA52S1H2A274G424,2025-01-29T20:19:14.148174697Z
01JJSW0BMKTQ9M7EA6ZN4BB5GR,01JJSTDBQ9Q5WM6CHXSMDE3E51,2025-01-29T20:28:24.083208142Z,01JJSTDBQF3B5ZZF5SM9VNN98H,2025-01-29T20:28:24.083208142Z,01JJSVSYCDDDP97GEJX139F6NJ,2025-01-29T20:28:24.083208142Z
01JJSWAVXM0RXKMQVK3CY3W89S,01JJSTDCESQ395HD6JVEZQJA0T,2025-01-29T20:34:08.436968283Z,01JJSTDCEY9CZ9HMDV16TT3NDD,2025-01-29T20:34:08.436968283Z,01JJSW427WMWZMS064KNSRR2X4,2025-01-29T20:34:08.436968283Z
01JJSXYS2PK84HKQFHMBEA24D5,01JJSW2GM2BWEG4GBXD400W95B,2025-01-29T21:02:29.462494845Z,01JJSW2GN5JRTWHF35QZMCFM5E,2025-01-29T21:02:29.462494845Z,01JJSX7E64HVAV07PCVJA9NQY4,2025-01-29T21:02:29.462494845Z
01JJSVNHCD40ZK6J4GV5J8REGX,01JJSTDA2NZPZ47N4KFMC8313D,2025-01-29T20:22:29.517181394Z,01JJSTDA2V1S9CAJVCG6ANV0X7,2025-01-29T20:22:29.517181394Z,01JJSVAPKDJKX4JAJVD5TNR8SA,2025-01-29T20:22:29.517181394Z
01JJSVVEFWV660SNKHPYY84GJP,01JJSTDAZYJQYRP9JSM2Q3SBZQ,2025-01-29T20:25:43.16435887Z,01JJSTDB03JYKX1DZK758PSRD9,2025-01-29T20:25:43.16435887Z,01JJSVMEWXVT8DP275GMBS1AS7,2025-01-29T20:25:43.16435887Z
01JJSWETSR9QAV9AT27YFD2P7D,01JJSTDD3FXPG16MNWS76MSZ1J,2025-01-29T20:36:18.360365615Z,01JJSTDD3MNC34DRK6BVCCG3JM,2025-01-29T20:36:18.360365615Z,01JJSW7TZ9S4FRTMS24F6995HW,2025-01-29T20:36:18.360365615Z
01JJSX9SQVEPHGW640G8BB7DQN,01JJSVN9ZGDQKVE3SFRXFCNVN7,2025-01-29T20:51:02.011043017Z,01JJSVN9ZRF9YVH0GE3PG1DTCT,2025-01-29T20:51:02.011043017Z,01JJSX3MZA728R4TT25PV5E8HV,2025-01-29T20:51:02.011043017Z
01JJSXYS3PQNSBEM9J1GD84XM8,01JJSW2GM2BWEG4GBXD400W95B,2025-01-29T21:02:29.494138834Z,01JJSW2GN5JRTWHF35QZMCFM5E,2025-01-29T21:02:29.494138834Z,01JJSXQVJGKA1G47ZSMJQ299B0,2025-01-29T21:02:29.494138834Z
01JJSY8SV5JEJ7XAQJ7Y09CVYP,01JJSW2HV118NYR8Y13P793T5A,2025-01-29T21:07:57.925118715Z,01JJSW2HVYB46FT3QX6F4690H8,2025-01-29T21:07:57.925118715Z,01JJSXX6SM17426G0N96CHNF8V,2025-01-29T21:07:57.925118715Z
01JJSVM708YYQXJ2J5KVE77M0Z,01JJSTD9MK8KBKSVWHJSN3WQJ1,2025-01-29T20:21:46.120889916Z,01JJSTD9MSS87P6JB193SR5E8B,2025-01-29T20:21:46.120889916Z,01JJSVEEVYG3MGHPT7W7R2HWW0,2025-01-29T20:21:46.120889916Z
01JJSVXRF2TE45XN1HS9HCE7B3,01JJSTDBD333FSKNDNFVKH0STW,2025-01-29T20:26:58.914496909Z,01JJSTDBD8W3NEB7NQX5QZQ8VW,2025-01-29T20:26:58.914496909Z,01JJSVNP1WYQPS03NQCHME16ZC,2025-01-29T20:26:58.914496909Z
01JJSX7R9XVC18HZ3CJM74GD6W,01JJSVN9J0MB4M7AV8DZ1FS0B4,2025-01-29T20:49:55.00539282Z,01JJSVN9J9KFHRB7D4AVR8JRWM,2025-01-29T20:49:55.00539282Z,01JJSX2K52HG2345DX6A396PS0,2025-01-29T20:49:55.00539282Z
01JJSWNB89N2DHG81WYVNMDJNX,01JJSTDDR3TR06GN5VXCQ6EXVE,2025-01-29T20:39:51.817712441Z,01JJSTDDR86E8WCTGR0W9FZ35A,2025-01-29T20:39:51.817712441Z,01JJSWCDFZMANNV9VQH2YW3ZY8,2025-01-29T20:39:51.817712441Z
01JJSWVWAYB7VRBGS72STYV395,01JJSVN75JS060RKH0NFRCB081,2025-01-29T20:43:25.919015531Z,01JJSVN760B17V9MSDTF0H1NCS,2025-01-29T20:43:25.919015531Z,01JJSW4ABTPSG1N3ZSYV5VXDZS,2025-01-29T20:43:25.919015531Z
01JJSX0GQHZSPH8905GBDBCG7S,01JJSVN8KAV792RGSMHF8WW5BS,2025-01-29T20:45:57.873344953Z,01JJSVN8KJ9XK7AYVE7CBAH4NS,2025-01-29T20:45:57.873344953Z,01JJSW0ZA1V7F2E4KNDNJR3BM8,2025-01-29T20:45:57.873344953Z
01JJSVRN9GNNGGA2WQ0MFKHZ75,01JJSTDAMZCXY5B7V4KSX43ST2,2025-01-29T20:24:11.824465088Z,01JJSTDAN506C3XXMY94T5Z6YE,2025-01-29T20:24:11.824465088Z,01JJSVFHFD3VBQ3ZPYVGD7WDHZ,2025-01-29T20:24:11.824465088Z
01JJSVRN9J6RP6ZQZJ53BKVAT4,01JJSTDAMZCXY5B7V4KSX43ST2,2025-01-29T20:24:11.826590694Z,01JJSTDAN506C3XXMY94T5Z6YE,2025-01-29T20:24:11.826590694Z,01JJSVHZ2BJ1HP1HDFMCDM9R1T,2025-01-29T20:24:11.826590694Z
01JJSWBZEXYYZPWWZ41CVGP27A,01JJSTDCSKHG81W01HC5C02MYX,2025-01-29T20:34:44.829273949Z,01JJSTDCSRXFKSYZE1Y41CSVK0,2025-01-29T20:34:44.829273949Z,01JJSW74M64GDN13QNX2XKVW87,2025-01-29T20:34:44.829273949Z
01JJSVJ78TH3J90H3ABE6N3339,01JJSTD93CH28BA1N4R79B4378,2025-01-29T20:20:40.858794896Z,01JJSTD93MHG1ZTG1X0W6NW026,2025-01-29T20:20:40.858794896Z,01JJSVFNXJQZE34WH9N145W2BH,2025-01-29T20:20:40.858794896Z
01JJSVNHCENANSZVK6DKDQDDGK,01JJSTDA2NZPZ47N4KFMC8313D,2025-01-29T20:22:29.51850577Z,01JJSTDA2V1S9CAJVCG6ANV0X7,2025-01-29T20:22:29.51850577Z,01JJSVCK1E8G6FEYKR1CJ44AAY,2025-01-29T20:22:29.51850577Z
01JJSW0BMGCBCW1B1H5P88M01Y,01JJSTDBQ9Q5WM6CHXSMDE3E51,2025-01-29T20:28:24.08009827Z,01JJSTDBQF3B5ZZF5SM9VNN98H,2025-01-29T20:28:24.08009827Z,01JJSVNAS5HJF8Q9XYGVRGSCWR,2025-01-29T20:28:24.08009827Z
01JJSWH11TV4SZQQS6E3HQ5CC4,01JJSTDDCJBRWMPF2CXGQX0BP8,2025-01-29T20:37:30.298749739Z,01JJSTDDCPWE5EYYZCADWKKJ5N,2025-01-29T20:37:30.298749739Z,01JJSW73H781GHV1EB01S0VMES,2025-01-29T20:37:30.298749739Z
01JJSXC8J0KWXXS102ABZX8R0M,01JJSW2EV8QH4278E83DM4E9PY,2025-01-29T20:52:22.720030273Z,01JJSW2EVXTYH3PB5HCMAKCA5G,2025-01-29T20:52:22.720030273Z,01JJSWJDFGVQ8YTAN670K1VK5Q,2025-01-29T20:52:22.720030273Z
01JJSVHQPT7JWE1Y61CG0JG3K7,01JJSTD7NMJ89HDM2MD53WKCZT,2025-01-29T20:20:24.922478665Z,01JJSTD7NTADRA4RZNQP0K7Z1B,2025-01-29T20:20:24.922478665Z,01JJSVCWYPKBCWZ94MX18V89M9,2025-01-29T20:20:24.922478665Z
01JJSVJ78TH3J90H3AB69SR2HP,01JJSTD93CH28BA1N4R79B4378,2025-01-29T20:20:40.858183271Z,01JJSTD93MHG1ZTG1X0W6NW026,2025-01-29T20:20:40.858183271Z,01JJSVCERQB5BRQVSEG0EKP6GV,2025-01-29T20:20:40.858183271Z
01JJSW7XMHX51YRS53VM981NSN,01JJSTDC2E7YPC8R5WFZF18CF6,2025-01-29T20:32:31.889762006Z,01JJSTDC2KZ4ZVXHD82900SDSZ,2025-01-29T20:32:31.889762006Z,01JJSW3WKTN19PTZ447JV1P2NB,2025-01-29T20:32:31.889762006Z
01JJSWH126Z0JFTZSKATGWNJGX,01JJSTDDCJBRWMPF2CXGQX0BP8,2025-01-29T20:37:30.310807978Z,01JJSTDDCPWE5EYYZCADWKKJ5N,2025-01-29T20:37:30.310807978Z,01JJSWA7SS8GV0KT8MC5XAMBSG,2025-01-29T20:37:30.310807978Z
01JJSVVEFZJG9WZ357C3S4KFMA,01JJSTDAZYJQYRP9JSM2Q3SBZQ,2025-01-29T20:25:43.16717057Z,01JJSTDB03JYKX1DZK758PSRD9,2025-01-29T20:25:43.16717057Z,01JJSVN0EWJ9B0VHGY1J1YNZNQ,2025-01-29T20:25:43.16717057Z
01JJSWETSD425QDGD0VGJPPH8Y,01JJSTDD3FXPG16MNWS76MSZ1J,2025-01-29T20:36:18.349022512Z,01JJSTDD3MNC34DRK6BVCCG3JM,2025-01-29T20:36:18.349022512Z,01JJSW6Z40YGRBFRKSQWWGQ900,2025-01-29T20:36:18.349022512Z
01JJSX7R95CFZYER38HTKNREY3,01JJSVN9J0MB4M7AV8DZ1FS0B4,2025-01-29T20:49:54.981326617Z,01JJSVN9J9KFHRB7D4AVR8JRWM,2025-01-29T20:49:54.981326617Z,01JJSWWHMSTGHH6H5T0ZF6Y8AP,2025-01-29T20:49:54.981326617Z
