id,config,configLastChangedAt,endedReason,endedReasonLastChangedAt,initialized,initializedLastChangedAt,lobbyConfig,lobbyConfigLastChangedAt,status,statusLastChangedAt
01JH1RNKCC69MGANW7P8YZKMM5,"{""kind"":""complete"",""config"":{""treatments"":[{""treatment"":{""name"":""full-comp-within"",""factors"":{""contextSize"":4,""contextStructure"":""comp-within"",""feedbackDuration"":3,""maxTimeout"":3,""numRepetitionsWithPartner"":4,""playerCount"":2,""selectionDuration"":60,""showNegativeFeedback"":1}},""count"":1},{""treatment"":{""name"":""full-noncomp"",""factors"":{""contextSize"":4,""contextStructure"":""noncomp"",""feedbackDuration"":3,""maxTimeout"":3,""numRepetitionsWithPartner"":4,""playerCount"":2,""selectionDuration"":60,""showNegativeFeedback"":1}},""count"":1},{""treatment"":{""name"":""full-comp-between"",""factors"":{""contextSize"":4,""contextStructure"":""comp-between"",""feedbackDuration"":3,""maxTimeout"":3,""numRepetitionsWithPartner"":4,""playerCount"":2,""selectionDuration"":60,""showNegativeFeedback"":1}},""count"":1}]}}",2025-01-08T01:32:37.644953974Z,all games finished,2025-01-08T02:50:17.448767166Z,true,2025-01-08T01:32:37.665892413Z,"{""name"":""10m individual Kick"",""kind"":""individual"",""duration"":600000000000,""strategy"":""ignore""}",2025-01-08T01:32:37.644953974Z,ended,2025-01-08T02:50:17.448767166Z
01JH1RZ3FXNX28XM2FHQ5ANPD8,"{""kind"":""complete"",""config"":{""treatments"":[{""treatment"":{""name"":""full-comp-within"",""factors"":{""contextSize"":4,""contextStructure"":""comp-within"",""feedbackDuration"":3,""maxTimeout"":3,""numRepetitionsWithPartner"":4,""playerCount"":2,""selectionDuration"":60,""showNegativeFeedback"":1}},""count"":1},{""treatment"":{""name"":""full-noncomp"",""factors"":{""contextSize"":4,""contextStructure"":""noncomp"",""feedbackDuration"":3,""maxTimeout"":3,""numRepetitionsWithPartner"":4,""playerCount"":2,""selectionDuration"":60,""showNegativeFeedback"":1}},""count"":1},{""treatment"":{""name"":""full-comp-between"",""factors"":{""contextSize"":4,""contextStructure"":""comp-between"",""feedbackDuration"":3,""maxTimeout"":3,""numRepetitionsWithPartner"":4,""playerCount"":2,""selectionDuration"":60,""showNegativeFeedback"":1}},""count"":1}]}}",2025-01-08T01:37:49.053266134Z,all games finished,2025-01-08T03:19:36.081207851Z,true,2025-01-08T01:37:49.072660616Z,"{""name"":""10m individual Kick"",""kind"":""individual"",""duration"":600000000000,""strategy"":""ignore""}",2025-01-08T01:37:49.053266134Z,ended,2025-01-08T03:19:36.081207851Z
01JH1WVPF3HND5MF31PAGJ8TR1,"{""kind"":""complete"",""config"":{""treatments"":[{""treatment"":{""name"":""full-comp-between"",""factors"":{""contextSize"":4,""contextStructure"":""comp-between"",""feedbackDuration"":3,""maxTimeout"":3,""numRepetitionsWithPartner"":4,""playerCount"":2,""selectionDuration"":60,""showNegativeFeedback"":1}},""count"":1}]}}",2025-01-08T02:45:51.715701794Z,,,true,2025-01-08T02:45:51.742708114Z,"{""name"":""10m individual Kick"",""kind"":""individual"",""duration"":600000000000,""strategy"":""ignore""}",2025-01-08T02:45:51.715701794Z,terminated,2025-01-08T03:25:37.990560892Z
01JH1WW7QKT734J4BTTP6T2BKS,"{""kind"":""complete"",""config"":{""treatments"":[{""treatment"":{""name"":""full-comp-within"",""factors"":{""contextSize"":4,""contextStructure"":""comp-within"",""feedbackDuration"":3,""maxTimeout"":3,""numRepetitionsWithPartner"":4,""playerCount"":2,""selectionDuration"":60,""showNegativeFeedback"":1}},""count"":1}]}}",2025-01-08T02:46:09.395226088Z,all games finished,2025-01-08T03:39:42.413620927Z,true,2025-01-08T02:46:09.416714343Z,"{""name"":""10m individual Kick"",""kind"":""individual"",""duration"":600000000000,""strategy"":""ignore""}",2025-01-08T02:46:09.395226088Z,ended,2025-01-08T03:39:42.413620927Z
