id,batchID,batchIDLastChangedAt,gameID,gameIDLastChangedAt,playerID,playerIDLastChangedAt
01JH1VNHASMVG40VH1WMZVVEGJ,01JH1RNKCC69MGANW7P8YZKMM5,2025-01-08T02:25:01.273745053Z,01JH1RNKD2HQ69CE1BZAFW44AV,2025-01-08T02:25:01.273745053Z,01JH1VF69VKRXECWJFN6MMJE31,2025-01-08T02:25:01.273745053Z
01JH1WNAT6CKRW5ZA75FYMZTTB,01JH1RZ3FXNX28XM2FHQ5ANPD8,2025-01-08T02:42:23.174168916Z,01JH1RZ3GH74K3GNA5D14P077Q,2025-01-08T02:42:23.174168916Z,01JH1WAEZM854CNSRP24H6G2ZB,2025-01-08T02:42:23.174168916Z
01JH1WYDVDTWKTX101HZ5242C0,01JH1RZ3FXNX28XM2FHQ5ANPD8,2025-01-08T02:47:21.197168114Z,01JH1RZ3GD0THX4NKEW5HKYMMW,2025-01-08T02:47:21.197168114Z,01JH1W844PEPXGPH133G5BRWG4,2025-01-08T02:47:21.197168114Z
01JH1WYDVGMBC04BMSM6JD7PG7,01JH1RZ3FXNX28XM2FHQ5ANPD8,2025-01-08T02:47:21.20004269Z,01JH1RZ3GD0THX4NKEW5HKYMMW,2025-01-08T02:47:21.20004269Z,01JH1WP8T8D8942KJP7939E0QY,2025-01-08T02:47:21.20004269Z
01JH1S9WGF4M2WXJ8EJFG6YTHT,01JH1RNKCC69MGANW7P8YZKMM5,2025-01-08T01:43:42.351840344Z,01JH1RNKD1F4YDF1363KM31BGV,2025-01-08T01:43:42.351840344Z,01JH1RYS7YE3EGV2KWJZVF22GA,2025-01-08T01:43:42.351840344Z
01JH1VR7RHY2S281GNQTJX4FCR,01JH1RZ3FXNX28XM2FHQ5ANPD8,2025-01-08T02:26:29.777967625Z,01JH1RZ3GH74K3GNA5D6GHEBK3,2025-01-08T02:26:29.777967625Z,01JH1T4PKGTWWG7AQB2YQJVQY6,2025-01-08T02:26:29.777967625Z
01JH1X42VY3Y2M81HM8VX7K9XJ,01JH1WW7QKT734J4BTTP6T2BKS,2025-01-08T02:50:26.558178079Z,01JH1WW7R5Q785SD4MBPFQ5QYB,2025-01-08T02:50:26.558178079Z,01JH1WQ89WAW76SBJ8QEW6ARRB,2025-01-08T02:50:26.558178079Z
01JH1VR7RM370A2775E2DF30S8,01JH1RZ3FXNX28XM2FHQ5ANPD8,2025-01-08T02:26:29.780017295Z,01JH1RZ3GH74K3GNA5D6GHEBK3,2025-01-08T02:26:29.780017295Z,01JH1VHYRJEJGVYXHNTJ4HRKZ2,2025-01-08T02:26:29.780017295Z
01JH1WNAT3ABDGE695RQGRD9R6,01JH1RZ3FXNX28XM2FHQ5ANPD8,2025-01-08T02:42:23.171411549Z,01JH1RZ3GH74K3GNA5D14P077Q,2025-01-08T02:42:23.171411549Z,01JH1W9R4RQVGYZCTNV1WEHEVB,2025-01-08T02:42:23.171411549Z
01JH1X42VTYN4NQ06C7AG1FY3B,01JH1WW7QKT734J4BTTP6T2BKS,2025-01-08T02:50:26.554569189Z,01JH1WW7R5Q785SD4MBPFQ5QYB,2025-01-08T02:50:26.554569189Z,01JH1WKJ5B3Y9N2DMYFJ8PHE5B,2025-01-08T02:50:26.554569189Z
01JH1S9WGF4M2WXJ8EJP2879YV,01JH1RNKCC69MGANW7P8YZKMM5,2025-01-08T01:43:42.351996352Z,01JH1RNKD1F4YDF1363KM31BGV,2025-01-08T01:43:42.351996352Z,01JH1RZ5T3TMN6YYJAWNQBQKDZ,2025-01-08T01:43:42.351996352Z
01JH1TYFHCFJFDCT5Y190ZGYZT,01JH1RNKCC69MGANW7P8YZKMM5,2025-01-08T02:12:25.772739859Z,01JH1RNKD1F4YDF136339GBTVG,2025-01-08T02:12:25.772739859Z,01JH1TP13P9NGTFRTZAQXW7JAK,2025-01-08T02:12:25.772739859Z
01JH1TYFHDVYJHCNCMH3B5CCEH,01JH1RNKCC69MGANW7P8YZKMM5,2025-01-08T02:12:25.773669555Z,01JH1RNKD1F4YDF136339GBTVG,2025-01-08T02:12:25.773669555Z,01JH1TR8ECRZPYVP7GM68GA1TB,2025-01-08T02:12:25.773669555Z
01JH1VNHAQ34XSVF2QVZ6YB7V2,01JH1RNKCC69MGANW7P8YZKMM5,2025-01-08T02:25:01.271924683Z,01JH1RNKD2HQ69CE1BZAFW44AV,2025-01-08T02:25:01.271924683Z,01JH1VEPKR55R7V6827PAH8PT2,2025-01-08T02:25:01.271924683Z
