id,avatar,avatarLastChangedAt,bonus,bonusLastChangedAt,clicked,clickedLastChangedAt,ended,endedLastChangedAt,exitStepDone,exitStepDoneLastChangedAt,exitSurvey,exitSurveyLastChangedAt,gameID,gameIDLastChangedAt,intro,introLastChangedAt,introDone,introDoneLastChangedAt,name,nameLastChangedAt,nameColor,nameColorLastChangedAt,numRoundsInactive,numRoundsInactiveLastChangedAt,participantID,participantIDLastChangedAt,participantIdentifier,participantIdentifierLastChangedAt,partner,partnerLastChangedAt,replayGameReadyCheck,replayGameReadyCheckLastChangedAt,role,roleLastChangedAt,score,scoreLastChangedAt,src,srcLastChangedAt,treatment,treatmentLastChangedAt,treatmentName,treatmentNameLastChangedAt,urlParams,urlParamsLastChangedAt
01JFGGXAKZTKM078N23FE70WTV,,,,,,,game failed,2024-12-19T22:40:03.80294044Z,,,,,01JFGFW0F18H8H6HC435SQXTG5,2024-12-19T22:34:15.050176052Z,1,2024-12-19T22:34:17.922735162Z,,,,,,,,,01JFGGXA1KJBK8Q2X930W4FNR2,2024-12-19T22:34:15.039398694Z,h,2024-12-19T22:34:15.039398694Z,,,,,,,,,,,"{""contextSize"":4,""contextStructure"":""comp-between"",""feedbackDuration"":3,""maxTimeout"":3,""numRepetitionsWithPartner"":4,""playerCount"":2,""selectionDuration"":60,""showNegativeFeedback"":1}",2024-12-19T22:34:15.050176052Z,full-comp-between,2024-12-19T22:34:15.050176052Z,"{""participantKey"":""60edc94e2ddc5ffb273064aa"",""STUDY_ID"":""67649b6d70ada9c32a2ce575"",""SESSION_ID"":""67649dff9d38f35e31ba7e59""}",2024-12-19T22:34:15.342271922Z
01JFGGYCJQY42P5GD2CZXY10MS,,,,,,,game failed,2024-12-19T22:48:23.715899092Z,true,2024-12-19T22:56:30.522186674Z,"{""age"":""26"",""gender"":""female"",""strategy"":""N/A"",""enjoy"":""N/A"",""feedback"":""I was never matched with a partner and did not get the chance to play which was unfortunate"",""education"":""other""}",2024-12-19T22:56:30.510780075Z,01JFGH3NGNFGCGPJWT49KFGXNM,2024-12-19T22:38:41.449331973Z,2,2024-12-19T22:37:48.049449556Z,true,2024-12-19T22:43:23.665904983Z,,,,,,,01JFGGYC2XC8ZH0EK5NMSH2G12,2024-12-19T22:34:49.815992065Z,66e30d3c042395bc021a8081,2024-12-19T22:34:49.815992065Z,,,,,,,,,,,"{""contextSize"":4,""contextStructure"":""noncomp"",""feedbackDuration"":3,""maxTimeout"":3,""numRepetitionsWithPartner"":4,""playerCount"":2,""selectionDuration"":60,""showNegativeFeedback"":1}",2024-12-19T22:34:49.824086231Z,full-noncomp,2024-12-19T22:34:49.824086231Z,"{""participantKey"":""66e30d3c042395bc021a8081"",""STUDY_ID"":""67649b6d70ada9c32a2ce575"",""SESSION_ID"":""67649f72087d12b546edca7b""}",2024-12-19T22:34:50.125754452Z
01JFGGHCG6C679H884TATDJ5C6,,,,,,,game terminated,2024-12-19T23:23:47.548282464Z,true,2024-12-19T22:31:39.698284956Z,"{""age"":""37"",""gender"":""male"",""strategy"":""n/a"",""enjoy"":""n/a"",""feedback"":""I was reading the instructions and the study advanced to the last page"",""education"":""other""}",2024-12-19T22:31:39.697076105Z,01JFGH1XJJRYBQNBNM5JF45TX7,2024-12-19T22:42:14.930458764Z,1,2024-12-19T22:28:32.397258971Z,null,2024-12-19T22:33:41.134485852Z,,,,,,,01JFGGHBQPCF5G99XJKT54HFQ9,2024-12-19T22:27:43.7510068Z,63dadcb85db62398fa0fd383,2024-12-19T22:27:43.7510068Z,,,,,,,,,,,"{""contextSize"":4,""contextStructure"":""comp-within"",""feedbackDuration"":3,""maxTimeout"":3,""numRepetitionsWithPartner"":4,""playerCount"":2,""selectionDuration"":60,""showNegativeFeedback"":1}",2024-12-19T22:33:52.241101257Z,full-comp-within,2024-12-19T22:33:52.241101257Z,"{""participantKey"":""63dadcb85db62398fa0fd383"",""STUDY_ID"":""67649b6d70ada9c32a2ce575"",""SESSION_ID"":""67649dce5833668896f70f9a""}",2024-12-19T22:27:44.146813512Z
01JFGGHJQHB6Y0PJP444T14Z9E,,,,,,,game failed,2024-12-19T22:34:15.311942312Z,,,,,01JFGFX3DCBX4MM3SFD66KXEW2,2024-12-19T22:27:50.137710204Z,2,2024-12-19T22:28:05.796164351Z,,,,,,,,,01JFGGHG8VKD2WZC9PJGD2PQTX,2024-12-19T22:27:50.129462609Z,6735e4faf027b9361e838666,2024-12-19T22:27:50.129462609Z,,,,,,,,,,,"{""contextSize"":4,""contextStructure"":""noncomp"",""feedbackDuration"":3,""maxTimeout"":3,""numRepetitionsWithPartner"":4,""playerCount"":2,""selectionDuration"":60,""showNegativeFeedback"":1}",2024-12-19T22:27:50.137710204Z,full-noncomp,2024-12-19T22:27:50.137710204Z,"{""participantKey"":""6735e4faf027b9361e838666"",""STUDY_ID"":""67649b6d70ada9c32a2ce575"",""SESSION_ID"":""67649db1ad01092a4d22bff7""}",2024-12-19T22:27:50.930717561Z
01JFGGMMAD20Y8EYGYRH93JV3D,,,,,,,game failed,2024-12-19T22:48:23.715899092Z,,,,,01JFGH3NGNFGCGPJWT49KFGXNM,2024-12-19T22:38:41.449331973Z,2,2024-12-19T22:31:14.841404306Z,,,,,,,,,01JFGGMM1H27EW471RVHRV4572,2024-12-19T22:29:30.06106494Z,6542c81d37666b59c34d1b65,2024-12-19T22:29:30.06106494Z,,,,,,,,,,,"{""contextSize"":4,""contextStructure"":""noncomp"",""feedbackDuration"":3,""maxTimeout"":3,""numRepetitionsWithPartner"":4,""playerCount"":2,""selectionDuration"":60,""showNegativeFeedback"":1}",2024-12-19T22:29:30.072205246Z,full-noncomp,2024-12-19T22:29:30.072205246Z,"{""participantKey"":""6542c81d37666b59c34d1b65"",""STUDY_ID"":""67649b6d70ada9c32a2ce575"",""SESSION_ID"":""67649e2f1277715bb1209c1b""}",2024-12-19T22:29:30.214719372Z
01JFGGP8CCHY829419T2EEN5EX,,,,,,,game terminated,2024-12-19T23:23:47.548282464Z,,,,,01JFGH1XJJRYBQNBNM5JF45TX7,2024-12-19T22:42:14.930458764Z,2,2024-12-19T22:32:45.807197375Z,null,2024-12-19T22:41:46.993935868Z,,,,,,,01JFGGP81BFK4RJMKJ5M1VEAY3,2024-12-19T22:30:23.372209086Z,60079f45348bb62bdcd363ff,2024-12-19T22:30:23.372209086Z,,,,,,,,,,,"{""contextSize"":4,""contextStructure"":""comp-within"",""feedbackDuration"":3,""maxTimeout"":3,""numRepetitionsWithPartner"":4,""playerCount"":2,""selectionDuration"":60,""showNegativeFeedback"":1}",2024-12-19T22:41:47.018103752Z,full-comp-within,2024-12-19T22:41:47.018103752Z,"{""participantKey"":""60079f45348bb62bdcd363ff"",""STUDY_ID"":""67649b6d70ada9c32a2ce575"",""SESSION_ID"":""67649e0a58d4c3ba6fb50fe3""}",2024-12-19T22:30:23.599836159Z
01JFGGPHKK3AVZJ78J4S5VYEDK,https://api.dicebear.com/8.x/rings/svg?seed=Minu,2024-12-19T22:34:31.971516512Z,1.620000,2024-12-19T23:11:05.329380944Z,/tangrams/111_141.png,2024-12-19T23:11:01.949745615Z,game ended,2024-12-19T23:11:05.435433141Z,true,2024-12-19T23:13:36.928499114Z,"{""age"":""31"",""gender"":""female"",""strategy"":""describe the picture using everyday items or animals"",""enjoy"":""I did enjoy because it challenged me to think of which picture my partner could have been describing."",""feedback"":""I did not encounter any problems."",""education"":""bachelor""}",2024-12-19T23:13:36.950047943Z,01JFGFWSJTPRE578HBRT5YXA5V,2024-12-19T22:32:51.19251378Z,2,2024-12-19T22:33:52.485075011Z,true,2024-12-19T22:34:31.710140853Z,Minu,2024-12-19T22:34:31.971516512Z,#444EA1,2024-12-19T22:34:31.971516512Z,1,2024-12-19T22:35:53.828761022Z,01JFGGPHB9KHM9HPE31MN7920D,2024-12-19T22:30:32.819566914Z,6658a7f614d62a1049b4a850,2024-12-19T22:30:32.819566914Z,01JFGGNTZBEG8JXGQ5FW5KHVBP,2024-12-19T22:34:31.971516512Z,,,matcher,2024-12-19T23:10:38.275904192Z,1.620000,2024-12-19T23:11:05.329380944Z,/avatars/red.png,2024-12-19T22:34:31.971516512Z,"{""contextSize"":4,""contextStructure"":""noncomp"",""feedbackDuration"":3,""maxTimeout"":3,""numRepetitionsWithPartner"":4,""playerCount"":2,""selectionDuration"":60,""showNegativeFeedback"":1}",2024-12-19T22:30:32.828249068Z,full-noncomp,2024-12-19T22:30:32.828249068Z,"{""participantKey"":""6658a7f614d62a1049b4a850"",""STUDY_ID"":""67649b6d70ada9c32a2ce575"",""SESSION_ID"":""67649e467f2b3fdee3096d72""}",2024-12-19T22:30:32.984225252Z
01JFGGST53E0CTAJ7TE9YSWSHV,https://api.dicebear.com/8.x/rings/svg?seed=Minu,2024-12-19T22:35:44.989232302Z,0,2024-12-19T22:35:44.989232302Z,,2024-12-19T22:35:50.693939006Z,game ended,2024-12-19T22:40:12.75085555Z,true,2024-12-19T22:43:04.797304664Z,"{""age"":""27"",""gender"":""female"",""strategy"":""n/a"",""enjoy"":""n/a"",""feedback"":""as soon as I was matched with a partner after waiting in the lobby, i was met with this page and the above error message stating that we had been disconnected - I was looking forward to playing this game, seems like a cool concept."",""education"":""high-school""}",2024-12-19T22:43:04.786620362Z,01JFGFWXS1CYQ8W1715TNGRP4P,2024-12-19T22:32:19.884985413Z,2,2024-12-19T22:34:39.904314983Z,true,2024-12-19T22:35:44.728007803Z,Minu,2024-12-19T22:35:44.989232302Z,#444EA1,2024-12-19T22:35:44.989232302Z,4,2024-12-19T22:40:12.703711299Z,01JFGGSSJCS410WDCBJZP4SW15,2024-12-19T22:32:19.87505794Z,66c9da0ff308f5ebea655ce1,2024-12-19T22:32:19.87505794Z,01JFGGQZZ2PCA1ZPXZN9MKMMDD,2024-12-19T22:35:44.989232302Z,,,matcher,2024-12-19T22:39:09.428213224Z,0,2024-12-19T22:35:44.989232302Z,/avatars/red.png,2024-12-19T22:35:44.989232302Z,"{""contextSize"":4,""contextStructure"":""comp-within"",""feedbackDuration"":3,""maxTimeout"":3,""numRepetitionsWithPartner"":4,""playerCount"":2,""selectionDuration"":60,""showNegativeFeedback"":1}",2024-12-19T22:32:19.884985413Z,full-comp-within,2024-12-19T22:32:19.884985413Z,"{""participantKey"":""66c9da0ff308f5ebea655ce1"",""STUDY_ID"":""67649b6d70ada9c32a2ce575"",""SESSION_ID"":""67649ea21277715bb1209c34""}",2024-12-19T22:32:20.177558708Z
01JFGGY0C9P7SK4FJY7CSYDBBZ,https://api.dicebear.com/8.x/rings/svg?seed=Minu,2024-12-19T22:37:34.905279386Z,1.800000,2024-12-19T23:21:55.217370182Z,/tangrams/39_157.png,2024-12-19T23:21:51.805301555Z,game ended,2024-12-19T23:21:55.381238425Z,true,2024-12-19T23:23:03.514037231Z,"{""age"":""25"",""gender"":""Male"",""strategy"":""Describing the most identifiable shapes and the amount of it we see"",""enjoy"":""Yes, they were good at describing and understood me well"",""feedback"":""n/a"",""education"":""bachelor""}",2024-12-19T23:23:03.498326432Z,01JFGFW0F27SHDS0SFHGM8CNDF,2024-12-19T22:34:37.330865694Z,2,2024-12-19T22:36:13.670652404Z,true,2024-12-19T22:36:29.98954285Z,Minu,2024-12-19T22:37:34.905279386Z,#444EA1,2024-12-19T22:37:34.905279386Z,,,01JFGGY04Z3PCYF9JNRB9DV95P,2024-12-19T22:34:37.321967316Z,5b3913051d4b6800016935dc,2024-12-19T22:34:37.321967316Z,01JFGGQK2BT0FZKWF7K16B1AFN,2024-12-19T22:37:34.905279386Z,,,matcher,2024-12-19T23:21:09.715838346Z,1.800000,2024-12-19T23:21:55.217370182Z,/avatars/red.png,2024-12-19T22:37:34.905279386Z,"{""contextSize"":4,""contextStructure"":""comp-within"",""feedbackDuration"":3,""maxTimeout"":3,""numRepetitionsWithPartner"":4,""playerCount"":2,""selectionDuration"":60,""showNegativeFeedback"":1}",2024-12-19T22:34:37.330865694Z,full-comp-within,2024-12-19T22:34:37.330865694Z,"{""participantKey"":""5b3913051d4b6800016935dc"",""STUDY_ID"":""67649b6d70ada9c32a2ce575"",""SESSION_ID"":""67649f626c367883693d846f""}",2024-12-19T22:34:37.443854089Z
01JFGH16HG62KY2MJ06QSVA7NF,https://api.dicebear.com/8.x/rings/svg?seed=Repi,2024-12-19T22:42:15.688776298Z,1.800000,2024-12-19T23:12:30.531361794Z,/tangrams/287_251.png,2024-12-19T23:12:27.198833361Z,game ended,2024-12-19T23:12:30.644134292Z,true,2024-12-19T23:15:54.38221023Z,"{""age"":""37"",""gender"":""male"",""strategy"":""Quickly come up with names for each shape segment and try to adapt to what the other players calls them."",""enjoy"":""Absolutely, I don't think I could do it for much longer without feeling a bit bored, but it was enjoyable to so quickly come to an understanding with someone I don't know."",""feedback"":""I had already seen this exit survey before the game started, and may have submitted it."",""education"":""high-school""}",2024-12-19T23:15:54.360824517Z,01JFGFWSJSN7CYYEARKZXH111B,2024-12-19T22:41:26.428173451Z,2,2024-12-19T22:39:15.781188924Z,true,2024-12-19T22:41:49.659385608Z,Repi,2024-12-19T22:42:15.688776298Z,#29828D,2024-12-19T22:42:15.688776298Z,1,2024-12-19T22:43:33.84204078Z,01JFGH15WEQYWF6HJA8DBF095J,2024-12-19T22:36:21.936290522Z,6658bfdffc0ff7bc3cf89ef6,2024-12-19T22:36:21.936290522Z,01JFGH9N89BJHQ0G9TGZVH9VKV,2024-12-19T22:42:15.688776298Z,,,director,2024-12-19T23:11:47.994098977Z,1.800000,2024-12-19T23:12:30.531361794Z,/avatars/blue.png,2024-12-19T22:42:15.688776298Z,"{""contextSize"":4,""contextStructure"":""comp-within"",""feedbackDuration"":3,""maxTimeout"":3,""numRepetitionsWithPartner"":4,""playerCount"":2,""selectionDuration"":60,""showNegativeFeedback"":1}",2024-12-19T22:41:26.428173451Z,full-comp-within,2024-12-19T22:41:26.428173451Z,"{""participantKey"":""6658bfdffc0ff7bc3cf89ef6"",""STUDY_ID"":""67649b6d70ada9c32a2ce575"",""SESSION_ID"":""67649fbe917e303a153d4100""}",2024-12-19T22:36:22.285277852Z
01JFGGACGH9CAPQ6V4RR07887A,,,,,,,null,2024-12-19T22:33:40.534789405Z,true,2024-12-19T22:31:22.103112164Z,"{""age"":""29"",""gender"":""male"",""strategy"":""To win every time for the maximum bonus"",""enjoy"":""I didnt enjoy it. It felt like they were barely there"",""feedback"":"""",""education"":""bachelor""}",2024-12-19T22:31:22.10157161Z,null,2024-12-19T22:39:46.663744901Z,2,2024-12-19T22:24:47.605551233Z,null,2024-12-19T22:33:40.534789405Z,,,,,,,01JFGGAC635G36WPSGJW4BVH6C,2024-12-19T22:23:54.385094055Z,65ea13623d17ab5e238ee93f,2024-12-19T22:23:54.385094055Z,,,,,,,,,,,"{""contextSize"":4,""contextStructure"":""comp-between"",""feedbackDuration"":3,""maxTimeout"":3,""numRepetitionsWithPartner"":4,""playerCount"":2,""selectionDuration"":60,""showNegativeFeedback"":1}",2024-12-19T22:33:52.241101257Z,full-comp-between,2024-12-19T22:33:52.241101257Z,"{""participantKey"":""65ea13623d17ab5e238ee93f"",""STUDY_ID"":""67649b6d70ada9c32a2ce575"",""SESSION_ID"":""67649ce9f35dac772dba7765""}",2024-12-19T22:23:54.577413709Z
01JFGGHKJCM5SATSJ0AH13AVPR,,,,,,,game failed,2024-12-19T22:40:03.80294044Z,true,2024-12-19T22:31:21.272257536Z,"{""age"":""53"",""gender"":""Male"",""strategy"":""it didn't load"",""enjoy"":"""",""feedback"":""It didn't load"",""education"":""high-school""}",2024-12-19T22:31:21.228300049Z,01JFGFW0F18H8H6HC435SQXTG5,2024-12-19T22:33:52.241101257Z,2,2024-12-19T22:28:39.070597218Z,null,2024-12-19T22:33:41.715343669Z,,,,,,,01JFGGHJZR44CM5EXCRJV6BRP8,2024-12-19T22:27:50.988964809Z,676466a9a838f9d63b8c0876,2024-12-19T22:27:50.988964809Z,,,,,,,,,,,"{""contextSize"":4,""contextStructure"":""comp-between"",""feedbackDuration"":3,""maxTimeout"":3,""numRepetitionsWithPartner"":4,""playerCount"":2,""selectionDuration"":60,""showNegativeFeedback"":1}",2024-12-19T22:33:52.241101257Z,full-comp-between,2024-12-19T22:33:52.241101257Z,"{""participantKey"":""676466a9a838f9d63b8c0876"",""STUDY_ID"":""67649b6d70ada9c32a2ce575"",""SESSION_ID"":""67649dc78c212d694781c991""}",2024-12-19T22:27:51.402849819Z
01JFGGJ010AX4RJZY7TVW7YG1V,,,,,,,game terminated,2024-12-19T23:23:47.548282464Z,,,,,01JFGH1XJJRYBQNBNM5JF45TX7,2024-12-19T22:42:14.930458764Z,2,2024-12-19T22:34:48.680137191Z,null,2024-12-19T22:41:51.842627686Z,,,,,,,01JFGGHZMXA5AFPAXPBQA6ZX1A,2024-12-19T22:28:03.744227287Z,65c6bbe7f9428763522fa244,2024-12-19T22:28:03.744227287Z,,,,,,,,,,,"{""contextSize"":4,""contextStructure"":""comp-within"",""feedbackDuration"":3,""maxTimeout"":3,""numRepetitionsWithPartner"":4,""playerCount"":2,""selectionDuration"":60,""showNegativeFeedback"":1}",2024-12-19T22:41:51.866358518Z,full-comp-within,2024-12-19T22:41:51.866358518Z,"{""participantKey"":""65c6bbe7f9428763522fa244"",""STUDY_ID"":""67649b6d70ada9c32a2ce575"",""SESSION_ID"":""67649db560e83e1fdb56b1fe""}",2024-12-19T22:28:03.96152274Z
01JFGGNS7V6X7A7C3F4X2HA7RA,,,,,,,game failed,2024-12-19T22:40:03.80294044Z,true,2024-12-19T22:42:37.183139029Z,"{""age"":"""",""gender"":"""",""strategy"":"""",""enjoy"":"""",""feedback"":"""",""education"":""""}",2024-12-19T22:42:37.174409336Z,01JFGFW0F18H8H6HC435SQXTG5,2024-12-19T22:34:53.454668652Z,2,2024-12-19T22:30:13.271765915Z,,,,,,,,,01JFGGNRX7X2YERZS36EEJVZNM,2024-12-19T22:30:07.867235758Z,6415e163b670eed64ad645ff,2024-12-19T22:30:07.867235758Z,,,,,,,,,,,"{""contextSize"":4,""contextStructure"":""comp-between"",""feedbackDuration"":3,""maxTimeout"":3,""numRepetitionsWithPartner"":4,""playerCount"":2,""selectionDuration"":60,""showNegativeFeedback"":1}",2024-12-19T22:30:07.876133211Z,full-comp-between,2024-12-19T22:30:07.876133211Z,"{""participantKey"":""6415e163b670eed64ad645ff"",""STUDY_ID"":""67649b6d70ada9c32a2ce575"",""SESSION_ID"":""67649e5aa1a747c8927793a2""}",2024-12-19T22:30:08.051126519Z
01JFGGQXZBAHA3MW1Y53J9ERP3,,,,,,,game terminated,2024-12-19T23:23:47.548282464Z,,,,,01JFGH1XJJRYBQNBNM5JF45TX7,2024-12-19T22:42:14.930458764Z,2,2024-12-19T22:32:58.266445497Z,,,,,,,,,01JFGGQXN5YF98ZAX3TAT2WKQJ,2024-12-19T22:31:18.251130373Z,Potato,2024-12-19T22:31:18.251130373Z,,,,,,,,,,,"{""contextSize"":4,""contextStructure"":""comp-within"",""feedbackDuration"":3,""maxTimeout"":3,""numRepetitionsWithPartner"":4,""playerCount"":2,""selectionDuration"":60,""showNegativeFeedback"":1}",2024-12-19T22:31:18.262729988Z,full-comp-within,2024-12-19T22:31:18.262729988Z,"{""participantKey"":""66e75f4baf4b61a07001ca75"",""STUDY_ID"":""67649b6d70ada9c32a2ce575"",""SESSION_ID"":""67649e9a4a8508ec299147a0""}",2024-12-19T22:31:18.425363174Z
01JFGH1W0QTTVCRW73BEZ73GQ0,,,,,,,game failed,2024-12-19T22:40:03.80294044Z,,,,,01JFGFW0F18H8H6HC435SQXTG5,2024-12-19T22:36:43.943767827Z,2,2024-12-19T22:36:52.911781356Z,,,,,,,,,01JFGH1VC3XN9X3RG5SYWENXHB,2024-12-19T22:36:43.927433807Z,66565a8bc8912e63a3755f01,2024-12-19T22:36:43.927433807Z,,,,,,,,,,,"{""contextSize"":4,""contextStructure"":""comp-between"",""feedbackDuration"":3,""maxTimeout"":3,""numRepetitionsWithPartner"":4,""playerCount"":2,""selectionDuration"":60,""showNegativeFeedback"":1}",2024-12-19T22:36:43.943767827Z,full-comp-between,2024-12-19T22:36:43.943767827Z,"{""participantKey"":""66565a8bc8912e63a3755f01"",""STUDY_ID"":""67649b6d70ada9c32a2ce575"",""SESSION_ID"":""67649dd0b563ea065ea5372f""}",2024-12-19T22:36:44.283244663Z
01JFGH9X8V2220AVS8PNBSAFQ2,,,,,,,game terminated,2024-12-19T23:23:47.548282464Z,,,,,01JFGH1XJJRYBQNBNM5JF45TX7,2024-12-19T22:42:14.930458764Z,1,2024-12-19T22:41:09.315619248Z,,,,,,,,,01JFGH9WYPW5H814Q52NM0K4AK,2024-12-19T22:41:07.35506124Z,5d6302dc47787f001a75c94e,2024-12-19T22:41:07.35506124Z,,,,,,,,,,,"{""contextSize"":4,""contextStructure"":""comp-within"",""feedbackDuration"":3,""maxTimeout"":3,""numRepetitionsWithPartner"":4,""playerCount"":2,""selectionDuration"":60,""showNegativeFeedback"":1}",2024-12-19T22:41:07.384469124Z,full-comp-within,2024-12-19T22:41:07.384469124Z,"{""participantKey"":""5d6302dc47787f001a75c94e"",""STUDY_ID"":""67649b6d70ada9c32a2ce575"",""SESSION_ID"":""6764a0ec3c7d665750cb79b7""}",2024-12-19T22:41:07.542280383Z
01JFGHHJRW7RYR9HKCK04XYXW0,,,,,,,,,,,,,,,,,,,,,,,,,01JFGHHG9C4T57TKX7DEQWKC65,2024-12-19T22:45:18.748077245Z,megyobuse@gmail.com,2024-12-19T22:45:18.748077245Z,,,,,,,,,,,,,,,,
01JFGGP47REW1HB8Q0ZPA3FHPJ,https://api.dicebear.com/8.x/rings/svg?seed=Minu,2024-12-19T22:32:51.427664547Z,1.770000,2024-12-19T23:02:41.054234479Z,/tangrams/118_224.png,2024-12-19T23:02:37.544084037Z,game ended,2024-12-19T23:02:41.224656417Z,true,2024-12-19T23:04:27.613472918Z,"{""age"":""34"",""gender"":""Female "",""strategy"":""Describing the shape in the same way each time "",""enjoy"":""Yes it was fun as we both learned what our descriptions meant quickly "",""feedback"":""No problems"",""education"":""bachelor""}",2024-12-19T23:04:27.589116656Z,01JFGFWXS1CYQ8W171661NCV0C,2024-12-19T22:30:19.139183046Z,2,2024-12-19T22:31:55.104476282Z,true,2024-12-19T22:32:14.42868084Z,Minu,2024-12-19T22:32:51.427664547Z,#444EA1,2024-12-19T22:32:51.427664547Z,1,2024-12-19T22:33:58.048423506Z,01JFGGP3G70S1DPSBBCWFA0V3V,2024-12-19T22:30:19.128115989Z,5dded0203c4937e47e77220e,2024-12-19T22:30:19.128115989Z,01JFGGM5WH54V3KZQZR41Y89CR,2024-12-19T22:32:51.427664547Z,,,matcher,2024-12-19T23:02:16.994974021Z,1.770000,2024-12-19T23:02:41.054234479Z,/avatars/red.png,2024-12-19T22:32:51.427664547Z,"{""contextSize"":4,""contextStructure"":""noncomp"",""feedbackDuration"":3,""maxTimeout"":3,""numRepetitionsWithPartner"":4,""playerCount"":2,""selectionDuration"":60,""showNegativeFeedback"":1}",2024-12-19T22:30:19.139183046Z,full-noncomp,2024-12-19T22:30:19.139183046Z,"{""participantKey"":""5dded0203c4937e47e77220e"",""STUDY_ID"":""67649b6d70ada9c32a2ce575"",""SESSION_ID"":""67649e6c1832aa9c1440c6a8""}",2024-12-19T22:30:19.783471056Z
01JFGGQK2BT0FZKWF7K16B1AFN,https://api.dicebear.com/8.x/rings/svg?seed=Repi,2024-12-19T22:37:34.905279386Z,1.800000,2024-12-19T23:21:55.217370182Z,/tangrams/39_157.png,2024-12-19T23:21:51.865846646Z,game ended,2024-12-19T23:21:55.381238425Z,true,2024-12-19T23:23:25.048651735Z,"{""age"":""29"",""gender"":""Male"",""strategy"":""i describe shape in words like some hints"",""enjoy"":""i enjoy it really and my partner was good "",""feedback"":"""",""education"":""master""}",2024-12-19T23:23:25.022248993Z,01JFGFW0F27SHDS0SFHGM8CNDF,2024-12-19T22:35:44.738761229Z,2,2024-12-19T22:33:06.480092813Z,true,2024-12-19T22:37:34.567962894Z,Repi,2024-12-19T22:37:34.905279386Z,#29828D,2024-12-19T22:37:34.905279386Z,,,01JFGGQJ74XQ5SZJ84QESDMVKZ,2024-12-19T22:31:07.083373595Z,66919a2242f35cbe50aa095b,2024-12-19T22:31:07.083373595Z,01JFGGY0C9P7SK4FJY7CSYDBBZ,2024-12-19T22:37:34.905279386Z,,,director,2024-12-19T23:21:09.715838346Z,1.800000,2024-12-19T23:21:55.217370182Z,/avatars/blue.png,2024-12-19T22:37:34.905279386Z,"{""contextSize"":4,""contextStructure"":""comp-within"",""feedbackDuration"":3,""maxTimeout"":3,""numRepetitionsWithPartner"":4,""playerCount"":2,""selectionDuration"":60,""showNegativeFeedback"":1}",2024-12-19T22:31:07.096043792Z,full-comp-within,2024-12-19T22:31:07.096043792Z,"{""participantKey"":""66919a2242f35cbe50aa095b"",""STUDY_ID"":""67649b6d70ada9c32a2ce575"",""SESSION_ID"":""67649e2daaf6f9510d1c5bb2""}",2024-12-19T22:31:07.566157614Z
01JFGGY4EJZ4DG8DPE4SD78BN7,,,,,,,game terminated,2024-12-19T23:23:47.548282464Z,,,,,01JFGH1XJJRYBQNBNM5JF45TX7,2024-12-19T22:42:14.930458764Z,1,2024-12-19T22:35:05.393428486Z,,,,,,,,,01JFGGY3MZ8SRGW9XHRN81BEKG,2024-12-19T22:34:41.490790064Z,5f564ae0aeb6d004432338c9,2024-12-19T22:34:41.490790064Z,,,,,,,,,,,"{""contextSize"":4,""contextStructure"":""comp-within"",""feedbackDuration"":3,""maxTimeout"":3,""numRepetitionsWithPartner"":4,""playerCount"":2,""selectionDuration"":60,""showNegativeFeedback"":1}",2024-12-19T22:34:41.50404135Z,full-comp-within,2024-12-19T22:34:41.50404135Z,"{""participantKey"":""5f564ae0aeb6d004432338c9"",""STUDY_ID"":""67649b6d70ada9c32a2ce575"",""SESSION_ID"":""67649f61b74a7be801c06a6e""}",2024-12-19T22:34:41.90427136Z
01JFGHDW75EWQZ3YVHZW69KD3P,,,,,,,,,,,,,,,,,,,,,,,,,01JFGHDVJ2YC7MSCSMRDJPRC3B,2024-12-19T22:43:17.3499193Z,5ee1196c395f864ba2814469,2024-12-19T22:43:17.3499193Z,,,,,,,,,,,,,,,,
01JFGHFZV2DH6YJ0407CT757GH,,,,,,,,,,,,,,,,,,,,,,,,,01JFGHFZFR5FA4BXW7CAMTT7P9,2024-12-19T22:44:26.594359526Z,66465999853f99e3f05d5b3a,2024-12-19T22:44:26.594359526Z,,,,,,,,,,,,,,,,
01JFGGG20VJCYHZFTBJ70Z6TE8,,,,,,,game failed,2024-12-19T22:34:15.311942312Z,true,2024-12-19T22:34:42.957748102Z,"{""age"":""29"",""gender"":""male"",""strategy"":"""",""enjoy"":"""",""feedback"":"""",""education"":""master""}",2024-12-19T22:34:42.95901578Z,01JFGFX3DCBX4MM3SFD66KXEW2,2024-12-19T22:27:00.260285324Z,2,2024-12-19T22:28:44.789330553Z,true,2024-12-19T22:29:15.285134813Z,,,,,,,01JFGGG1SGZ5BSMV8AA2XJ5KH8,2024-12-19T22:27:00.251394481Z,614f253f9cb4943cc553e686,2024-12-19T22:27:00.251394481Z,,,,,,,,,,,"{""contextSize"":4,""contextStructure"":""noncomp"",""feedbackDuration"":3,""maxTimeout"":3,""numRepetitionsWithPartner"":4,""playerCount"":2,""selectionDuration"":60,""showNegativeFeedback"":1}",2024-12-19T22:27:00.260285324Z,full-noncomp,2024-12-19T22:27:00.260285324Z,"{""participantKey"":""614f253f9cb4943cc553e686"",""STUDY_ID"":""67649b6d70ada9c32a2ce575"",""SESSION_ID"":""67649d9e8a1f52146cdd2d90""}",2024-12-19T22:27:00.389623893Z
01JFGGNTZBEG8JXGQ5FW5KHVBP,https://api.dicebear.com/8.x/rings/svg?seed=Repi,2024-12-19T22:34:31.971516512Z,1.620000,2024-12-19T23:11:05.329380944Z,/tangrams/111_141.png,2024-12-19T23:11:01.966209647Z,game ended,2024-12-19T23:11:05.435433141Z,true,2024-12-19T23:12:14.207139549Z,"{""age"":""35"",""gender"":""female"",""strategy"":""I tried to use the closest thing the object looks like to describe it"",""enjoy"":""Yes, they were very good in picking hints"",""feedback"":"""",""education"":""bachelor""}",2024-12-19T23:12:14.224566229Z,01JFGFWSJTPRE578HBRT5YXA5V,2024-12-19T22:32:51.19251378Z,2,2024-12-19T22:32:30.991621556Z,true,2024-12-19T22:33:00.292757064Z,Repi,2024-12-19T22:34:31.971516512Z,#29828D,2024-12-19T22:34:31.971516512Z,1,2024-12-19T22:35:53.828761022Z,01JFGGNS8EQSEBNPWWD53VPE7H,2024-12-19T22:30:09.643278463Z,66a398080da27efcc3e8ecef,2024-12-19T22:30:09.643278463Z,01JFGGPHKK3AVZJ78J4S5VYEDK,2024-12-19T22:34:31.971516512Z,,,director,2024-12-19T23:10:38.275904192Z,1.620000,2024-12-19T23:11:05.329380944Z,/avatars/blue.png,2024-12-19T22:34:31.971516512Z,"{""contextSize"":4,""contextStructure"":""noncomp"",""feedbackDuration"":3,""maxTimeout"":3,""numRepetitionsWithPartner"":4,""playerCount"":2,""selectionDuration"":60,""showNegativeFeedback"":1}",2024-12-19T22:30:09.653186398Z,full-noncomp,2024-12-19T22:30:09.653186398Z,"{""participantKey"":""66a398080da27efcc3e8ecef"",""STUDY_ID"":""67649b6d70ada9c32a2ce575"",""SESSION_ID"":""67649e021c19a151737be64b""}",2024-12-19T22:30:10.253002124Z
01JFGGQKZZNP30T63KKY146324,https://api.dicebear.com/8.x/rings/svg?seed=Minu,2024-12-19T22:34:53.639475099Z,0,2024-12-19T22:34:53.639475099Z,,2024-12-19T22:34:55.730283086Z,game ended,2024-12-19T22:39:09.563118639Z,,,,,01JFGFWXRZTHZS7PZ2FD30KPK9,2024-12-19T22:31:08.042063218Z,2,2024-12-19T22:33:22.792922101Z,true,2024-12-19T22:34:00.582930823Z,Minu,2024-12-19T22:34:53.639475099Z,#444EA1,2024-12-19T22:34:53.639475099Z,4,2024-12-19T22:39:09.456967433Z,01JFGGQKQWV7FFCYV4DMYAKVNW,2024-12-19T22:31:08.031829894Z,5ba802ee60f3d5000169e5da,2024-12-19T22:31:08.031829894Z,01JFGGQCJGD3CD3AE43QSY05MX,2024-12-19T22:34:53.639475099Z,,,matcher,2024-12-19T22:38:05.402729862Z,0,2024-12-19T22:34:53.639475099Z,/avatars/red.png,2024-12-19T22:34:53.639475099Z,"{""contextSize"":4,""contextStructure"":""comp-between"",""feedbackDuration"":3,""maxTimeout"":3,""numRepetitionsWithPartner"":4,""playerCount"":2,""selectionDuration"":60,""showNegativeFeedback"":1}",2024-12-19T22:31:08.042063218Z,full-comp-between,2024-12-19T22:31:08.042063218Z,"{""participantKey"":""5ba802ee60f3d5000169e5da"",""STUDY_ID"":""67649b6d70ada9c32a2ce575"",""SESSION_ID"":""67649e7a79a2b48e76a537dc""}",2024-12-19T22:31:08.167807693Z
01JFGGRSN0JC24F4EJ70TPQ4HY,https://api.dicebear.com/8.x/rings/svg?seed=Repi,2024-12-19T22:38:50.799332284Z,1.890000,2024-12-19T23:03:48.029202966Z,/tangrams/425_359.png,2024-12-19T23:03:44.602936982Z,game ended,2024-12-19T23:03:48.171984823Z,true,2024-12-19T23:05:16.628812294Z,"{""age"":""35"",""gender"":""female"",""strategy"":""find a recognizable part of the picture"",""enjoy"":""yes, quick response, understood what they ment"",""feedback"":""small amount of lag one or two times"",""education"":""bachelor""}",2024-12-19T23:05:16.607428876Z,01JFGH1XJMMHNGS75E6HMA7M0G,2024-12-19T22:38:38.545693804Z,2,2024-12-19T22:34:39.278685167Z,true,2024-12-19T22:35:30.41082264Z,Repi,2024-12-19T22:38:50.799332284Z,#29828D,2024-12-19T22:38:50.799332284Z,1,2024-12-19T22:40:54.425295649Z,01JFGGRS034J68SWR97J16P7J7,2024-12-19T22:31:46.59301354Z,6663e9892f34ff5f86f4f703,2024-12-19T22:31:46.59301354Z,01JFGGZC3915SS7BASVTNGJQ8H,2024-12-19T22:38:50.799332284Z,false,2024-12-19T22:38:41.449331973Z,director,2024-12-19T23:03:27.245868297Z,1.890000,2024-12-19T23:03:48.029202966Z,/avatars/blue.png,2024-12-19T22:38:50.799332284Z,"{""contextSize"":4,""contextStructure"":""noncomp"",""feedbackDuration"":3,""maxTimeout"":3,""numRepetitionsWithPartner"":4,""playerCount"":2,""selectionDuration"":60,""showNegativeFeedback"":1}",2024-12-19T22:31:46.60275891Z,full-noncomp,2024-12-19T22:31:46.60275891Z,"{""participantKey"":""6663e9892f34ff5f86f4f703"",""STUDY_ID"":""67649b6d70ada9c32a2ce575"",""SESSION_ID"":""67649ea0087d12b546edca41""}",2024-12-19T22:31:46.964033053Z
01JFGH4ZTJD8Z188YEMP0N1ANA,,,,,,,null,2024-12-19T22:41:24.257589309Z,,,,,null,2024-12-19T22:41:24.257589309Z,1,2024-12-19T22:38:37.403878649Z,null,2024-12-19T22:41:24.257589309Z,,,,,,,01JFGH4ZDMAMZN1ZZVMBDF6QSK,2024-12-19T22:38:26.130816543Z,673214e5d151d50cfabb3870,2024-12-19T22:38:26.130816543Z,,,,,,,,,,,null,2024-12-19T22:41:24.257589309Z,null,2024-12-19T22:41:24.257589309Z,"{""participantKey"":""673214e5d151d50cfabb3870"",""STUDY_ID"":""67649b6d70ada9c32a2ce575"",""SESSION_ID"":""6764a02058d4c3ba6fb5103f""}",2024-12-19T22:38:26.346610223Z
01JFGGNR73D2HEFBKA28FAZ47Z,https://api.dicebear.com/8.x/rings/svg?seed=Repi,2024-12-19T22:38:39.074778652Z,1.740000,2024-12-19T23:02:09.672124673Z,/tangrams/268_102.png,2024-12-19T23:02:06.270071557Z,game ended,2024-12-19T23:02:09.78908561Z,true,2024-12-19T23:02:50.625916486Z,"{""age"":""23"",""gender"":""Woman"",""strategy"":""Helped to imagine the shapes as letters"",""enjoy"":""Yes, it was fun, we were communicating well"",""feedback"":"""",""education"":""other""}",2024-12-19T23:02:50.61324298Z,01JFGFW0F27SHDS0SFHRM30VA0,2024-12-19T22:34:31.729562768Z,2,2024-12-19T22:30:34.540132743Z,true,2024-12-19T22:36:24.163041671Z,Repi,2024-12-19T22:38:39.074778652Z,#29828D,2024-12-19T22:38:39.074778652Z,,,01JFGGNQKW51PHHJG6KEJAF9KV,2024-12-19T22:30:06.819534652Z,60edc94e2ddc5ffb273064aa,2024-12-19T22:30:06.819534652Z,01JFGGQNTR2KRJH94PV4GMMG7E,2024-12-19T22:38:39.074778652Z,,,director,2024-12-19T23:01:59.301359002Z,1.740000,2024-12-19T23:02:09.672124673Z,/avatars/blue.png,2024-12-19T22:38:39.074778652Z,"{""contextSize"":4,""contextStructure"":""noncomp"",""feedbackDuration"":3,""maxTimeout"":3,""numRepetitionsWithPartner"":4,""playerCount"":2,""selectionDuration"":60,""showNegativeFeedback"":1}",2024-12-19T22:30:06.832687838Z,full-noncomp,2024-12-19T22:30:06.832687838Z,"{""participantKey"":""60edc94e2ddc5ffb273064aa"",""STUDY_ID"":""67649b6d70ada9c32a2ce575"",""SESSION_ID"":""67649dff9d38f35e31ba7e59""}",2024-12-19T22:30:07.151569911Z
01JFGGRD24PX958VQJQZ9Z6038,,,,,,,game failed,2024-12-19T22:48:23.715899092Z,,,,,01JFGH3NGNFGCGPJWT49KFGXNM,2024-12-19T22:38:41.449331973Z,2,2024-12-19T22:38:28.738005818Z,,,,,,,,,01JFGGRBHHT34KPH6GGS5ZG69V,2024-12-19T22:31:33.700211021Z,671f8c30776d701138ce2a90,2024-12-19T22:31:33.700211021Z,,,,,,,,,,,"{""contextSize"":4,""contextStructure"":""noncomp"",""feedbackDuration"":3,""maxTimeout"":3,""numRepetitionsWithPartner"":4,""playerCount"":2,""selectionDuration"":60,""showNegativeFeedback"":1}",2024-12-19T22:31:33.708113437Z,full-noncomp,2024-12-19T22:31:33.708113437Z,"{""participantKey"":""671f8c30776d701138ce2a90"",""STUDY_ID"":""67649b6d70ada9c32a2ce575"",""SESSION_ID"":""67649e8c77ec536aa7a5562d""}",2024-12-19T22:31:34.21284878Z
01JFGHBKAV08DSYWP9PZ6H8GCB,,,,,,,,,,,,,,,,,,,,,,,,,01JFGHBJQEQ3RGYJNA7V59S61X,2024-12-19T22:42:02.715950134Z,6750bac54816fc7028a10a46,2024-12-19T22:42:02.715950134Z,,,,,,,,,,,,,,,,
01JFGGV5DY3QHYB5EQJPFJHDAM,,,,,,,game terminated,2024-12-19T23:23:47.548282464Z,,,,,01JFGH1XJJRYBQNBNM5JF45TX7,2024-12-19T22:42:14.930458764Z,2,2024-12-19T22:33:21.358029429Z,,,,,,,,,01JFGGV51CYSP2RP1JA7NK5JC7,2024-12-19T22:33:04.190518184Z,64f89479a4ddb9b06f033eb6,2024-12-19T22:33:04.190518184Z,,,,,,,,,,,"{""contextSize"":4,""contextStructure"":""comp-within"",""feedbackDuration"":3,""maxTimeout"":3,""numRepetitionsWithPartner"":4,""playerCount"":2,""selectionDuration"":60,""showNegativeFeedback"":1}",2024-12-19T22:33:04.201910928Z,full-comp-within,2024-12-19T22:33:04.201910928Z,"{""participantKey"":""64f89479a4ddb9b06f033eb6"",""STUDY_ID"":""67649b6d70ada9c32a2ce575"",""SESSION_ID"":""67649e6df46b0092e428559a""}",2024-12-19T22:33:04.451761501Z
01JFGH4EGXDT7R2YR1TKZQCWNZ,,,,,,,game failed,2024-12-19T22:40:03.80294044Z,true,2024-12-19T22:40:54.57424147Z,"{""age"":""26"",""gender"":""Male"",""strategy"":""N/A"",""enjoy"":""N/A"",""feedback"":""N/A"",""education"":""other""}",2024-12-19T22:40:54.567059768Z,01JFGFW0F18H8H6HC435SQXTG5,2024-12-19T22:38:08.432788046Z,2,2024-12-19T22:39:49.39533721Z,,,,,,,,,01JFGH4DYPJYA7BJE0H4G70QJG,2024-12-19T22:38:08.414035215Z,66fbe9358287b46e2a4eb14b,2024-12-19T22:38:08.414035215Z,,,,,,,,,,,"{""contextSize"":4,""contextStructure"":""comp-between"",""feedbackDuration"":3,""maxTimeout"":3,""numRepetitionsWithPartner"":4,""playerCount"":2,""selectionDuration"":60,""showNegativeFeedback"":1}",2024-12-19T22:38:08.432788046Z,full-comp-between,2024-12-19T22:38:08.432788046Z,"{""participantKey"":""66fbe9358287b46e2a4eb14b"",""STUDY_ID"":""67649b6d70ada9c32a2ce575"",""SESSION_ID"":""6764a0265127e707b256a7a7""}",2024-12-19T22:38:08.727001084Z
01JFGGPWVBCASAFRN0HXM2H3PV,,,,,,,game failed,2024-12-19T22:40:03.80294044Z,,,,,01JFGFW0F18H8H6HC435SQXTG5,2024-12-19T22:34:53.454668652Z,2,2024-12-19T22:31:23.464188949Z,,,,,,,,,01JFGGPWHX887RS9FQT180F647,2024-12-19T22:30:44.331224138Z,65c47462ace8b7c50144e518,2024-12-19T22:30:44.331224138Z,,,,,,,,,,,"{""contextSize"":4,""contextStructure"":""comp-between"",""feedbackDuration"":3,""maxTimeout"":3,""numRepetitionsWithPartner"":4,""playerCount"":2,""selectionDuration"":60,""showNegativeFeedback"":1}",2024-12-19T22:30:44.340791382Z,full-comp-between,2024-12-19T22:30:44.340791382Z,"{""participantKey"":""65c47462ace8b7c50144e518"",""STUDY_ID"":""67649b6d70ada9c32a2ce575"",""SESSION_ID"":""67649e428a1f52146cdd2db5""}",2024-12-19T22:30:44.517756222Z
01JFGHG5DYWMBWQHHPDNB1AJC8,,,,,,,,,,,,,,,,,,,,,,,,,01JFGHG4R21ZY1BPCPHE105BBM,2024-12-19T22:44:32.318300071Z,5f480ae988eb7429641eae29,2024-12-19T22:44:32.318300071Z,,,,,,,,,,,,,,,,
01JFGJ42576S2EHRGFEJ70HT85,,,,,,,,,,,,,,,,,,,,,,,,,01JFGJ40G5FB30XZ10R8JG1GJJ,2024-12-19T22:55:24.327722394Z,6668573842afc8f5b5bc219e,2024-12-19T22:55:24.327722394Z,,,,,,,,,,,,,,,,
01JFGGQZZ2PCA1ZPXZN9MKMMDD,https://api.dicebear.com/8.x/rings/svg?seed=Repi,2024-12-19T22:35:44.989232302Z,0,2024-12-19T22:35:44.989232302Z,,2024-12-19T22:35:50.693939006Z,game ended,2024-12-19T22:40:12.75085555Z,true,2024-12-19T22:40:59.520277471Z,"{""age"":""34"",""gender"":""female"",""strategy"":""describe the shape "",""enjoy"":""no, no response"",""feedback"":"""",""education"":""bachelor""}",2024-12-19T22:40:59.511088276Z,01JFGFWXS1CYQ8W1715TNGRP4P,2024-12-19T22:31:20.300416389Z,2,2024-12-19T22:33:18.569204574Z,true,2024-12-19T22:33:47.643385825Z,Repi,2024-12-19T22:35:44.989232302Z,#29828D,2024-12-19T22:35:44.989232302Z,4,2024-12-19T22:40:12.703711299Z,01JFGGQZJTF9M14HX9Q5WMNJVF,2024-12-19T22:31:20.290181332Z,5c01d3c509e9c70001500b10,2024-12-19T22:31:20.290181332Z,01JFGGST53E0CTAJ7TE9YSWSHV,2024-12-19T22:35:44.989232302Z,,,director,2024-12-19T22:39:09.428213224Z,0,2024-12-19T22:35:44.989232302Z,/avatars/blue.png,2024-12-19T22:35:44.989232302Z,"{""contextSize"":4,""contextStructure"":""comp-within"",""feedbackDuration"":3,""maxTimeout"":3,""numRepetitionsWithPartner"":4,""playerCount"":2,""selectionDuration"":60,""showNegativeFeedback"":1}",2024-12-19T22:31:20.300416389Z,full-comp-within,2024-12-19T22:31:20.300416389Z,"{""participantKey"":""5c01d3c509e9c70001500b10"",""STUDY_ID"":""67649b6d70ada9c32a2ce575"",""SESSION_ID"":""67649de0ac8d6c44d51d2aa2""}",2024-12-19T22:31:20.472160881Z
01JFGGZC3915SS7BASVTNGJQ8H,https://api.dicebear.com/8.x/rings/svg?seed=Minu,2024-12-19T22:38:50.799332284Z,1.890000,2024-12-19T23:03:48.029202966Z,/tangrams/425_359.png,2024-12-19T23:03:44.630118484Z,game ended,2024-12-19T23:03:48.171984823Z,true,2024-12-19T23:04:45.973441802Z,"{""age"":""24"",""gender"":""female"",""strategy"":""Found the shape that was different in the target. Naming them "",""enjoy"":""Yes, because they were quick and fast with descriptions "",""feedback"":""N/a"",""education"":""high-school""}",2024-12-19T23:04:45.990627722Z,01JFGH1XJMMHNGS75E6HMA7M0G,2024-12-19T22:38:38.545693804Z,2,2024-12-19T22:36:47.630360298Z,true,2024-12-19T22:38:38.522308137Z,Minu,2024-12-19T22:38:50.799332284Z,#444EA1,2024-12-19T22:38:50.799332284Z,1,2024-12-19T22:40:54.425295649Z,01JFGGZBX2NZEA1CZF2FCZDH8R,2024-12-19T22:35:22.089935201Z,6732648ad79d030afb04c9f1,2024-12-19T22:35:22.089935201Z,01JFGGRSN0JC24F4EJ70TPQ4HY,2024-12-19T22:38:50.799332284Z,false,2024-12-19T22:38:41.461769031Z,matcher,2024-12-19T23:03:27.245868297Z,1.890000,2024-12-19T23:03:48.029202966Z,/avatars/red.png,2024-12-19T22:38:50.799332284Z,"{""contextSize"":4,""contextStructure"":""noncomp"",""feedbackDuration"":3,""maxTimeout"":3,""numRepetitionsWithPartner"":4,""playerCount"":2,""selectionDuration"":60,""showNegativeFeedback"":1}",2024-12-19T22:35:22.098166058Z,full-noncomp,2024-12-19T22:35:22.098166058Z,"{""participantKey"":""6732648ad79d030afb04c9f1"",""STUDY_ID"":""67649b6d70ada9c32a2ce575"",""SESSION_ID"":""67649f8db563ea065ea53779""}",2024-12-19T22:35:22.202307873Z
01JFGH9N89BJHQ0G9TGZVH9VKV,https://api.dicebear.com/8.x/rings/svg?seed=Minu,2024-12-19T22:42:15.688776298Z,1.800000,2024-12-19T23:12:30.531361794Z,/tangrams/287_251.png,2024-12-19T23:12:27.173909214Z,game ended,2024-12-19T23:12:30.644134292Z,true,2024-12-19T23:13:05.436333972Z,"{""age"":""22"",""gender"":""Male"",""strategy"":""Describe and make a pattern"",""enjoy"":""It was good they were very fun and cooperative\n"",""feedback"":"""",""education"":""high-school""}",2024-12-19T23:13:05.42168109Z,01JFGFWSJSN7CYYEARKZXH111B,2024-12-19T22:41:21.8662209Z,2,2024-12-19T22:41:41.969343707Z,true,2024-12-19T22:42:14.880586395Z,Minu,2024-12-19T22:42:15.688776298Z,#444EA1,2024-12-19T22:42:15.688776298Z,1,2024-12-19T22:43:33.84204078Z,01JFGH9MNGXX4E80NRBEXFBGDH,2024-12-19T22:40:59.145997665Z,61059c8fd2df1b4374bd21d9,2024-12-19T22:40:59.145997665Z,01JFGH16HG62KY2MJ06QSVA7NF,2024-12-19T22:42:15.688776298Z,,,matcher,2024-12-19T23:11:47.994098977Z,1.800000,2024-12-19T23:12:30.531361794Z,/avatars/red.png,2024-12-19T22:42:15.688776298Z,"{""contextSize"":4,""contextStructure"":""comp-within"",""feedbackDuration"":3,""maxTimeout"":3,""numRepetitionsWithPartner"":4,""playerCount"":2,""selectionDuration"":60,""showNegativeFeedback"":1}",2024-12-19T22:41:21.8662209Z,full-comp-within,2024-12-19T22:41:21.8662209Z,"{""participantKey"":""61059c8fd2df1b4374bd21d9"",""STUDY_ID"":""67649b6d70ada9c32a2ce575"",""SESSION_ID"":""6764a05df4da0156234511ef""}",2024-12-19T22:41:22.093549674Z
01JFGGM5WH54V3KZQZR41Y89CR,https://api.dicebear.com/8.x/rings/svg?seed=Repi,2024-12-19T22:32:51.427664547Z,1.770000,2024-12-19T23:02:41.054234479Z,/tangrams/118_224.png,2024-12-19T23:02:37.562206016Z,game ended,2024-12-19T23:02:41.224656417Z,true,2024-12-19T23:04:32.835106733Z,"{""age"":""35"",""gender"":""Female"",""strategy"":""I tried to explain the shapes with the help of alphabets, geomatrical shapes, or with human or animal figures"",""enjoy"":""yes, so much"",""feedback"":""nothing, all good"",""education"":""master""}",2024-12-19T23:04:32.850012106Z,01JFGFWXS1CYQ8W171661NCV0C,2024-12-19T22:29:15.292117738Z,2,2024-12-19T22:32:05.875500938Z,true,2024-12-19T22:32:51.167878056Z,Repi,2024-12-19T22:32:51.427664547Z,#29828D,2024-12-19T22:32:51.427664547Z,1,2024-12-19T22:33:58.048423506Z,01JFGGM5154CPGQGKVSE4VYGDV,2024-12-19T22:29:15.2812068Z,5ea32a0ea7b59a0c92e82ac8,2024-12-19T22:29:15.2812068Z,01JFGGP47REW1HB8Q0ZPA3FHPJ,2024-12-19T22:32:51.427664547Z,,,director,2024-12-19T23:02:16.994974021Z,1.770000,2024-12-19T23:02:41.054234479Z,/avatars/blue.png,2024-12-19T22:32:51.427664547Z,"{""contextSize"":4,""contextStructure"":""noncomp"",""feedbackDuration"":3,""maxTimeout"":3,""numRepetitionsWithPartner"":4,""playerCount"":2,""selectionDuration"":60,""showNegativeFeedback"":1}",2024-12-19T22:29:15.292117738Z,full-noncomp,2024-12-19T22:29:15.292117738Z,"{""participantKey"":""5ea32a0ea7b59a0c92e82ac8"",""STUDY_ID"":""67649b6d70ada9c32a2ce575"",""SESSION_ID"":""67649e10b4c5d8e6fdf16fb7""}",2024-12-19T22:29:15.705317075Z
01JFGGMRX0QEND5T0E7G8PP548,,,,,,,game terminated,2024-12-19T23:23:47.548282464Z,true,2024-12-19T23:30:04.941657591Z,,,01JFGH1XJJRYBQNBNM5JF45TX7,2024-12-19T22:42:14.930458764Z,1,2024-12-19T22:30:22.625907928Z,null,2024-12-19T22:41:49.948765711Z,,,,,,,01JFGGMQD1MJ6X11K6ARZBPTN3,2024-12-19T22:29:34.752211177Z,665a228b8603f08c660bcc3e,2024-12-19T22:29:34.752211177Z,,,,,,,,,,,"{""contextSize"":4,""contextStructure"":""comp-within"",""feedbackDuration"":3,""maxTimeout"":3,""numRepetitionsWithPartner"":4,""playerCount"":2,""selectionDuration"":60,""showNegativeFeedback"":1}",2024-12-19T22:41:49.971687207Z,full-comp-within,2024-12-19T22:41:49.971687207Z,"{""participantKey"":""665a228b8603f08c660bcc3e"",""STUDY_ID"":""67649b6d70ada9c32a2ce575"",""SESSION_ID"":""67649ddaf8741cffcc58560e""}",2024-12-19T22:29:35.256328546Z
01JFGGP7789N1AWT2HVXV7FDCV,,,,,,,game failed,2024-12-19T22:40:03.80294044Z,,,,,01JFGFW0F18H8H6HC435SQXTG5,2024-12-19T22:34:53.454668652Z,2,2024-12-19T22:32:17.132222405Z,,,,,,,,,01JFGGP5ANATN8JXC2ZT5CQ91D,2024-12-19T22:30:22.184860642Z,67367dc2bf3c97b608d5b30a,2024-12-19T22:30:22.184860642Z,,,,,,,,,,,"{""contextSize"":4,""contextStructure"":""comp-between"",""feedbackDuration"":3,""maxTimeout"":3,""numRepetitionsWithPartner"":4,""playerCount"":2,""selectionDuration"":60,""showNegativeFeedback"":1}",2024-12-19T22:30:22.194774444Z,full-comp-between,2024-12-19T22:30:22.194774444Z,"{""participantKey"":""67367dc2bf3c97b608d5b30a"",""STUDY_ID"":""67649b6d70ada9c32a2ce575"",""SESSION_ID"":""67649e321e1c535b973f342d""}",2024-12-19T22:30:23.098610418Z
01JFGGQCJGD3CD3AE43QSY05MX,https://api.dicebear.com/8.x/rings/svg?seed=Repi,2024-12-19T22:34:53.639475099Z,0,2024-12-19T22:34:53.639475099Z,,2024-12-19T22:34:55.730283086Z,game ended,2024-12-19T22:39:09.563118639Z,,,,,01JFGFWXRZTHZS7PZ2FD30KPK9,2024-12-19T22:31:00.439746943Z,2,2024-12-19T22:34:28.148948944Z,true,2024-12-19T22:34:53.441208253Z,Repi,2024-12-19T22:34:53.639475099Z,#29828D,2024-12-19T22:34:53.639475099Z,4,2024-12-19T22:39:09.456967433Z,01JFGGQBZCEN4PT53P261JZR8A,2024-12-19T22:31:00.432676263Z,6658b14998569e477b21cd80,2024-12-19T22:31:00.432676263Z,01JFGGQKZZNP30T63KKY146324,2024-12-19T22:34:53.639475099Z,,,director,2024-12-19T22:38:05.402729862Z,0,2024-12-19T22:34:53.639475099Z,/avatars/blue.png,2024-12-19T22:34:53.639475099Z,"{""contextSize"":4,""contextStructure"":""comp-between"",""feedbackDuration"":3,""maxTimeout"":3,""numRepetitionsWithPartner"":4,""playerCount"":2,""selectionDuration"":60,""showNegativeFeedback"":1}",2024-12-19T22:31:00.439746943Z,full-comp-between,2024-12-19T22:31:00.439746943Z,"{""participantKey"":""6658b14998569e477b21cd80"",""STUDY_ID"":""67649b6d70ada9c32a2ce575"",""SESSION_ID"":""67649e893c913156604c88ea""}",2024-12-19T22:31:00.744330466Z
01JFGGQNTR2KRJH94PV4GMMG7E,https://api.dicebear.com/8.x/rings/svg?seed=Minu,2024-12-19T22:38:39.074778652Z,1.740000,2024-12-19T23:02:09.672124673Z,/tangrams/268_102.png,2024-12-19T23:02:06.257877356Z,game ended,2024-12-19T23:02:09.78908561Z,true,2024-12-19T23:02:59.19714624Z,"{""age"":""33"",""gender"":""female"",""strategy"":""finding similar letters"",""enjoy"":""I felt bad for guessing some of them incorrectly."",""feedback"":"""",""education"":""high-school""}",2024-12-19T23:02:58.98792984Z,01JFGFW0F27SHDS0SFHRM30VA0,2024-12-19T22:34:31.729562768Z,2,2024-12-19T22:35:42.63904159Z,true,2024-12-19T22:36:17.528441152Z,Minu,2024-12-19T22:38:39.074778652Z,#444EA1,2024-12-19T22:38:39.074778652Z,,,01JFGGQN20ZEMN1A6HCJ2HRF11,2024-12-19T22:31:09.912972367Z,5962a5b29955ee00015bce98,2024-12-19T22:31:09.912972367Z,01JFGGNR73D2HEFBKA28FAZ47Z,2024-12-19T22:38:39.074778652Z,,,matcher,2024-12-19T23:01:59.301359002Z,1.740000,2024-12-19T23:02:09.672124673Z,/avatars/red.png,2024-12-19T22:38:39.074778652Z,"{""contextSize"":4,""contextStructure"":""noncomp"",""feedbackDuration"":3,""maxTimeout"":3,""numRepetitionsWithPartner"":4,""playerCount"":2,""selectionDuration"":60,""showNegativeFeedback"":1}",2024-12-19T22:31:09.919673876Z,full-noncomp,2024-12-19T22:31:09.919673876Z,"{""participantKey"":""5962a5b29955ee00015bce98"",""STUDY_ID"":""67649b6d70ada9c32a2ce575"",""SESSION_ID"":""67649da916158f9fb43a8598""}",2024-12-19T22:31:10.518289326Z
