id,batchID,batchIDLastChangedAt,gameID,gameIDLastChangedAt,playerID,playerIDLastChangedAt
01JJT302BHRH6CYTHK56KY6J4G,01JJT2DHDDMGCYCV7BPEX6W491,2025-01-29T22:30:34.609606445Z,01JJT2DHDMRMP736JMM5WS1ZTG,2025-01-29T22:30:34.609606445Z,01JJT2SMD8X4V0W6ZYN0Z2775A,2025-01-29T22:30:34.609606445Z
01JJT30TG3J92PNPGAH1P88HYJ,01JJT2DHZPQCKPJ13EKVAMJTFH,2025-01-29T22:30:59.331295924Z,01JJT2DHZW0D7CNFJK4DZQY442,2025-01-29T22:30:59.331295924Z,01JJT2QSHT45FM2K384GH6B9B0,2025-01-29T22:30:59.331295924Z
01JJT2RQHN3XAZQK4FRYNQTDRQ,01JJT2DECKACW7AS3F1870A263,2025-01-29T22:26:34.166006017Z,01JJT2DECZGZQSF5DCQRCGP5BW,2025-01-29T22:26:34.166006017Z,01JJT2KJAXM2MS4GSCMHPZY6QW,2025-01-29T22:26:34.166006017Z
01JJT2TT15Y2XT7DCAJA3BKB1G,01JJT2DG44XEQ74A8SA9FP74ZV,2025-01-29T22:27:42.24542154Z,01JJT2DG4AMXFFPFE3Y6R88976,2025-01-29T22:27:42.24542154Z,01JJT2M6QWQK9X9HXC4F4JRF2M,2025-01-29T22:27:42.24542154Z
01JJT2TT15Y2XT7DCAJN94PN28,01JJT2DG44XEQ74A8SA9FP74ZV,2025-01-29T22:27:42.245721625Z,01JJT2DG4AMXFFPFE3Y6R88976,2025-01-29T22:27:42.245721625Z,01JJT2Q911RHRPD36BZ1XT0CZG,2025-01-29T22:27:42.245721625Z
01JJT302BGX1X3M9Z121A92DQS,01JJT2DHDDMGCYCV7BPEX6W491,2025-01-29T22:30:34.6088794Z,01JJT2DHDMRMP736JMM5WS1ZTG,2025-01-29T22:30:34.6088794Z,01JJT2P5CDF2NP3376EK9EFK5H,2025-01-29T22:30:34.6088794Z
01JJT30TG3J92PNPGAH8V5VVYH,01JJT2DHZPQCKPJ13EKVAMJTFH,2025-01-29T22:30:59.331977511Z,01JJT2DHZW0D7CNFJK4DZQY442,2025-01-29T22:30:59.331977511Z,01JJT2STAPW8HKSHF3B1206NDW,2025-01-29T22:30:59.331977511Z
01JJT350P32ZA9CBBWV0J0GST1,01JJT2DKYGR46EPDYQFDACH06E,2025-01-29T22:33:16.739426298Z,01JJT2DKYPY3YJ4Q3CCD5B1A1F,2025-01-29T22:33:16.739426298Z,01JJT2QMYC4S486AT3FK5KP90G,2025-01-29T22:33:16.739426298Z
01JJT350P44WC6S2STQX46S0BS,01JJT2DKYGR46EPDYQFDACH06E,2025-01-29T22:33:16.740773428Z,01JJT2DKYPY3YJ4Q3CCD5B1A1F,2025-01-29T22:33:16.740773428Z,01JJT2XAQE74A5MJHV2QB5SR52,2025-01-29T22:33:16.740773428Z
01JJT2RQHPYHF5HTBJ6DNE0MGR,01JJT2DECKACW7AS3F1870A263,2025-01-29T22:26:34.16612461Z,01JJT2DECZGZQSF5DCQRCGP5BW,2025-01-29T22:26:34.16612461Z,01JJT2M3GTKSPT8S908C9HB8P1,2025-01-29T22:26:34.16612461Z
