id,batchID,batchIDLastChangedAt,gameID,gameIDLastChangedAt,playerID,playerIDLastChangedAt
01JH10G6J1S57CDFWPCV3E6QDG,01JH0ZJAX6SKCT4W7XVG490DBA,2025-01-07T18:30:14.849759006Z,01JH0ZJAXXGE7NR06XJDY2MWKW,2025-01-07T18:30:14.849759006Z,01JH0ZZQRJ088VTZ4BK5WZ5MYH,2025-01-07T18:30:14.849759006Z
01JH10TFN9DNVSR3QZ2J9ZYMBZ,01JH0YW88SXQAVDXG9KWSJX4BN,2025-01-07T18:35:51.849105676Z,01JH0YW899PD6KSY7EQWBD7C81,2025-01-07T18:35:51.849105676Z,01JH10D3QMW178B4QXDNK94Q9F,2025-01-07T18:35:51.849105676Z
01JH16TAZ1QAQHGBCBKRM9TPFK,01JH16G2DGKHCBDNMABEKQVNAM,2025-01-07T20:20:38.49782978Z,01JH16G2KK12WBJF9J75ZDWEXK,2025-01-07T20:20:38.49782978Z,01JH16KS8FMSPVZ1AHHPTX9Z7Q,2025-01-07T20:20:38.49782978Z
01JH112JQYY0MVDNVMWSX975XG,01JH0ZW4PCB9TBDZMH5NWZ5G1E,2025-01-07T18:40:17.150223778Z,01JH0ZW4Q2AHGQD213SFSDFHFH,2025-01-07T18:40:17.150223778Z,01JH103ATD3MNME9CM6W630X24,2025-01-07T18:40:17.150223778Z
01JH17Y1YHVQYSVSPYFY2AGYNG,01JH16GC64174T7CVHW3RPJ4WS,2025-01-07T20:40:08.913394346Z,01JH16GC95ANF51QB6EYQCMA3V,2025-01-07T20:40:08.913394346Z,01JH17A1DH58WY3B9AYQZV979F,2025-01-07T20:40:08.913394346Z
01JH0Z5ZYEV222CPKA0SX7Z923,01JH0YPC3EKRB8H02J43HQQMKS,2025-01-07T18:07:11.822945289Z,01JH0YPC4PQ2SZZT98DCX2XKP3,2025-01-07T18:07:11.822945289Z,01JH0YWVP8MYRHJX6GYK4YNCSQ,2025-01-07T18:07:11.822945289Z
01JH0ZW9GF45WJ38A0XFV6BYS1,01JH0YPC3EKRB8H02J43HQQMKS,2025-01-07T18:19:22.511361134Z,01JH0YPC4R1XMMR506PW3T899B,2025-01-07T18:19:22.511361134Z,01JH0ZS6TEEZTSN6DTAG7QZ8YS,2025-01-07T18:19:22.511361134Z
01JH112JQM6Z01BSF2F88WHACM,01JH0ZW4PCB9TBDZMH5NWZ5G1E,2025-01-07T18:40:17.141006349Z,01JH0ZW4Q2AHGQD213SFSDFHFH,2025-01-07T18:40:17.141006349Z,01JH0ZVCE46SE8GYA8GQ0GHKGV,2025-01-07T18:40:17.141006349Z
01JH11ATN521341WNXWKNNEW3N,01JH0ZJAX6SKCT4W7XVG490DBA,2025-01-07T18:44:47.397396773Z,01JH0ZJAXV43N3BVBHY3X1SS15,2025-01-07T18:44:47.397396773Z,01JH116VPDXTYT77ZFKS3VZ75G,2025-01-07T18:44:47.397396773Z
01JH16RTE4KG9M0EP1G6N5EM10,01JH16G2DGKHCBDNMABEKQVNAM,2025-01-07T20:19:48.804713676Z,01JH16G2N16VV2Z2ZD26T2TG2N,2025-01-07T20:19:48.804713676Z,01JH16K8JGRDA2R62NXZ6PSAF9,2025-01-07T20:19:48.804713676Z
01JH17Y200XS9M5N6XRG8YD40Q,01JH16GC64174T7CVHW3RPJ4WS,2025-01-07T20:40:08.960988865Z,01JH16GC95ANF51QB6EYQCMA3V,2025-01-07T20:40:08.960988865Z,01JH17AC9K40P3NTBZP32ZYCM7,2025-01-07T20:40:08.960988865Z
01JH0Z5ZYFAQPSVDWPF1NWV9XF,01JH0YPC3EKRB8H02J43HQQMKS,2025-01-07T18:07:11.823167102Z,01JH0YPC4PQ2SZZT98DCX2XKP3,2025-01-07T18:07:11.823167102Z,01JH0YYB8YNEDQSFMX34EKSY7X,2025-01-07T18:07:11.823167102Z
01JH0ZHY9SFNE6A1NXBY031FNP,01JH0YPC3EKRB8H02J43HQQMKS,2025-01-07T18:13:43.353859737Z,01JH0YPC4NS99AQ4RGT50WE76D,2025-01-07T18:13:43.353859737Z,01JH0ZF8TRM7V47TBA0K2KGSW6,2025-01-07T18:13:43.353859737Z
01JH10TFNFWJR92650SXH8650J,01JH0YW88SXQAVDXG9KWSJX4BN,2025-01-07T18:35:51.855221886Z,01JH0YW899PD6KSY7EQWBD7C81,2025-01-07T18:35:51.855221886Z,01JH10KQNGZFF28QS5MVWVGPEK,2025-01-07T18:35:51.855221886Z
01JH0ZNXDECZ1AV4RQ9TA98JGT,01JH0YW88SXQAVDXG9KWSJX4BN,2025-01-07T18:15:53.518533559Z,01JH0YW898ZZGZ4521HGEPZ2RP,2025-01-07T18:15:53.518533559Z,01JH0ZGCE0SZNDNF9KEBZD782P,2025-01-07T18:15:53.518533559Z
01JH10G6HXA2WTGENM2EGS35A9,01JH0ZJAX6SKCT4W7XVG490DBA,2025-01-07T18:30:14.845996993Z,01JH0ZJAXXGE7NR06XJDY2MWKW,2025-01-07T18:30:14.845996993Z,01JH0ZRRSJTRCZ4ZDNZN1NM18J,2025-01-07T18:30:14.845996993Z
01JH150DDZQGNGJWJFKWKPRPYQ,01JH0ZJAX6SKCT4W7XVG490DBA,2025-01-07T19:49:00.479510226Z,01JH0ZJAXYW944PXCEPQ45X3TW,2025-01-07T19:49:00.479510226Z,01JH14NY2S2NX1EZN2C9RWX3P3,2025-01-07T19:49:00.479510226Z
01JH0ZW9GCQAPWKZKG3GVGN16A,01JH0YPC3EKRB8H02J43HQQMKS,2025-01-07T18:19:22.508862117Z,01JH0YPC4R1XMMR506PW3T899B,2025-01-07T18:19:22.508862117Z,01JH0ZFF7ZSP75ZGWGR8492XSG,2025-01-07T18:19:22.508862117Z
01JH11ATMVJ764QVQJW82GSDKA,01JH0ZJAX6SKCT4W7XVG490DBA,2025-01-07T18:44:47.387386009Z,01JH0ZJAXV43N3BVBHY3X1SS15,2025-01-07T18:44:47.387386009Z,01JH10SNGJNF2F597FJKR9SY4T,2025-01-07T18:44:47.387386009Z
01JH16RTDGZP11B9P781R479JF,01JH16G2DGKHCBDNMABEKQVNAM,2025-01-07T20:19:48.784128887Z,01JH16G2N16VV2Z2ZD26T2TG2N,2025-01-07T20:19:48.784128887Z,01JH0YW5A6WAA4Q6SXZTGRN794,2025-01-07T20:19:48.784128887Z
01JH105ESA5QNXT8B9SF0P8S3X,01JH0YW88SXQAVDXG9KWSJX4BN,2025-01-07T18:24:22.82696983Z,01JH0YW899PD6KSY7EQEAXBBBC,2025-01-07T18:24:22.82696983Z,01JH0ZVX8S2SBNZZFA5V7NKGW1,2025-01-07T18:24:22.82696983Z
01JH150DDGF9PN6N3GKPNQ6HD6,01JH0ZJAX6SKCT4W7XVG490DBA,2025-01-07T19:49:00.464435712Z,01JH0ZJAXYW944PXCEPQ45X3TW,2025-01-07T19:49:00.464435712Z,01JH14EHNP0989SWS80XTG93E8,2025-01-07T19:49:00.464435712Z
01JH17B90G202RMZT5CSRS95GD,01JH16GC64174T7CVHW3RPJ4WS,2025-01-07T20:29:53.55295398Z,01JH16GC9W6FMGAV86655KYY63,2025-01-07T20:29:53.55295398Z,01JH16W8EY1V73TD5KGBAMNVQ9,2025-01-07T20:29:53.55295398Z
01JH0ZHY9SFNE6A1NXBN16KB2E,01JH0YPC3EKRB8H02J43HQQMKS,2025-01-07T18:13:43.353349068Z,01JH0YPC4NS99AQ4RGT50WE76D,2025-01-07T18:13:43.353349068Z,01JH0YVPJHJA484R92F8Q7QA88,2025-01-07T18:13:43.353349068Z
01JH105ES624ASGCW2E8NXPDKR,01JH0YW88SXQAVDXG9KWSJX4BN,2025-01-07T18:24:22.822982463Z,01JH0YW899PD6KSY7EQEAXBBBC,2025-01-07T18:24:22.822982463Z,01JH0ZSK9VP35HG27XV96QGK8P,2025-01-07T18:24:22.822982463Z
01JH16TAZN0HHQJ1BMCHC5BEE4,01JH16G2DGKHCBDNMABEKQVNAM,2025-01-07T20:20:38.517429817Z,01JH16G2KK12WBJF9J75ZDWEXK,2025-01-07T20:20:38.517429817Z,01JH16NJ1MECQD0S8DAJ39REQ5,2025-01-07T20:20:38.517429817Z
01JH17B8ZPA7GTE0H4JVQWYE5T,01JH16GC64174T7CVHW3RPJ4WS,2025-01-07T20:29:53.526531761Z,01JH16GC9W6FMGAV86655KYY63,2025-01-07T20:29:53.526531761Z,01JH16R0FXPRTDDKM3EZ4AHETJ,2025-01-07T20:29:53.526531761Z
01JH0ZNXDD6GFFMVQRAPW43YW7,01JH0YW88SXQAVDXG9KWSJX4BN,2025-01-07T18:15:53.517509322Z,01JH0YW898ZZGZ4521HGEPZ2RP,2025-01-07T18:15:53.517509322Z,01JH0ZDNTCH13XZDTNSGWAN5YP,2025-01-07T18:15:53.517509322Z
01JH172BE1XD51NBH69JH773NN,01JH16G2DGKHCBDNMABEKQVNAM,2025-01-07T20:25:01.121934038Z,01JH16G2JGQZGTF3X42GEXBVE1,2025-01-07T20:25:01.121934038Z,01JH16KE9DJ3AKDCTWNY4P8HY4,2025-01-07T20:25:01.121934038Z
01JH172BF2C1DA6ED418HPRQ3V,01JH16G2DGKHCBDNMABEKQVNAM,2025-01-07T20:25:01.154136992Z,01JH16G2JGQZGTF3X42GEXBVE1,2025-01-07T20:25:01.154136992Z,01JH16T46ECRT2DCA0TCK3A9FY,2025-01-07T20:25:01.154136992Z
