id,actualPlayerCount,actualPlayerCountLastChangedAt,batchID,batchIDLastChangedAt,bottomTangrams,bottomTangramsLastChangedAt,contextSize,contextSizeLastChangedAt,contextStructure,contextStructureLastChangedAt,ended,endedLastChangedAt,endedInactive,endedInactiveLastChangedAt,endedReason,endedReasonLastChangedAt,groupID,groupIDLastChangedAt,justStarted,justStartedLastChangedAt,maxTimeout,maxTimeoutLastChangedAt,numRoundsInactive,numRoundsInactiveLastChangedAt,rotation,rotationLastChangedAt,roundIndex,roundIndexLastChangedAt,showNegativeFeedback,showNegativeFeedbackLastChangedAt,stageID,stageIDLastChangedAt,start,startLastChangedAt,starting,startingLastChangedAt,status,statusLastChangedAt,targets,targetsLastChangedAt,topTangrams,topTangramsLastChangedAt,treatment,treatmentLastChangedAt,treatmentName,treatmentNameLastChangedAt
01JHR42ZN6K3AHQ2FK7EMJTDCS,2,2025-01-16T18:13:34.240607861Z,01JHR42ZMY4V1MQDTG879V1A5E,2025-01-16T17:55:28.038336696Z,"[351,74,233,96]",2025-01-16T18:13:34.491336123Z,4,2025-01-16T18:13:34.273491584Z,comp-within,2025-01-16T18:13:34.273491584Z,true,2025-01-16T18:45:53.699768602Z,false,2025-01-16T18:13:34.273491584Z,end of game,2025-01-16T18:45:53.813282204Z,01JHR42ZNHBMFW7PMAPPRQKKQS,2025-01-16T17:55:28.050538665Z,false,2025-01-16T18:13:40.201347186Z,5,2025-01-16T18:13:34.273491584Z,0,2025-01-16T18:15:19.093266403Z,180,2025-01-16T18:13:34.273491584Z,63,2025-01-16T18:13:34.491336123Z,1,2025-01-16T18:13:34.273491584Z,null,2025-01-16T18:45:53.699768602Z,true,2025-01-16T18:13:34.240607861Z,true,2025-01-16T18:13:34.240607861Z,ended,2025-01-16T18:45:53.813282204Z,"[[247,351],[247,74],[247,233],[247,96],[332,351],[332,74],[332,233],[332,96],[262,351],[262,74],[262,233],[262,96],[416,351],[416,74],[416,233],[416,96]]",2025-01-16T18:13:34.491336123Z,"[247,332,262,416]",2025-01-16T18:13:34.491336123Z,"{""contextSize"":4,""contextStructure"":""comp-within"",""feedbackDuration"":3,""maxTimeout"":5,""numRepetitionsWithPartner"":4,""playerCount"":2,""selectionDuration"":60,""showNegativeFeedback"":1}",2025-01-16T17:55:28.038336696Z,full-comp-within,2025-01-16T17:55:28.038336696Z
01JHR431HXNZDY0T9MGPCJ1R8D,2,2025-01-16T18:22:37.046553881Z,01JHR431HPBAKRAVRE1TM3TDJ8,2025-01-16T17:55:29.981367983Z,"[157,139,106,7]",2025-01-16T18:22:37.996423317Z,4,2025-01-16T18:22:37.143139517Z,comp-within,2025-01-16T18:22:37.143139517Z,true,2025-01-16T18:58:52.660948252Z,true,2025-01-16T18:58:52.575450785Z,timeOut,2025-01-16T18:58:52.575450785Z,01JHR431J8J1T519W3DP06MF7R,2025-01-16T17:55:29.995360263Z,false,2025-01-16T18:22:59.431957597Z,5,2025-01-16T18:22:37.143139517Z,5,2025-01-16T18:58:52.575450785Z,180,2025-01-16T18:22:37.143139517Z,63,2025-01-16T18:22:37.996423317Z,1,2025-01-16T18:22:37.143139517Z,null,2025-01-16T18:58:52.660948252Z,true,2025-01-16T18:22:37.046553881Z,true,2025-01-16T18:22:37.046553881Z,ended,2025-01-16T18:58:52.575450785Z,"[[462,157],[462,139],[462,106],[462,7],[132,157],[132,139],[132,106],[132,7],[343,157],[343,139],[343,106],[343,7],[215,157],[215,139],[215,106],[215,7]]",2025-01-16T18:22:37.996423317Z,"[462,132,343,215]",2025-01-16T18:22:37.996423317Z,"{""contextSize"":4,""contextStructure"":""comp-within"",""feedbackDuration"":3,""maxTimeout"":5,""numRepetitionsWithPartner"":4,""playerCount"":2,""selectionDuration"":60,""showNegativeFeedback"":1}",2025-01-16T17:55:29.981367983Z,full-comp-within,2025-01-16T17:55:29.981367983Z
01JHR432BCE2ZG5S313ABK0GRK,2,2025-01-16T18:28:38.553772485Z,01JHR432B50GM2BWWH0J2BJEYF,2025-01-16T17:55:30.796512185Z,"[291,357,259,47]",2025-01-16T18:28:40.880945909Z,4,2025-01-16T18:28:38.715749743Z,comp-within,2025-01-16T18:28:38.715749743Z,true,2025-01-16T18:58:48.740364001Z,false,2025-01-16T18:28:38.715749743Z,end of game,2025-01-16T18:58:49.365083028Z,01JHR432BPFTXS4EPFZYNNEY1A,2025-01-16T17:55:30.807801068Z,false,2025-01-16T18:29:24.293054329Z,5,2025-01-16T18:28:38.715749743Z,0,2025-01-16T18:34:14.560255958Z,0,2025-01-16T18:28:38.715749743Z,63,2025-01-16T18:28:40.880945909Z,1,2025-01-16T18:28:38.715749743Z,null,2025-01-16T18:58:48.740364001Z,true,2025-01-16T18:28:38.553772485Z,true,2025-01-16T18:28:38.553772485Z,ended,2025-01-16T18:58:49.365083028Z,"[[203,291],[203,357],[203,259],[203,47],[249,291],[249,357],[249,259],[249,47],[459,291],[459,357],[459,259],[459,47],[78,291],[78,357],[78,259],[78,47]]",2025-01-16T18:28:40.880945909Z,"[203,249,459,78]",2025-01-16T18:28:40.880945909Z,"{""contextSize"":4,""contextStructure"":""comp-within"",""feedbackDuration"":3,""maxTimeout"":5,""numRepetitionsWithPartner"":4,""playerCount"":2,""selectionDuration"":60,""showNegativeFeedback"":1}",2025-01-16T17:55:30.796512185Z,full-comp-within,2025-01-16T17:55:30.796512185Z
01JHR42W325AWTV0C44Z9NM6R5,2,2025-01-16T18:11:00.350657564Z,01JHR42W2SC34TK1ZED5M8W4ZZ,2025-01-16T17:55:24.386866733Z,"[263,135,126,341]",2025-01-16T18:11:00.509847701Z,4,2025-01-16T18:11:00.371845001Z,comp-within,2025-01-16T18:11:00.371845001Z,true,2025-01-16T18:59:22.150973652Z,false,2025-01-16T18:11:00.371845001Z,end of game,2025-01-16T18:59:22.291555523Z,01JHR42W3HC2YG2JDWG8R3DYKV,2025-01-16T17:55:24.402957835Z,false,2025-01-16T18:11:02.668585565Z,5,2025-01-16T18:11:00.371845001Z,0,2025-01-16T18:54:22.473207662Z,90,2025-01-16T18:11:00.371845001Z,63,2025-01-16T18:11:00.509847701Z,1,2025-01-16T18:11:00.371845001Z,null,2025-01-16T18:59:22.150973652Z,true,2025-01-16T18:11:00.350657564Z,true,2025-01-16T18:11:00.350657564Z,ended,2025-01-16T18:59:22.291555523Z,"[[424,263],[424,135],[424,126],[424,341],[122,263],[122,135],[122,126],[122,341],[89,263],[89,135],[89,126],[89,341],[6,263],[6,135],[6,126],[6,341]]",2025-01-16T18:11:00.509847701Z,"[424,122,89,6]",2025-01-16T18:11:00.509847701Z,"{""contextSize"":4,""contextStructure"":""comp-within"",""feedbackDuration"":3,""maxTimeout"":5,""numRepetitionsWithPartner"":4,""playerCount"":2,""selectionDuration"":60,""showNegativeFeedback"":1}",2025-01-16T17:55:24.386866733Z,full-comp-within,2025-01-16T17:55:24.386866733Z
01JHR430F0YGP7BMHQYQSQNEQ2,2,2025-01-16T18:15:53.058897177Z,01JHR430ERDBPHZFN7Q92GSP82,2025-01-16T17:55:28.864074431Z,"[336,354,344,292]",2025-01-16T18:15:53.556407363Z,4,2025-01-16T18:15:53.100413721Z,comp-within,2025-01-16T18:15:53.100413721Z,true,2025-01-16T19:03:24.477598126Z,false,2025-01-16T18:15:53.100413721Z,end of game,2025-01-16T19:03:24.653087731Z,01JHR430FARPFEFPHGC8XGM3WS,2025-01-16T17:55:28.875705323Z,false,2025-01-16T18:16:03.303222552Z,5,2025-01-16T18:15:53.100413721Z,0,2025-01-16T18:17:51.676314216Z,270,2025-01-16T18:15:53.100413721Z,63,2025-01-16T18:15:53.556407363Z,1,2025-01-16T18:15:53.100413721Z,null,2025-01-16T19:03:24.477598126Z,true,2025-01-16T18:15:53.058897177Z,true,2025-01-16T18:15:53.058897177Z,ended,2025-01-16T19:03:24.653087731Z,"[[137,336],[137,354],[137,344],[137,292],[213,336],[213,354],[213,344],[213,292],[205,336],[205,354],[205,344],[205,292],[258,336],[258,354],[258,344],[258,292]]",2025-01-16T18:15:53.556407363Z,"[137,213,205,258]",2025-01-16T18:15:53.556407363Z,"{""contextSize"":4,""contextStructure"":""comp-within"",""feedbackDuration"":3,""maxTimeout"":5,""numRepetitionsWithPartner"":4,""playerCount"":2,""selectionDuration"":60,""showNegativeFeedback"":1}",2025-01-16T17:55:28.864074431Z,full-comp-within,2025-01-16T17:55:28.864074431Z
01JHR4310TYR4EC380PNETERVQ,2,2025-01-16T18:20:05.371116844Z,01JHR4310K67C573H1YN28HCX5,2025-01-16T17:55:29.43497269Z,"[456,463,468,465]",2025-01-16T18:20:06.176925364Z,4,2025-01-16T18:20:05.474212626Z,comp-within,2025-01-16T18:20:05.474212626Z,true,2025-01-16T18:26:08.853025797Z,true,2025-01-16T18:26:08.821720712Z,timeOut,2025-01-16T18:26:08.821720712Z,01JHR43115ESJYRQTC5MBXBX3C,2025-01-16T17:55:29.447197774Z,false,2025-01-16T18:20:21.308427932Z,5,2025-01-16T18:20:05.474212626Z,5,2025-01-16T18:26:08.821720712Z,90,2025-01-16T18:20:05.474212626Z,63,2025-01-16T18:20:06.176925364Z,1,2025-01-16T18:20:05.474212626Z,null,2025-01-16T18:26:08.853025797Z,true,2025-01-16T18:20:05.371116844Z,true,2025-01-16T18:20:05.371116844Z,ended,2025-01-16T18:26:08.821720712Z,"[[234,456],[234,463],[234,468],[234,465],[181,456],[181,463],[181,468],[181,465],[100,456],[100,463],[100,468],[100,465],[253,456],[253,463],[253,468],[253,465]]",2025-01-16T18:20:06.176925364Z,"[234,181,100,253]",2025-01-16T18:20:06.176925364Z,"{""contextSize"":4,""contextStructure"":""comp-within"",""feedbackDuration"":3,""maxTimeout"":5,""numRepetitionsWithPartner"":4,""playerCount"":2,""selectionDuration"":60,""showNegativeFeedback"":1}",2025-01-16T17:55:29.43497269Z,full-comp-within,2025-01-16T17:55:29.43497269Z
01JHR4319P5FKEPZASK9GBP3RC,2,2025-01-16T18:20:54.324895749Z,01JHR4319FDM5F382CT507NMQQ,2025-01-16T17:55:29.71871996Z,"[99,403,16,245]",2025-01-16T18:20:55.192495774Z,4,2025-01-16T18:20:54.394371772Z,comp-within,2025-01-16T18:20:54.394371772Z,true,2025-01-16T18:58:13.83672023Z,false,2025-01-16T18:20:54.394371772Z,end of game,2025-01-16T18:58:14.545526634Z,01JHR431A2JTC7Z2FJVYW031H9,2025-01-16T17:55:29.731897974Z,false,2025-01-16T18:21:11.354874386Z,5,2025-01-16T18:20:54.394371772Z,0,2025-01-16T18:20:54.394371772Z,180,2025-01-16T18:20:54.394371772Z,63,2025-01-16T18:20:55.192495774Z,1,2025-01-16T18:20:54.394371772Z,null,2025-01-16T18:58:13.83672023Z,true,2025-01-16T18:20:54.324895749Z,true,2025-01-16T18:20:54.324895749Z,ended,2025-01-16T18:58:14.545526634Z,"[[37,99],[37,403],[37,16],[37,245],[184,99],[184,403],[184,16],[184,245],[352,99],[352,403],[352,16],[352,245],[49,99],[49,403],[49,16],[49,245]]",2025-01-16T18:20:55.192495774Z,"[37,184,352,49]",2025-01-16T18:20:55.192495774Z,"{""contextSize"":4,""contextStructure"":""comp-within"",""feedbackDuration"":3,""maxTimeout"":5,""numRepetitionsWithPartner"":4,""playerCount"":2,""selectionDuration"":60,""showNegativeFeedback"":1}",2025-01-16T17:55:29.71871996Z,full-comp-within,2025-01-16T17:55:29.71871996Z
01JHR431V3B8E8BZT8NB36629A,2,2025-01-16T18:23:43.386930977Z,01JHR431TWR1ZVYZ837Y7AD1ZB,2025-01-16T17:55:30.275475526Z,"[440,16,45,189]",2025-01-16T18:23:44.535708655Z,4,2025-01-16T18:23:43.478916336Z,comp-within,2025-01-16T18:23:43.478916336Z,true,2025-01-16T19:01:04.591512769Z,false,2025-01-16T18:23:43.478916336Z,end of game,2025-01-16T19:01:04.803140483Z,01JHR431VCC66BG4E1DWQ7N6ZF,2025-01-16T17:55:30.286261573Z,false,2025-01-16T18:24:05.58851778Z,5,2025-01-16T18:23:43.478916336Z,0,2025-01-16T18:54:58.37798671Z,180,2025-01-16T18:23:43.478916336Z,63,2025-01-16T18:23:44.535708655Z,1,2025-01-16T18:23:43.478916336Z,null,2025-01-16T19:01:04.591512769Z,true,2025-01-16T18:23:43.386930977Z,true,2025-01-16T18:23:43.386930977Z,ended,2025-01-16T19:01:04.803140483Z,"[[225,440],[225,16],[225,45],[225,189],[97,440],[97,16],[97,45],[97,189],[400,440],[400,16],[400,45],[400,189],[271,440],[271,16],[271,45],[271,189]]",2025-01-16T18:23:44.535708655Z,"[225,97,400,271]",2025-01-16T18:23:44.535708655Z,"{""contextSize"":4,""contextStructure"":""comp-within"",""feedbackDuration"":3,""maxTimeout"":5,""numRepetitionsWithPartner"":4,""playerCount"":2,""selectionDuration"":60,""showNegativeFeedback"":1}",2025-01-16T17:55:30.275475526Z,full-comp-within,2025-01-16T17:55:30.275475526Z
01JHR42TK3BCXF5ZP70SFACSEF,2,2025-01-16T18:05:07.259245775Z,01JHR42TJKHEZ6ZAG081M5V386,2025-01-16T17:55:22.851998124Z,"[215,385,342,218]",2025-01-16T18:05:07.429750786Z,4,2025-01-16T18:05:07.27554606Z,comp-within,2025-01-16T18:05:07.27554606Z,true,2025-01-16T18:10:25.387464319Z,true,2025-01-16T18:10:25.384307951Z,timeOut,2025-01-16T18:10:25.384307951Z,01JHR42TKPC0VTXXFBYX985047,2025-01-16T17:55:22.873121229Z,false,2025-01-16T18:05:10.078864107Z,5,2025-01-16T18:05:07.27554606Z,5,2025-01-16T18:10:25.384307951Z,90,2025-01-16T18:05:07.27554606Z,63,2025-01-16T18:05:07.429750786Z,1,2025-01-16T18:05:07.27554606Z,null,2025-01-16T18:10:25.387464319Z,true,2025-01-16T18:05:07.259245775Z,true,2025-01-16T18:05:07.259245775Z,ended,2025-01-16T18:10:25.384307951Z,"[[166,215],[166,385],[166,342],[166,218],[438,215],[438,385],[438,342],[438,218],[394,215],[394,385],[394,342],[394,218],[30,215],[30,385],[30,342],[30,218]]",2025-01-16T18:05:07.429750786Z,"[166,438,394,30]",2025-01-16T18:05:07.429750786Z,"{""contextSize"":4,""contextStructure"":""comp-within"",""feedbackDuration"":3,""maxTimeout"":5,""numRepetitionsWithPartner"":4,""playerCount"":2,""selectionDuration"":60,""showNegativeFeedback"":1}",2025-01-16T17:55:22.851998124Z,full-comp-within,2025-01-16T17:55:22.851998124Z
01JHR4323Y4DCEJMDAQ67ENPQT,2,2025-01-16T18:25:35.051330203Z,01JHR4323PCPZRFE1NHW29AEMP,2025-01-16T17:55:30.558032238Z,"[216,152,286,407]",2025-01-16T18:25:36.588249583Z,4,2025-01-16T18:25:35.20307333Z,comp-within,2025-01-16T18:25:35.20307333Z,true,2025-01-16T19:13:46.847816449Z,false,2025-01-16T18:25:35.20307333Z,end of game,2025-01-16T19:13:46.977828886Z,01JHR432479DBN7Z1SX48Y57ZJ,2025-01-16T17:55:30.568569905Z,false,2025-01-16T18:26:09.137585409Z,5,2025-01-16T18:25:35.20307333Z,0,2025-01-16T18:39:18.051807295Z,180,2025-01-16T18:25:35.20307333Z,63,2025-01-16T18:25:36.588249583Z,1,2025-01-16T18:25:35.20307333Z,null,2025-01-16T19:13:46.847816449Z,true,2025-01-16T18:25:35.051330203Z,true,2025-01-16T18:25:35.051330203Z,ended,2025-01-16T19:13:46.977828886Z,"[[396,216],[396,152],[396,286],[396,407],[225,216],[225,152],[225,286],[225,407],[117,216],[117,152],[117,286],[117,407],[395,216],[395,152],[395,286],[395,407]]",2025-01-16T18:25:36.588249583Z,"[396,225,117,395]",2025-01-16T18:25:36.588249583Z,"{""contextSize"":4,""contextStructure"":""comp-within"",""feedbackDuration"":3,""maxTimeout"":5,""numRepetitionsWithPartner"":4,""playerCount"":2,""selectionDuration"":60,""showNegativeFeedback"":1}",2025-01-16T17:55:30.558032238Z,full-comp-within,2025-01-16T17:55:30.558032238Z
01JHR5QN5SNG6WYN3Y79J94KCV,2,2025-01-16T18:31:40.972785941Z,01JHR5QN3P92PZF1776ESWQ2ZV,2025-01-16T18:24:14.009322256Z,"[352,333,277,189]",2025-01-16T18:31:43.906525093Z,4,2025-01-16T18:31:41.798923848Z,comp-within,2025-01-16T18:31:41.798923848Z,true,2025-01-16T19:03:25.060650455Z,false,2025-01-16T18:31:41.798923848Z,end of game,2025-01-16T19:03:25.249654952Z,01JHR5QN9NJRMKXPKVV0P7W4TM,2025-01-16T18:24:14.137808986Z,false,2025-01-16T18:32:25.543626131Z,5,2025-01-16T18:31:41.798923848Z,0,2025-01-16T18:31:41.798923848Z,270,2025-01-16T18:31:41.798923848Z,63,2025-01-16T18:31:43.906525093Z,1,2025-01-16T18:31:41.798923848Z,null,2025-01-16T19:03:25.060650455Z,true,2025-01-16T18:31:40.972785941Z,true,2025-01-16T18:31:40.972785941Z,ended,2025-01-16T19:03:25.249654952Z,"[[112,352],[112,333],[112,277],[112,189],[96,352],[96,333],[96,277],[96,189],[395,352],[395,333],[395,277],[395,189],[101,352],[101,333],[101,277],[101,189]]",2025-01-16T18:31:43.906525093Z,"[112,96,395,101]",2025-01-16T18:31:43.906525093Z,"{""contextSize"":4,""contextStructure"":""comp-within"",""feedbackDuration"":3,""maxTimeout"":5,""numRepetitionsWithPartner"":4,""playerCount"":2,""selectionDuration"":60,""showNegativeFeedback"":1}",2025-01-16T18:24:14.009322256Z,full-comp-within,2025-01-16T18:24:14.009322256Z
01JHR5R01G0KPZNMZRCQ3WT90N,2,2025-01-16T19:05:14.636281146Z,01JHR5QZZCQ3XD1GRXSEKM28YA,2025-01-16T18:24:25.13604893Z,"[9,187,439,435]",2025-01-16T19:05:18.438124741Z,4,2025-01-16T19:05:14.928725124Z,comp-within,2025-01-16T19:05:14.928725124Z,true,2025-01-16T19:49:14.912403137Z,false,2025-01-16T19:05:14.928725124Z,end of game,2025-01-16T19:49:15.030460099Z,01JHR5R05DXJMAH1BGJF20ZM31,2025-01-16T18:24:25.265646208Z,false,2025-01-16T19:07:44.894773158Z,5,2025-01-16T19:05:14.928725124Z,0,2025-01-16T19:20:19.565894Z,90,2025-01-16T19:05:14.928725124Z,63,2025-01-16T19:05:18.438124741Z,1,2025-01-16T19:05:14.928725124Z,null,2025-01-16T19:49:14.912403137Z,true,2025-01-16T19:05:14.636281146Z,true,2025-01-16T19:05:14.636281146Z,ended,2025-01-16T19:49:15.030460099Z,"[[159,9],[159,187],[159,439],[159,435],[453,9],[453,187],[453,439],[453,435],[118,9],[118,187],[118,439],[118,435],[148,9],[148,187],[148,439],[148,435]]",2025-01-16T19:05:18.438124741Z,"[159,453,118,148]",2025-01-16T19:05:18.438124741Z,"{""contextSize"":4,""contextStructure"":""comp-within"",""feedbackDuration"":3,""maxTimeout"":5,""numRepetitionsWithPartner"":4,""playerCount"":2,""selectionDuration"":60,""showNegativeFeedback"":1}",2025-01-16T18:24:25.13604893Z,full-comp-within,2025-01-16T18:24:25.13604893Z
01JHR5R1DKAQQV0VBSEYV1S3XQ,2,2025-01-16T19:05:30.30563197Z,01JHR5R1BAF0BJ7X8CVGY95SW9,2025-01-16T18:24:26.547750482Z,"[290,212,457,319]",2025-01-16T19:06:32.717368222Z,4,2025-01-16T19:06:29.170730107Z,comp-within,2025-01-16T19:06:29.170730107Z,true,2025-01-16T19:13:08.029219328Z,true,2025-01-16T19:13:07.966510396Z,timeOut,2025-01-16T19:13:07.966510396Z,01JHR5R1H6D1GV4RW11FVW25QP,2025-01-16T18:24:26.667564693Z,true,2025-01-16T19:06:32.717368222Z,5,2025-01-16T19:06:29.170730107Z,5,2025-01-16T19:13:07.966510396Z,270,2025-01-16T19:06:29.170730107Z,63,2025-01-16T19:06:32.717368222Z,1,2025-01-16T19:06:29.170730107Z,null,2025-01-16T19:13:08.029219328Z,true,2025-01-16T19:05:30.30563197Z,true,2025-01-16T19:05:30.30563197Z,ended,2025-01-16T19:13:07.966510396Z,"[[50,290],[50,212],[50,457],[50,319],[296,290],[296,212],[296,457],[296,319],[347,290],[347,212],[347,457],[347,319],[146,290],[146,212],[146,457],[146,319]]",2025-01-16T19:06:32.717368222Z,"[50,296,347,146]",2025-01-16T19:06:32.717368222Z,"{""contextSize"":4,""contextStructure"":""comp-within"",""feedbackDuration"":3,""maxTimeout"":5,""numRepetitionsWithPartner"":4,""playerCount"":2,""selectionDuration"":60,""showNegativeFeedback"":1}",2025-01-16T18:24:26.547750482Z,full-comp-within,2025-01-16T18:24:26.547750482Z
01JHR42WDPNME4FZNVX8K7CRAA,2,2025-01-16T18:12:34.11174366Z,01JHR42WDD2G3RZC8T3W4RBFZD,2025-01-16T17:55:24.72694369Z,"[159,317,428,432]",2025-01-16T18:12:34.299733102Z,4,2025-01-16T18:12:34.132000072Z,comp-within,2025-01-16T18:12:34.132000072Z,true,2025-01-16T18:53:01.258267768Z,false,2025-01-16T18:12:34.132000072Z,end of game,2025-01-16T18:53:02.063195715Z,01JHR42WE1V8V1GCDTQANMS12J,2025-01-16T17:55:24.740139274Z,false,2025-01-16T18:12:38.043615252Z,5,2025-01-16T18:12:34.132000072Z,0,2025-01-16T18:12:34.132000072Z,0,2025-01-16T18:12:34.132000072Z,63,2025-01-16T18:12:34.299733102Z,1,2025-01-16T18:12:34.132000072Z,null,2025-01-16T18:53:01.258267768Z,true,2025-01-16T18:12:34.11174366Z,true,2025-01-16T18:12:34.11174366Z,ended,2025-01-16T18:53:02.063195715Z,"[[18,159],[18,317],[18,428],[18,432],[89,159],[89,317],[89,428],[89,432],[314,159],[314,317],[314,428],[314,432],[68,159],[68,317],[68,428],[68,432]]",2025-01-16T18:12:34.299733102Z,"[18,89,314,68]",2025-01-16T18:12:34.299733102Z,"{""contextSize"":4,""contextStructure"":""comp-within"",""feedbackDuration"":3,""maxTimeout"":5,""numRepetitionsWithPartner"":4,""playerCount"":2,""selectionDuration"":60,""showNegativeFeedback"":1}",2025-01-16T17:55:24.72694369Z,full-comp-within,2025-01-16T17:55:24.72694369Z
01JHR42ZY69TQ33RY95E4NP23W,2,2025-01-16T18:13:58.668191896Z,01JHR42ZXW1990DE5RNAW46YEP,2025-01-16T17:55:28.326027907Z,"[112,179,279,417]",2025-01-16T18:13:58.991730698Z,4,2025-01-16T18:13:58.699525459Z,comp-within,2025-01-16T18:13:58.699525459Z,true,2025-01-16T18:51:34.820878073Z,false,2025-01-16T18:13:58.699525459Z,end of game,2025-01-16T18:51:35.146967067Z,01JHR42ZYGZZKTZ5ZTGY4F5AV8,2025-01-16T17:55:28.338075301Z,false,2025-01-16T18:14:05.921535238Z,5,2025-01-16T18:13:58.699525459Z,0,2025-01-16T18:16:03.067798919Z,90,2025-01-16T18:13:58.699525459Z,63,2025-01-16T18:13:58.991730698Z,1,2025-01-16T18:13:58.699525459Z,null,2025-01-16T18:51:34.820878073Z,true,2025-01-16T18:13:58.668191896Z,true,2025-01-16T18:13:58.668191896Z,ended,2025-01-16T18:51:35.146967067Z,"[[25,112],[25,179],[25,279],[25,417],[14,112],[14,179],[14,279],[14,417],[42,112],[42,179],[42,279],[42,417],[249,112],[249,179],[249,279],[249,417]]",2025-01-16T18:13:58.991730698Z,"[25,14,42,249]",2025-01-16T18:13:58.991730698Z,"{""contextSize"":4,""contextStructure"":""comp-within"",""feedbackDuration"":3,""maxTimeout"":5,""numRepetitionsWithPartner"":4,""playerCount"":2,""selectionDuration"":60,""showNegativeFeedback"":1}",2025-01-16T17:55:28.326027907Z,full-comp-within,2025-01-16T17:55:28.326027907Z
01JHR43073B4WBGWCZ0BAJ2A12,2,2025-01-16T18:14:50.231479764Z,01JHR4306V1QFSAVZ1WYPPS4ZQ,2025-01-16T17:55:28.611218567Z,"[17,216,278,212]",2025-01-16T18:14:50.628658484Z,4,2025-01-16T18:14:50.266582831Z,comp-within,2025-01-16T18:14:50.266582831Z,true,2025-01-16T18:59:28.277298261Z,false,2025-01-16T18:14:50.266582831Z,end of game,2025-01-16T18:59:28.452777384Z,01JHR4307EF8WT5HES537G6KYC,2025-01-16T17:55:28.625061125Z,false,2025-01-16T18:14:58.815758453Z,5,2025-01-16T18:14:50.266582831Z,0,2025-01-16T18:56:47.165652424Z,0,2025-01-16T18:14:50.266582831Z,63,2025-01-16T18:14:50.628658484Z,1,2025-01-16T18:14:50.266582831Z,null,2025-01-16T18:59:28.277298261Z,true,2025-01-16T18:14:50.231479764Z,true,2025-01-16T18:14:50.231479764Z,ended,2025-01-16T18:59:28.452777384Z,"[[81,17],[81,216],[81,278],[81,212],[266,17],[266,216],[266,278],[266,212],[408,17],[408,216],[408,278],[408,212],[424,17],[424,216],[424,278],[424,212]]",2025-01-16T18:14:50.628658484Z,"[81,266,408,424]",2025-01-16T18:14:50.628658484Z,"{""contextSize"":4,""contextStructure"":""comp-within"",""feedbackDuration"":3,""maxTimeout"":5,""numRepetitionsWithPartner"":4,""playerCount"":2,""selectionDuration"":60,""showNegativeFeedback"":1}",2025-01-16T17:55:28.611218567Z,full-comp-within,2025-01-16T17:55:28.611218567Z
01JHR430QZ0B71N297NVZM7ZV4,2,2025-01-16T18:16:30.304504773Z,01JHR430QSE995CZ2R2HNS8S3N,2025-01-16T17:55:29.15194151Z,"[71,372,18,72]",2025-01-16T18:16:30.869120313Z,4,2025-01-16T18:16:30.348714056Z,comp-within,2025-01-16T18:16:30.348714056Z,true,2025-01-16T18:51:19.02220458Z,false,2025-01-16T18:16:30.348714056Z,end of game,2025-01-16T18:51:19.608446174Z,01JHR430RABTXM0K3VN1BT3V8S,2025-01-16T17:55:29.164492302Z,false,2025-01-16T18:16:41.763342659Z,5,2025-01-16T18:16:30.348714056Z,0,2025-01-16T18:27:16.00917834Z,90,2025-01-16T18:16:30.348714056Z,63,2025-01-16T18:16:30.869120313Z,1,2025-01-16T18:16:30.348714056Z,null,2025-01-16T18:51:19.02220458Z,true,2025-01-16T18:16:30.304504773Z,true,2025-01-16T18:16:30.304504773Z,ended,2025-01-16T18:51:19.608446174Z,"[[40,71],[40,372],[40,18],[40,72],[5,71],[5,372],[5,18],[5,72],[56,71],[56,372],[56,18],[56,72],[322,71],[322,372],[322,18],[322,72]]",2025-01-16T18:16:30.869120313Z,"[40,5,56,322]",2025-01-16T18:16:30.869120313Z,"{""contextSize"":4,""contextStructure"":""comp-within"",""feedbackDuration"":3,""maxTimeout"":5,""numRepetitionsWithPartner"":4,""playerCount"":2,""selectionDuration"":60,""showNegativeFeedback"":1}",2025-01-16T17:55:29.15194151Z,full-comp-within,2025-01-16T17:55:29.15194151Z
01JHR43HE3FBS8DAZWTFH5C4KX,2,2025-01-16T18:30:49.170317788Z,01JHR43HDVRFBAVMT3NAFE40TW,2025-01-16T17:55:46.2435293Z,"[231,451,248,246]",2025-01-16T18:30:51.585230157Z,4,2025-01-16T18:30:49.380688921Z,comp-within,2025-01-16T18:30:49.380688921Z,true,2025-01-16T19:12:57.841818905Z,false,2025-01-16T18:30:49.380688921Z,end of game,2025-01-16T19:12:57.970173016Z,01JHR43HEFBSJRD6K3F7423048,2025-01-16T17:55:46.25648467Z,false,2025-01-16T18:31:31.914914962Z,5,2025-01-16T18:30:49.380688921Z,0,2025-01-16T18:40:10.649782135Z,90,2025-01-16T18:30:49.380688921Z,63,2025-01-16T18:30:51.585230157Z,1,2025-01-16T18:30:49.380688921Z,null,2025-01-16T19:12:57.841818905Z,true,2025-01-16T18:30:49.170317788Z,true,2025-01-16T18:30:49.170317788Z,ended,2025-01-16T19:12:57.970173016Z,"[[125,231],[125,451],[125,248],[125,246],[376,231],[376,451],[376,248],[376,246],[460,231],[460,451],[460,248],[460,246],[448,231],[448,451],[448,248],[448,246]]",2025-01-16T18:30:51.585230157Z,"[125,376,460,448]",2025-01-16T18:30:51.585230157Z,"{""contextSize"":4,""contextStructure"":""comp-within"",""feedbackDuration"":3,""maxTimeout"":5,""numRepetitionsWithPartner"":4,""playerCount"":2,""selectionDuration"":60,""showNegativeFeedback"":1}",2025-01-16T17:55:46.2435293Z,full-comp-within,2025-01-16T17:55:46.2435293Z
01JHR42X7YDX82PN8CTM1BH93X,2,2025-01-16T18:13:27.486289292Z,01JHR42X7NRGQJJ9AMJQ23744Q,2025-01-16T17:55:25.566078005Z,"[61,63,163,244]",2025-01-16T18:13:27.721615575Z,4,2025-01-16T18:13:27.510884123Z,comp-within,2025-01-16T18:13:27.510884123Z,true,2025-01-16T18:48:48.473129856Z,false,2025-01-16T18:13:27.510884123Z,end of game,2025-01-16T18:48:48.620845547Z,01JHR42X88RH5PDJJPRGT2H4CH,2025-01-16T17:55:25.578146719Z,false,2025-01-16T18:13:32.537987634Z,5,2025-01-16T18:13:27.510884123Z,0,2025-01-16T18:13:27.510884123Z,90,2025-01-16T18:13:27.510884123Z,63,2025-01-16T18:13:27.721615575Z,1,2025-01-16T18:13:27.510884123Z,null,2025-01-16T18:48:48.473129856Z,true,2025-01-16T18:13:27.486289292Z,true,2025-01-16T18:13:27.486289292Z,ended,2025-01-16T18:48:48.620845547Z,"[[177,61],[177,63],[177,163],[177,244],[263,61],[263,63],[263,163],[263,244],[141,61],[141,63],[141,163],[141,244],[334,61],[334,63],[334,163],[334,244]]",2025-01-16T18:13:27.721615575Z,"[177,263,141,334]",2025-01-16T18:13:27.721615575Z,"{""contextSize"":4,""contextStructure"":""comp-within"",""feedbackDuration"":3,""maxTimeout"":5,""numRepetitionsWithPartner"":4,""playerCount"":2,""selectionDuration"":60,""showNegativeFeedback"":1}",2025-01-16T17:55:25.566078005Z,full-comp-within,2025-01-16T17:55:25.566078005Z
