id,batchID,batchIDLastChangedAt,gameID,gameIDLastChangedAt,playerID,playerIDLastChangedAt
01JHR5HJ71BBTXAZV1QJKGTANM,01JHR4319FDM5F382CT507NMQQ,2025-01-16T18:20:54.369188954Z,01JHR4319P5FKEPZASK9GBP3RC,2025-01-16T18:20:54.369188954Z,01JHR5DCH6ZBHK8ZR15V3WNEEJ,2025-01-16T18:20:54.369188954Z
01JHR65AC48G3R5B9HTW61KJFS,01JHR5QN3P92PZF1776ESWQ2ZV,2025-01-16T18:31:41.700436934Z,01JHR5QN5SNG6WYN3Y79J94KCV,2025-01-16T18:31:41.700436934Z,01JHR5V4XY5J710EPV2NMHXQR9,2025-01-16T18:31:41.700436934Z
01JHR4ZE4CRD7CXB7A7MD9SH28,01JHR42W2SC34TK1ZED5M8W4ZZ,2025-01-16T18:11:00.364336387Z,01JHR42W325AWTV0C44Z9NM6R5,2025-01-16T18:11:00.364336387Z,01JHR4KM8DBN222DGEB6KA9E6X,2025-01-16T18:11:00.364336387Z
01JHR53XTB0SYX56QS1XFQVNAZ,01JHR42X7NRGQJJ9AMJQ23744Q,2025-01-16T18:13:27.49912003Z,01JHR42X7YDX82PN8CTM1BH93X,2025-01-16T18:13:27.49912003Z,01JHR4XTHGJ5D87PJCSQW4SQSH,2025-01-16T18:13:27.49912003Z
01JHR59GBVAYBTQYK2NHKVXEW9,01JHR430QSE995CZ2R2HNS8S3N,2025-01-16T18:16:30.331048788Z,01JHR430QZ0B71N297NVZM7ZV4,2025-01-16T18:16:30.331048788Z,01JHR4YXGC4GD6TP8K3XSB4ZAX,2025-01-16T18:16:30.331048788Z
01JHR5G2D2VF5PPNMR18BTG23C,01JHR4310K67C573H1YN28HCX5,2025-01-16T18:20:05.410777512Z,01JHR4310TYR4EC380PNETERVQ,2025-01-16T18:20:05.410777512Z,01JHR4YDQR9GE88W8M0S5PKSD8,2025-01-16T18:20:05.410777512Z
01JHR65ABCHNEE5H6DDAED1MS8,01JHR5QN3P92PZF1776ESWQ2ZV,2025-01-16T18:31:41.676325405Z,01JHR5QN5SNG6WYN3Y79J94KCV,2025-01-16T18:31:41.676325405Z,01JHR5T084CVJM0GE602TH4Y7Y,2025-01-16T18:31:41.676325405Z
01JHR82R88Z5WFNH0DGFTJB6JM,01JHR5QZZCQ3XD1GRXSEKM28YA,2025-01-16T19:05:14.760834351Z,01JHR5R01G0KPZNMZRCQ3WT90N,2025-01-16T19:05:14.760834351Z,01JHR674TJXGJ06FJDH62TT1GD,2025-01-16T19:05:14.760834351Z
01JHR850QY9KZBERH2X29JVD46,01JHR5R1BAF0BJ7X8CVGY95SW9,2025-01-16T19:06:28.990725833Z,01JHR5R1DKAQQV0VBSEYV1S3XQ,2025-01-16T19:06:28.990725833Z,01JHR5V51YZDW7SHNX61R078CB,2025-01-16T19:06:28.990725833Z
01JHR5HJ6QJGGQ8QSMV2D0MAJM,01JHR4319FDM5F382CT507NMQQ,2025-01-16T18:20:54.359095845Z,01JHR4319P5FKEPZASK9GBP3RC,2025-01-16T18:20:54.359095845Z,01JHR4RS4482NPE9JWEY0TJHZZ,2025-01-16T18:20:54.359095845Z
01JHR5MPH49BRZKQQ1P42TSN54,01JHR431HPBAKRAVRE1TM3TDJ8,2025-01-16T18:22:37.092975089Z,01JHR431HXNZDY0T9MGPCJ1R8D,2025-01-16T18:22:37.092975089Z,01JHR4QWR393J2BGDAP5HEDH8B,2025-01-16T18:22:37.092975089Z
01JHR5T4C4QBS53K43NN7H27HC,01JHR4323PCPZRFE1NHW29AEMP,2025-01-16T18:25:35.108047324Z,01JHR4323Y4DCEJMDAQ67ENPQT,2025-01-16T18:25:35.108047324Z,01JHR4QBYHWQSKKMHBK0M0RQ7A,2025-01-16T18:25:35.108047324Z
01JHR5T4CQ1XRGJBKB86RF0AAV,01JHR4323PCPZRFE1NHW29AEMP,2025-01-16T18:25:35.127096646Z,01JHR4323Y4DCEJMDAQ67ENPQT,2025-01-16T18:25:35.127096646Z,01JHR5FEA7TC51V7G4MTZ1DSN6,2025-01-16T18:25:35.127096646Z
01JHR53XTD7ZEFHFWJV1M10MG6,01JHR42X7NRGQJJ9AMJQ23744Q,2025-01-16T18:13:27.501213615Z,01JHR42X7YDX82PN8CTM1BH93X,2025-01-16T18:13:27.501213615Z,01JHR4XXN0AJ3DMBS3X7MGFA5Z,2025-01-16T18:13:27.501213615Z
01JHR54W8TRZYA6W2BS7YWSZM1,01JHR42ZXW1990DE5RNAW46YEP,2025-01-16T18:13:58.682786907Z,01JHR42ZY69TQ33RY95E4NP23W,2025-01-16T18:13:58.682786907Z,01JHR4XYEEEF424TKPNEC0JX9Y,2025-01-16T18:13:58.682786907Z
01JHR82R9Q4Y6XC96NZ3A90EFP,01JHR5QZZCQ3XD1GRXSEKM28YA,2025-01-16T19:05:14.80785085Z,01JHR5R01G0KPZNMZRCQ3WT90N,2025-01-16T19:05:14.80785085Z,01JHR77X5JAF1HERK02F13SC28,2025-01-16T19:05:14.80785085Z
01JHR529PB0BEQVX4CYH3EMDPE,01JHR42WDD2G3RZC8T3W4RBFZD,2025-01-16T18:12:34.123115597Z,01JHR42WDPNME4FZNVX8K7CRAA,2025-01-16T18:12:34.123115597Z,01JHR4TGX28ZAXSD61QH4HEX4P,2025-01-16T18:12:34.123115597Z
01JHR544DRS0SEG9Y9METRBD90,01JHR42ZMY4V1MQDTG879V1A5E,2025-01-16T18:13:34.264226509Z,01JHR42ZN6K3AHQ2FK7EMJTDCS,2025-01-16T18:13:34.264226509Z,01JHR5098NACZZKVP8CNSZ3JWW,2025-01-16T18:13:34.264226509Z
01JHR5ZQK06BRM5ZK4H1NDPD0W,01JHR432B50GM2BWWH0J2BJEYF,2025-01-16T18:28:38.624533996Z,01JHR432BCE2ZG5S313ABK0GRK,2025-01-16T18:28:38.624533996Z,01JHR5KREMGG2RKPR39V8ANRQP,2025-01-16T18:28:38.624533996Z
01JHR63Q5BAFM58HJQFR7PZKW2,01JHR43HDVRFBAVMT3NAFE40TW,2025-01-16T18:30:49.259442907Z,01JHR43HE3FBS8DAZWTFH5C4KX,2025-01-16T18:30:49.259442907Z,01JHR5QCTR6C0MMWBP7R1NX7G8,2025-01-16T18:30:49.259442907Z
01JHR63Q6Q4WPVXCRKPHZZDECN,01JHR43HDVRFBAVMT3NAFE40TW,2025-01-16T18:30:49.303377627Z,01JHR43HE3FBS8DAZWTFH5C4KX,2025-01-16T18:30:49.303377627Z,01JHR5TX1DRMSB7168BRBBAHBQ,2025-01-16T18:30:49.303377627Z
01JHR4ZE4CRD7CXB7A7Y1D0K7F,01JHR42W2SC34TK1ZED5M8W4ZZ,2025-01-16T18:11:00.364881195Z,01JHR42W325AWTV0C44Z9NM6R5,2025-01-16T18:11:00.364881195Z,01JHR4TCFD2WVDA5NH1C1D9JAH,2025-01-16T18:11:00.364881195Z
01JHR56EMAQS41EE23YHKRREVK,01JHR4306V1QFSAVZ1WYPPS4ZQ,2025-01-16T18:14:50.250631275Z,01JHR43073B4WBGWCZ0BAJ2A12,2025-01-16T18:14:50.250631275Z,01JHR4YFXAFJF3YB2NQ7T1Q6J2,2025-01-16T18:14:50.250631275Z
01JHR5G2DCNZYC9AJZJF0SQN0M,01JHR4310K67C573H1YN28HCX5,2025-01-16T18:20:05.420731059Z,01JHR4310TYR4EC380PNETERVQ,2025-01-16T18:20:05.420731059Z,01JHR4ZXYBXVNA86EKXGW2TQ0N,2025-01-16T18:20:05.420731059Z
01JHR5ZQKRVGCTA2XHJ5G2Z9H2,01JHR432B50GM2BWWH0J2BJEYF,2025-01-16T18:28:38.6488028Z,01JHR432BCE2ZG5S313ABK0GRK,2025-01-16T18:28:38.6488028Z,01JHR5T1J8BP8X07EHA1PWHED4,2025-01-16T18:28:38.6488028Z
01JHR529PC7RP4JYYJN2C117NH,01JHR42WDD2G3RZC8T3W4RBFZD,2025-01-16T18:12:34.12448126Z,01JHR42WDPNME4FZNVX8K7CRAA,2025-01-16T18:12:34.12448126Z,01JHR4ZV6BT0QS0VTKJ3E817M8,2025-01-16T18:12:34.12448126Z
01JHR544DNHB5R80HYY7R3KJ1Z,01JHR42ZMY4V1MQDTG879V1A5E,2025-01-16T18:13:34.261988416Z,01JHR42ZN6K3AHQ2FK7EMJTDCS,2025-01-16T18:13:34.261988416Z,01JHR4Y6K64DRRE5E8YVZCBEZ8,2025-01-16T18:13:34.261988416Z
01JHR5MPHKREX4Y4CB9R3W983H,01JHR431HPBAKRAVRE1TM3TDJ8,2025-01-16T18:22:37.107176703Z,01JHR431HXNZDY0T9MGPCJ1R8D,2025-01-16T18:22:37.107176703Z,01JHR53TJHQDTRCQFV57QDVMH1,2025-01-16T18:22:37.107176703Z
01JHR58BZW5BGG8P3T6PTRKEHR,01JHR430ERDBPHZFN7Q92GSP82,2025-01-16T18:15:53.084410052Z,01JHR430F0YGP7BMHQYQSQNEQ2,2025-01-16T18:15:53.084410052Z,01JHR51AVJ8AW0TZR7VSF34TCJ,2025-01-16T18:15:53.084410052Z
01JHR5PQAFHM8TN5F3M900PN61,01JHR431TWR1ZVYZ837Y7AD1ZB,2025-01-16T18:23:43.439133043Z,01JHR431V3B8E8BZT8NB36629A,2025-01-16T18:23:43.439133043Z,01JHR570ZDA05FKRTH0YP55G1T,2025-01-16T18:23:43.439133043Z
01JHR850SS01SGDZA7SFSGCJPZ,01JHR5R1BAF0BJ7X8CVGY95SW9,2025-01-16T19:06:29.049097993Z,01JHR5R1DKAQQV0VBSEYV1S3XQ,2025-01-16T19:06:29.049097993Z,01JHR6T3M0NPGHWE1R7S40KRAZ,2025-01-16T19:06:29.049097993Z
01JHR4MNA5ETB9Y2F08T37M7BE,01JHR42TJKHEZ6ZAG081M5V386,2025-01-16T18:05:07.269043675Z,01JHR42TK3BCXF5ZP70SFACSEF,2025-01-16T18:05:07.269043675Z,01JHR4BSPXG3V64XCS13MZPT5T,2025-01-16T18:05:07.269043675Z
01JHR54W8XNZN2XKAFZY9RBTRY,01JHR42ZXW1990DE5RNAW46YEP,2025-01-16T18:13:58.685320259Z,01JHR42ZY69TQ33RY95E4NP23W,2025-01-16T18:13:58.685320259Z,01JHR4ZRMBEZHFEA48YB22G9QK,2025-01-16T18:13:58.685320259Z
01JHR56EMESKQ52STCTF8BXFHN,01JHR4306V1QFSAVZ1WYPPS4ZQ,2025-01-16T18:14:50.254116616Z,01JHR43073B4WBGWCZ0BAJ2A12,2025-01-16T18:14:50.254116616Z,01JHR50REF7YTJ0PKTD9HXKVX9,2025-01-16T18:14:50.254116616Z
01JHR58BZQ9Y1Z5QTN3RZ0MCBM,01JHR430ERDBPHZFN7Q92GSP82,2025-01-16T18:15:53.079654915Z,01JHR430F0YGP7BMHQYQSQNEQ2,2025-01-16T18:15:53.079654915Z,01JHR4YTPCQWX5XZ4Y4ZTJ71QW,2025-01-16T18:15:53.079654915Z
01JHR4MNA5ETB9Y2F092FR3SG7,01JHR42TJKHEZ6ZAG081M5V386,2025-01-16T18:05:07.269262891Z,01JHR42TK3BCXF5ZP70SFACSEF,2025-01-16T18:05:07.269262891Z,01JHR4ENQSNDT1QVKBHEWDN2BY,2025-01-16T18:05:07.269262891Z
01JHR59GBMSEN04YJZJSAE8JXW,01JHR430QSE995CZ2R2HNS8S3N,2025-01-16T18:16:30.324905712Z,01JHR430QZ0B71N297NVZM7ZV4,2025-01-16T18:16:30.324905712Z,01JHR4XGDDS7518GVN2PB5MQ9T,2025-01-16T18:16:30.324905712Z
01JHR5PQA15KY5MS1EDD1E2VCF,01JHR431TWR1ZVYZ837Y7AD1ZB,2025-01-16T18:23:43.425757309Z,01JHR431V3B8E8BZT8NB36629A,2025-01-16T18:23:43.425757309Z,01JHR4XT49D3WBWWHYGJ7DKGZ7,2025-01-16T18:23:43.425757309Z
