id,actualPlayerCount,actualPlayerCountLastChangedAt,batchID,batchIDLastChangedAt,bottomTangrams,bottomTangramsLastChangedAt,contextSize,contextSizeLastChangedAt,contextStructure,contextStructureLastChangedAt,ended,endedLastChangedAt,endedInactive,endedInactiveLastChangedAt,endedReason,endedReasonLastChangedAt,groupID,groupIDLastChangedAt,justStarted,justStartedLastChangedAt,maxTimeout,maxTimeoutLastChangedAt,numRoundsInactive,numRoundsInactiveLastChangedAt,rotation,rotationLastChangedAt,roundIndex,roundIndexLastChangedAt,showNegativeFeedback,showNegativeFeedbackLastChangedAt,stageID,stageIDLastChangedAt,start,startLastChangedAt,starting,startingLastChangedAt,status,statusLastChangedAt,targets,targetsLastChangedAt,topTangrams,topTangramsLastChangedAt,treatment,treatmentLastChangedAt,treatmentName,treatmentNameLastChangedAt
01JH9J1DM169CBQKJ3S9B60P0M,2,2025-01-11T02:22:09.245515532Z,01JH9J1DKV6RS6MCRNJ3SXCYT3,2025-01-11T02:10:40.385595288Z,"[140,382,122,333]",2025-01-11T02:22:09.606532279Z,4,2025-01-11T02:22:09.301200883Z,comp-between,2025-01-11T02:22:09.301200883Z,true,2025-01-11T02:58:38.2245264Z,false,2025-01-11T02:22:09.301200883Z,end of game,2025-01-11T02:58:38.369853636Z,01JH9J1DMDYQNN0MK3H3AHB4CZ,2025-01-11T02:10:40.399785411Z,false,2025-01-11T02:22:15.580054565Z,5,2025-01-11T02:22:09.301200883Z,0,2025-01-11T02:49:08.300221753Z,90,2025-01-11T02:22:09.301200883Z,63,2025-01-11T02:22:09.606532279Z,1,2025-01-11T02:22:09.301200883Z,null,2025-01-11T02:58:38.2245264Z,true,2025-01-11T02:22:09.245515532Z,true,2025-01-11T02:22:09.245515532Z,ended,2025-01-11T02:58:38.369853636Z,"[[79,140],[79,382],[79,122],[79,333],[109,140],[109,382],[109,122],[109,333],[128,140],[128,382],[128,122],[128,333],[194,140],[194,382],[194,122],[194,333]]",2025-01-11T02:22:09.606532279Z,"[79,109,128,194]",2025-01-11T02:22:09.606532279Z,"{""contextSize"":4,""contextStructure"":""comp-between"",""feedbackDuration"":3,""maxTimeout"":5,""numRepetitionsWithPartner"":4,""playerCount"":2,""selectionDuration"":60,""showNegativeFeedback"":1}",2025-01-11T02:10:40.385595288Z,full-comp-between,2025-01-11T02:10:40.385595288Z
01JH9JYX0AMW2H9GPG4HWQW4G9,2,2025-01-11T02:37:21.02467395Z,01JH9JYWZ0E9612YN74NA9CM1C,2025-01-11T02:26:46.410811464Z,"[69,385,399,50]",2025-01-11T02:37:22.930152475Z,4,2025-01-11T02:37:21.150663157Z,comp-between,2025-01-11T02:37:21.150663157Z,true,2025-01-11T02:58:56.186327777Z,false,2025-01-11T02:37:21.150663157Z,end of game,2025-01-11T02:58:56.419594135Z,01JH9JYX1ZT9BPGMEGXF9EGSBM,2025-01-11T02:26:46.466804033Z,false,2025-01-11T02:37:54.131140376Z,5,2025-01-11T02:37:21.150663157Z,0,2025-01-11T02:37:21.150663157Z,180,2025-01-11T02:37:21.150663157Z,63,2025-01-11T02:37:22.930152475Z,1,2025-01-11T02:37:21.150663157Z,null,2025-01-11T02:58:56.186327777Z,true,2025-01-11T02:37:21.02467395Z,true,2025-01-11T02:37:21.02467395Z,ended,2025-01-11T02:58:56.419594135Z,"[[95,69],[95,385],[95,399],[95,50],[8,69],[8,385],[8,399],[8,50],[55,69],[55,385],[55,399],[55,50],[396,69],[396,385],[396,399],[396,50]]",2025-01-11T02:37:22.930152475Z,"[95,8,55,396]",2025-01-11T02:37:22.930152475Z,"{""contextSize"":4,""contextStructure"":""comp-between"",""feedbackDuration"":3,""maxTimeout"":5,""numRepetitionsWithPartner"":4,""playerCount"":2,""selectionDuration"":60,""showNegativeFeedback"":1}",2025-01-11T02:26:46.410811464Z,full-comp-between,2025-01-11T02:26:46.410811464Z
01JH9J15VBK2T020RPNZQ6RMX2,2,2025-01-11T02:25:17.630961439Z,01JH9J15V0QM4TAHRYYWKD4YY5,2025-01-11T02:10:32.427397382Z,"[248,391,296,27]",2025-01-11T02:25:18.235334283Z,4,2025-01-11T02:25:17.675531316Z,comp-between,2025-01-11T02:25:17.675531316Z,true,2025-01-11T02:58:42.969696131Z,false,2025-01-11T02:25:17.675531316Z,end of game,2025-01-11T02:58:43.05984167Z,01JH9J15VSRP2RWQ3K845EC0AM,2025-01-11T02:10:32.443079323Z,false,2025-01-11T02:25:27.783182026Z,5,2025-01-11T02:25:17.675531316Z,0,2025-01-11T02:51:41.782089852Z,90,2025-01-11T02:25:17.675531316Z,63,2025-01-11T02:25:18.235334283Z,1,2025-01-11T02:25:17.675531316Z,null,2025-01-11T02:58:42.969696131Z,true,2025-01-11T02:25:17.630961439Z,true,2025-01-11T02:25:17.630961439Z,ended,2025-01-11T02:58:43.05984167Z,"[[361,248],[361,391],[361,296],[361,27],[379,248],[379,391],[379,296],[379,27],[57,248],[57,391],[57,296],[57,27],[226,248],[226,391],[226,296],[226,27]]",2025-01-11T02:25:18.235334283Z,"[361,379,57,226]",2025-01-11T02:25:18.235334283Z,"{""contextSize"":4,""contextStructure"":""comp-between"",""feedbackDuration"":3,""maxTimeout"":5,""numRepetitionsWithPartner"":4,""playerCount"":2,""selectionDuration"":60,""showNegativeFeedback"":1}",2025-01-11T02:10:32.427397382Z,full-comp-between,2025-01-11T02:10:32.427397382Z
01JH9J1C5MJC9CR239TY4CRQEZ,2,2025-01-11T02:17:53.487496862Z,01JH9J1C5DVX9QY2RVE5SXBEQ0,2025-01-11T02:10:38.900273139Z,"[355,272,435,347]",2025-01-11T02:17:53.703069535Z,4,2025-01-11T02:17:53.509646738Z,comp-between,2025-01-11T02:17:53.509646738Z,true,2025-01-11T02:54:25.830183761Z,false,2025-01-11T02:17:53.509646738Z,end of game,2025-01-11T02:54:25.944492098Z,01JH9J1C61GSTHPQFS62214YY3,2025-01-11T02:10:38.914688679Z,false,2025-01-11T02:17:56.778228597Z,5,2025-01-11T02:17:53.509646738Z,0,2025-01-11T02:17:53.509646738Z,90,2025-01-11T02:17:53.509646738Z,63,2025-01-11T02:17:53.703069535Z,1,2025-01-11T02:17:53.509646738Z,null,2025-01-11T02:54:25.830183761Z,true,2025-01-11T02:17:53.487496862Z,true,2025-01-11T02:17:53.487496862Z,ended,2025-01-11T02:54:25.944492098Z,"[[390,355],[390,272],[390,435],[390,347],[279,355],[279,272],[279,435],[279,347],[49,355],[49,272],[49,435],[49,347],[382,355],[382,272],[382,435],[382,347]]",2025-01-11T02:17:53.703069535Z,"[390,279,49,382]",2025-01-11T02:17:53.703069535Z,"{""contextSize"":4,""contextStructure"":""comp-between"",""feedbackDuration"":3,""maxTimeout"":5,""numRepetitionsWithPartner"":4,""playerCount"":2,""selectionDuration"":60,""showNegativeFeedback"":1}",2025-01-11T02:10:38.900273139Z,full-comp-between,2025-01-11T02:10:38.900273139Z
01JH9J1D8G8CD894ARP0Z6FMTN,2,2025-01-11T02:20:14.500128117Z,01JH9J1D88EMH9KT30JWW5MDAE,2025-01-11T02:10:40.016363035Z,"[421,458,121,375]",2025-01-11T02:20:14.752024964Z,4,2025-01-11T02:20:14.529785425Z,comp-between,2025-01-11T02:20:14.529785425Z,true,2025-01-11T02:59:43.731782262Z,false,2025-01-11T02:20:14.529785425Z,end of game,2025-01-11T02:59:43.851770684Z,01JH9J1D8VT0RX4GY5XM8TB8N7,2025-01-11T02:10:40.029150339Z,false,2025-01-11T02:20:19.064866662Z,5,2025-01-11T02:20:14.529785425Z,0,2025-01-11T02:22:09.197634539Z,180,2025-01-11T02:20:14.529785425Z,63,2025-01-11T02:20:14.752024964Z,1,2025-01-11T02:20:14.529785425Z,null,2025-01-11T02:59:43.731782262Z,true,2025-01-11T02:20:14.500128117Z,true,2025-01-11T02:20:14.500128117Z,ended,2025-01-11T02:59:43.851770684Z,"[[269,421],[269,458],[269,121],[269,375],[62,421],[62,458],[62,121],[62,375],[370,421],[370,458],[370,121],[370,375],[42,421],[42,458],[42,121],[42,375]]",2025-01-11T02:20:14.752024964Z,"[269,62,370,42]",2025-01-11T02:20:14.752024964Z,"{""contextSize"":4,""contextStructure"":""comp-between"",""feedbackDuration"":3,""maxTimeout"":5,""numRepetitionsWithPartner"":4,""playerCount"":2,""selectionDuration"":60,""showNegativeFeedback"":1}",2025-01-11T02:10:40.016363035Z,full-comp-between,2025-01-11T02:10:40.016363035Z
01JH9JSBP2E3ABG7WX9VDB70EK,2,2025-01-11T02:29:49.569383884Z,01JH9JSBN97MH23YYTFANGWEDH,2025-01-11T02:23:44.834967805Z,"[258,34,409,119]",2025-01-11T02:29:50.648512989Z,4,2025-01-11T02:29:49.640017646Z,comp-between,2025-01-11T02:29:49.640017646Z,true,2025-01-11T02:50:35.788581129Z,false,2025-01-11T02:29:49.640017646Z,end of game,2025-01-11T02:50:35.954954777Z,01JH9JSBQBNTKF9BZDX9KN6KMQ,2025-01-11T02:23:44.877270727Z,false,2025-01-11T02:30:06.750190096Z,5,2025-01-11T02:29:49.640017646Z,0,2025-01-11T02:31:46.322131363Z,90,2025-01-11T02:29:49.640017646Z,63,2025-01-11T02:29:50.648512989Z,1,2025-01-11T02:29:49.640017646Z,null,2025-01-11T02:50:35.788581129Z,true,2025-01-11T02:29:49.569383884Z,true,2025-01-11T02:29:49.569383884Z,ended,2025-01-11T02:50:35.954954777Z,"[[147,258],[147,34],[147,409],[147,119],[350,258],[350,34],[350,409],[350,119],[234,258],[234,34],[234,409],[234,119],[222,258],[222,34],[222,409],[222,119]]",2025-01-11T02:29:50.648512989Z,"[147,350,234,222]",2025-01-11T02:29:50.648512989Z,"{""contextSize"":4,""contextStructure"":""comp-between"",""feedbackDuration"":3,""maxTimeout"":5,""numRepetitionsWithPartner"":4,""playerCount"":2,""selectionDuration"":60,""showNegativeFeedback"":1}",2025-01-11T02:23:44.834967805Z,full-comp-between,2025-01-11T02:23:44.834967805Z
01JH9JSD47AQRCJM0B903CE3C7,2,2025-01-11T02:32:25.461390359Z,01JH9JSD3J449A1ZY9D3KXM837,2025-01-11T02:23:46.311475648Z,"[128,421,220,27]",2025-01-11T02:32:26.670595726Z,4,2025-01-11T02:32:25.549650929Z,comp-between,2025-01-11T02:32:25.549650929Z,true,2025-01-11T02:53:09.132857864Z,false,2025-01-11T02:32:25.549650929Z,end of game,2025-01-11T02:53:09.229130793Z,01JH9JSD5H8PPXP8ZP3QKAMX5Q,2025-01-11T02:23:46.354951092Z,false,2025-01-11T02:32:47.834715481Z,5,2025-01-11T02:32:25.549650929Z,0,2025-01-11T02:32:25.549650929Z,90,2025-01-11T02:32:25.549650929Z,63,2025-01-11T02:32:26.670595726Z,1,2025-01-11T02:32:25.549650929Z,null,2025-01-11T02:53:09.132857864Z,true,2025-01-11T02:32:25.461390359Z,true,2025-01-11T02:32:25.461390359Z,ended,2025-01-11T02:53:09.229130793Z,"[[280,128],[280,421],[280,220],[280,27],[387,128],[387,421],[387,220],[387,27],[441,128],[441,421],[441,220],[441,27],[235,128],[235,421],[235,220],[235,27]]",2025-01-11T02:32:26.670595726Z,"[280,387,441,235]",2025-01-11T02:32:26.670595726Z,"{""contextSize"":4,""contextStructure"":""comp-between"",""feedbackDuration"":3,""maxTimeout"":5,""numRepetitionsWithPartner"":4,""playerCount"":2,""selectionDuration"":60,""showNegativeFeedback"":1}",2025-01-11T02:23:46.311475648Z,full-comp-between,2025-01-11T02:23:46.311475648Z
01JH9K8Y3WAYEKZBWT353JC8YF,2,2025-01-11T02:38:53.376088111Z,01JH9K8Y1XQAPNKVPGS288XW7T,2025-01-11T02:32:15.228451039Z,"[157,139,106,7]",2025-01-11T02:38:55.764221111Z,4,2025-01-11T02:38:53.608706569Z,comp-between,2025-01-11T02:38:53.608706569Z,true,2025-01-11T03:22:51.450921822Z,false,2025-01-11T02:38:53.608706569Z,end of game,2025-01-11T03:22:51.558319137Z,01JH9K8Y6V94EQ0A3WYVBX2WCN,2025-01-11T02:32:15.326871202Z,false,2025-01-11T02:39:30.694245466Z,5,2025-01-11T02:38:53.608706569Z,0,2025-01-11T03:10:33.532520437Z,270,2025-01-11T02:38:53.608706569Z,63,2025-01-11T02:38:55.764221111Z,1,2025-01-11T02:38:53.608706569Z,null,2025-01-11T03:22:51.450921822Z,true,2025-01-11T02:38:53.376088111Z,true,2025-01-11T02:38:53.376088111Z,ended,2025-01-11T03:22:51.558319137Z,"[[462,157],[462,139],[462,106],[462,7],[132,157],[132,139],[132,106],[132,7],[343,157],[343,139],[343,106],[343,7],[215,157],[215,139],[215,106],[215,7]]",2025-01-11T02:38:55.764221111Z,"[462,132,343,215]",2025-01-11T02:38:55.764221111Z,"{""contextSize"":4,""contextStructure"":""comp-between"",""feedbackDuration"":3,""maxTimeout"":5,""numRepetitionsWithPartner"":4,""playerCount"":2,""selectionDuration"":60,""showNegativeFeedback"":1}",2025-01-11T02:32:15.228451039Z,full-comp-between,2025-01-11T02:32:15.228451039Z
01JH9J19NY4W9WY55NWGAE6SW1,2,2025-01-11T02:27:24.741417127Z,01JH9J19NPMRG1CXT3ZTNZAXR5,2025-01-11T02:10:36.350868436Z,"[220,96,123,265]",2025-01-11T02:27:25.54634298Z,4,2025-01-11T02:27:24.799553354Z,comp-between,2025-01-11T02:27:24.799553354Z,true,2025-01-11T02:55:37.87338636Z,false,2025-01-11T02:27:24.799553354Z,end of game,2025-01-11T02:55:38.219070703Z,01JH9J19PBCFVJ7YCP9SDKFR63,2025-01-11T02:10:36.365487697Z,false,2025-01-11T02:27:39.125874917Z,5,2025-01-11T02:27:24.799553354Z,0,2025-01-11T02:29:13.00376717Z,270,2025-01-11T02:27:24.799553354Z,63,2025-01-11T02:27:25.54634298Z,1,2025-01-11T02:27:24.799553354Z,null,2025-01-11T02:55:37.87338636Z,true,2025-01-11T02:27:24.741417127Z,true,2025-01-11T02:27:24.741417127Z,ended,2025-01-11T02:55:38.219070703Z,"[[334,220],[334,96],[334,123],[334,265],[7,220],[7,96],[7,123],[7,265],[321,220],[321,96],[321,123],[321,265],[373,220],[373,96],[373,123],[373,265]]",2025-01-11T02:27:25.54634298Z,"[334,7,321,373]",2025-01-11T02:27:25.54634298Z,"{""contextSize"":4,""contextStructure"":""comp-between"",""feedbackDuration"":3,""maxTimeout"":5,""numRepetitionsWithPartner"":4,""playerCount"":2,""selectionDuration"":60,""showNegativeFeedback"":1}",2025-01-11T02:10:36.350868436Z,full-comp-between,2025-01-11T02:10:36.350868436Z
01JH9J1CYPYET02EK48JTS1TAG,2,2025-01-11T02:19:24.321310288Z,01JH9J1CYE6CMF3JWJP2DGAMHG,2025-01-11T02:10:39.702233454Z,"[286,400,114,396]",2025-01-11T02:19:24.547251763Z,4,2025-01-11T02:19:24.352889701Z,comp-between,2025-01-11T02:19:24.352889701Z,true,2025-01-11T02:43:06.623977658Z,false,2025-01-11T02:19:24.352889701Z,end of game,2025-01-11T02:43:06.724480856Z,01JH9J1CZ25D19TW8JRGHXF353,2025-01-11T02:10:39.716488691Z,false,2025-01-11T02:19:27.659381026Z,5,2025-01-11T02:19:24.352889701Z,0,2025-01-11T02:20:53.234352987Z,90,2025-01-11T02:19:24.352889701Z,63,2025-01-11T02:19:24.547251763Z,1,2025-01-11T02:19:24.352889701Z,null,2025-01-11T02:43:06.623977658Z,true,2025-01-11T02:19:24.321310288Z,true,2025-01-11T02:19:24.321310288Z,ended,2025-01-11T02:43:06.724480856Z,"[[120,286],[120,400],[120,114],[120,396],[131,286],[131,400],[131,114],[131,396],[226,286],[226,400],[226,114],[226,396],[460,286],[460,400],[460,114],[460,396]]",2025-01-11T02:19:24.547251763Z,"[120,131,226,460]",2025-01-11T02:19:24.547251763Z,"{""contextSize"":4,""contextStructure"":""comp-between"",""feedbackDuration"":3,""maxTimeout"":5,""numRepetitionsWithPartner"":4,""playerCount"":2,""selectionDuration"":60,""showNegativeFeedback"":1}",2025-01-11T02:10:39.702233454Z,full-comp-between,2025-01-11T02:10:39.702233454Z
01JH9KP6QVYP59P8X0V6Y4R4HM,2,2025-01-11T02:41:33.494294616Z,01JH9KNTC5PM1HFQ4295BXZ8GR,2025-01-11T02:39:30.043351381Z,"[439,453,442,446]",2025-01-11T02:41:36.185923358Z,4,2025-01-11T02:41:33.662939513Z,comp-between,2025-01-11T02:41:33.662939513Z,true,2025-01-11T03:06:47.79117256Z,false,2025-01-11T02:41:33.662939513Z,end of game,2025-01-11T03:06:47.888336154Z,01JH9KP7K110NASF2P6VER1B96,2025-01-11T02:39:30.919657839Z,false,2025-01-11T02:42:19.890137372Z,5,2025-01-11T02:41:33.662939513Z,0,2025-01-11T02:41:33.662939513Z,0,2025-01-11T02:41:33.662939513Z,63,2025-01-11T02:41:36.185923358Z,1,2025-01-11T02:41:33.662939513Z,null,2025-01-11T03:06:47.79117256Z,true,2025-01-11T02:41:33.494294616Z,true,2025-01-11T02:41:33.494294616Z,ended,2025-01-11T03:06:47.888336154Z,"[[394,439],[394,453],[394,442],[394,446],[134,439],[134,453],[134,442],[134,446],[295,439],[295,453],[295,442],[295,446],[125,439],[125,453],[125,442],[125,446]]",2025-01-11T02:41:36.185923358Z,"[394,134,295,125]",2025-01-11T02:41:36.185923358Z,"{""contextSize"":4,""contextStructure"":""comp-between"",""feedbackDuration"":3,""maxTimeout"":5,""numRepetitionsWithPartner"":4,""playerCount"":2,""selectionDuration"":60,""showNegativeFeedback"":1}",2025-01-11T02:39:30.043351381Z,full-comp-between,2025-01-11T02:39:30.043351381Z
01JH9KVB4YEMXNGE5FH1ACRW03,,,01JH9KTJX6A2AHB5Z6V370YKGE,2025-01-11T02:42:18.398854438Z,,,,,,,false,2025-01-11T02:42:18.398854438Z,,,,,01JH9KVC2B7SAD2V2GBPVC91P3,2025-01-11T02:42:19.345673002Z,,,,,,,,,,,,,,,false,2025-01-11T02:42:18.398854438Z,,,,,,,,,"{""contextSize"":4,""contextStructure"":""comp-between"",""feedbackDuration"":3,""maxTimeout"":5,""numRepetitionsWithPartner"":4,""playerCount"":2,""selectionDuration"":60,""showNegativeFeedback"":1}",2025-01-11T02:42:18.398854438Z,full-comp-between,2025-01-11T02:42:18.398854438Z
01JH9J184MWH20CHHGNP1CTN6M,2,2025-01-11T02:26:57.713693542Z,01JH9J184C7QVGB162JSQ19RMX,2025-01-11T02:10:34.77253579Z,"[53,304,62,215]",2025-01-11T02:26:58.603129788Z,4,2025-01-11T02:26:57.77155849Z,comp-between,2025-01-11T02:26:57.77155849Z,true,2025-01-11T02:58:55.648117043Z,false,2025-01-11T02:26:57.77155849Z,end of game,2025-01-11T02:58:55.852448834Z,01JH9J1851NBWNYPB3GQAE2K0G,2025-01-11T02:10:34.786954636Z,false,2025-01-11T02:27:10.551605807Z,5,2025-01-11T02:26:57.77155849Z,0,2025-01-11T02:46:22.446432213Z,270,2025-01-11T02:26:57.77155849Z,63,2025-01-11T02:26:58.603129788Z,1,2025-01-11T02:26:57.77155849Z,null,2025-01-11T02:58:55.648117043Z,true,2025-01-11T02:26:57.713693542Z,true,2025-01-11T02:26:57.713693542Z,ended,2025-01-11T02:58:55.852448834Z,"[[222,53],[222,304],[222,62],[222,215],[98,53],[98,304],[98,62],[98,215],[9,53],[9,304],[9,62],[9,215],[39,53],[39,304],[39,62],[39,215]]",2025-01-11T02:26:58.603129788Z,"[222,98,9,39]",2025-01-11T02:26:58.603129788Z,"{""contextSize"":4,""contextStructure"":""comp-between"",""feedbackDuration"":3,""maxTimeout"":5,""numRepetitionsWithPartner"":4,""playerCount"":2,""selectionDuration"":60,""showNegativeFeedback"":1}",2025-01-11T02:10:34.77253579Z,full-comp-between,2025-01-11T02:10:34.77253579Z
01JH9JXENNAA9FQ6XWTZ6P5GNZ,2,2025-01-11T02:36:11.814514337Z,01JH9JXEMT6BQGCQJYTQZ79SDP,2025-01-11T02:25:58.965101636Z,"[402,128,252,311]",2025-01-11T02:36:13.56368729Z,4,2025-01-11T02:36:12.033532643Z,comp-between,2025-01-11T02:36:12.033532643Z,true,2025-01-11T03:11:24.119198896Z,false,2025-01-11T02:36:12.033532643Z,end of game,2025-01-11T03:11:24.2222532Z,01JH9JXEQB8TSYMWWJ7ZMQWBCG,2025-01-11T02:25:59.021884074Z,false,2025-01-11T02:36:41.54015615Z,5,2025-01-11T02:36:12.033532643Z,0,2025-01-11T02:38:37.649020629Z,180,2025-01-11T02:36:12.033532643Z,63,2025-01-11T02:36:13.56368729Z,1,2025-01-11T02:36:12.033532643Z,null,2025-01-11T03:11:24.119198896Z,true,2025-01-11T02:36:11.814514337Z,true,2025-01-11T02:36:11.814514337Z,ended,2025-01-11T03:11:24.2222532Z,"[[336,402],[336,128],[336,252],[336,311],[180,402],[180,128],[180,252],[180,311],[146,402],[146,128],[146,252],[146,311],[144,402],[144,128],[144,252],[144,311]]",2025-01-11T02:36:13.56368729Z,"[336,180,146,144]",2025-01-11T02:36:13.56368729Z,"{""contextSize"":4,""contextStructure"":""comp-between"",""feedbackDuration"":3,""maxTimeout"":5,""numRepetitionsWithPartner"":4,""playerCount"":2,""selectionDuration"":60,""showNegativeFeedback"":1}",2025-01-11T02:25:58.965101636Z,full-comp-between,2025-01-11T02:25:58.965101636Z
01JH9J1B9D57FP0N7Q8EGCWM69,2,2025-01-11T02:22:47.618775734Z,01JH9J1B95RJ4KAGR9REMYEXKX,2025-01-11T02:10:37.997886191Z,"[465,405,251,469]",2025-01-11T02:22:47.961771012Z,4,2025-01-11T02:22:47.651228355Z,comp-between,2025-01-11T02:22:47.651228355Z,true,2025-01-11T02:47:24.686590406Z,false,2025-01-11T02:22:47.651228355Z,end of game,2025-01-11T02:47:25.446555931Z,01JH9J1B9TNYMZSVXZ6VJ8FJFM,2025-01-11T02:10:38.011608882Z,false,2025-01-11T02:22:54.859018111Z,5,2025-01-11T02:22:47.651228355Z,0,2025-01-11T02:22:47.651228355Z,0,2025-01-11T02:22:47.651228355Z,63,2025-01-11T02:22:47.961771012Z,1,2025-01-11T02:22:47.651228355Z,null,2025-01-11T02:47:24.686590406Z,true,2025-01-11T02:22:47.618775734Z,true,2025-01-11T02:22:47.618775734Z,ended,2025-01-11T02:47:25.446555931Z,"[[189,465],[189,405],[189,251],[189,469],[298,465],[298,405],[298,251],[298,469],[320,465],[320,405],[320,251],[320,469],[287,465],[287,405],[287,251],[287,469]]",2025-01-11T02:22:47.961771012Z,"[189,298,320,287]",2025-01-11T02:22:47.961771012Z,"{""contextSize"":4,""contextStructure"":""comp-between"",""feedbackDuration"":3,""maxTimeout"":5,""numRepetitionsWithPartner"":4,""playerCount"":2,""selectionDuration"":60,""showNegativeFeedback"":1}",2025-01-11T02:10:37.997886191Z,full-comp-between,2025-01-11T02:10:37.997886191Z
01JH9J1BSHWS5KSCT8MGHHPD4F,2,2025-01-11T02:20:59.454575461Z,01JH9J1BS9T5EM3SA6C1PDZWK0,2025-01-11T02:10:38.513167058Z,"[453,154,388,24]",2025-01-11T02:20:59.750848699Z,4,2025-01-11T02:20:59.483822931Z,comp-between,2025-01-11T02:20:59.483822931Z,true,2025-01-11T02:45:53.578029161Z,false,2025-01-11T02:20:59.483822931Z,end of game,2025-01-11T02:45:53.762785588Z,01JH9J1BSXW21DBJQF4ZYZFPCT,2025-01-11T02:10:38.52814256Z,false,2025-01-11T02:21:04.762451046Z,5,2025-01-11T02:20:59.483822931Z,0,2025-01-11T02:20:59.483822931Z,90,2025-01-11T02:20:59.483822931Z,63,2025-01-11T02:20:59.750848699Z,1,2025-01-11T02:20:59.483822931Z,null,2025-01-11T02:45:53.578029161Z,true,2025-01-11T02:20:59.454575461Z,true,2025-01-11T02:20:59.454575461Z,ended,2025-01-11T02:45:53.762785588Z,"[[341,453],[341,154],[341,388],[341,24],[375,453],[375,154],[375,388],[375,24],[298,453],[298,154],[298,388],[298,24],[293,453],[293,154],[293,388],[293,24]]",2025-01-11T02:20:59.750848699Z,"[341,375,298,293]",2025-01-11T02:20:59.750848699Z,"{""contextSize"":4,""contextStructure"":""comp-between"",""feedbackDuration"":3,""maxTimeout"":5,""numRepetitionsWithPartner"":4,""playerCount"":2,""selectionDuration"":60,""showNegativeFeedback"":1}",2025-01-11T02:10:38.513167058Z,full-comp-between,2025-01-11T02:10:38.513167058Z
01JH9J1DX6BQ0831A88CQXB1Z2,2,2025-01-11T02:24:11.127585029Z,01JH9J1DWZX1295N75PGTDS6BZ,2025-01-11T02:10:40.678935081Z,"[368,423,248,298]",2025-01-11T02:24:11.659683011Z,4,2025-01-11T02:24:11.175274795Z,comp-between,2025-01-11T02:24:11.175274795Z,true,2025-01-11T02:59:38.509360157Z,false,2025-01-11T02:24:11.175274795Z,end of game,2025-01-11T02:59:38.597473014Z,01JH9J1DXKJ9F3YQVZRXP4BPW5,2025-01-11T02:10:40.69245315Z,false,2025-01-11T02:24:20.25106484Z,5,2025-01-11T02:24:11.175274795Z,0,2025-01-11T02:24:11.175274795Z,0,2025-01-11T02:24:11.175274795Z,63,2025-01-11T02:24:11.659683011Z,1,2025-01-11T02:24:11.175274795Z,null,2025-01-11T02:59:38.509360157Z,true,2025-01-11T02:24:11.127585029Z,true,2025-01-11T02:24:11.127585029Z,ended,2025-01-11T02:59:38.597473014Z,"[[391,368],[391,423],[391,248],[391,298],[262,368],[262,423],[262,248],[262,298],[447,368],[447,423],[447,248],[447,298],[184,368],[184,423],[184,248],[184,298]]",2025-01-11T02:24:11.659683011Z,"[391,262,447,184]",2025-01-11T02:24:11.659683011Z,"{""contextSize"":4,""contextStructure"":""comp-between"",""feedbackDuration"":3,""maxTimeout"":5,""numRepetitionsWithPartner"":4,""playerCount"":2,""selectionDuration"":60,""showNegativeFeedback"":1}",2025-01-11T02:10:40.678935081Z,full-comp-between,2025-01-11T02:10:40.678935081Z
01JH9JSCH28AD3W44YCYQP0JV1,2,2025-01-11T02:31:22.233695395Z,01JH9JSCGDWTPYDZMRRFA00DW9,2025-01-11T02:23:45.698793475Z,"[22,69,404,5]",2025-01-11T02:31:23.463694153Z,4,2025-01-11T02:31:22.309890558Z,comp-between,2025-01-11T02:31:22.309890558Z,true,2025-01-11T02:51:19.074384611Z,false,2025-01-11T02:31:22.309890558Z,end of game,2025-01-11T02:51:19.625030606Z,01JH9JSCJ97YHBECGKY18F6M54,2025-01-11T02:23:45.739895616Z,false,2025-01-11T02:31:41.757948683Z,5,2025-01-11T02:31:22.309890558Z,0,2025-01-11T02:49:17.28191405Z,180,2025-01-11T02:31:22.309890558Z,63,2025-01-11T02:31:23.463694153Z,1,2025-01-11T02:31:22.309890558Z,null,2025-01-11T02:51:19.074384611Z,true,2025-01-11T02:31:22.233695395Z,true,2025-01-11T02:31:22.233695395Z,ended,2025-01-11T02:51:19.625030606Z,"[[323,22],[323,69],[323,404],[323,5],[207,22],[207,69],[207,404],[207,5],[237,22],[237,69],[237,404],[237,5],[86,22],[86,69],[86,404],[86,5]]",2025-01-11T02:31:23.463694153Z,"[323,207,237,86]",2025-01-11T02:31:23.463694153Z,"{""contextSize"":4,""contextStructure"":""comp-between"",""feedbackDuration"":3,""maxTimeout"":5,""numRepetitionsWithPartner"":4,""playerCount"":2,""selectionDuration"":60,""showNegativeFeedback"":1}",2025-01-11T02:23:45.698793475Z,full-comp-between,2025-01-11T02:23:45.698793475Z
01JH9KGM6BCNY30K21W9CEZBJW,2,2025-01-11T02:39:33.776577935Z,01JH9KG7F6VY15PYNBWWG4B7TP,2025-01-11T02:36:27.211610665Z,"[442,432,376,227]",2025-01-11T02:39:36.028772591Z,4,2025-01-11T02:39:34.066415604Z,comp-between,2025-01-11T02:39:34.066415604Z,true,2025-01-11T03:31:41.047685376Z,false,2025-01-11T02:39:34.066415604Z,end of game,2025-01-11T03:31:41.15438854Z,01JH9KH1HP74CVA3WQHH3G4W56,2025-01-11T02:36:40.888752031Z,false,2025-01-11T02:40:15.106930373Z,5,2025-01-11T02:39:34.066415604Z,0,2025-01-11T03:06:48.19166838Z,0,2025-01-11T02:39:34.066415604Z,63,2025-01-11T02:39:36.028772591Z,1,2025-01-11T02:39:34.066415604Z,null,2025-01-11T03:31:41.047685376Z,true,2025-01-11T02:39:33.776577935Z,true,2025-01-11T02:39:33.776577935Z,ended,2025-01-11T03:31:41.15438854Z,"[[396,442],[396,432],[396,376],[396,227],[253,442],[253,432],[253,376],[253,227],[373,442],[373,432],[373,376],[373,227],[12,442],[12,432],[12,376],[12,227]]",2025-01-11T02:39:36.028772591Z,"[396,253,373,12]",2025-01-11T02:39:36.028772591Z,"{""contextSize"":4,""contextStructure"":""comp-between"",""feedbackDuration"":3,""maxTimeout"":5,""numRepetitionsWithPartner"":4,""playerCount"":2,""selectionDuration"":60,""showNegativeFeedback"":1}",2025-01-11T02:36:27.211610665Z,full-comp-between,2025-01-11T02:36:27.211610665Z
01JH9J0RYNKGJZR66QP94CY6SD,,,01JH9J0RY4AC0014CA84APG2K6,2025-01-11T02:10:19.22162835Z,,,,,,,false,2025-01-11T02:10:19.22162835Z,,,batch ended,2025-01-11T02:25:57.573388301Z,01JH9J0RZREYZJAPJFAAQDKY46,2025-01-11T02:10:19.25865914Z,,,,,,,,,,,,,,,false,2025-01-11T02:10:19.22162835Z,,,terminated,2025-01-11T02:25:57.573388301Z,,,,,"{""contextSize"":4,""contextStructure"":""comp-between"",""feedbackDuration"":3,""maxTimeout"":5,""numRepetitionsWithPartner"":4,""playerCount"":2,""selectionDuration"":60,""showNegativeFeedback"":1}",2025-01-11T02:10:19.22162835Z,full-comp-between,2025-01-11T02:10:19.22162835Z
01JH9J0RYNKGJZR66QPK160QVS,,,01JH9J0RY4AC0014CA84APG2K6,2025-01-11T02:10:19.221973667Z,,,,,,,false,2025-01-11T02:10:19.221973667Z,,,batch ended,2025-01-11T02:25:57.573388301Z,01JH9J0RZ9J0HPA4CGMZNHGYRH,2025-01-11T02:10:19.244099762Z,,,,,,,,,,,,,,,false,2025-01-11T02:10:19.221973667Z,,,terminated,2025-01-11T02:25:57.573388301Z,,,,,"{""contextSize"":4,""contextStructure"":""comp-between"",""feedbackDuration"":3,""maxTimeout"":5,""numRepetitionsWithPartner"":4,""playerCount"":2,""selectionDuration"":60,""showNegativeFeedback"":1}",2025-01-11T02:10:19.221973667Z,full-comp-between,2025-01-11T02:10:19.221973667Z
