id,batchID,batchIDLastChangedAt,gameID,gameIDLastChangedAt,playerID,playerIDLastChangedAt
01JH9JEMJXJ6EBTHB9HYWQK5TP,01JH9J1C5DVX9QY2RVE5SXBEQ0,2025-01-11T02:17:53.501838917Z,01JH9J1C5MJC9CR239TY4CRQEZ,2025-01-11T02:17:53.501838917Z,01JH9J4R67TBG0PCX0D62R8SW8,2025-01-11T02:17:53.501838917Z
01JH9JMA6F8PRY3S68XFMFMH1G,01JH9J1BS9T5EM3SA6C1PDZWK0,2025-01-11T02:20:59.471914266Z,01JH9J1BSHWS5KSCT8MGHHPD4F,2025-01-11T02:20:59.471914266Z,01JH9JBSV1EKFY4DM0AWQQGKAE,2025-01-11T02:20:59.471914266Z
01JH9K02F9929V1X43T6W17J9P,01JH9J19NPMRG1CXT3ZTNZAXR5,2025-01-11T02:27:24.777916452Z,01JH9J19NY4W9WY55NWGAE6SW1,2025-01-11T02:27:24.777916452Z,01JH9JR8Y7WB1HJH51M3DVZAEJ,2025-01-11T02:27:24.777916452Z
01JH9KJ8SQ7JVYAD2G5MF4P39D,01JH9JYWZ0E9612YN74NA9CM1C,2025-01-11T02:37:21.079638497Z,01JH9JYX0AMW2H9GPG4HWQW4G9,2025-01-11T02:37:21.079638497Z,01JH9K264E6RX21D8WS89GH5MC,2025-01-11T02:37:21.079638497Z
01JH9KN337MT96P02Q7TB8J1C3,01JH9K8Y1XQAPNKVPGS288XW7T,2025-01-11T02:38:53.543626908Z,01JH9K8Y3WAYEKZBWT353JC8YF,2025-01-11T02:38:53.543626908Z,01JH9KBJPQ6W4CXE1J0H02NT6D,2025-01-11T02:38:53.543626908Z
01JH9JJY9RWD90X2SKKNF2B7PE,01JH9J1D88EMH9KT30JWW5MDAE,2025-01-11T02:20:14.520189794Z,01JH9J1D8G8CD894ARP0Z6FMTN,2025-01-11T02:20:14.520189794Z,01JH9JDTWRTB5C9PN08XQXVFYK,2025-01-11T02:20:14.520189794Z
01JH9JQKTMJBRBV53D3JVVFWWK,01JH9J1B95RJ4KAGR9REMYEXKX,2025-01-11T02:22:47.636129698Z,01JH9J1B9D57FP0N7Q8EGCWM69,2025-01-11T02:22:47.636129698Z,01JH9J4G668S4DK7PQVKGVR1A4,2025-01-11T02:22:47.636129698Z
01JH9JQKTP2EGEK9FBM8SZS85F,01JH9J1B95RJ4KAGR9REMYEXKX,2025-01-11T02:22:47.638700658Z,01JH9J1B9D57FP0N7Q8EGCWM69,2025-01-11T02:22:47.638700658Z,01JH9JGDR2712HC3J1CEDPEC3W,2025-01-11T02:22:47.638700658Z
01JH9JW6AVMP8SBNTT0090GQ7Z,01JH9J15V0QM4TAHRYYWKD4YY5,2025-01-11T02:25:17.659431238Z,01JH9J15VBK2T020RPNZQ6RMX2,2025-01-11T02:25:17.659431238Z,01JH9JGC3BFCVW4SZYSRJQWDFN,2025-01-11T02:25:17.659431238Z
01JH9JZ82DQYDRK9QKTHGCS6Y0,01JH9J184C7QVGB162JSQ19RMX,2025-01-11T02:26:57.741062458Z,01JH9J184MWH20CHHGNP1CTN6M,2025-01-11T02:26:57.741062458Z,01JH9JQ2JZED0HMF0HH6B1QT38,2025-01-11T02:26:57.741062458Z
01JH9JPEC744A8GA9T927BZAQS,01JH9J1DKV6RS6MCRNJ3SXCYT3,2025-01-11T02:22:09.287826951Z,01JH9J1DM169CBQKJ3S9B60P0M,2025-01-11T02:22:09.287826951Z,01JH9J8XYMJYB0JJ94PD98RG3Q,2025-01-11T02:22:09.287826951Z
01JH9K98505JN37C7GGTQDT9VA,01JH9JSD3J449A1ZY9D3KXM837,2025-01-11T02:32:25.504841005Z,01JH9JSD47AQRCJM0B903CE3C7,2025-01-11T02:32:25.504841005Z,01JH9JX8QE8T2JGRZHJ91DSKHS,2025-01-11T02:32:25.504841005Z
01JH9KG5AH0D5H88JYVQ1HYX2N,01JH9JXEMT6BQGCQJYTQZ79SDP,2025-01-11T02:36:11.985831422Z,01JH9JXENNAA9FQ6XWTZ6P5GNZ,2025-01-11T02:36:11.985831422Z,01JH9K2TX4JRCC7V2QG073M1MW,2025-01-11T02:36:11.985831422Z
01JH9KPAJZZMJ9A5P9PQ5AC0GA,01JH9KG7F6VY15PYNBWWG4B7TP,2025-01-11T02:39:33.98316384Z,01JH9KGM6BCNY30K21W9CEZBJW,2025-01-11T02:39:33.98316384Z,01JH9KDNQ466RWRZDAEDDC9EQS,2025-01-11T02:39:33.98316384Z
01JH9JHD9Q4WB71QC18R8EQ9WD,01JH9J1CYE6CMF3JWJP2DGAMHG,2025-01-11T02:19:24.343372026Z,01JH9J1CYPYET02EK48JTS1TAG,2025-01-11T02:19:24.343372026Z,01JH9JAT5KTYYGHAZX5XSS846Y,2025-01-11T02:19:24.343372026Z
01JH9JMA6JHPP4FVVANTKE7YCJ,01JH9J1BS9T5EM3SA6C1PDZWK0,2025-01-11T02:20:59.474459175Z,01JH9J1BSHWS5KSCT8MGHHPD4F,2025-01-11T02:20:59.474459175Z,01JH9JGAD1MQ6T0Y5WNMKZ5312,2025-01-11T02:20:59.474459175Z
01JH9JT5CKKBMKH4VMWTCHCZFC,01JH9J1DWZX1295N75PGTDS6BZ,2025-01-11T02:24:11.155713421Z,01JH9J1DX6BQ0831A88CQXB1Z2,2025-01-11T02:24:11.155713421Z,01JH9JE2QESD33Z1V8H4HY18JE,2025-01-11T02:24:11.155713421Z
01JH9JW6AP41F55NBHVYKAGEGP,01JH9J15V0QM4TAHRYYWKD4YY5,2025-01-11T02:25:17.654756039Z,01JH9J15VBK2T020RPNZQ6RMX2,2025-01-11T02:25:17.654756039Z,01JH9J9YXEYHS30QYKQDZC85ET,2025-01-11T02:25:17.654756039Z
01JH9JZ82KJ1J0F9SH5HYS9MJ7,01JH9J184C7QVGB162JSQ19RMX,2025-01-11T02:26:57.747489998Z,01JH9J184MWH20CHHGNP1CTN6M,2025-01-11T02:26:57.747489998Z,01JH9JQ3RX9ADTRGBNPA5CX9D4,2025-01-11T02:26:57.747489998Z
01JH9JEMJXJ6EBTHB9J5T1FEP5,01JH9J1C5DVX9QY2RVE5SXBEQ0,2025-01-11T02:17:53.501986674Z,01JH9J1C5MJC9CR239TY4CRQEZ,2025-01-11T02:17:53.501986674Z,01JH9JC9MFSDT1SDPTQMHZ9BTJ,2025-01-11T02:17:53.501986674Z
01JH9K02F0MJXCXV8MHVNNQ8RH,01JH9J19NPMRG1CXT3ZTNZAXR5,2025-01-11T02:27:24.768711417Z,01JH9J19NY4W9WY55NWGAE6SW1,2025-01-11T02:27:24.768711417Z,01JH9J7VV7N2SM337FD8KTVHP6,2025-01-11T02:27:24.768711417Z
01JH9K4FXBDKNJKDM6JEGVEZ50,01JH9JSBN97MH23YYTFANGWEDH,2025-01-11T02:29:49.61162339Z,01JH9JSBP2E3ABG7WX9VDB70EK,2025-01-11T02:29:49.61162339Z,01JH9K0Q9ZSS0YJG0CGZJ6EZJS,2025-01-11T02:29:49.61162339Z
01JH9K985DJ2Z0V28NC59B14YJ,01JH9JSD3J449A1ZY9D3KXM837,2025-01-11T02:32:25.517636407Z,01JH9JSD47AQRCJM0B903CE3C7,2025-01-11T02:32:25.517636407Z,01JH9K1M45597YA74KEKRT0GJ6,2025-01-11T02:32:25.517636407Z
01JH9K4FX1KTBDBM9VF2JRH0P7,01JH9JSBN97MH23YYTFANGWEDH,2025-01-11T02:29:49.601182972Z,01JH9JSBP2E3ABG7WX9VDB70EK,2025-01-11T02:29:49.601182972Z,01JH9JV5GGRYQR06Z5CMT5C776,2025-01-11T02:29:49.601182972Z
01JH9KN32JDXZEV7FWVK820FRE,01JH9K8Y1XQAPNKVPGS288XW7T,2025-01-11T02:38:53.522736972Z,01JH9K8Y3WAYEKZBWT353JC8YF,2025-01-11T02:38:53.522736972Z,01JH9KB18QRSMZX3D33NJZQ6F5,2025-01-11T02:38:53.522736972Z
01JH9KSZBW8D018EHHHHB0JN0Z,01JH9KNTC5PM1HFQ4295BXZ8GR,2025-01-11T02:41:33.564196126Z,01JH9KP6QVYP59P8X0V6Y4R4HM,2025-01-11T02:41:33.564196126Z,01JH9KDWJ0XK98SW2DYBYG6GZT,2025-01-11T02:41:33.564196126Z
01JH9KSZCNBCWWARR79FDNPY5Q,01JH9KNTC5PM1HFQ4295BXZ8GR,2025-01-11T02:41:33.589929552Z,01JH9KP6QVYP59P8X0V6Y4R4HM,2025-01-11T02:41:33.589929552Z,01JH9KH9FEDEFVAC0QWV1XRVPE,2025-01-11T02:41:33.589929552Z
01JH9JHD9RYQDSVXKRGEPPQVYV,01JH9J1CYE6CMF3JWJP2DGAMHG,2025-01-11T02:19:24.344340998Z,01JH9J1CYPYET02EK48JTS1TAG,2025-01-11T02:19:24.344340998Z,01JH9JEHTZ6J1GP4Y2H6HNEXQX,2025-01-11T02:19:24.344340998Z
01JH9JJY9PKRGCYNDA2M777GSR,01JH9J1D88EMH9KT30JWW5MDAE,2025-01-11T02:20:14.518320074Z,01JH9J1D8G8CD894ARP0Z6FMTN,2025-01-11T02:20:14.518320074Z,01JH9JC2Q3ZCVRTBMJS8DSYJ3T,2025-01-11T02:20:14.518320074Z
01JH9JT5CRRRDNEKMHK530MMRN,01JH9J1DWZX1295N75PGTDS6BZ,2025-01-11T02:24:11.160199158Z,01JH9J1DX6BQ0831A88CQXB1Z2,2025-01-11T02:24:11.160199158Z,01JH9JGM0E0P8NS5KN94J09Q4K,2025-01-11T02:24:11.160199158Z
01JH9K7AD6P749T3JVYNNXGKJW,01JH9JSCGDWTPYDZMRRFA00DW9,2025-01-11T02:31:22.278410236Z,01JH9JSCH28AD3W44YCYQP0JV1,2025-01-11T02:31:22.278410236Z,01JH9K0X0RCJVKB0CG4FQ2BS0E,2025-01-11T02:31:22.278410236Z
01JH9KG5A0DN6Z4Z5A22Q857N3,01JH9JXEMT6BQGCQJYTQZ79SDP,2025-01-11T02:36:11.968169927Z,01JH9JXENNAA9FQ6XWTZ6P5GNZ,2025-01-11T02:36:11.968169927Z,01JH9JZ38MQ7Y04FR559WE5XSW,2025-01-11T02:36:11.968169927Z
01JH9KJ8TC3KTJBXC2EXD2WCR6,01JH9JYWZ0E9612YN74NA9CM1C,2025-01-11T02:37:21.101007995Z,01JH9JYX0AMW2H9GPG4HWQW4G9,2025-01-11T02:37:21.101007995Z,01JH9KAHKSXAHBB0GWE341PMCB,2025-01-11T02:37:21.101007995Z
01JH9JPECA2F48MQ1AQEHP6VPM,01JH9J1DKV6RS6MCRNJ3SXCYT3,2025-01-11T02:22:09.290774498Z,01JH9J1DM169CBQKJ3S9B60P0M,2025-01-11T02:22:09.290774498Z,01JH9JBGHZXJ4FSBRKB3MGSENF,2025-01-11T02:22:09.290774498Z
01JH9K7ACVTT4066TVQ6YXB5PE,01JH9JSCGDWTPYDZMRRFA00DW9,2025-01-11T02:31:22.267789816Z,01JH9JSCH28AD3W44YCYQP0JV1,2025-01-11T02:31:22.267789816Z,01JH9JFAZ8MPM9XH3YRT59HBSY,2025-01-11T02:31:22.267789816Z
01JH9KPAKP1HY21X1SXA246DE5,01JH9KG7F6VY15PYNBWWG4B7TP,2025-01-11T02:39:34.006190847Z,01JH9KGM6BCNY30K21W9CEZBJW,2025-01-11T02:39:34.006190847Z,01JH9KH2VF0ACPBZRGQ4PFWP8W,2025-01-11T02:39:34.006190847Z
