id,actualPlayerCount,actualPlayerCountLastChangedAt,batchID,batchIDLastChangedAt,bottomTangrams,bottomTangramsLastChangedAt,contextSize,contextSizeLastChangedAt,contextStructure,contextStructureLastChangedAt,ended,endedLastChangedAt,endedInactive,endedInactiveLastChangedAt,endedReason,endedReasonLastChangedAt,groupID,groupIDLastChangedAt,justStarted,justStartedLastChangedAt,maxTimeout,maxTimeoutLastChangedAt,numRoundsInactive,numRoundsInactiveLastChangedAt,rotation,rotationLastChangedAt,roundIndex,roundIndexLastChangedAt,showNegativeFeedback,showNegativeFeedbackLastChangedAt,stageID,stageIDLastChangedAt,start,startLastChangedAt,starting,startingLastChangedAt,status,statusLastChangedAt,targets,targetsLastChangedAt,topTangrams,topTangramsLastChangedAt,treatment,treatmentLastChangedAt,treatmentName,treatmentNameLastChangedAt
01JHRCDKKHX3HAVSQZWE4HGQQZ,2,2025-01-16T20:32:39.646811185Z,01JHRCDKJQWZXCNM2MK08YVQ6H,2025-01-16T20:21:04.753258663Z,"[393,250,123,321,169,122,302,286,415,303,189,141,280,50,319,352]",2025-01-16T20:32:39.819551788Z,4,2025-01-16T20:32:39.665785778Z,noncomp,2025-01-16T20:32:39.665785778Z,true,2025-01-16T21:05:17.460828126Z,false,2025-01-16T20:32:39.665785778Z,end of game,2025-01-16T21:05:17.57110451Z,01JHRCDKNV8SKWF43PX4YQB8GV,2025-01-16T20:21:04.828603921Z,false,2025-01-16T20:32:43.758483859Z,5,2025-01-16T20:32:39.665785778Z,0,2025-01-16T20:53:06.973816874Z,0,2025-01-16T20:32:39.665785778Z,63,2025-01-16T20:32:39.819551788Z,1,2025-01-16T20:32:39.665785778Z,null,2025-01-16T21:05:17.460828126Z,true,2025-01-16T20:32:39.646811185Z,true,2025-01-16T20:32:39.646811185Z,ended,2025-01-16T21:05:17.57110451Z,"[[333,393],[350,250],[288,123],[293,321],[247,169],[73,122],[183,302],[80,286],[63,415],[86,303],[363,189],[46,141],[15,280],[28,50],[272,319],[416,352]]",2025-01-16T20:32:39.819551788Z,"[333,350,288,293,247,73,183,80,63,86,363,46,15,28,272,416]",2025-01-16T20:32:39.819551788Z,"{""contextSize"":4,""contextStructure"":""noncomp"",""feedbackDuration"":3,""maxTimeout"":5,""numRepetitionsWithPartner"":4,""playerCount"":2,""selectionDuration"":60,""showNegativeFeedback"":1}",2025-01-16T20:21:04.753258663Z,full-noncomp,2025-01-16T20:21:04.753258663Z
01JHRCDRH21W1H9H1FK03DQR84,,,01JHRCDRGKXYME05DFH056TT52,2025-01-16T20:21:09.794299163Z,,,,,,,false,2025-01-16T20:21:09.794299163Z,,,batch ended,2025-01-16T20:30:01.044920131Z,01JHRCDRJ97E4MARB0V9QE9FW7,2025-01-16T20:21:09.834578218Z,,,,,,,,,,,,,,,false,2025-01-16T20:21:09.794299163Z,,,terminated,2025-01-16T20:30:01.044920131Z,,,,,"{""contextSize"":4,""contextStructure"":""noncomp"",""feedbackDuration"":3,""maxTimeout"":5,""numRepetitionsWithPartner"":4,""playerCount"":2,""selectionDuration"":60,""showNegativeFeedback"":1}",2025-01-16T20:21:09.794299163Z,full-noncomp,2025-01-16T20:21:09.794299163Z
01JHRCY62V41NAQ6K6WA728CZK,2,2025-01-16T20:36:43.177673877Z,01JHRCY62KAFEDEW4A92VPEMN4,2025-01-16T20:30:07.963614492Z,"[103,197,394,196,115,204,418,101,404,315,159,232,172,269,344,230]",2025-01-16T20:36:43.783961112Z,4,2025-01-16T20:36:43.23068413Z,noncomp,2025-01-16T20:36:43.23068413Z,true,2025-01-16T21:22:08.626669022Z,false,2025-01-16T20:36:43.23068413Z,end of game,2025-01-16T21:22:08.772703781Z,01JHRCY637518FKEV21H7B4PXJ,2025-01-16T20:30:07.976493285Z,false,2025-01-16T20:36:55.839783362Z,5,2025-01-16T20:36:43.23068413Z,0,2025-01-16T21:07:30.897411489Z,90,2025-01-16T20:36:43.23068413Z,63,2025-01-16T20:36:43.783961112Z,1,2025-01-16T20:36:43.23068413Z,null,2025-01-16T21:22:08.626669022Z,true,2025-01-16T20:36:43.177673877Z,true,2025-01-16T20:36:43.177673877Z,ended,2025-01-16T21:22:08.772703781Z,"[[380,103],[456,197],[425,394],[353,196],[2,115],[165,204],[364,418],[433,101],[231,404],[252,315],[338,159],[443,232],[330,172],[0,269],[53,344],[455,230]]",2025-01-16T20:36:43.783961112Z,"[380,456,425,353,2,165,364,433,231,252,338,443,330,0,53,455]",2025-01-16T20:36:43.783961112Z,"{""contextSize"":4,""contextStructure"":""noncomp"",""feedbackDuration"":3,""maxTimeout"":5,""numRepetitionsWithPartner"":4,""playerCount"":2,""selectionDuration"":60,""showNegativeFeedback"":1}",2025-01-16T20:30:07.963614492Z,full-noncomp,2025-01-16T20:30:07.963614492Z
01JHRCXRYDFM4HDDMP15DZQKZA,2,2025-01-16T20:35:14.910806173Z,01JHRCXRY0Q9XFR5H34WVK0EXB,2025-01-16T20:29:54.509130268Z,"[171,140,156,31,82,276,435,353,114,272,396,371,359,108,300,15]",2025-01-16T20:35:15.248406962Z,4,2025-01-16T20:35:14.946623348Z,noncomp,2025-01-16T20:35:14.946623348Z,true,2025-01-16T21:17:15.35215269Z,false,2025-01-16T20:35:14.946623348Z,end of game,2025-01-16T21:17:15.500310043Z,01JHRCXRYRSAM3DPEH7AFY2NNJ,2025-01-16T20:29:54.522160669Z,false,2025-01-16T20:35:22.47883436Z,5,2025-01-16T20:35:14.946623348Z,0,2025-01-16T21:09:06.647339527Z,270,2025-01-16T20:35:14.946623348Z,63,2025-01-16T20:35:15.248406962Z,1,2025-01-16T20:35:14.946623348Z,null,2025-01-16T21:17:15.35215269Z,true,2025-01-16T20:35:14.910806173Z,true,2025-01-16T20:35:14.910806173Z,ended,2025-01-16T21:17:15.500310043Z,"[[24,171],[121,140],[347,156],[18,31],[2,82],[136,276],[240,435],[239,353],[282,114],[260,272],[103,396],[302,371],[316,359],[134,108],[365,300],[351,15]]",2025-01-16T20:35:15.248406962Z,"[24,121,347,18,2,136,240,239,282,260,103,302,316,134,365,351]",2025-01-16T20:35:15.248406962Z,"{""contextSize"":4,""contextStructure"":""noncomp"",""feedbackDuration"":3,""maxTimeout"":5,""numRepetitionsWithPartner"":4,""playerCount"":2,""selectionDuration"":60,""showNegativeFeedback"":1}",2025-01-16T20:29:54.509130268Z,full-noncomp,2025-01-16T20:29:54.509130268Z
01JHRCY6YDH38CBJFA8N0FWC3J,2,2025-01-16T20:38:42.397133721Z,01JHRCY6Y49H07QS7AGSKSJ3VQ,2025-01-16T20:30:08.845303967Z,"[33,218,414,234,425,390,305,229,161,396,397,271,410,441,443,372]",2025-01-16T20:38:43.075071763Z,4,2025-01-16T20:38:42.456533649Z,noncomp,2025-01-16T20:38:42.456533649Z,true,2025-01-16T21:17:34.351145238Z,false,2025-01-16T20:38:42.456533649Z,end of game,2025-01-16T21:17:34.489532671Z,01JHRCY6YQMZT1V4BZ73S5HXZT,2025-01-16T20:30:08.858127069Z,false,2025-01-16T20:38:57.245272106Z,5,2025-01-16T20:38:42.456533649Z,0,2025-01-16T21:08:27.455343103Z,90,2025-01-16T20:38:42.456533649Z,63,2025-01-16T20:38:43.075071763Z,1,2025-01-16T20:38:42.456533649Z,null,2025-01-16T21:17:34.351145238Z,true,2025-01-16T20:38:42.397133721Z,true,2025-01-16T20:38:42.397133721Z,ended,2025-01-16T21:17:34.489532671Z,"[[140,33],[431,218],[131,414],[367,234],[95,425],[198,390],[394,305],[149,229],[53,161],[359,396],[49,397],[20,271],[400,410],[392,441],[338,443],[152,372]]",2025-01-16T20:38:43.075071763Z,"[140,431,131,367,95,198,394,149,53,359,49,20,400,392,338,152]",2025-01-16T20:38:43.075071763Z,"{""contextSize"":4,""contextStructure"":""noncomp"",""feedbackDuration"":3,""maxTimeout"":5,""numRepetitionsWithPartner"":4,""playerCount"":2,""selectionDuration"":60,""showNegativeFeedback"":1}",2025-01-16T20:30:08.845303967Z,full-noncomp,2025-01-16T20:30:08.845303967Z
01JHRD1EDZ0HTEP43H8AHFQZ4H,2,2025-01-16T20:42:53.049687927Z,01JHRD1DXMY9QQE2XVBY0H8D0V,2025-01-16T20:31:54.81592891Z,"[441,133,309,59,464,172,337,1,443,189,37,71,13,303,74,232]",2025-01-16T20:42:54.160364067Z,4,2025-01-16T20:42:53.138679703Z,noncomp,2025-01-16T20:42:53.138679703Z,true,2025-01-16T21:25:46.495274154Z,false,2025-01-16T20:42:53.138679703Z,end of game,2025-01-16T21:25:46.648563382Z,01JHRD1EESFBHN5911R5T3EYQ1,2025-01-16T20:31:54.843385243Z,false,2025-01-16T20:43:16.889408596Z,5,2025-01-16T20:42:53.138679703Z,0,2025-01-16T20:44:58.168706302Z,270,2025-01-16T20:42:53.138679703Z,63,2025-01-16T20:42:54.160364067Z,1,2025-01-16T20:42:53.138679703Z,null,2025-01-16T21:25:46.495274154Z,true,2025-01-16T20:42:53.049687927Z,true,2025-01-16T20:42:53.049687927Z,ended,2025-01-16T21:25:46.648563382Z,"[[165,441],[269,133],[271,309],[272,59],[248,464],[341,172],[220,337],[294,1],[275,443],[178,189],[168,37],[188,71],[412,13],[289,303],[208,74],[274,232]]",2025-01-16T20:42:54.160364067Z,"[165,269,271,272,248,341,220,294,275,178,168,188,412,289,208,274]",2025-01-16T20:42:54.160364067Z,"{""contextSize"":4,""contextStructure"":""noncomp"",""feedbackDuration"":3,""maxTimeout"":5,""numRepetitionsWithPartner"":4,""playerCount"":2,""selectionDuration"":60,""showNegativeFeedback"":1}",2025-01-16T20:31:54.81592891Z,full-noncomp,2025-01-16T20:31:54.81592891Z
01JHRCDKKGAE88DKD981Q9PYD9,2,2025-01-16T20:31:52.075782718Z,01JHRCDKJQWZXCNM2MK08YVQ6H,2025-01-16T20:21:04.752460267Z,"[169,438,228,385,392,58,132,324,177,209,380,458,374,276,26,55]",2025-01-16T20:31:52.263325398Z,4,2025-01-16T20:31:52.091523029Z,noncomp,2025-01-16T20:31:52.091523029Z,true,2025-01-16T21:09:08.282979262Z,false,2025-01-16T20:31:52.091523029Z,end of game,2025-01-16T21:09:08.4122099Z,01JHRCDKN2V2F3WE1VDF3N07ZK,2025-01-16T20:21:04.804302781Z,false,2025-01-16T20:31:54.79621928Z,5,2025-01-16T20:31:52.091523029Z,0,2025-01-16T20:31:52.091523029Z,270,2025-01-16T20:31:52.091523029Z,63,2025-01-16T20:31:52.263325398Z,1,2025-01-16T20:31:52.091523029Z,null,2025-01-16T21:09:08.282979262Z,true,2025-01-16T20:31:52.075782718Z,true,2025-01-16T20:31:52.075782718Z,ended,2025-01-16T21:09:08.4122099Z,"[[285,169],[313,438],[305,228],[78,385],[34,392],[254,58],[333,132],[424,324],[277,177],[236,209],[460,380],[87,458],[128,374],[162,276],[90,26],[445,55]]",2025-01-16T20:31:52.263325398Z,"[285,313,305,78,34,254,333,424,277,236,460,87,128,162,90,445]",2025-01-16T20:31:52.263325398Z,"{""contextSize"":4,""contextStructure"":""noncomp"",""feedbackDuration"":3,""maxTimeout"":5,""numRepetitionsWithPartner"":4,""playerCount"":2,""selectionDuration"":60,""showNegativeFeedback"":1}",2025-01-16T20:21:04.752460267Z,full-noncomp,2025-01-16T20:21:04.752460267Z
01JHRCDRH21W1H9H1FKM76YCSK,,,01JHRCDRGKXYME05DFH056TT52,2025-01-16T20:21:09.794745717Z,,,,,,,false,2025-01-16T20:21:09.794745717Z,,,batch ended,2025-01-16T20:30:01.044920131Z,01JHRCDRJZMJ41KVQ22GM42WJJ,2025-01-16T20:21:09.856644454Z,,,,,,,,,,,,,,,false,2025-01-16T20:21:09.794745717Z,,,terminated,2025-01-16T20:30:01.044920131Z,,,,,"{""contextSize"":4,""contextStructure"":""noncomp"",""feedbackDuration"":3,""maxTimeout"":5,""numRepetitionsWithPartner"":4,""playerCount"":2,""selectionDuration"":60,""showNegativeFeedback"":1}",2025-01-16T20:21:09.794745717Z,full-noncomp,2025-01-16T20:21:09.794745717Z
01JHRD1GFVATAZ3A90SECB26MK,2,2025-01-16T20:49:41.442806415Z,01JHRD1GFHBQ4SY95A8SBV3YW8,2025-01-16T20:31:56.923774149Z,"[250,137,145,403,165,95,466,11,162,10,393,108,362,464,297,281]",2025-01-16T20:49:43.385173652Z,4,2025-01-16T20:49:41.708424663Z,noncomp,2025-01-16T20:49:41.708424663Z,true,2025-01-16T21:15:11.62045611Z,true,2025-01-16T21:15:11.541281743Z,timeOut,2025-01-16T21:15:11.541281743Z,01JHRD1GG92DE52XS51D1XZNZW,2025-01-16T20:31:56.938257556Z,false,2025-01-16T20:50:18.750481829Z,5,2025-01-16T20:49:41.708424663Z,5,2025-01-16T21:15:11.541281743Z,270,2025-01-16T20:49:41.708424663Z,63,2025-01-16T20:49:43.385173652Z,1,2025-01-16T20:49:41.708424663Z,null,2025-01-16T21:15:11.62045611Z,true,2025-01-16T20:49:41.442806415Z,true,2025-01-16T20:49:41.442806415Z,ended,2025-01-16T21:15:11.541281743Z,"[[316,250],[220,137],[89,145],[450,403],[285,165],[60,95],[288,466],[84,11],[266,162],[9,10],[384,393],[426,108],[223,362],[81,464],[273,297],[131,281]]",2025-01-16T20:49:43.385173652Z,"[316,220,89,450,285,60,288,84,266,9,384,426,223,81,273,131]",2025-01-16T20:49:43.385173652Z,"{""contextSize"":4,""contextStructure"":""noncomp"",""feedbackDuration"":3,""maxTimeout"":5,""numRepetitionsWithPartner"":4,""playerCount"":2,""selectionDuration"":60,""showNegativeFeedback"":1}",2025-01-16T20:31:56.923774149Z,full-noncomp,2025-01-16T20:31:56.923774149Z
01JHRCDKKGAE88DKD989TVW7SK,2,2025-01-16T20:34:33.169915074Z,01JHRCDKJQWZXCNM2MK08YVQ6H,2025-01-16T20:21:04.752705648Z,"[394,364,342,13,307,466,179,448,171,4,229,288,56,221,445,315]",2025-01-16T20:34:33.402555839Z,4,2025-01-16T20:34:33.196086318Z,noncomp,2025-01-16T20:34:33.196086318Z,true,2025-01-16T21:04:54.252288049Z,false,2025-01-16T20:34:33.196086318Z,end of game,2025-01-16T21:04:54.520411804Z,01JHRCDKNEYYS0FZZT15MZAFZS,2025-01-16T20:21:04.816494798Z,false,2025-01-16T20:34:38.834757466Z,5,2025-01-16T20:34:33.196086318Z,0,2025-01-16T20:36:27.90241569Z,0,2025-01-16T20:34:33.196086318Z,63,2025-01-16T20:34:33.402555839Z,1,2025-01-16T20:34:33.196086318Z,null,2025-01-16T21:04:54.252288049Z,true,2025-01-16T20:34:33.169915074Z,true,2025-01-16T20:34:33.169915074Z,ended,2025-01-16T21:04:54.520411804Z,"[[326,394],[322,364],[379,342],[269,13],[361,307],[290,466],[156,179],[305,448],[113,171],[320,4],[18,229],[222,288],[363,56],[426,221],[124,445],[266,315]]",2025-01-16T20:34:33.402555839Z,"[326,322,379,269,361,290,156,305,113,320,18,222,363,426,124,266]",2025-01-16T20:34:33.402555839Z,"{""contextSize"":4,""contextStructure"":""noncomp"",""feedbackDuration"":3,""maxTimeout"":5,""numRepetitionsWithPartner"":4,""playerCount"":2,""selectionDuration"":60,""showNegativeFeedback"":1}",2025-01-16T20:21:04.752705648Z,full-noncomp,2025-01-16T20:21:04.752705648Z
01JHRCDSM5VR8AH08QZ0CFSK8J,,,01JHRCDSKQGNE0T6FEX6N2MV06,2025-01-16T20:21:10.917745777Z,,,,,,,false,2025-01-16T20:21:10.917745777Z,,,batch ended,2025-01-16T20:29:45.388965025Z,01JHRCDSNHF97E6D94ENRT46J1,2025-01-16T20:21:10.962680087Z,,,,,,,,,,,,,,,false,2025-01-16T20:21:10.917745777Z,,,terminated,2025-01-16T20:29:45.388965025Z,,,,,"{""contextSize"":4,""contextStructure"":""noncomp"",""feedbackDuration"":3,""maxTimeout"":5,""numRepetitionsWithPartner"":4,""playerCount"":2,""selectionDuration"":60,""showNegativeFeedback"":1}",2025-01-16T20:21:10.917745777Z,full-noncomp,2025-01-16T20:21:10.917745777Z
01JHRCY346J1PRKMFWZACMANAW,2,2025-01-16T20:35:34.68689254Z,01JHRCY33X6MWNFGGTG9YK900Q,2025-01-16T20:30:04.934404647Z,"[46,178,238,185,330,370,204,1,230,243,347,68,468,337,305,43]",2025-01-16T20:35:35.11330668Z,4,2025-01-16T20:35:34.731116091Z,noncomp,2025-01-16T20:35:34.731116091Z,true,2025-01-16T21:14:02.437254818Z,false,2025-01-16T20:35:34.731116091Z,end of game,2025-01-16T21:14:02.582848574Z,01JHRCY34HYZJPHDFTGR59T4BN,2025-01-16T20:30:04.947528147Z,false,2025-01-16T20:35:43.780455114Z,5,2025-01-16T20:35:34.731116091Z,0,2025-01-16T20:41:07.30269667Z,0,2025-01-16T20:35:34.731116091Z,63,2025-01-16T20:35:35.11330668Z,1,2025-01-16T20:35:34.731116091Z,null,2025-01-16T21:14:02.437254818Z,true,2025-01-16T20:35:34.68689254Z,true,2025-01-16T20:35:34.68689254Z,ended,2025-01-16T21:14:02.582848574Z,"[[239,46],[436,178],[464,238],[7,185],[314,330],[227,370],[349,204],[18,1],[152,230],[234,243],[401,347],[426,68],[404,468],[413,337],[83,305],[383,43]]",2025-01-16T20:35:35.11330668Z,"[239,436,464,7,314,227,349,18,152,234,401,426,404,413,83,383]",2025-01-16T20:35:35.11330668Z,"{""contextSize"":4,""contextStructure"":""noncomp"",""feedbackDuration"":3,""maxTimeout"":5,""numRepetitionsWithPartner"":4,""playerCount"":2,""selectionDuration"":60,""showNegativeFeedback"":1}",2025-01-16T20:30:04.934404647Z,full-noncomp,2025-01-16T20:30:04.934404647Z
01JHRCDRH1S3CBAD1KP41SXBNT,,,01JHRCDRGKXYME05DFH056TT52,2025-01-16T20:21:09.793932353Z,,,,,,,false,2025-01-16T20:21:09.793932353Z,,,batch ended,2025-01-16T20:30:01.044920131Z,01JHRCDRHJZ4YVY8KX3VFC6VNA,2025-01-16T20:21:09.811558859Z,,,,,,,,,,,,,,,false,2025-01-16T20:21:09.793932353Z,,,terminated,2025-01-16T20:30:01.044920131Z,,,,,"{""contextSize"":4,""contextStructure"":""noncomp"",""feedbackDuration"":3,""maxTimeout"":5,""numRepetitionsWithPartner"":4,""playerCount"":2,""selectionDuration"":60,""showNegativeFeedback"":1}",2025-01-16T20:21:09.793932353Z,full-noncomp,2025-01-16T20:21:09.793932353Z
01JHRCDRH21W1H9H1FJK2R2NNS,,,01JHRCDRGKXYME05DFH056TT52,2025-01-16T20:21:09.794091352Z,,,,,,,false,2025-01-16T20:21:09.794091352Z,,,batch ended,2025-01-16T20:30:01.044920131Z,01JHRCDRHX9CBVTYVSPRNTCTB3,2025-01-16T20:21:09.823367399Z,,,,,,,,,,,,,,,false,2025-01-16T20:21:09.794091352Z,,,terminated,2025-01-16T20:30:01.044920131Z,,,,,"{""contextSize"":4,""contextStructure"":""noncomp"",""feedbackDuration"":3,""maxTimeout"":5,""numRepetitionsWithPartner"":4,""playerCount"":2,""selectionDuration"":60,""showNegativeFeedback"":1}",2025-01-16T20:21:09.794091352Z,full-noncomp,2025-01-16T20:21:09.794091352Z
01JHRCY7P3J7FZX3WW0KXPPX6V,2,2025-01-16T20:39:43.986188042Z,01JHRCY7NV9NZD8C6A3PQFQE3Z,2025-01-16T20:30:09.603423591Z,"[229,121,180,437,330,179,403,139,221,297,244,13,348,324,286,123]",2025-01-16T20:39:44.794483634Z,4,2025-01-16T20:39:44.05146657Z,noncomp,2025-01-16T20:39:44.05146657Z,true,2025-01-16T21:34:37.642889124Z,false,2025-01-16T20:39:44.05146657Z,end of game,2025-01-16T21:34:37.789063747Z,01JHRCY7PE64G8VQRCF2W5XJNY,2025-01-16T20:30:09.615468559Z,false,2025-01-16T20:40:00.855895184Z,5,2025-01-16T20:39:44.05146657Z,0,2025-01-16T21:07:49.89742556Z,90,2025-01-16T20:39:44.05146657Z,63,2025-01-16T20:39:44.794483634Z,1,2025-01-16T20:39:44.05146657Z,null,2025-01-16T21:34:37.642889124Z,true,2025-01-16T20:39:43.986188042Z,true,2025-01-16T20:39:43.986188042Z,ended,2025-01-16T21:34:37.789063747Z,"[[250,229],[78,121],[46,180],[96,437],[373,330],[354,179],[436,403],[136,139],[251,221],[426,297],[28,244],[464,13],[138,348],[3,324],[109,286],[310,123]]",2025-01-16T20:39:44.794483634Z,"[250,78,46,96,373,354,436,136,251,426,28,464,138,3,109,310]",2025-01-16T20:39:44.794483634Z,"{""contextSize"":4,""contextStructure"":""noncomp"",""feedbackDuration"":3,""maxTimeout"":5,""numRepetitionsWithPartner"":4,""playerCount"":2,""selectionDuration"":60,""showNegativeFeedback"":1}",2025-01-16T20:30:09.603423591Z,full-noncomp,2025-01-16T20:30:09.603423591Z
01JHRCDSM2B65S62VQ4CDYHZPJ,,,01JHRCDSKQGNE0T6FEX6N2MV06,2025-01-16T20:21:10.914372151Z,,,,,,,false,2025-01-16T20:21:10.914372151Z,,,batch ended,2025-01-16T20:29:45.388965025Z,01JHRCDSMGFP7E7PQAST4YBES9,2025-01-16T20:21:10.930171385Z,,,,,,,,,,,,,,,false,2025-01-16T20:21:10.914372151Z,,,terminated,2025-01-16T20:29:45.388965025Z,,,,,"{""contextSize"":4,""contextStructure"":""noncomp"",""feedbackDuration"":3,""maxTimeout"":5,""numRepetitionsWithPartner"":4,""playerCount"":2,""selectionDuration"":60,""showNegativeFeedback"":1}",2025-01-16T20:21:10.914372151Z,full-noncomp,2025-01-16T20:21:10.914372151Z
01JHRCDSM2B65S62VQ55WWDJ1Q,,,01JHRCDSKQGNE0T6FEX6N2MV06,2025-01-16T20:21:10.914942628Z,,,,,,,false,2025-01-16T20:21:10.914942628Z,,,batch ended,2025-01-16T20:29:45.388965025Z,01JHRCDSN6A9SFRT4MCS1VC49D,2025-01-16T20:21:10.952017997Z,,,,,,,,,,,,,,,false,2025-01-16T20:21:10.914942628Z,,,terminated,2025-01-16T20:29:45.388965025Z,,,,,"{""contextSize"":4,""contextStructure"":""noncomp"",""feedbackDuration"":3,""maxTimeout"":5,""numRepetitionsWithPartner"":4,""playerCount"":2,""selectionDuration"":60,""showNegativeFeedback"":1}",2025-01-16T20:21:10.914942628Z,full-noncomp,2025-01-16T20:21:10.914942628Z
01JHRCY4D6MFBR8PRRSGG3ZBEE,2,2025-01-16T20:35:46.836362831Z,01JHRCY4CYGF52YTYW0CAK1KEK,2025-01-16T20:30:06.246434268Z,"[368,219,74,75,342,234,201,20,337,448,102,104,127,195,336,35]",2025-01-16T20:35:47.353977504Z,4,2025-01-16T20:35:46.883623451Z,noncomp,2025-01-16T20:35:46.883623451Z,true,2025-01-16T21:05:36.362614872Z,false,2025-01-16T20:35:46.883623451Z,end of game,2025-01-16T21:05:36.471853508Z,01JHRCY4DG8B23GJZAS8EBT36Q,2025-01-16T20:30:06.258154867Z,false,2025-01-16T20:35:57.412769771Z,5,2025-01-16T20:35:46.883623451Z,0,2025-01-16T20:35:46.883623451Z,180,2025-01-16T20:35:46.883623451Z,63,2025-01-16T20:35:47.353977504Z,1,2025-01-16T20:35:46.883623451Z,null,2025-01-16T21:05:36.362614872Z,true,2025-01-16T20:35:46.836362831Z,true,2025-01-16T20:35:46.836362831Z,ended,2025-01-16T21:05:36.471853508Z,"[[33,368],[377,219],[310,74],[231,75],[216,342],[273,234],[34,201],[237,20],[167,337],[364,448],[383,102],[256,104],[439,127],[323,195],[321,336],[109,35]]",2025-01-16T20:35:47.353977504Z,"[33,377,310,231,216,273,34,237,167,364,383,256,439,323,321,109]",2025-01-16T20:35:47.353977504Z,"{""contextSize"":4,""contextStructure"":""noncomp"",""feedbackDuration"":3,""maxTimeout"":5,""numRepetitionsWithPartner"":4,""playerCount"":2,""selectionDuration"":60,""showNegativeFeedback"":1}",2025-01-16T20:30:06.246434268Z,full-noncomp,2025-01-16T20:30:06.246434268Z
01JHRDXZ0210E1M8FCCCMD72A1,,,01JHRDXYV5518EEXZ17XYWTXVT,2025-01-16T20:47:29.2829068Z,,,,,,,false,2025-01-16T20:47:29.2829068Z,,,,,01JHRDXZ45TSMV8BJFQF2E4CZP,2025-01-16T20:47:29.420333197Z,,,,,,,,,,,,,,,false,2025-01-16T20:47:29.2829068Z,,,,,,,,,"{""contextSize"":4,""contextStructure"":""noncomp"",""feedbackDuration"":3,""maxTimeout"":5,""numRepetitionsWithPartner"":4,""playerCount"":2,""selectionDuration"":60,""showNegativeFeedback"":1}",2025-01-16T20:47:29.2829068Z,full-noncomp,2025-01-16T20:47:29.2829068Z
01JHRCDKKGAE88DKD97P3VRDKA,2,2025-01-16T20:33:52.257165794Z,01JHRCDKJQWZXCNM2MK08YVQ6H,2025-01-16T20:21:04.752083714Z,"[14,85,392,121,321,21,274,417,113,291,253,352,419,255,325,328]",2025-01-16T20:33:52.44730078Z,4,2025-01-16T20:33:52.279836202Z,noncomp,2025-01-16T20:33:52.279836202Z,true,2025-01-16T21:16:58.518663844Z,false,2025-01-16T20:33:52.279836202Z,end of game,2025-01-16T21:16:58.65344394Z,01JHRCDKMQW0R3HZHEKC7FBSJV,2025-01-16T20:21:04.792525723Z,false,2025-01-16T20:33:57.791597562Z,5,2025-01-16T20:33:52.279836202Z,0,2025-01-16T20:58:59.186922242Z,90,2025-01-16T20:33:52.279836202Z,63,2025-01-16T20:33:52.44730078Z,1,2025-01-16T20:33:52.279836202Z,null,2025-01-16T21:16:58.518663844Z,true,2025-01-16T20:33:52.257165794Z,true,2025-01-16T20:33:52.257165794Z,ended,2025-01-16T21:16:58.65344394Z,"[[248,14],[361,85],[365,392],[300,121],[53,321],[0,21],[396,274],[224,417],[174,113],[7,291],[202,253],[40,352],[240,419],[400,255],[377,325],[171,328]]",2025-01-16T20:33:52.44730078Z,"[248,361,365,300,53,0,396,224,174,7,202,40,240,400,377,171]",2025-01-16T20:33:52.44730078Z,"{""contextSize"":4,""contextStructure"":""noncomp"",""feedbackDuration"":3,""maxTimeout"":5,""numRepetitionsWithPartner"":4,""playerCount"":2,""selectionDuration"":60,""showNegativeFeedback"":1}",2025-01-16T20:21:04.752083714Z,full-noncomp,2025-01-16T20:21:04.752083714Z
01JHRD1MXVVD1QY772SK3W98GZ,,,01JHRD1MXHVZC7JG7TA3CC49Q0,2025-01-16T20:32:01.467897643Z,,,,,,,false,2025-01-16T20:32:01.467897643Z,,,,,01JHRD1MY63FNFRWCZ5ABZZDNW,2025-01-16T20:32:01.479980994Z,,,,,,,,,,,,,,,false,2025-01-16T20:32:01.467897643Z,,,,,,,,,"{""contextSize"":4,""contextStructure"":""noncomp"",""feedbackDuration"":3,""maxTimeout"":5,""numRepetitionsWithPartner"":4,""playerCount"":2,""selectionDuration"":60,""showNegativeFeedback"":1}",2025-01-16T20:32:01.467897643Z,full-noncomp,2025-01-16T20:32:01.467897643Z
01JHRCDKKF8B85WX9GQ4VXE9N8,2,2025-01-16T20:34:42.550153515Z,01JHRCDKJQWZXCNM2MK08YVQ6H,2025-01-16T20:21:04.751110035Z,"[69,46,297,163,235,370,61,17,374,126,20,197,222,204,203,118]",2025-01-16T20:34:42.823979715Z,4,2025-01-16T20:34:42.575503295Z,noncomp,2025-01-16T20:34:42.575503295Z,true,2025-01-16T21:12:49.88960118Z,true,2025-01-16T21:12:49.823067091Z,timeOut,2025-01-16T21:12:49.823067091Z,01JHRCDKM8X3010ZYB2H2V1PBR,2025-01-16T20:21:04.778813681Z,false,2025-01-16T20:34:49.297536796Z,5,2025-01-16T20:34:42.575503295Z,5,2025-01-16T21:12:49.823067091Z,180,2025-01-16T20:34:42.575503295Z,63,2025-01-16T20:34:42.823979715Z,1,2025-01-16T20:34:42.575503295Z,null,2025-01-16T21:12:49.88960118Z,true,2025-01-16T20:34:42.550153515Z,true,2025-01-16T20:34:42.550153515Z,ended,2025-01-16T21:12:49.823067091Z,"[[300,69],[292,46],[92,297],[289,163],[320,235],[114,370],[113,61],[238,17],[291,374],[265,126],[394,20],[219,197],[262,222],[288,204],[145,203],[435,118]]",2025-01-16T20:34:42.823979715Z,"[300,292,92,289,320,114,113,238,291,265,394,219,262,288,145,435]",2025-01-16T20:34:42.823979715Z,"{""contextSize"":4,""contextStructure"":""noncomp"",""feedbackDuration"":3,""maxTimeout"":5,""numRepetitionsWithPartner"":4,""playerCount"":2,""selectionDuration"":60,""showNegativeFeedback"":1}",2025-01-16T20:21:04.751110035Z,full-noncomp,2025-01-16T20:21:04.751110035Z
01JHRCDRH21W1H9H1FK8Z6HD0Y,,,01JHRCDRGKXYME05DFH056TT52,2025-01-16T20:21:09.794518253Z,,,,,,,false,2025-01-16T20:21:09.794518253Z,,,batch ended,2025-01-16T20:30:01.044920131Z,01JHRCDRJMGKH94KNKWYMG9XK8,2025-01-16T20:21:09.845572163Z,,,,,,,,,,,,,,,false,2025-01-16T20:21:09.794518253Z,,,terminated,2025-01-16T20:30:01.044920131Z,,,,,"{""contextSize"":4,""contextStructure"":""noncomp"",""feedbackDuration"":3,""maxTimeout"":5,""numRepetitionsWithPartner"":4,""playerCount"":2,""selectionDuration"":60,""showNegativeFeedback"":1}",2025-01-16T20:21:09.794518253Z,full-noncomp,2025-01-16T20:21:09.794518253Z
01JHRCDSM2B65S62VQ4VPKG40Q,,,01JHRCDSKQGNE0T6FEX6N2MV06,2025-01-16T20:21:10.914739335Z,,,,,,,false,2025-01-16T20:21:10.914739335Z,,,batch ended,2025-01-16T20:29:45.388965025Z,01JHRCDSMV4M2CWQPPYD152D3H,2025-01-16T20:21:10.941057055Z,,,,,,,,,,,,,,,false,2025-01-16T20:21:10.914739335Z,,,terminated,2025-01-16T20:29:45.388965025Z,,,,,"{""contextSize"":4,""contextStructure"":""noncomp"",""feedbackDuration"":3,""maxTimeout"":5,""numRepetitionsWithPartner"":4,""playerCount"":2,""selectionDuration"":60,""showNegativeFeedback"":1}",2025-01-16T20:21:10.914739335Z,full-noncomp,2025-01-16T20:21:10.914739335Z
01JHRCDSM6W8BHP038WACSBF0Q,,,01JHRCDSKQGNE0T6FEX6N2MV06,2025-01-16T20:21:10.918118232Z,,,,,,,false,2025-01-16T20:21:10.918118232Z,,,batch ended,2025-01-16T20:29:45.388965025Z,01JHRCDSNTAXW5GSJAZTX6NPWG,2025-01-16T20:21:10.972378443Z,,,,,,,,,,,,,,,false,2025-01-16T20:21:10.918118232Z,,,terminated,2025-01-16T20:29:45.388965025Z,,,,,"{""contextSize"":4,""contextStructure"":""noncomp"",""feedbackDuration"":3,""maxTimeout"":5,""numRepetitionsWithPartner"":4,""playerCount"":2,""selectionDuration"":60,""showNegativeFeedback"":1}",2025-01-16T20:21:10.918118232Z,full-noncomp,2025-01-16T20:21:10.918118232Z
01JHRCYFFGW6CET22SP2P21TZQ,2,2025-01-16T20:41:30.870835081Z,01JHRCYFF6Z8EMWGE8CJKHC9H2,2025-01-16T20:30:17.584150183Z,"[395,53,410,365,95,337,198,46,81,386,286,124,465,456,298,371]",2025-01-16T20:41:31.823870028Z,4,2025-01-16T20:41:30.952241798Z,noncomp,2025-01-16T20:41:30.952241798Z,true,2025-01-16T21:28:39.540162355Z,false,2025-01-16T20:41:30.952241798Z,end of game,2025-01-16T21:28:39.72196078Z,01JHRCYFFW2HGJQX3ZQDWBAWKG,2025-01-16T20:30:17.598289147Z,false,2025-01-16T20:41:51.925479019Z,5,2025-01-16T20:41:30.952241798Z,0,2025-01-16T20:53:50.388559353Z,270,2025-01-16T20:41:30.952241798Z,63,2025-01-16T20:41:31.823870028Z,1,2025-01-16T20:41:30.952241798Z,null,2025-01-16T21:28:39.540162355Z,true,2025-01-16T20:41:30.870835081Z,true,2025-01-16T20:41:30.870835081Z,ended,2025-01-16T21:28:39.72196078Z,"[[239,395],[382,53],[258,410],[250,365],[183,95],[381,337],[21,198],[412,46],[142,81],[467,386],[203,286],[319,124],[461,465],[362,456],[10,298],[373,371]]",2025-01-16T20:41:31.823870028Z,"[239,382,258,250,183,381,21,412,142,467,203,319,461,362,10,373]",2025-01-16T20:41:31.823870028Z,"{""contextSize"":4,""contextStructure"":""noncomp"",""feedbackDuration"":3,""maxTimeout"":5,""numRepetitionsWithPartner"":4,""playerCount"":2,""selectionDuration"":60,""showNegativeFeedback"":1}",2025-01-16T20:30:17.584150183Z,full-noncomp,2025-01-16T20:30:17.584150183Z
01JHRD1FH6SZZVHBED89H5R676,2,2025-01-16T20:45:45.544072041Z,01JHRD1FGYW6HW6F1D0M1QCS23,2025-01-16T20:31:55.942955788Z,"[136,301,95,216,17,382,103,271,326,388,370,273,130,262,177,227]",2025-01-16T20:45:46.864126256Z,4,2025-01-16T20:45:45.658356282Z,noncomp,2025-01-16T20:45:45.658356282Z,true,2025-01-16T21:26:51.131654593Z,false,2025-01-16T20:45:45.658356282Z,end of game,2025-01-16T21:26:51.326912165Z,01JHRD1FHJ6F97MFJBXWWAXQPF,2025-01-16T20:31:55.955657124Z,false,2025-01-16T20:46:12.964813236Z,5,2025-01-16T20:45:45.658356282Z,0,2025-01-16T20:47:50.98670793Z,90,2025-01-16T20:45:45.658356282Z,63,2025-01-16T20:45:46.864126256Z,1,2025-01-16T20:45:45.658356282Z,null,2025-01-16T21:26:51.131654593Z,true,2025-01-16T20:45:45.544072041Z,true,2025-01-16T20:45:45.544072041Z,ended,2025-01-16T21:26:51.326912165Z,"[[245,136],[110,301],[164,95],[173,216],[304,17],[84,382],[179,103],[324,271],[31,326],[171,388],[449,370],[325,273],[96,130],[188,262],[398,177],[247,227]]",2025-01-16T20:45:46.864126256Z,"[245,110,164,173,304,84,179,324,31,171,449,325,96,188,398,247]",2025-01-16T20:45:46.864126256Z,"{""contextSize"":4,""contextStructure"":""noncomp"",""feedbackDuration"":3,""maxTimeout"":5,""numRepetitionsWithPartner"":4,""playerCount"":2,""selectionDuration"":60,""showNegativeFeedback"":1}",2025-01-16T20:31:55.942955788Z,full-noncomp,2025-01-16T20:31:55.942955788Z
