id,batchID,batchIDLastChangedAt,gameID,gameIDLastChangedAt,playerID,playerIDLastChangedAt
01JHRD514C90D4TH8KRBFGEKG3,01JHRCDKJQWZXCNM2MK08YVQ6H,2025-01-16T20:33:52.268399436Z,01JHRCDKKGAE88DKD97P3VRDKA,2025-01-16T20:33:52.268399436Z,01JHRCV17YEFG01C9RNX1FQ6RV,2025-01-16T20:33:52.268399436Z
01JHRD6J84TCXFBW76754VNJBG,01JHRCDKJQWZXCNM2MK08YVQ6H,2025-01-16T20:34:42.564472379Z,01JHRCDKKF8B85WX9GQ4VXE9N8,2025-01-16T20:34:42.564472379Z,01JHRCSDG4P5WHWMMXAFYGVD92,2025-01-16T20:34:42.564472379Z
01JHRD7HVRQVG8JRBHHC2CADMC,01JHRCXRY0Q9XFR5H34WVK0EXB,2025-01-16T20:35:14.936062972Z,01JHRCXRYDFM4HDDMP15DZQKZA,2025-01-16T20:35:14.936062972Z,01JHRD04HFK3KG3V6WPSDA2PKA,2025-01-16T20:35:14.936062972Z
01JHRD855N8GS5ZKZDG8AY8AXB,01JHRCY33X6MWNFGGTG9YK900Q,2025-01-16T20:35:34.709160927Z,01JHRCY346J1PRKMFWZACMANAW,2025-01-16T20:35:34.709160927Z,01JHRCY1651CJYT61GRH5KCTGJ,2025-01-16T20:35:34.709160927Z
01JHRDDWG36BE66M85T5447Z40,01JHRCY6Y49H07QS7AGSKSJ3VQ,2025-01-16T20:38:42.435093496Z,01JHRCY6YDH38CBJFA8N0FWC3J,2025-01-16T20:38:42.435093496Z,01JHRD5098DZQ0R9Y2ZXJBBRMT,2025-01-16T20:38:42.435093496Z
01JHRD1BRNPE8627V4835C6BR6,01JHRCDKJQWZXCNM2MK08YVQ6H,2025-01-16T20:31:52.085758627Z,01JHRCDKKGAE88DKD981Q9PYD9,2025-01-16T20:31:52.085758627Z,01JHRCRX569FEZB55D5VFVX5VP,2025-01-16T20:31:52.085758627Z
01JHRD6J864SA0DTGSH3FS4YQ8,01JHRCDKJQWZXCNM2MK08YVQ6H,2025-01-16T20:34:42.566593013Z,01JHRCDKKF8B85WX9GQ4VXE9N8,2025-01-16T20:34:42.566593013Z,01JHRD0JF2AQNDXJPHD3NW4D6K,2025-01-16T20:34:42.566593013Z
01JHRD8H19D5VD3N8A0BFK77HY,01JHRCY4CYGF52YTYW0CAK1KEK,2025-01-16T20:35:46.857385291Z,01JHRCY4D6MFBR8PRRSGG3ZBEE,2025-01-16T20:35:46.857385291Z,01JHRCYT9BZC9F9F4VRYGC5V3G,2025-01-16T20:35:46.857385291Z
01JHRD69307FMY811P46QZ5NPT,01JHRCDKJQWZXCNM2MK08YVQ6H,2025-01-16T20:34:33.184511224Z,01JHRCDKKGAE88DKD989TVW7SK,2025-01-16T20:34:33.184511224Z,01JHRCXV97PK6Z8NRE7Z75K1XH,2025-01-16T20:34:33.184511224Z
01JHRD7HVNWAT52YTXVY1FHY55,01JHRCXRY0Q9XFR5H34WVK0EXB,2025-01-16T20:35:14.933060507Z,01JHRCXRYDFM4HDDMP15DZQKZA,2025-01-16T20:35:14.933060507Z,01JHRCZT2C77HH5TGVQN1TBQYK,2025-01-16T20:35:14.933060507Z
01JHRDA8261RKZEKPRHPYJ2ZPC,01JHRCY62KAFEDEW4A92VPEMN4,2025-01-16T20:36:43.207004566Z,01JHRCY62V41NAQ6K6WA728CZK,2025-01-16T20:36:43.207004566Z,01JHRCS46P26AZ7X43HAKYQDTF,2025-01-16T20:36:43.207004566Z
01JHRDK10XCHKB76RHZNQB5CMA,01JHRCYFF6Z8EMWGE8CJKHC9H2,2025-01-16T20:41:30.909927007Z,01JHRCYFFGW6CET22SP2P21TZQ,2025-01-16T20:41:30.909927007Z,01JHRCS667CB000SZ87P7PVC25,2025-01-16T20:41:30.909927007Z
01JHRDNH9EW3ZVAEVCTZM0S60F,01JHRD1DXMY9QQE2XVBY0H8D0V,2025-01-16T20:42:53.102780023Z,01JHRD1EDZ0HTEP43H8AHFQZ4H,2025-01-16T20:42:53.102780023Z,01JHRD3C54C0EN3R5X1ZSJ8DD8,2025-01-16T20:42:53.102780023Z
01JHRDTSQMK146YYKBHWAC14VN,01JHRD1FGYW6HW6F1D0M1QCS23,2025-01-16T20:45:45.5882509Z,01JHRD1FH6SZZVHBED89H5R676,2025-01-16T20:45:45.5882509Z,01JHRDDK3W4N0W9J4J2B9S2QHA,2025-01-16T20:45:45.5882509Z
01JHRE208NM2C6T8Q9DGZQ44RQ,01JHRD1GFHBQ4SY95A8SBV3YW8,2025-01-16T20:49:41.653473635Z,01JHRD1GFVATAZ3A90SECB26MK,2025-01-16T20:49:41.653473635Z,01JHRDGPZEYMXBT6C70MC1YWT8,2025-01-16T20:49:41.653473635Z
01JHRD1BRNPE8627V48CW46AEH,01JHRCDKJQWZXCNM2MK08YVQ6H,2025-01-16T20:31:52.085998447Z,01JHRCDKKGAE88DKD981Q9PYD9,2025-01-16T20:31:52.085998447Z,01JHRCSPFFH6HZKY314Z91N42B,2025-01-16T20:31:52.085998447Z
01JHRD2T7BKJX9X2RG6WGQSHXX,01JHRCDKJQWZXCNM2MK08YVQ6H,2025-01-16T20:32:39.659456805Z,01JHRCDKKHX3HAVSQZWE4HGQQZ,2025-01-16T20:32:39.659456805Z,01JHRCS8XHKF1CEGD47J36BB3J,2025-01-16T20:32:39.659456805Z
01JHRDA82CQKMT655RHK9NNKGN,01JHRCY62KAFEDEW4A92VPEMN4,2025-01-16T20:36:43.21293254Z,01JHRCY62V41NAQ6K6WA728CZK,2025-01-16T20:36:43.21293254Z,01JHRD0H9SJAD02SJC79YPVGQ7,2025-01-16T20:36:43.21293254Z
01JHRDNH93V1XXG7W0353B4YJN,01JHRD1DXMY9QQE2XVBY0H8D0V,2025-01-16T20:42:53.091182497Z,01JHRD1EDZ0HTEP43H8AHFQZ4H,2025-01-16T20:42:53.091182497Z,01JHRD1EDQV7Q53ETX68BPPFX5,2025-01-16T20:42:53.091182497Z
01JHRDDWFV1KWJ21PS9JR9JY8Y,01JHRCY6Y49H07QS7AGSKSJ3VQ,2025-01-16T20:38:42.427264322Z,01JHRCY6YDH38CBJFA8N0FWC3J,2025-01-16T20:38:42.427264322Z,01JHRCRWKR52ZVF8XFWDWQQK0A,2025-01-16T20:38:42.427264322Z
01JHRDFRMTAS3A3GDKF56R2PV1,01JHRCY7NV9NZD8C6A3PQFQE3Z,2025-01-16T20:39:44.026611318Z,01JHRCY7P3J7FZX3WW0KXPPX6V,2025-01-16T20:39:44.026611318Z,01JHRD513A91FNKVDB10QS47NM,2025-01-16T20:39:44.026611318Z
01JHRD855W9W7XACB6NVPNEZDC,01JHRCY33X6MWNFGGTG9YK900Q,2025-01-16T20:35:34.716101769Z,01JHRCY346J1PRKMFWZACMANAW,2025-01-16T20:35:34.716101769Z,01JHRCYVVPTNA3ZNXDGWC3FS59,2025-01-16T20:35:34.716101769Z
01JHRDFRMJCCY8G5TT4S7FMPAE,01JHRCY7NV9NZD8C6A3PQFQE3Z,2025-01-16T20:39:44.018064021Z,01JHRCY7P3J7FZX3WW0KXPPX6V,2025-01-16T20:39:44.018064021Z,01JHRCW09WDCS9KKFCP6A090H1,2025-01-16T20:39:44.018064021Z
01JHRDK119ET5N9MRS3QNN2DHJ,01JHRCYFF6Z8EMWGE8CJKHC9H2,2025-01-16T20:41:30.921104791Z,01JHRCYFFGW6CET22SP2P21TZQ,2025-01-16T20:41:30.921104791Z,01JHRCSTXHV07FQEW4ZP0KN9DE,2025-01-16T20:41:30.921104791Z
01JHRDTSR66M8AAM6V44B4Q6B7,01JHRD1FGYW6HW6F1D0M1QCS23,2025-01-16T20:45:45.60628208Z,01JHRD1FH6SZZVHBED89H5R676,2025-01-16T20:45:45.60628208Z,01JHRDGB8ZBH374YA7C0BD6CA3,2025-01-16T20:45:45.60628208Z
01JHRE2081B0XCF6BX5ZW033VH,01JHRD1GFHBQ4SY95A8SBV3YW8,2025-01-16T20:49:41.633215194Z,01JHRD1GFVATAZ3A90SECB26MK,2025-01-16T20:49:41.633215194Z,01JHRCRYWMGC3S5JD4VKN4X9HW,2025-01-16T20:49:41.633215194Z
01JHRD2T7CQ2G0E8HKETFX3R6N,01JHRCDKJQWZXCNM2MK08YVQ6H,2025-01-16T20:32:39.660067389Z,01JHRCDKKHX3HAVSQZWE4HGQQZ,2025-01-16T20:32:39.660067389Z,01JHRCTK3BR5RRQBQWNXKGAEQ3,2025-01-16T20:32:39.660067389Z
01JHRD514BAESS8SH56F7XP9KP,01JHRCDKJQWZXCNM2MK08YVQ6H,2025-01-16T20:33:52.26743857Z,01JHRCDKKGAE88DKD97P3VRDKA,2025-01-16T20:33:52.26743857Z,01JHRCSB85QY9D63YR4H4RVYZ6,2025-01-16T20:33:52.26743857Z
01JHRD69320KQMZS11457ZVCWH,01JHRCDKJQWZXCNM2MK08YVQ6H,2025-01-16T20:34:33.18618706Z,01JHRCDKKGAE88DKD989TVW7SK,2025-01-16T20:34:33.18618706Z,01JHRD15JZHKTR2KNPCQEMHTXA,2025-01-16T20:34:33.18618706Z
01JHRD8H1HH26PMV2K8Q51MB9H,01JHRCY4CYGF52YTYW0CAK1KEK,2025-01-16T20:35:46.865653955Z,01JHRCY4D6MFBR8PRRSGG3ZBEE,2025-01-16T20:35:46.865653955Z,01JHRD1EDM7N3N40E0K35VFPWY,2025-01-16T20:35:46.865653955Z
