id,actualPlayerCount,actualPlayerCountLastChangedAt,batchID,batchIDLastChangedAt,bottomTangrams,bottomTangramsLastChangedAt,contextSize,contextSizeLastChangedAt,contextStructure,contextStructureLastChangedAt,ended,endedLastChangedAt,endedInactive,endedInactiveLastChangedAt,endedReason,endedReasonLastChangedAt,groupID,groupIDLastChangedAt,justStarted,justStartedLastChangedAt,maxTimeout,maxTimeoutLastChangedAt,numRoundsInactive,numRoundsInactiveLastChangedAt,rotation,rotationLastChangedAt,roundIndex,roundIndexLastChangedAt,showNegativeFeedback,showNegativeFeedbackLastChangedAt,stageID,stageIDLastChangedAt,start,startLastChangedAt,starting,startingLastChangedAt,status,statusLastChangedAt,targets,targetsLastChangedAt,topTangrams,topTangramsLastChangedAt,treatment,treatmentLastChangedAt,treatmentName,treatmentNameLastChangedAt
01JJWYNZGZ9PFK1HJMX88Z8ATN,2,2025-01-31T01:18:06.891822094Z,01JJWYNZGR8C42T931K9EC9S43,2025-01-31T01:12:53.023707764Z,"[91,320,55,70]",2025-01-31T01:18:07.022029849Z,4,2025-01-31T01:18:06.909046571Z,comp-within,2025-01-31T01:18:06.909046571Z,true,2025-01-31T01:44:37.634931048Z,false,2025-01-31T01:18:06.909046571Z,end of game,2025-01-31T01:44:37.669571264Z,01JJWYNZH7ZP55K4AXKDPDXGG3,2025-01-31T01:12:53.033585582Z,false,2025-01-31T01:18:09.115849978Z,5,2025-01-31T01:18:06.909046571Z,0,2025-01-31T01:18:06.909046571Z,270,2025-01-31T01:18:06.909046571Z,63,2025-01-31T01:18:07.022029849Z,1,2025-01-31T01:18:06.909046571Z,null,2025-01-31T01:44:37.634931048Z,true,2025-01-31T01:18:06.891822094Z,true,2025-01-31T01:18:06.891822094Z,ended,2025-01-31T01:44:37.669571264Z,"[[198,91],[198,320],[198,55],[198,70],[337,91],[337,320],[337,55],[337,70],[182,91],[182,320],[182,55],[182,70],[390,91],[390,320],[390,55],[390,70]]",2025-01-31T01:18:07.022029849Z,"[198,337,182,390]",2025-01-31T01:18:07.022029849Z,"{""contextSize"":4,""contextStructure"":""comp-within"",""feedbackDuration"":3,""maxTimeout"":5,""numRepetitionsWithPartner"":4,""playerCount"":2,""selectionDuration"":60,""showNegativeFeedback"":1}",2025-01-31T01:12:53.023707764Z,full-comp-within,2025-01-31T01:12:53.023707764Z
01JJWYP4FKYGAHYZ9JMCBMWB02,2,2025-01-31T01:26:54.652979419Z,01JJWYP4FF62465Q3SQBN5XET9,2025-01-31T01:12:58.099302165Z,"[190,164,398,162]",2025-01-31T01:26:55.261807201Z,4,2025-01-31T01:26:54.694346583Z,comp-within,2025-01-31T01:26:54.694346583Z,true,2025-01-31T02:13:05.126056982Z,false,2025-01-31T01:26:54.694346583Z,end of game,2025-01-31T02:13:05.258764504Z,01JJWYP4FT2801GXC9B2GV7J85,2025-01-31T01:12:58.107474889Z,false,2025-01-31T01:27:06.692338872Z,5,2025-01-31T01:26:54.694346583Z,0,2025-01-31T01:30:04.356906767Z,90,2025-01-31T01:26:54.694346583Z,63,2025-01-31T01:26:55.261807201Z,1,2025-01-31T01:26:54.694346583Z,null,2025-01-31T02:13:05.126056982Z,true,2025-01-31T01:26:54.652979419Z,true,2025-01-31T01:26:54.652979419Z,ended,2025-01-31T02:13:05.258764504Z,"[[372,190],[372,164],[372,398],[372,162],[47,190],[47,164],[47,398],[47,162],[191,190],[191,164],[191,398],[191,162],[225,190],[225,164],[225,398],[225,162]]",2025-01-31T01:26:55.261807201Z,"[372,47,191,225]",2025-01-31T01:26:55.261807201Z,"{""contextSize"":4,""contextStructure"":""comp-within"",""feedbackDuration"":3,""maxTimeout"":5,""numRepetitionsWithPartner"":4,""playerCount"":2,""selectionDuration"":60,""showNegativeFeedback"":1}",2025-01-31T01:12:58.099302165Z,full-comp-within,2025-01-31T01:12:58.099302165Z
01JJWYP4R47SWGQCMJ4BB37AKM,2,2025-01-31T01:45:26.667010559Z,01JJWYP4QX9R6AJ06D53SXQ6W6,2025-01-31T01:12:58.372658433Z,"[193,303,433,173]",2025-01-31T01:45:27.823498757Z,4,2025-01-31T01:45:26.752637956Z,comp-within,2025-01-31T01:45:26.752637956Z,true,2025-01-31T02:21:39.121546974Z,false,2025-01-31T01:45:26.752637956Z,end of game,2025-01-31T02:21:39.188331799Z,01JJWYP4RDAA0WFAQ80AG60C9W,2025-01-31T01:12:58.383172859Z,false,2025-01-31T01:46:10.805900424Z,5,2025-01-31T01:45:26.752637956Z,0,2025-01-31T02:00:22.842085752Z,90,2025-01-31T01:45:26.752637956Z,63,2025-01-31T01:45:27.823498757Z,1,2025-01-31T01:45:26.752637956Z,null,2025-01-31T02:21:39.121546974Z,true,2025-01-31T01:45:26.667010559Z,true,2025-01-31T01:45:26.667010559Z,ended,2025-01-31T02:21:39.188331799Z,"[[408,193],[408,303],[408,433],[408,173],[398,193],[398,303],[398,433],[398,173],[232,193],[232,303],[232,433],[232,173],[373,193],[373,303],[373,433],[373,173]]",2025-01-31T01:45:27.823498757Z,"[408,398,232,373]",2025-01-31T01:45:27.823498757Z,"{""contextSize"":4,""contextStructure"":""comp-within"",""feedbackDuration"":3,""maxTimeout"":5,""numRepetitionsWithPartner"":4,""playerCount"":2,""selectionDuration"":60,""showNegativeFeedback"":1}",2025-01-31T01:12:58.372658433Z,full-comp-within,2025-01-31T01:12:58.372658433Z
01JJWYP5DCE7P4WDHSV3FTFVSF,2,2025-01-31T01:47:42.409786504Z,01JJWYP5D8XRKEDWJ24BEBGTGK,2025-01-31T01:12:59.052923869Z,"[468,396,322,92]",2025-01-31T01:47:43.766198838Z,4,2025-01-31T01:47:42.522039252Z,comp-within,2025-01-31T01:47:42.522039252Z,true,2025-01-31T02:31:37.666970511Z,false,2025-01-31T01:47:42.522039252Z,end of game,2025-01-31T02:31:37.735856789Z,01JJWYP5DNG5KZR7W6Y9ZMM00W,2025-01-31T01:12:59.062472907Z,false,2025-01-31T01:48:07.34410411Z,5,2025-01-31T01:47:42.522039252Z,0,2025-01-31T02:01:08.235101312Z,270,2025-01-31T01:47:42.522039252Z,63,2025-01-31T01:47:43.766198838Z,1,2025-01-31T01:47:42.522039252Z,null,2025-01-31T02:31:37.666970511Z,true,2025-01-31T01:47:42.409786504Z,true,2025-01-31T01:47:42.409786504Z,ended,2025-01-31T02:31:37.735856789Z,"[[467,468],[467,396],[467,322],[467,92],[277,468],[277,396],[277,322],[277,92],[199,468],[199,396],[199,322],[199,92],[193,468],[193,396],[193,322],[193,92]]",2025-01-31T01:47:43.766198838Z,"[467,277,199,193]",2025-01-31T01:47:43.766198838Z,"{""contextSize"":4,""contextStructure"":""comp-within"",""feedbackDuration"":3,""maxTimeout"":5,""numRepetitionsWithPartner"":4,""playerCount"":2,""selectionDuration"":60,""showNegativeFeedback"":1}",2025-01-31T01:12:59.052923869Z,full-comp-within,2025-01-31T01:12:59.052923869Z
01JJWYPPYWZR7TQHCAM92V2C56,2,2025-01-31T01:50:45.362744929Z,01JJWYPPYN3KHPGHPJY9PSC1S5,2025-01-31T01:13:17.020948239Z,"[230,68,46,239]",2025-01-31T01:50:46.843298599Z,4,2025-01-31T01:50:45.469812375Z,comp-within,2025-01-31T01:50:45.469812375Z,true,2025-01-31T02:29:52.968268825Z,false,2025-01-31T01:50:45.469812375Z,end of game,2025-01-31T02:29:53.028124966Z,01JJWYPPZ9Q9VYQ6M93CD92C51,2025-01-31T01:13:17.034561992Z,false,2025-01-31T01:51:12.769710963Z,5,2025-01-31T01:50:45.469812375Z,0,2025-01-31T01:54:49.676049899Z,270,2025-01-31T01:50:45.469812375Z,63,2025-01-31T01:50:46.843298599Z,1,2025-01-31T01:50:45.469812375Z,null,2025-01-31T02:29:52.968268825Z,true,2025-01-31T01:50:45.362744929Z,true,2025-01-31T01:50:45.362744929Z,ended,2025-01-31T02:29:53.028124966Z,"[[121,230],[121,68],[121,46],[121,239],[197,230],[197,68],[197,46],[197,239],[455,230],[455,68],[455,46],[455,239],[422,230],[422,68],[422,46],[422,239]]",2025-01-31T01:50:46.843298599Z,"[121,197,455,422]",2025-01-31T01:50:46.843298599Z,"{""contextSize"":4,""contextStructure"":""comp-within"",""feedbackDuration"":3,""maxTimeout"":5,""numRepetitionsWithPartner"":4,""playerCount"":2,""selectionDuration"":60,""showNegativeFeedback"":1}",2025-01-31T01:13:17.020948239Z,full-comp-within,2025-01-31T01:13:17.020948239Z
01JJWYPQDNNHFRCF5KKTFY4JMC,2,2025-01-31T01:57:52.11881478Z,01JJWYPQDGB0SNYA01CZ9VSDSS,2025-01-31T01:13:17.493792526Z,"[290,453,0,162]",2025-01-31T01:57:53.835089502Z,4,2025-01-31T01:57:52.236509141Z,comp-within,2025-01-31T01:57:52.236509141Z,true,2025-01-31T02:04:32.723692463Z,true,2025-01-31T02:04:32.698733926Z,timeOut,2025-01-31T02:04:32.698733926Z,01JJWYPQDZEFGXXM473SK19P16,2025-01-31T01:13:17.505203961Z,false,2025-01-31T01:58:21.766389031Z,5,2025-01-31T01:57:52.236509141Z,5,2025-01-31T02:04:32.698733926Z,270,2025-01-31T01:57:52.236509141Z,63,2025-01-31T01:57:53.835089502Z,1,2025-01-31T01:57:52.236509141Z,null,2025-01-31T02:04:32.723692463Z,true,2025-01-31T01:57:52.11881478Z,true,2025-01-31T01:57:52.11881478Z,ended,2025-01-31T02:04:32.698733926Z,"[[12,290],[12,453],[12,0],[12,162],[23,290],[23,453],[23,0],[23,162],[297,290],[297,453],[297,0],[297,162],[107,290],[107,453],[107,0],[107,162]]",2025-01-31T01:57:53.835089502Z,"[12,23,297,107]",2025-01-31T01:57:53.835089502Z,"{""contextSize"":4,""contextStructure"":""comp-within"",""feedbackDuration"":3,""maxTimeout"":5,""numRepetitionsWithPartner"":4,""playerCount"":2,""selectionDuration"":60,""showNegativeFeedback"":1}",2025-01-31T01:13:17.493792526Z,full-comp-within,2025-01-31T01:13:17.493792526Z
01JJWYNYZ722163KXSQHAD9669,2,2025-01-31T01:17:21.800371691Z,01JJWYNYZ0Y84ATQ8EC6AHD06C,2025-01-31T01:12:52.455907399Z,"[143,322,460,408]",2025-01-31T01:17:21.918862516Z,4,2025-01-31T01:17:21.816043131Z,comp-within,2025-01-31T01:17:21.816043131Z,true,2025-01-31T01:55:07.535127063Z,false,2025-01-31T01:17:21.816043131Z,end of game,2025-01-31T01:55:07.583853213Z,01JJWYNYZJFG05K3C3T3R8KYDT,2025-01-31T01:12:52.468060434Z,false,2025-01-31T01:17:23.775792676Z,5,2025-01-31T01:17:21.816043131Z,0,2025-01-31T01:17:21.816043131Z,90,2025-01-31T01:17:21.816043131Z,63,2025-01-31T01:17:21.918862516Z,1,2025-01-31T01:17:21.816043131Z,null,2025-01-31T01:55:07.535127063Z,true,2025-01-31T01:17:21.800371691Z,true,2025-01-31T01:17:21.800371691Z,ended,2025-01-31T01:55:07.583853213Z,"[[459,143],[459,322],[459,460],[459,408],[379,143],[379,322],[379,460],[379,408],[249,143],[249,322],[249,460],[249,408],[289,143],[289,322],[289,460],[289,408]]",2025-01-31T01:17:21.918862516Z,"[459,379,249,289]",2025-01-31T01:17:21.918862516Z,"{""contextSize"":4,""contextStructure"":""comp-within"",""feedbackDuration"":3,""maxTimeout"":5,""numRepetitionsWithPartner"":4,""playerCount"":2,""selectionDuration"":60,""showNegativeFeedback"":1}",2025-01-31T01:12:52.455907399Z,full-comp-within,2025-01-31T01:12:52.455907399Z
01JJWYP2JX2K73EBW3P2YBJVGZ,2,2025-01-31T01:19:33.825123515Z,01JJWYP2JPRZW0MMTF0ADRQ0QH,2025-01-31T01:12:56.157548149Z,"[233,264,77,133]",2025-01-31T01:19:34.018283208Z,4,2025-01-31T01:19:33.844846449Z,comp-within,2025-01-31T01:19:33.844846449Z,true,2025-01-31T01:54:00.252245869Z,false,2025-01-31T01:19:33.844846449Z,end of game,2025-01-31T01:54:00.304050313Z,01JJWYP2K407C2KX49BDGKH2CM,2025-01-31T01:12:56.166484481Z,false,2025-01-31T01:19:36.551720622Z,5,2025-01-31T01:19:33.844846449Z,0,2025-01-31T01:37:27.973208106Z,90,2025-01-31T01:19:33.844846449Z,63,2025-01-31T01:19:34.018283208Z,1,2025-01-31T01:19:33.844846449Z,null,2025-01-31T01:54:00.252245869Z,true,2025-01-31T01:19:33.825123515Z,true,2025-01-31T01:19:33.825123515Z,ended,2025-01-31T01:54:00.304050313Z,"[[431,233],[431,264],[431,77],[431,133],[61,233],[61,264],[61,77],[61,133],[363,233],[363,264],[363,77],[363,133],[40,233],[40,264],[40,77],[40,133]]",2025-01-31T01:19:34.018283208Z,"[431,61,363,40]",2025-01-31T01:19:34.018283208Z,"{""contextSize"":4,""contextStructure"":""comp-within"",""feedbackDuration"":3,""maxTimeout"":5,""numRepetitionsWithPartner"":4,""playerCount"":2,""selectionDuration"":60,""showNegativeFeedback"":1}",2025-01-31T01:12:56.157548149Z,full-comp-within,2025-01-31T01:12:56.157548149Z
01JJWYP52WZD7TZM8DC09M8HSE,2,2025-01-31T01:45:31.416470222Z,01JJWYP52QCTGRFEV3KAQS5TWK,2025-01-31T01:12:58.716179894Z,"[196,315,31,428]",2025-01-31T01:45:49.425243477Z,4,2025-01-31T01:45:48.292044374Z,comp-within,2025-01-31T01:45:48.292044374Z,true,2025-01-31T01:51:28.727842699Z,true,2025-01-31T01:51:28.706467014Z,timeOut,2025-01-31T01:51:28.706467014Z,01JJWYP535PMJVR27TVNH302CY,2025-01-31T01:12:58.726646346Z,false,2025-01-31T01:46:11.658862631Z,5,2025-01-31T01:45:48.292044374Z,5,2025-01-31T01:51:28.706467014Z,0,2025-01-31T01:45:48.292044374Z,63,2025-01-31T01:45:49.425243477Z,1,2025-01-31T01:45:48.292044374Z,null,2025-01-31T01:51:28.727842699Z,true,2025-01-31T01:45:31.416470222Z,true,2025-01-31T01:45:31.416470222Z,ended,2025-01-31T01:51:28.706467014Z,"[[193,196],[193,315],[193,31],[193,428],[104,196],[104,315],[104,31],[104,428],[268,196],[268,315],[268,31],[268,428],[417,196],[417,315],[417,31],[417,428]]",2025-01-31T01:45:49.425243477Z,"[193,104,268,417]",2025-01-31T01:45:49.425243477Z,"{""contextSize"":4,""contextStructure"":""comp-within"",""feedbackDuration"":3,""maxTimeout"":5,""numRepetitionsWithPartner"":4,""playerCount"":2,""selectionDuration"":60,""showNegativeFeedback"":1}",2025-01-31T01:12:58.716179894Z,full-comp-within,2025-01-31T01:12:58.716179894Z
01JJWYNXD35FW4GE39QJ140WNZ,2,2025-01-31T01:17:02.499948665Z,01JJWYNXCQ63ZHN65S56ZTN92X,2025-01-31T01:12:50.851526467Z,"[41,137,88,81]",2025-01-31T01:17:02.645577359Z,4,2025-01-31T01:17:02.513917371Z,comp-within,2025-01-31T01:17:02.513917371Z,true,2025-01-31T01:43:09.207843708Z,false,2025-01-31T01:17:02.513917371Z,end of game,2025-01-31T01:43:09.241752077Z,01JJWYNXDHDC3BK7JGB9BECRZA,2025-01-31T01:12:50.867257257Z,false,2025-01-31T01:17:04.431459873Z,5,2025-01-31T01:17:02.513917371Z,0,2025-01-31T01:17:02.513917371Z,180,2025-01-31T01:17:02.513917371Z,63,2025-01-31T01:17:02.645577359Z,1,2025-01-31T01:17:02.513917371Z,null,2025-01-31T01:43:09.207843708Z,true,2025-01-31T01:17:02.499948665Z,true,2025-01-31T01:17:02.499948665Z,ended,2025-01-31T01:43:09.241752077Z,"[[38,41],[38,137],[38,88],[38,81],[450,41],[450,137],[450,88],[450,81],[277,41],[277,137],[277,88],[277,81],[23,41],[23,137],[23,88],[23,81]]",2025-01-31T01:17:02.645577359Z,"[38,450,277,23]",2025-01-31T01:17:02.645577359Z,"{""contextSize"":4,""contextStructure"":""comp-within"",""feedbackDuration"":3,""maxTimeout"":5,""numRepetitionsWithPartner"":4,""playerCount"":2,""selectionDuration"":60,""showNegativeFeedback"":1}",2025-01-31T01:12:50.851526467Z,full-comp-within,2025-01-31T01:12:50.851526467Z
01JJWYP3309EZJVNXHV0RJ73YZ,2,2025-01-31T01:21:02.65361957Z,01JJWYP32W6WJ8SFMNK0HJ456S,2025-01-31T01:12:56.672558492Z,"[194,68,307,89]",2025-01-31T01:21:02.967697751Z,4,2025-01-31T01:21:02.680842992Z,comp-within,2025-01-31T01:21:02.680842992Z,true,2025-01-31T01:57:27.225912643Z,false,2025-01-31T01:21:02.680842992Z,end of game,2025-01-31T01:57:27.274255067Z,01JJWYP338F9Y58XW78D91MFZD,2025-01-31T01:12:56.681364515Z,false,2025-01-31T01:21:08.734447154Z,5,2025-01-31T01:21:02.680842992Z,0,2025-01-31T01:22:59.472622174Z,270,2025-01-31T01:21:02.680842992Z,63,2025-01-31T01:21:02.967697751Z,1,2025-01-31T01:21:02.680842992Z,null,2025-01-31T01:57:27.225912643Z,true,2025-01-31T01:21:02.65361957Z,true,2025-01-31T01:21:02.65361957Z,ended,2025-01-31T01:57:27.274255067Z,"[[179,194],[179,68],[179,307],[179,89],[35,194],[35,68],[35,307],[35,89],[460,194],[460,68],[460,307],[460,89],[36,194],[36,68],[36,307],[36,89]]",2025-01-31T01:21:02.967697751Z,"[179,35,460,36]",2025-01-31T01:21:02.967697751Z,"{""contextSize"":4,""contextStructure"":""comp-within"",""feedbackDuration"":3,""maxTimeout"":5,""numRepetitionsWithPartner"":4,""playerCount"":2,""selectionDuration"":60,""showNegativeFeedback"":1}",2025-01-31T01:12:56.672558492Z,full-comp-within,2025-01-31T01:12:56.672558492Z
01JJWYP3JZ5DTQGQQXQP9VB2ZQ,2,2025-01-31T01:23:22.924285389Z,01JJWYP3JT0EATJ3M4E059PBZR,2025-01-31T01:12:57.183227566Z,"[331,294,296,108]",2025-01-31T01:23:23.415089265Z,4,2025-01-31T01:23:22.989935194Z,comp-within,2025-01-31T01:23:22.989935194Z,true,2025-01-31T01:56:30.995608015Z,false,2025-01-31T01:23:22.989935194Z,end of game,2025-01-31T01:56:31.043409996Z,01JJWYP3K7NY6621GDW5JKAKWD,2025-01-31T01:12:57.192488429Z,false,2025-01-31T01:23:31.62178356Z,5,2025-01-31T01:23:22.989935194Z,0,2025-01-31T01:28:10.483527928Z,90,2025-01-31T01:23:22.989935194Z,63,2025-01-31T01:23:23.415089265Z,1,2025-01-31T01:23:22.989935194Z,null,2025-01-31T01:56:30.995608015Z,true,2025-01-31T01:23:22.924285389Z,true,2025-01-31T01:23:22.924285389Z,ended,2025-01-31T01:56:31.043409996Z,"[[74,331],[74,294],[74,296],[74,108],[143,331],[143,294],[143,296],[143,108],[436,331],[436,294],[436,296],[436,108],[48,331],[48,294],[48,296],[48,108]]",2025-01-31T01:23:23.415089265Z,"[74,143,436,48]",2025-01-31T01:23:23.415089265Z,"{""contextSize"":4,""contextStructure"":""comp-within"",""feedbackDuration"":3,""maxTimeout"":5,""numRepetitionsWithPartner"":4,""playerCount"":2,""selectionDuration"":60,""showNegativeFeedback"":1}",2025-01-31T01:12:57.183227566Z,full-comp-within,2025-01-31T01:12:57.183227566Z
01JJWYPQRN8A5SQN8JJ95KFE9N,2,2025-01-31T02:05:39.537630957Z,01JJWYPQREVHX0XCCBQKAHYYQB,2025-01-31T01:13:17.845139719Z,"[99,403,16,245]",2025-01-31T02:05:41.235864926Z,4,2025-01-31T02:05:39.658067869Z,comp-within,2025-01-31T02:05:39.658067869Z,true,2025-01-31T02:44:50.337298276Z,false,2025-01-31T02:05:39.658067869Z,end of game,2025-01-31T02:44:50.398172464Z,01JJWYPQRZ17KTKVB4EZ99TSBP,2025-01-31T01:13:17.856304213Z,false,2025-01-31T02:06:11.361786609Z,5,2025-01-31T02:05:39.658067869Z,0,2025-01-31T02:18:19.073410826Z,90,2025-01-31T02:05:39.658067869Z,63,2025-01-31T02:05:41.235864926Z,1,2025-01-31T02:05:39.658067869Z,null,2025-01-31T02:44:50.337298276Z,true,2025-01-31T02:05:39.537630957Z,true,2025-01-31T02:05:39.537630957Z,ended,2025-01-31T02:44:50.398172464Z,"[[37,99],[37,403],[37,16],[37,245],[184,99],[184,403],[184,16],[184,245],[352,99],[352,403],[352,16],[352,245],[49,99],[49,403],[49,16],[49,245]]",2025-01-31T02:05:41.235864926Z,"[37,184,352,49]",2025-01-31T02:05:41.235864926Z,"{""contextSize"":4,""contextStructure"":""comp-within"",""feedbackDuration"":3,""maxTimeout"":5,""numRepetitionsWithPartner"":4,""playerCount"":2,""selectionDuration"":60,""showNegativeFeedback"":1}",2025-01-31T01:13:17.845139719Z,full-comp-within,2025-01-31T01:13:17.845139719Z
01JJWYPZJX9BD6QPNY2JYX1KZP,2,2025-01-31T02:12:27.606983127Z,01JJWYPZJQ23FKV3XYK1RXVWKP,2025-01-31T01:13:25.853596227Z,"[254,136,352,339]",2025-01-31T02:12:29.693365177Z,4,2025-01-31T02:12:27.883681377Z,comp-within,2025-01-31T02:12:27.883681377Z,true,2025-01-31T02:44:15.501418526Z,false,2025-01-31T02:12:27.883681377Z,end of game,2025-01-31T02:44:15.562744501Z,01JJWYPZK50EC16V43BXC0D7BM,2025-01-31T01:13:25.862401346Z,false,2025-01-31T02:13:01.639286793Z,5,2025-01-31T02:12:27.883681377Z,0,2025-01-31T02:21:13.545668759Z,90,2025-01-31T02:12:27.883681377Z,63,2025-01-31T02:12:29.693365177Z,1,2025-01-31T02:12:27.883681377Z,null,2025-01-31T02:44:15.501418526Z,true,2025-01-31T02:12:27.606983127Z,true,2025-01-31T02:12:27.606983127Z,ended,2025-01-31T02:44:15.562744501Z,"[[413,254],[413,136],[413,352],[413,339],[227,254],[227,136],[227,352],[227,339],[448,254],[448,136],[448,352],[448,339],[187,254],[187,136],[187,352],[187,339]]",2025-01-31T02:12:29.693365177Z,"[413,227,448,187]",2025-01-31T02:12:29.693365177Z,"{""contextSize"":4,""contextStructure"":""comp-within"",""feedbackDuration"":3,""maxTimeout"":5,""numRepetitionsWithPartner"":4,""playerCount"":2,""selectionDuration"":60,""showNegativeFeedback"":1}",2025-01-31T01:13:25.853596227Z,full-comp-within,2025-01-31T01:13:25.853596227Z
01JJWYP0K5K0BV7CASYB8PBB0J,2,2025-01-31T01:18:54.558282807Z,01JJWYP0JZ9MXZNA1RSVA69F0C,2025-01-31T01:12:54.117770121Z,"[154,234,413,290]",2025-01-31T01:18:54.718153056Z,4,2025-01-31T01:18:54.578151636Z,comp-within,2025-01-31T01:18:54.578151636Z,true,2025-01-31T01:51:51.415221492Z,false,2025-01-31T01:18:54.578151636Z,end of game,2025-01-31T01:51:51.460941396Z,01JJWYP0KHBHCRTSM4CDRHK6EA,2025-01-31T01:12:54.130369176Z,false,2025-01-31T01:18:58.784067147Z,5,2025-01-31T01:18:54.578151636Z,0,2025-01-31T01:30:49.884480399Z,270,2025-01-31T01:18:54.578151636Z,63,2025-01-31T01:18:54.718153056Z,1,2025-01-31T01:18:54.578151636Z,null,2025-01-31T01:51:51.415221492Z,true,2025-01-31T01:18:54.558282807Z,true,2025-01-31T01:18:54.558282807Z,ended,2025-01-31T01:51:51.460941396Z,"[[147,154],[147,234],[147,413],[147,290],[299,154],[299,234],[299,413],[299,290],[250,154],[250,234],[250,413],[250,290],[68,154],[68,234],[68,413],[68,290]]",2025-01-31T01:18:54.718153056Z,"[147,299,250,68]",2025-01-31T01:18:54.718153056Z,"{""contextSize"":4,""contextStructure"":""comp-within"",""feedbackDuration"":3,""maxTimeout"":5,""numRepetitionsWithPartner"":4,""playerCount"":2,""selectionDuration"":60,""showNegativeFeedback"":1}",2025-01-31T01:12:54.117770121Z,full-comp-within,2025-01-31T01:12:54.117770121Z
01JJWYP1CG1N3Y8VNA5HPEZ5FW,2,2025-01-31T01:19:17.355342084Z,01JJWYP1C9M84QRZ5BV7YFBN5A,2025-01-31T01:12:54.928207851Z,"[296,154,52,315]",2025-01-31T01:19:17.533711718Z,4,2025-01-31T01:19:17.372452818Z,comp-within,2025-01-31T01:19:17.372452818Z,true,2025-01-31T01:41:13.765351684Z,false,2025-01-31T01:19:17.372452818Z,end of game,2025-01-31T01:41:13.799232084Z,01JJWYP1CTYASW778SYYG242MA,2025-01-31T01:12:54.939142295Z,false,2025-01-31T01:19:21.273323074Z,5,2025-01-31T01:19:17.372452818Z,0,2025-01-31T01:19:17.372452818Z,180,2025-01-31T01:19:17.372452818Z,63,2025-01-31T01:19:17.533711718Z,1,2025-01-31T01:19:17.372452818Z,null,2025-01-31T01:41:13.765351684Z,true,2025-01-31T01:19:17.355342084Z,true,2025-01-31T01:19:17.355342084Z,ended,2025-01-31T01:41:13.799232084Z,"[[347,296],[347,154],[347,52],[347,315],[357,296],[357,154],[357,52],[357,315],[445,296],[445,154],[445,52],[445,315],[41,296],[41,154],[41,52],[41,315]]",2025-01-31T01:19:17.533711718Z,"[347,357,445,41]",2025-01-31T01:19:17.533711718Z,"{""contextSize"":4,""contextStructure"":""comp-within"",""feedbackDuration"":3,""maxTimeout"":5,""numRepetitionsWithPartner"":4,""playerCount"":2,""selectionDuration"":60,""showNegativeFeedback"":1}",2025-01-31T01:12:54.928207851Z,full-comp-within,2025-01-31T01:12:54.928207851Z
01JJWYP2TK05TF6KPGRX49DQ0F,2,2025-01-31T01:19:58.264700647Z,01JJWYP2TF1JBVN86ZXCE4JJJX,2025-01-31T01:12:56.40350237Z,"[51,185,468,351]",2025-01-31T01:19:58.506994789Z,4,2025-01-31T01:19:58.284955837Z,comp-within,2025-01-31T01:19:58.284955837Z,true,2025-01-31T01:53:05.145834126Z,false,2025-01-31T01:19:58.284955837Z,end of game,2025-01-31T01:53:05.192565173Z,01JJWYP2TVYK1XBCKKHZV59R2B,2025-01-31T01:12:56.412716571Z,false,2025-01-31T01:20:01.315043867Z,5,2025-01-31T01:19:58.284955837Z,0,2025-01-31T01:19:58.284955837Z,0,2025-01-31T01:19:58.284955837Z,63,2025-01-31T01:19:58.506994789Z,1,2025-01-31T01:19:58.284955837Z,null,2025-01-31T01:53:05.145834126Z,true,2025-01-31T01:19:58.264700647Z,true,2025-01-31T01:19:58.264700647Z,ended,2025-01-31T01:53:05.192565173Z,"[[83,51],[83,185],[83,468],[83,351],[254,51],[254,185],[254,468],[254,351],[158,51],[158,185],[158,468],[158,351],[228,51],[228,185],[228,468],[228,351]]",2025-01-31T01:19:58.506994789Z,"[83,254,158,228]",2025-01-31T01:19:58.506994789Z,"{""contextSize"":4,""contextStructure"":""comp-within"",""feedbackDuration"":3,""maxTimeout"":5,""numRepetitionsWithPartner"":4,""playerCount"":2,""selectionDuration"":60,""showNegativeFeedback"":1}",2025-01-31T01:12:56.40350237Z,full-comp-within,2025-01-31T01:12:56.40350237Z
01JJWYP3A49Z0MRGXHBF8DYB42,2,2025-01-31T01:21:53.699732462Z,01JJWYP39ZC615XXGYC47P7X40,2025-01-31T01:12:56.900698153Z,"[453,448,395,25]",2025-01-31T01:21:54.054091644Z,4,2025-01-31T01:21:53.72583781Z,comp-within,2025-01-31T01:21:53.72583781Z,true,2025-01-31T02:03:31.340485639Z,false,2025-01-31T01:21:53.72583781Z,end of game,2025-01-31T02:03:31.390705811Z,01JJWYP3AD4JHRHF5JBT1EC2GZ,2025-01-31T01:12:56.910771532Z,false,2025-01-31T01:22:00.497955647Z,5,2025-01-31T01:21:53.72583781Z,0,2025-01-31T01:27:25.106318354Z,270,2025-01-31T01:21:53.72583781Z,63,2025-01-31T01:21:54.054091644Z,1,2025-01-31T01:21:53.72583781Z,null,2025-01-31T02:03:31.340485639Z,true,2025-01-31T01:21:53.699732462Z,true,2025-01-31T01:21:53.699732462Z,ended,2025-01-31T02:03:31.390705811Z,"[[430,453],[430,448],[430,395],[430,25],[161,453],[161,448],[161,395],[161,25],[402,453],[402,448],[402,395],[402,25],[55,453],[55,448],[55,395],[55,25]]",2025-01-31T01:21:54.054091644Z,"[430,161,402,55]",2025-01-31T01:21:54.054091644Z,"{""contextSize"":4,""contextStructure"":""comp-within"",""feedbackDuration"":3,""maxTimeout"":5,""numRepetitionsWithPartner"":4,""playerCount"":2,""selectionDuration"":60,""showNegativeFeedback"":1}",2025-01-31T01:12:56.900698153Z,full-comp-within,2025-01-31T01:12:56.900698153Z
01JJWYP46TGJVMVD1BPQZ1VEF8,2,2025-01-31T01:24:20.314486764Z,01JJWYP46KDKZX0YP92TAK3EWR,2025-01-31T01:12:57.818131069Z,"[465,405,251,469]",2025-01-31T01:24:20.826128622Z,4,2025-01-31T01:24:20.357093527Z,comp-within,2025-01-31T01:24:20.357093527Z,true,2025-01-31T01:55:11.009049855Z,false,2025-01-31T01:24:20.357093527Z,end of game,2025-01-31T01:55:11.056291653Z,01JJWYP472JC985DA6JXSY98KH,2025-01-31T01:12:57.827356461Z,false,2025-01-31T01:24:29.941113468Z,5,2025-01-31T01:24:20.357093527Z,0,2025-01-31T01:26:32.587958055Z,270,2025-01-31T01:24:20.357093527Z,63,2025-01-31T01:24:20.826128622Z,1,2025-01-31T01:24:20.357093527Z,null,2025-01-31T01:55:11.009049855Z,true,2025-01-31T01:24:20.314486764Z,true,2025-01-31T01:24:20.314486764Z,ended,2025-01-31T01:55:11.056291653Z,"[[189,465],[189,405],[189,251],[189,469],[298,465],[298,405],[298,251],[298,469],[320,465],[320,405],[320,251],[320,469],[287,465],[287,405],[287,251],[287,469]]",2025-01-31T01:24:20.826128622Z,"[189,298,320,287]",2025-01-31T01:24:20.826128622Z,"{""contextSize"":4,""contextStructure"":""comp-within"",""feedbackDuration"":3,""maxTimeout"":5,""numRepetitionsWithPartner"":4,""playerCount"":2,""selectionDuration"":60,""showNegativeFeedback"":1}",2025-01-31T01:12:57.818131069Z,full-comp-within,2025-01-31T01:12:57.818131069Z
