id,batchID,batchIDLastChangedAt,gameID,gameIDLastChangedAt,playerID,playerIDLastChangedAt
01JJX18BDXF45R4D6F7S9XPDSH,01JJWYPQDGB0SNYA01CZ9VSDSS,2025-01-31T01:57:52.189698072Z,01JJWYPQDNNHFRCF5KKTFY4JMC,2025-01-31T01:57:52.189698072Z,01JJX12TNNMKDAF3PPC57428P8,2025-01-31T01:57:52.189698072Z
01JJX1PKW3ETDXTF2NJD39N3M3,01JJWYPQREVHX0XCCBQKAHYYQB,2025-01-31T02:05:39.587863668Z,01JJWYPQRN8A5SQN8JJ95KFE9N,2025-01-31T02:05:39.587863668Z,01JJX03TEGKN9W4QWZWHSTQJZ1,2025-01-31T02:05:39.587863668Z
01JJWZ26YBXQAC0T33750APGV0,01JJWYP2JPRZW0MMTF0ADRQ0QH,2025-01-31T01:19:33.835105187Z,01JJWYP2JX2K73EBW3P2YBJVGZ,2025-01-31T01:19:33.835105187Z,01JJWYSXQ65B7P2V2JXF4PBD9N,2025-01-31T01:19:33.835105187Z
01JJX0HKDE8V7Q28KQM1V1X6P3,01JJWYP4QX9R6AJ06D53SXQ6W6,2025-01-31T01:45:26.702754731Z,01JJWYP4R47SWGQCMJ4BB37AKM,2025-01-31T01:45:26.702754731Z,01JJX0555NC5NEGDREKJ4QDGAJ,2025-01-31T01:45:26.702754731Z
01JJX0J8EJ1MN0NSP2WYRR0FV9,01JJWYP52QCTGRFEV3KAQS5TWK,2025-01-31T01:45:48.24232131Z,01JJWYP52WZD7TZM8DC09M8HSE,2025-01-31T01:45:48.24232131Z,01JJWYXK241JF2ZFDG501G8WSK,2025-01-31T01:45:48.24232131Z
01JJX0NR02BT2T9T99EEE4KB20,01JJWYP5D8XRKEDWJ24BEBGTGK,2025-01-31T01:47:42.466460335Z,01JJWYP5DCE7P4WDHSV3FTFVSF,2025-01-31T01:47:42.466460335Z,01JJX0E8Y1ZMAJ70BTGEXFM6VJ,2025-01-31T01:47:42.466460335Z
01JJWYY60JA85GH106TVFQ68PA,01JJWYNYZ0Y84ATQ8EC6AHD06C,2025-01-31T01:17:21.8109665Z,01JJWYNYZ722163KXSQHAD9669,2025-01-31T01:17:21.8109665Z,01JJWYSQ1TN0B1HHTZMNP2QD96,2025-01-31T01:17:21.8109665Z
01JJWZ26YC0WGQB8F1GT9SGJ40,01JJWYP2JPRZW0MMTF0ADRQ0QH,2025-01-31T01:19:33.836776343Z,01JJWYP2JX2K73EBW3P2YBJVGZ,2025-01-31T01:19:33.836776343Z,01JJWYVSPBCJEFA8SSN8VF8YGY,2025-01-31T01:19:33.836776343Z
01JJWZFNEFAWNGJHKC79HX8X35,01JJWYP4FF62465Q3SQBN5XET9,2025-01-31T01:26:54.671191245Z,01JJWYP4FKYGAHYZ9JMCBMWB02,2025-01-31T01:26:54.671191245Z,01JJWYV02FZ191XEDRSWGTR6JZ,2025-01-31T01:26:54.671191245Z
01JJX1PKWRNQK6TXKSYG516FE0,01JJWYPQREVHX0XCCBQKAHYYQB,2025-01-31T02:05:39.608719257Z,01JJWYPQRN8A5SQN8JJ95KFE9N,2025-01-31T02:05:39.608719257Z,01JJX1JK2JJY43Q65JXDHKWB7C,2025-01-31T02:05:39.608719257Z
01JJWYZJ1QRCKW3ATNVG68ZWA8,01JJWYNZGR8C42T931K9EC9S43,2025-01-31T01:18:06.903764239Z,01JJWYNZGZ9PFK1HJMX88Z8ATN,2025-01-31T01:18:06.903764239Z,01JJWYSVBB64ZQN23A0P5ARRK7,2025-01-31T01:18:06.903764239Z
01JJWZ2YT36CE4AVXRV41499YG,01JJWYP2TF1JBVN86ZXCE4JJJX,2025-01-31T01:19:58.275532216Z,01JJWYP2TK05TF6KPGRX49DQ0F,2025-01-31T01:19:58.275532216Z,01JJWYSZBP7AVECZZQBY33X10X,2025-01-31T01:19:58.275532216Z
01JJWZ96PW7WJK60F18E46S2FM,01JJWYP3JT0EATJ3M4E059PBZR,2025-01-31T01:23:22.972884305Z,01JJWYP3JZ5DTQGQQXQP9VB2ZQ,2025-01-31T01:23:22.972884305Z,01JJWYXQJFS0WDB4MZNXQE50BV,2025-01-31T01:23:22.972884305Z
01JJX0J8F0DDBF3XXRWBASZZ75,01JJWYP52QCTGRFEV3KAQS5TWK,2025-01-31T01:45:48.256854732Z,01JJWYP52WZD7TZM8DC09M8HSE,2025-01-31T01:45:48.256854732Z,01JJWZDJQ5BPQFA8PC1D0BFBEQ,2025-01-31T01:45:48.256854732Z
01JJX0VAMZCETEX3V1E8JMA02J,01JJWYPPYN3KHPGHPJY9PSC1S5,2025-01-31T01:50:45.407167263Z,01JJWYPPYWZR7TQHCAM92V2C56,2025-01-31T01:50:45.407167263Z,01JJX0B2KYXM9WE67MNV2GZ6GY,2025-01-31T01:50:45.407167263Z
01JJWYY60K9Y6P8ZEJ7M1FY5Y0,01JJWYNYZ0Y84ATQ8EC6AHD06C,2025-01-31T01:17:21.811378384Z,01JJWYNYZ722163KXSQHAD9669,2025-01-31T01:17:21.811378384Z,01JJWYTHG5DNDJCTZGXPTBJ3SB,2025-01-31T01:17:21.811378384Z
01JJWZ96Q0CZWCW4VHM2TWNWT3,01JJWYP3JT0EATJ3M4E059PBZR,2025-01-31T01:23:22.97680774Z,01JJWYP3JZ5DTQGQQXQP9VB2ZQ,2025-01-31T01:23:22.97680774Z,01JJWYYJSRDSVKKTQHCX8ARFC6,2025-01-31T01:23:22.97680774Z
01JJWZAYQMAP14KHPTZNS1JY6C,01JJWYP46KDKZX0YP92TAK3EWR,2025-01-31T01:24:20.340635805Z,01JJWYP46TGJVMVD1BPQZ1VEF8,2025-01-31T01:24:20.340635805Z,01JJWYVFR212BRZ0D9S015KZRK,2025-01-31T01:24:20.340635805Z
01JJX0NQZJ13ZE9Z5EM7XMH9YM,01JJWYP5D8XRKEDWJ24BEBGTGK,2025-01-31T01:47:42.450578235Z,01JJWYP5DCE7P4WDHSV3FTFVSF,2025-01-31T01:47:42.450578235Z,01JJX056FQC35B831CQG8X9HPD,2025-01-31T01:47:42.450578235Z
01JJWZ4XPB8ARQE77J8PTDXPGH,01JJWYP32W6WJ8SFMNK0HJ456S,2025-01-31T01:21:02.667163801Z,01JJWYP3309EZJVNXHV0RJ73YZ,2025-01-31T01:21:02.667163801Z,01JJWYVJ6N75XT6NYVP58K44EX,2025-01-31T01:21:02.667163801Z
01JJWZ4XPEK1P4885VJAQFG2KT,01JJWYP32W6WJ8SFMNK0HJ456S,2025-01-31T01:21:02.670381108Z,01JJWYP3309EZJVNXHV0RJ73YZ,2025-01-31T01:21:02.670381108Z,01JJWYX0PK014XMX17VZ3FK5A9,2025-01-31T01:21:02.670381108Z
01JJX0VANHWQRJV450FMNTHKMV,01JJWYPPYN3KHPGHPJY9PSC1S5,2025-01-31T01:50:45.425665383Z,01JJWYPPYWZR7TQHCAM92V2C56,2025-01-31T01:50:45.425665383Z,01JJX0FYRH19K93P8BHZZR2TK2,2025-01-31T01:50:45.425665383Z
01JJX18BD9CH21Y70MDFWSYWR4,01JJWYPQDGB0SNYA01CZ9VSDSS,2025-01-31T01:57:52.169046504Z,01JJWYPQDNNHFRCF5KKTFY4JMC,2025-01-31T01:57:52.169046504Z,01JJX04KQKJ6ZH8CZN68Y51B5Q,2025-01-31T01:57:52.169046504Z
01JJWYZJ1QRCKW3ATNV863VFWX,01JJWYNZGR8C42T931K9EC9S43,2025-01-31T01:18:06.903057889Z,01JJWYNZGZ9PFK1HJMX88Z8ATN,2025-01-31T01:18:06.903057889Z,01JJWYSV25X1ZMTV4QG518HMB5,2025-01-31T01:18:06.903057889Z
01JJWZ10KBND4SW34VDEFYV389,01JJWYP0JZ9MXZNA1RSVA69F0C,2025-01-31T01:18:54.571062528Z,01JJWYP0K5K0BV7CASYB8PBB0J,2025-01-31T01:18:54.571062528Z,01JJWYTFZQ86VENF8YHE9A02XZ,2025-01-31T01:18:54.571062528Z
01JJWZ1PVKZM9J28XAWPJZFYRF,01JJWYP1C9M84QRZ5BV7YFBN5A,2025-01-31T01:19:17.363705544Z,01JJWYP1CG1N3Y8VNA5HPEZ5FW,2025-01-31T01:19:17.363705544Z,01JJWYSQ4Q05QW2MV5AA2J7DWY,2025-01-31T01:19:17.363705544Z
01JJWZ2YT5Y50SVGM6X9P2HGEH,01JJWYP2TF1JBVN86ZXCE4JJJX,2025-01-31T01:19:58.277462753Z,01JJWYP2TK05TF6KPGRX49DQ0F,2025-01-31T01:19:58.277462753Z,01JJWYTM7WFB085QM565MF79DA,2025-01-31T01:19:58.277462753Z
01JJX232HKGSHJ1G4VR1Q6FZDE,01JJWYPZJQ23FKV3XYK1RXVWKP,2025-01-31T02:12:27.827704107Z,01JJWYPZJX9BD6QPNY2JYX1KZP,2025-01-31T02:12:27.827704107Z,01JJX1R4VX1K5GY72NAZ3JMNZP,2025-01-31T02:12:27.827704107Z
01JJWYXK5D2K33QD85XM4BMW2P,01JJWYNXCQ63ZHN65S56ZTN92X,2025-01-31T01:17:02.509427747Z,01JJWYNXD35FW4GE39QJ140WNZ,2025-01-31T01:17:02.509427747Z,01JJWYSEYHB2W76M0QD5PQ99PE,2025-01-31T01:17:02.509427747Z
01JJX0HKDWH3QBW4YSB4979ARH,01JJWYP4QX9R6AJ06D53SXQ6W6,2025-01-31T01:45:26.716631356Z,01JJWYP4R47SWGQCMJ4BB37AKM,2025-01-31T01:45:26.716631356Z,01JJX0CN3JRWP36C7NRMQVJDSG,2025-01-31T01:45:26.716631356Z
01JJWYXK5D2K33QD85XCJF7D8S,01JJWYNXCQ63ZHN65S56ZTN92X,2025-01-31T01:17:02.50917786Z,01JJWYNXD35FW4GE39QJ140WNZ,2025-01-31T01:17:02.50917786Z,01JJWYSA894X2TZ8KBZR61SHA6,2025-01-31T01:17:02.50917786Z
01JJWZ1PVM7G9NQQ9DZ7FMFYSS,01JJWYP1C9M84QRZ5BV7YFBN5A,2025-01-31T01:19:17.3649859Z,01JJWYP1CG1N3Y8VNA5HPEZ5FW,2025-01-31T01:19:17.3649859Z,01JJWYV5H5AVZ4Z97W9RWAPGGS,2025-01-31T01:19:17.3649859Z
01JJWZFNENWEQZM6BGE8M9C7X9,01JJWYP4FF62465Q3SQBN5XET9,2025-01-31T01:26:54.677801353Z,01JJWYP4FKYGAHYZ9JMCBMWB02,2025-01-31T01:26:54.677801353Z,01JJWYYBJN64739P0ZSGR3T632,2025-01-31T01:26:54.677801353Z
01JJX232GXFWVXSHC6A0TRGSNR,01JJWYPZJQ23FKV3XYK1RXVWKP,2025-01-31T02:12:27.805614871Z,01JJWYPZJX9BD6QPNY2JYX1KZP,2025-01-31T02:12:27.805614871Z,01JJX19KK3DWYG6GQDJFVQDH43,2025-01-31T02:12:27.805614871Z
01JJWZ10K9SKFR0FTM8Y0MKXK1,01JJWYP0JZ9MXZNA1RSVA69F0C,2025-01-31T01:18:54.569529821Z,01JJWYP0K5K0BV7CASYB8PBB0J,2025-01-31T01:18:54.569529821Z,01JJWYTF6YDFAF4HJGRDS7XBR7,2025-01-31T01:18:54.569529821Z
01JJWZ6FHGM0NRV6BAW0XR3XEQ,01JJWYP39ZC615XXGYC47P7X40,2025-01-31T01:21:53.71211202Z,01JJWYP3A49Z0MRGXHBF8DYB42,2025-01-31T01:21:53.71211202Z,01JJWYT4E3QKXADKYYACA6FDE3,2025-01-31T01:21:53.71211202Z
01JJWZ6FHKTVDX8S42249V37QS,01JJWYP39ZC615XXGYC47P7X40,2025-01-31T01:21:53.715307321Z,01JJWYP3A49Z0MRGXHBF8DYB42,2025-01-31T01:21:53.715307321Z,01JJWYTNGRGGY4XVVNZE803STS,2025-01-31T01:21:53.715307321Z
01JJWZAYQDXV8DMX80PKBQR8C2,01JJWYP46KDKZX0YP92TAK3EWR,2025-01-31T01:24:20.333752657Z,01JJWYP46TGJVMVD1BPQZ1VEF8,2025-01-31T01:24:20.333752657Z,01JJWYTZ1Q6AD4CDV0E133RNQH,2025-01-31T01:24:20.333752657Z
