id,batchID,batchIDLastChangedAt,gameID,gameIDLastChangedAt,playerID,playerIDLastChangedAt
01JJWKYD0A3FDFXPF5MQW91VAS,01JJWKP5V0PV52F4NE1330B91M,2025-01-30T22:05:14.634635948Z,01JJWKP5V7RH8SYEQQBH121YV1,2025-01-30T22:05:14.634635948Z,01JJWKRAYTS0FAE3QE8EA491B7,2025-01-30T22:05:14.634635948Z
01JJWM1538BQYWMXBZ21G7GC42,01JJWKP7WMYB6MHMEVAZXF1AVD,2025-01-30T22:06:44.840867322Z,01JJWKP7WTSPBK8CKK4SWFV9WC,2025-01-30T22:06:44.840867322Z,01JJWKRQFA1MJG7ZMFWAAX15SN,2025-01-30T22:06:44.840867322Z
01JJWM8MS51PJ6HT0Y0D7MSP2T,01JJWKP9561TG6ZV2XY4KQYFF0,2025-01-30T22:10:50.277713807Z,01JJWKP95BY0JAB84HRK7734YW,2025-01-30T22:10:50.277713807Z,01JJWKSB20X089KHE37JBFW5ER,2025-01-30T22:10:50.277713807Z
01JJWN1Y4WPMNE7PDW7WM1T21G,01JJWKPAPJ7BJXVFB05B36WEP6,2025-01-30T22:24:39.068839124Z,01JJWKPAPQWKCKFSQ3PTQ787RR,2025-01-30T22:24:39.068839124Z,01JJWKZZD35F9B1HCFCEV4PHCE,2025-01-30T22:24:39.068839124Z
01JJWMB0SHGNATNJYX1NQKTNFS,01JJWKP9H04DDB0QCN98NGD055,2025-01-30T22:12:08.113724051Z,01JJWKP9H40NPJDC2HFK9T0H1R,2025-01-30T22:12:08.113724051Z,01JJWKZC9CRF4MAY0XTYK1XDC3,2025-01-30T22:12:08.113724051Z
01JJWMCRVHV6NK1XM9E0YSVRTQ,01JJWKP9TXPW2NY1G26FCK3S0V,2025-01-30T22:13:05.521806937Z,01JJWKP9V1BDTZA2YAN2B3AESV,2025-01-30T22:13:05.521806937Z,01JJWKT6FXKZPKSTW5KMM7YGNB,2025-01-30T22:13:05.521806937Z
01JJWKW8ZHNKWVFN3MN8HVDZ7F,01JJWKP4KC42V7WA3P68QAB91T,2025-01-30T22:04:04.977827738Z,01JJWKP4KRZ8QP6NX8GENN0XHS,2025-01-30T22:04:04.977827738Z,01JJWKR20HNM0R3H0W82V2KW71,2025-01-30T22:04:04.977827738Z
01JJWKYHNAFW37DK3S6C0DB28E,01JJWKP6A4RV6MMZQQ43FYPJJH,2025-01-30T22:05:19.402454755Z,01JJWKP6AAVB8J8M8WBGMWB5D1,2025-01-30T22:05:19.402454755Z,01JJWKR50V8ES9WJ0RQNF4WEH6,2025-01-30T22:05:19.402454755Z
01JJWM0S0QBA02SFTWZR5SN61V,01JJWKP7D0BF6ZRNB4MXT3BD1Q,2025-01-30T22:06:32.471771996Z,01JJWKP7D50S0464CHP0F33Q9H,2025-01-30T22:06:32.471771996Z,01JJWKRRC2K8HXSC40ZG1YZNFN,2025-01-30T22:06:32.471771996Z
01JJWM153AEVJD218946N14GGD,01JJWKP7WMYB6MHMEVAZXF1AVD,2025-01-30T22:06:44.842349582Z,01JJWKP7WTSPBK8CKK4SWFV9WC,2025-01-30T22:06:44.842349582Z,01JJWKSHHWDJHC0HP7HZXET440,2025-01-30T22:06:44.842349582Z
01JJWM595BAPF0YBBS0E9HCDCP,01JJWKP8TWQMK1K521EQ6FG2HZ,2025-01-30T22:09:00.075542917Z,01JJWKP8V1KH0M8ZA8PD30BGKX,2025-01-30T22:09:00.075542917Z,01JJWKSZJ0Y12N4BBAX0JMDR8Q,2025-01-30T22:09:00.075542917Z
01JJWKW8ZJHK8CQ6Q4V91M859E,01JJWKP4KC42V7WA3P68QAB91T,2025-01-30T22:04:04.978110302Z,01JJWKP4KRZ8QP6NX8GENN0XHS,2025-01-30T22:04:04.978110302Z,01JJWKR7E29YJ7MS0XJXYNH0TM,2025-01-30T22:04:04.978110302Z
01JJWKYD0BWQSQ2AMGERVAVZ5A,01JJWKP5V0PV52F4NE1330B91M,2025-01-30T22:05:14.635033438Z,01JJWKP5V7RH8SYEQQBH121YV1,2025-01-30T22:05:14.635033438Z,01JJWKRE6WVY12XHJ6E6E1J4EN,2025-01-30T22:05:14.635033438Z
01JJWM3PQGSXTE95C6C3GV2JBC,01JJWKP8GX2NDQEXJ5H632FT9X,2025-01-30T22:08:08.432352333Z,01JJWKP8H21P7HMBJZQPTXKYRC,2025-01-30T22:08:08.432352333Z,01JJWKRE4VS99HHG5HXNXVPD32,2025-01-30T22:08:08.432352333Z
01JJWM8MS9XGD1Z6JRX6BGZ1G5,01JJWKP9561TG6ZV2XY4KQYFF0,2025-01-30T22:10:50.281057311Z,01JJWKP95BY0JAB84HRK7734YW,2025-01-30T22:10:50.281057311Z,01JJWKZRY7FEJYZY97BNDV1C58,2025-01-30T22:10:50.281057311Z
01JJWMCRVCG539BXA5AC2E3B42,01JJWKP9TXPW2NY1G26FCK3S0V,2025-01-30T22:13:05.516297463Z,01JJWKP9V1BDTZA2YAN2B3AESV,2025-01-30T22:13:05.516297463Z,01JJWKRSCTN199F4ME49YMVK03,2025-01-30T22:13:05.516297463Z
01JJWN1Y57K5CHE2VZ234VVE3V,01JJWKPAPJ7BJXVFB05B36WEP6,2025-01-30T22:24:39.079499426Z,01JJWKPAPQWKCKFSQ3PTQ787RR,2025-01-30T22:24:39.079499426Z,01JJWMCECQ8BQZWEFCVY7BKQK6,2025-01-30T22:24:39.079499426Z
01JJWM0S0SKV9X0V07X734G3S9,01JJWKP7D0BF6ZRNB4MXT3BD1Q,2025-01-30T22:06:32.473412291Z,01JJWKP7D50S0464CHP0F33Q9H,2025-01-30T22:06:32.473412291Z,01JJWKS9VHP7DNV05T936Y7VJ3,2025-01-30T22:06:32.473412291Z
01JJWM3PQJM0DVD0AWN35XZ44Y,01JJWKP8GX2NDQEXJ5H632FT9X,2025-01-30T22:08:08.434717165Z,01JJWKP8H21P7HMBJZQPTXKYRC,2025-01-30T22:08:08.434717165Z,01JJWKSX8SCJBTTK20PTFQZTZ1,2025-01-30T22:08:08.434717165Z
01JJWMB0SC43TKQ9ZA0TXM5ZK7,01JJWKP9H04DDB0QCN98NGD055,2025-01-30T22:12:08.108941258Z,01JJWKP9H40NPJDC2HFK9T0H1R,2025-01-30T22:12:08.108941258Z,01JJWKTFTYJY34641H6C694V3J,2025-01-30T22:12:08.108941258Z
01JJWMH5SZVTN6SJHPT79X096Q,01JJWKPA3Q0Y9DVMBMJRD6R46Z,2025-01-30T22:15:29.855047192Z,01JJWKPA3XFY3BZBMZBGNSQVP8,2025-01-30T22:15:29.855047192Z,01JJWMA5W88QWYJ6VW1SDERSZ1,2025-01-30T22:15:29.855047192Z
01JJWN1DVJ5RN1RG6ER8RQ4Z8M,01JJWKPAD5KYRPA794S14GY8VP,2025-01-30T22:24:22.386141857Z,01JJWKPAD9X66CP1HACW6GR8A3,2025-01-30T22:24:22.386141857Z,01JJWM2HMFHB4GB47QNTBK4RDE,2025-01-30T22:24:22.386141857Z
01JJWN1DVWVZ81327CD72G3F3V,01JJWKPAD5KYRPA794S14GY8VP,2025-01-30T22:24:22.396606259Z,01JJWKPAD9X66CP1HACW6GR8A3,2025-01-30T22:24:22.396606259Z,01JJWM72J9JGZ8HMEG3TG378Y7,2025-01-30T22:24:22.396606259Z
01JJWKYHNBAJFEGWSRM2BSNVK0,01JJWKP6A4RV6MMZQQ43FYPJJH,2025-01-30T22:05:19.403193217Z,01JJWKP6AAVB8J8M8WBGMWB5D1,2025-01-30T22:05:19.403193217Z,01JJWKRFNZG0B0WN3RK41S3EN9,2025-01-30T22:05:19.403193217Z
01JJWM2M8E7VV7064XK8QD8A24,01JJWKP86HS77ZB5MC8WPA2R9T,2025-01-30T22:07:33.134129205Z,01JJWKP86PZV6G1BFQBWDQJVQ3,2025-01-30T22:07:33.134129205Z,01JJWKSCD3AJRHAXHBQ8PT82K3,2025-01-30T22:07:33.134129205Z
01JJWM59589S7Q2V7VESG1MN5A,01JJWKP8TWQMK1K521EQ6FG2HZ,2025-01-30T22:09:00.072848475Z,01JJWKP8V1KH0M8ZA8PD30BGKX,2025-01-30T22:09:00.072848475Z,01JJWKSE114SPKWA00B47RA774,2025-01-30T22:09:00.072848475Z
01JJWMH5SRF22T0WJN7H728GJM,01JJWKPA3Q0Y9DVMBMJRD6R46Z,2025-01-30T22:15:29.848291369Z,01JJWKPA3XFY3BZBMZBGNSQVP8,2025-01-30T22:15:29.848291369Z,01JJWM2XDW2V9VZE0KCGMXQ5NB,2025-01-30T22:15:29.848291369Z
01JJWM0HJGP6942B6A5N09TKHE,01JJWKP6XCCE9TQBCZ33JG7RDY,2025-01-30T22:06:24.848476941Z,01JJWKP6XHF6H925Q46E1BHTN9,2025-01-30T22:06:24.848476941Z,01JJWKS9DD5SQQS04535THJVQH,2025-01-30T22:06:24.848476941Z
01JJWM0HJHBA3H8HZPTY5KWQFS,01JJWKP6XCCE9TQBCZ33JG7RDY,2025-01-30T22:06:24.849343273Z,01JJWKP6XHF6H925Q46E1BHTN9,2025-01-30T22:06:24.849343273Z,01JJWKSVGWYJ8FZ1VWQ2X112PM,2025-01-30T22:06:24.849343273Z
01JJWM2M8G7E1K03KAB4T6GS2R,01JJWKP86HS77ZB5MC8WPA2R9T,2025-01-30T22:07:33.136884149Z,01JJWKP86PZV6G1BFQBWDQJVQ3,2025-01-30T22:07:33.136884149Z,01JJWKV76KWD6MEQJWTZXV6F90,2025-01-30T22:07:33.136884149Z
