id,config,configLastChangedAt,endedReason,endedReasonLastChangedAt,initialized,initializedLastChangedAt,lobbyConfig,lobbyConfigLastChangedAt,status,statusLastChangedAt
01JFG0XPQ9T0GQ5XFKKG0RZPXC,"{""kind"":""complete"",""config"":{""treatments"":[{""treatment"":{""name"":""full-comp-between"",""factors"":{""contextSize"":4,""contextStructure"":""comp-between"",""feedbackDuration"":3,""maxTimeout"":3,""numRepetitionsWithPartner"":4,""playerCount"":2,""selectionDuration"":60,""showNegativeFeedback"":1}},""count"":1}]}}",2024-12-19T11:54:50.217668-06:00,,,true,2024-12-19T11:54:50.236846-06:00,"{""name"":""Default shared fail"",""kind"":""shared"",""duration"":300000000000,""strategy"":""fail""}",2024-12-19T11:54:50.217668-06:00,terminated,2024-12-19T11:58:20.380393-06:00
01JFG0D3V0MVAGGZPMBD2CTE5E,"{""kind"":""complete"",""config"":{""treatments"":[{""treatment"":{""name"":""full-comp-between"",""factors"":{""contextSize"":4,""contextStructure"":""comp-between"",""feedbackDuration"":3,""maxTimeout"":3,""numRepetitionsWithPartner"":4,""playerCount"":2,""selectionDuration"":60,""showNegativeFeedback"":1}},""count"":1}]}}",2024-12-19T11:45:46.592799-06:00,all games finished,2024-12-19T11:50:43.504839-06:00,true,2024-12-19T11:45:46.61098-06:00,"{""name"":""Default shared fail"",""kind"":""shared"",""duration"":300000000000,""strategy"":""fail""}",2024-12-19T11:45:46.592799-06:00,ended,2024-12-19T11:50:43.504839-06:00
01JFG6QC0921CXW5FF4967Q056,"{""kind"":""complete"",""config"":{""treatments"":[{""treatment"":{""name"":""full-comp-between"",""factors"":{""contextSize"":4,""contextStructure"":""comp-between"",""feedbackDuration"":3,""maxTimeout"":3,""numRepetitionsWithPartner"":4,""playerCount"":2,""selectionDuration"":60,""showNegativeFeedback"":1}},""count"":1}]}}",2024-12-19T13:36:14.0899-06:00,all games finished,2024-12-19T13:41:21.817133-06:00,true,2024-12-19T13:36:14.114716-06:00,"{""name"":""Default shared fail"",""kind"":""shared"",""duration"":300000000000,""strategy"":""fail""}",2024-12-19T13:36:14.0899-06:00,ended,2024-12-19T13:41:21.817133-06:00
01JFK33E4KV3H51KCZB8N5S9WS,"{""kind"":""complete"",""config"":{""treatments"":[{""treatment"":{""name"":""quick-noncomp"",""factors"":{""contextSize"":4,""contextStructure"":""noncomp"",""feedbackDuration"":1,""maxTimeout"":3,""numRepetitionsWithPartner"":2,""playerCount"":2,""selectionDuration"":30,""showNegativeFeedback"":1}},""count"":1}]}}",2024-12-20T16:30:38.483854-06:00,all games finished,2024-12-20T16:37:24.27155-06:00,true,2024-12-20T16:30:38.499114-06:00,"{""name"":""Default shared fail"",""kind"":""shared"",""duration"":300000000000,""strategy"":""fail""}",2024-12-20T16:30:38.483854-06:00,ended,2024-12-20T16:37:24.27155-06:00
01JFK3R1AGCG7VZ2VWK469G6XH,"{""kind"":""complete"",""config"":{""treatments"":[{""treatment"":{""name"":""quick-noncomp"",""factors"":{""contextSize"":4,""contextStructure"":""noncomp"",""feedbackDuration"":1,""maxTimeout"":3,""numRepetitionsWithPartner"":2,""playerCount"":2,""selectionDuration"":30,""showNegativeFeedback"":1}},""count"":1},{""treatment"":{""name"":""full-noncomp"",""factors"":{""contextSize"":4,""contextStructure"":""noncomp"",""feedbackDuration"":3,""maxTimeout"":3,""numRepetitionsWithPartner"":4,""playerCount"":2,""selectionDuration"":60,""showNegativeFeedback"":1}},""count"":1}]}}",2024-12-20T16:41:53.488209-06:00,,,true,2024-12-20T16:41:53.507775-06:00,"{""name"":""Default shared fail"",""kind"":""shared"",""duration"":300000000000,""strategy"":""fail""}",2024-12-20T16:41:53.488209-06:00,terminated,2024-12-20T16:42:14.737729-06:00
01JFK3VV8K94N9FACA6V07AM5F,"{""kind"":""complete"",""config"":{""treatments"":[{""treatment"":{""name"":""quick-noncomp"",""factors"":{""contextSize"":4,""contextStructure"":""noncomp"",""feedbackDuration"":1,""maxTimeout"":3,""numRepetitionsWithPartner"":2,""playerCount"":2,""selectionDuration"":30,""showNegativeFeedback"":1}},""count"":1},{""treatment"":{""name"":""full-noncomp"",""factors"":{""contextSize"":4,""contextStructure"":""noncomp"",""feedbackDuration"":3,""maxTimeout"":3,""numRepetitionsWithPartner"":4,""playerCount"":2,""selectionDuration"":60,""showNegativeFeedback"":1}},""count"":1}]}}",2024-12-20T16:43:58.356025-06:00,,,true,2024-12-20T16:43:58.362781-06:00,"{""name"":""Default shared fail"",""kind"":""shared"",""duration"":300000000000,""strategy"":""fail""}",2024-12-20T16:43:58.356025-06:00,terminated,2024-12-20T16:44:10.274121-06:00
01JFG14RVQJVBNAMMHY6V9T72K,"{""kind"":""complete"",""config"":{""treatments"":[{""treatment"":{""name"":""full-comp-between"",""factors"":{""contextSize"":4,""contextStructure"":""comp-between"",""feedbackDuration"":3,""maxTimeout"":3,""numRepetitionsWithPartner"":4,""playerCount"":2,""selectionDuration"":60,""showNegativeFeedback"":1}},""count"":1}]}}",2024-12-19T11:58:41.783914-06:00,,,true,2024-12-19T11:58:41.808401-06:00,"{""name"":""Default shared fail"",""kind"":""shared"",""duration"":300000000000,""strategy"":""fail""}",2024-12-19T11:58:41.783914-06:00,terminated,2024-12-19T13:36:12.282112-06:00
01JFG6S17MDRMQK5K2DP34Z9GF,"{""kind"":""complete"",""config"":{""treatments"":[{""treatment"":{""name"":""full-comp-between"",""factors"":{""contextSize"":4,""contextStructure"":""comp-between"",""feedbackDuration"":3,""maxTimeout"":3,""numRepetitionsWithPartner"":4,""playerCount"":2,""selectionDuration"":60,""showNegativeFeedback"":1}},""count"":1}]}}",2024-12-19T13:37:08.596837-06:00,,,true,2024-12-19T13:37:08.618488-06:00,"{""name"":""Default shared fail"",""kind"":""shared"",""duration"":300000000000,""strategy"":""fail""}",2024-12-19T13:37:08.596837-06:00,terminated,2024-12-19T13:42:42.795694-06:00
01JFK3AMADXDEE0MSFYEZJ7RAC,"{""kind"":""complete"",""config"":{""treatments"":[{""treatment"":{""name"":""quick-noncomp"",""factors"":{""contextSize"":4,""contextStructure"":""noncomp"",""feedbackDuration"":1,""maxTimeout"":3,""numRepetitionsWithPartner"":2,""playerCount"":2,""selectionDuration"":30,""showNegativeFeedback"":1}},""count"":1},{""treatment"":{""name"":""full-noncomp"",""factors"":{""contextSize"":4,""contextStructure"":""noncomp"",""feedbackDuration"":3,""maxTimeout"":3,""numRepetitionsWithPartner"":4,""playerCount"":2,""selectionDuration"":60,""showNegativeFeedback"":1}},""count"":1}]}}",2024-12-20T16:34:34.189524-06:00,,,true,2024-12-20T16:34:34.206654-06:00,"{""name"":""Default shared fail"",""kind"":""shared"",""duration"":300000000000,""strategy"":""fail""}",2024-12-20T16:34:34.189524-06:00,terminated,2024-12-20T16:39:48.748409-06:00
01JFTCRNB8EB858R46JN8GBF85,"{""kind"":""complete"",""config"":{""treatments"":[{""treatment"":{""name"":""quick-noncomp"",""factors"":{""contextSize"":4,""contextStructure"":""noncomp"",""feedbackDuration"":1,""maxTimeout"":3,""numRepetitionsWithPartner"":2,""playerCount"":2,""selectionDuration"":30,""showNegativeFeedback"":1}},""count"":1}]}}",2024-12-23T12:34:12.200725-06:00,,,true,2024-12-23T12:34:12.218565-06:00,"{""name"":""Default shared fail"",""kind"":""shared"",""duration"":300000000000,""strategy"":""fail""}",2024-12-23T12:34:12.200725-06:00,terminated,2024-12-23T12:34:24.467351-06:00
01JFTCSA20HPM8ZS1PVQDX9PQ8,"{""kind"":""complete"",""config"":{""treatments"":[{""treatment"":{""name"":""quick-noncomp"",""factors"":{""contextSize"":4,""contextStructure"":""noncomp"",""feedbackDuration"":1,""maxTimeout"":3,""numRepetitionsWithPartner"":2,""playerCount"":2,""selectionDuration"":30,""showNegativeFeedback"":1}},""count"":1},{""treatment"":{""name"":""full-noncomp"",""factors"":{""contextSize"":4,""contextStructure"":""noncomp"",""feedbackDuration"":3,""maxTimeout"":3,""numRepetitionsWithPartner"":4,""playerCount"":2,""selectionDuration"":60,""showNegativeFeedback"":1}},""count"":1}]}}",2024-12-23T12:34:33.408971-06:00,all games finished,2024-12-23T12:41:19.530783-06:00,true,2024-12-23T12:34:33.427002-06:00,"{""name"":""Default shared fail"",""kind"":""shared"",""duration"":300000000000,""strategy"":""fail""}",2024-12-23T12:34:33.408971-06:00,ended,2024-12-23T12:41:19.530783-06:00
01JFG07Q50JREBFW5W2ZRTAGVC,"{""kind"":""complete"",""config"":{""treatments"":[{""treatment"":{""name"":""full-comp-between"",""factors"":{""contextSize"":4,""contextStructure"":""comp-between"",""feedbackDuration"":3,""maxTimeout"":3,""numRepetitionsWithPartner"":4,""playerCount"":2,""selectionDuration"":60,""showNegativeFeedback"":1}},""count"":1}]}}",2024-12-19T11:42:49.760292-06:00,,,true,2024-12-19T11:42:49.784857-06:00,"{""name"":""Default shared fail"",""kind"":""shared"",""duration"":300000000000,""strategy"":""fail""}",2024-12-19T11:42:49.760292-06:00,terminated,2024-12-19T11:58:16.309979-06:00
01JFG0FCJREX0CTAQCM25KXGZ7,"{""kind"":""complete"",""config"":{""treatments"":[{""treatment"":{""name"":""full-comp-between"",""factors"":{""contextSize"":4,""contextStructure"":""comp-between"",""feedbackDuration"":3,""maxTimeout"":3,""numRepetitionsWithPartner"":4,""playerCount"":2,""selectionDuration"":60,""showNegativeFeedback"":1}},""count"":1}]}}",2024-12-19T11:47:01.080124-06:00,all games finished,2024-12-19T11:56:22.898379-06:00,true,2024-12-19T11:47:01.098573-06:00,"{""name"":""Default shared fail"",""kind"":""shared"",""duration"":300000000000,""strategy"":""fail""}",2024-12-19T11:47:01.080124-06:00,ended,2024-12-19T11:56:22.898379-06:00
01JFG0V9QW0EMZDWEWE40SPFJ8,"{""kind"":""complete"",""config"":{""treatments"":[{""treatment"":{""name"":""full-comp-between"",""factors"":{""contextSize"":4,""contextStructure"":""comp-between"",""feedbackDuration"":3,""maxTimeout"":3,""numRepetitionsWithPartner"":4,""playerCount"":2,""selectionDuration"":60,""showNegativeFeedback"":1}},""count"":1}]}}",2024-12-19T11:53:31.38855-06:00,,,true,2024-12-19T11:53:31.407179-06:00,"{""name"":""Default shared fail"",""kind"":""shared"",""duration"":300000000000,""strategy"":""fail""}",2024-12-19T11:53:31.38855-06:00,terminated,2024-12-19T11:58:18.224157-06:00
01JFG738MV5TW8KEPMZJG8KZ91,"{""kind"":""complete"",""config"":{""treatments"":[{""treatment"":{""name"":""full-comp-between"",""factors"":{""contextSize"":4,""contextStructure"":""comp-between"",""feedbackDuration"":3,""maxTimeout"":3,""numRepetitionsWithPartner"":4,""playerCount"":2,""selectionDuration"":60,""showNegativeFeedback"":1}},""count"":1}]}}",2024-12-19T13:42:43.867867-06:00,all games finished,2024-12-19T13:47:35.456629-06:00,true,2024-12-19T13:42:43.883139-06:00,"{""name"":""Default shared fail"",""kind"":""shared"",""duration"":300000000000,""strategy"":""fail""}",2024-12-19T13:42:43.867867-06:00,ended,2024-12-19T13:47:35.456629-06:00
01JFG74Q3TWZGNJJRN8SVZVXF6,"{""kind"":""complete"",""config"":{""treatments"":[{""treatment"":{""name"":""full-comp-between"",""factors"":{""contextSize"":4,""contextStructure"":""comp-between"",""feedbackDuration"":3,""maxTimeout"":3,""numRepetitionsWithPartner"":4,""playerCount"":2,""selectionDuration"":60,""showNegativeFeedback"":1}},""count"":1}]}}",2024-12-19T13:43:31.45101-06:00,all games finished,2024-12-19T13:48:42.691782-06:00,true,2024-12-19T13:43:31.481331-06:00,"{""name"":""Default shared fail"",""kind"":""shared"",""duration"":300000000000,""strategy"":""fail""}",2024-12-19T13:43:31.45101-06:00,ended,2024-12-19T13:48:42.691782-06:00
01JFK30PH3SEKT8FVFSY8D60CF,"{""kind"":""complete"",""config"":{""treatments"":[{""treatment"":{""name"":""quick-noncomp"",""factors"":{""contextSize"":4,""contextStructure"":""noncomp"",""feedbackDuration"":1,""maxTimeout"":3,""numRepetitionsWithPartner"":2,""playerCount"":2,""selectionDuration"":30,""showNegativeFeedback"":1}},""count"":1}]}}",2024-12-20T16:29:08.772058-06:00,all games finished,2024-12-20T16:34:00.32269-06:00,true,2024-12-20T16:29:08.791311-06:00,"{""name"":""Default shared fail"",""kind"":""shared"",""duration"":300000000000,""strategy"":""fail""}",2024-12-20T16:29:08.772058-06:00,ended,2024-12-20T16:34:00.32269-06:00
01JFTCRXZMDW94HD6CB10ESB1P,"{""kind"":""complete"",""config"":{""treatments"":[{""treatment"":{""name"":""quick-noncomp"",""factors"":{""contextSize"":4,""contextStructure"":""noncomp"",""feedbackDuration"":1,""maxTimeout"":3,""numRepetitionsWithPartner"":2,""playerCount"":2,""selectionDuration"":30,""showNegativeFeedback"":1}},""count"":1}]}}",2024-12-23T12:34:21.04436-06:00,all games finished,2024-12-23T12:46:01.320037-06:00,true,2024-12-23T12:34:21.063659-06:00,"{""name"":""Default shared fail"",""kind"":""shared"",""duration"":300000000000,""strategy"":""fail""}",2024-12-23T12:34:21.04436-06:00,ended,2024-12-23T12:46:01.320037-06:00
