id,batchID,batchIDLastChangedAt,gameID,gameIDLastChangedAt,playerID,playerIDLastChangedAt,roundID,roundIDLastChangedAt
01JFK3D1BA21ZEZJB4YSNE4AKM,01JFK33E4KV3H51KCZB8N5S9WS,2024-12-20T16:35:53.066273-06:00,01JFK33E54GXVG9AEGGVBYS92W,2024-12-20T16:35:53.066273-06:00,01JFK34156Q5JAX22A72MNVS90,2024-12-20T16:35:53.066273-06:00,01JFK3B4A6EWJDWEB7F4GBQ7DS,2024-12-20T16:35:53.066273-06:00
01JFTD3SZ2PK6PRJ2J1TT2JTYW,01JFTCSA20HPM8ZS1PVQDX9PQ8,2024-12-23T12:40:17.378538-06:00,01JFTCSA2KP7KN2A2GHPVN05XC,2024-12-23T12:40:17.378538-06:00,01JFTCYBPEW9X3ND6SNPA5GWSD,2024-12-23T12:40:17.378538-06:00,01JFTCYD2YH9ZHZZMYKPFG0TPX,2024-12-23T12:40:17.378538-06:00
01JFTD4RA5248WF83SSQNR6SWE,01JFTCSA20HPM8ZS1PVQDX9PQ8,2024-12-23T12:40:48.453888-06:00,01JFTCSA2KP7KN2A2GHPVN05XC,2024-12-23T12:40:48.453888-06:00,01JFTCYBPEW9X3ND6SNPA5GWSD,2024-12-23T12:40:48.453888-06:00,01JFTCYD2WZ7HR5M5JV0T43F2Z,2024-12-23T12:40:48.453888-06:00
01JFG0GD049T2N4FKVDTEYNJZN,01JFG0D3V0MVAGGZPMBD2CTE5E,2024-12-19T11:47:34.276699-06:00,01JFG0D3VKMADYW0PGQ4ZW6MX2,2024-12-19T11:47:34.276699-06:00,01JFG0DMQ791QR765QJNTD7TEF,2024-12-19T11:47:34.276699-06:00,01JFG0DYSMCGK45S0DKTV0X9VS,2024-12-19T11:47:34.276699-06:00
01JFG76036KMDNEJ5WRQRPS8VC,01JFG74Q3TWZGNJJRN8SVZVXF6,2024-12-19T13:44:13.414533-06:00,01JFG74Q4T878VSX7X3X4TEVFY,2024-12-19T13:44:13.414533-06:00,01JFG751VFRQNSEXQ3AB6PNXZE,2024-12-19T13:44:13.414533-06:00,01JFG75ZMHFT34H6P1SERG5FZE,2024-12-19T13:44:13.414533-06:00
01JFK35CEDCGFS12120GQEDBGF,01JFK30PH3SEKT8FVFSY8D60CF,2024-12-20T16:31:42.28528-06:00,01JFK30PHPCKCV85G81HHZXFAB,2024-12-20T16:31:42.28528-06:00,01JFK3122AMTRZKF24Q65KVDFJ,2024-12-20T16:31:42.28528-06:00,01JFK33S1NMWEB2YFE69RV4Y8S,2024-12-20T16:31:42.28528-06:00
01JFTCZWAGBRED5BKFFXCGCE9Z,01JFTCSA20HPM8ZS1PVQDX9PQ8,2024-12-23T12:38:08.720122-06:00,01JFTCSA2KP7KN2A2GHPVN05XC,2024-12-23T12:38:08.720122-06:00,01JFTCVGRGTHDHYZR2HYY71654,2024-12-23T12:38:08.720122-06:00,01JFTCYD2Q5NY526YX58S5WAE8,2024-12-23T12:38:08.720122-06:00
01JFG6T7XFWD8WS5TBJVE0Y9H1,01JFG6S17MDRMQK5K2DP34Z9GF,2024-12-19T13:37:48.207537-06:00,01JFG6S18CN4W09S8QX5ES16HQ,2024-12-19T13:37:48.207537-06:00,01JFG6SGC9GNKPH546S5S8CHKS,2024-12-19T13:37:48.207537-06:00,01JFG6T7G4Z3MY6VGTR0N2WEV2,2024-12-19T13:37:48.207537-06:00
01JFG78E48XJV5WYR6XY1A19BX,01JFG74Q3TWZGNJJRN8SVZVXF6,2024-12-19T13:45:33.320166-06:00,01JFG74Q4T878VSX7X3X4TEVFY,2024-12-19T13:45:33.320166-06:00,01JFG751VFRQNSEXQ3AB6PNXZE,2024-12-19T13:45:33.320166-06:00,01JFG75ZN12161RX8GM7YBQTB7,2024-12-19T13:45:33.320166-06:00
01JFTD1S0XXQ94ZWP9N3RS1R6B,01JFTCSA20HPM8ZS1PVQDX9PQ8,2024-12-23T12:39:10.87778-06:00,01JFTCSA2KP7KN2A2GHPVN05XC,2024-12-23T12:39:10.87778-06:00,01JFTCVGRGTHDHYZR2HYY71654,2024-12-23T12:39:10.87778-06:00,01JFTCYD2XYGFF9773WB3NCD8E,2024-12-23T12:39:10.87778-06:00
01JFG0DZHXBYNZEK8A9PK8ZP54,01JFG0D3V0MVAGGZPMBD2CTE5E,2024-12-19T11:46:14.973671-06:00,01JFG0D3VKMADYW0PGQ4ZW6MX2,2024-12-19T11:46:14.973671-06:00,01JFG0D7MSZ09W7EWY0Q08AZ0J,2024-12-19T11:46:14.973671-06:00,01JFG0DYSEDM64K5AYETTA3RVC,2024-12-19T11:46:14.973671-06:00
01JFG6W5RFQPR5YPP7GDP63J93,01JFG6S17MDRMQK5K2DP34Z9GF,2024-12-19T13:38:51.535411-06:00,01JFG6S18CN4W09S8QX5ES16HQ,2024-12-19T13:38:51.535411-06:00,01JFG6SGC9GNKPH546S5S8CHKS,2024-12-19T13:38:51.535411-06:00,01JFG6T7G79FRZPMPVCQ85P8SP,2024-12-19T13:38:51.535411-06:00
01JFG76CH44GH3FNAK3DZ5FQP6,01JFG738MV5TW8KEPMZJG8KZ91,2024-12-19T13:44:26.148647-06:00,01JFG738NCJ8HA0GZ6DND9RMRW,2024-12-19T13:44:26.148647-06:00,01JFG743WKH3HTC30MXDFW0WDH,2024-12-19T13:44:26.148647-06:00,01JFG74E6G7ENGSD8V9MQKAMJT,2024-12-19T13:44:26.148647-06:00
01JFK36R6QHCPNN5VXE6MBZB0Q,01JFK30PH3SEKT8FVFSY8D60CF,2024-12-20T16:32:27.095913-06:00,01JFK30PHPCKCV85G81HHZXFAB,2024-12-20T16:32:27.095913-06:00,01JFK33QTMHQQ2YADW3YVA597E,2024-12-20T16:32:27.095913-06:00,01JFK33S1Q1DPV70M0RMN0BX76,2024-12-20T16:32:27.095913-06:00
01JFG6S21HGGCVMSNDWXN7MXZ1,01JFG6QC0921CXW5FF4967Q056,2024-12-19T13:37:09.425673-06:00,01JFG6QC12SF7XMRKQ7J4H2WNJ,2024-12-19T13:37:09.425673-06:00,01JFG6QPTW174VE4DDXZKDXRJ6,2024-12-19T13:37:09.425673-06:00,01JFG6RMRXH4631AAP5PG9H6XK,2024-12-19T13:37:09.425673-06:00
01JFG76036KMDNEJ5WS2WR7HS4,01JFG74Q3TWZGNJJRN8SVZVXF6,2024-12-19T13:44:13.414779-06:00,01JFG74Q4T878VSX7X3X4TEVFY,2024-12-19T13:44:13.414779-06:00,01JFG75J96YQFV5KR1YZ37PK9Q,2024-12-19T13:44:13.414779-06:00,01JFG75ZMHFT34H6P1SERG5FZE,2024-12-19T13:44:13.414779-06:00
01JFK35ZJKT2M98BGGACFZMMSS,01JFK30PH3SEKT8FVFSY8D60CF,2024-12-20T16:32:01.87596-06:00,01JFK30PHPCKCV85G81HHZXFAB,2024-12-20T16:32:01.87596-06:00,01JFK3122AMTRZKF24Q65KVDFJ,2024-12-20T16:32:01.87596-06:00,01JFK33S1MZCWBVABXDJPPSW68,2024-12-20T16:32:01.87596-06:00
01JFK3B4J7A5BB4AACNZ171HNT,01JFK33E4KV3H51KCZB8N5S9WS,2024-12-20T16:34:50.823285-06:00,01JFK33E54GXVG9AEGGVBYS92W,2024-12-20T16:34:50.823285-06:00,01JFK34156Q5JAX22A72MNVS90,2024-12-20T16:34:50.823285-06:00,01JFK3B4A3T4G7TFDYPNF6MKMB,2024-12-20T16:34:50.823285-06:00
01JFTCYXZDTK6EN30BX284WT0R,01JFTCSA20HPM8ZS1PVQDX9PQ8,2024-12-23T12:37:37.645144-06:00,01JFTCSA2KP7KN2A2GHPVN05XC,2024-12-23T12:37:37.645144-06:00,01JFTCYBPEW9X3ND6SNPA5GWSD,2024-12-23T12:37:37.645144-06:00,01JFTCYD2Q5NY526YX4KENMTDQ,2024-12-23T12:37:37.645144-06:00
01JFTD3E6VZTY05T56943K2T4P,01JFTCSA20HPM8ZS1PVQDX9PQ8,2024-12-23T12:40:05.339937-06:00,01JFTCSA2JQBHYC7YWA8BHN6T5,2024-12-23T12:40:05.339937-06:00,01JFTCW44GSBT3PR59G7XXWCGR,2024-12-23T12:40:05.339937-06:00,01JFTCWTHJKC1WM3JAF13GD7KE,2024-12-23T12:40:05.339937-06:00
01JFTD4RA4757AYM24NVPYQT40,01JFTCSA20HPM8ZS1PVQDX9PQ8,2024-12-23T12:40:48.452819-06:00,01JFTCSA2KP7KN2A2GHPVN05XC,2024-12-23T12:40:48.452819-06:00,01JFTCVGRGTHDHYZR2HYY71654,2024-12-23T12:40:48.452819-06:00,01JFTCYD2WZ7HR5M5JV0T43F2Z,2024-12-23T12:40:48.452819-06:00
01JFG0EFDB78JJQRVX2W645ZY0,01JFG0D3V0MVAGGZPMBD2CTE5E,2024-12-19T11:46:31.211449-06:00,01JFG0D3VKMADYW0PGQ4ZW6MX2,2024-12-19T11:46:31.211449-06:00,01JFG0D7MSZ09W7EWY0Q08AZ0J,2024-12-19T11:46:31.211449-06:00,01JFG0DYSHKHF2ZW4FVRH935M3,2024-12-19T11:46:31.211449-06:00
01JFG700ZYQ8J5JWTY9ESQG2XJ,01JFG6S17MDRMQK5K2DP34Z9GF,2024-12-19T13:40:57.726156-06:00,01JFG6S18CN4W09S8QX5ES16HQ,2024-12-19T13:40:57.726156-06:00,01JFG6SBNJP4P2M6WPRXJPSV75,2024-12-19T13:40:57.726156-06:00,01JFG6T7G9EG27DPGR1V8PMB03,2024-12-19T13:40:57.726156-06:00
01JFK38MX2QD1N0CP3ANB93FE7,01JFK30PH3SEKT8FVFSY8D60CF,2024-12-20T16:33:29.250175-06:00,01JFK30PHPCKCV85G81HHZXFAB,2024-12-20T16:33:29.250175-06:00,01JFK3122AMTRZKF24Q65KVDFJ,2024-12-20T16:33:29.250175-06:00,01JFK33S1P0ZWRBWEEMR3N7R0J,2024-12-20T16:33:29.250175-06:00
01JFK3D1B8Z5YQQXC2SV467NTT,01JFK33E4KV3H51KCZB8N5S9WS,2024-12-20T16:35:53.064591-06:00,01JFK33E54GXVG9AEGGVBYS92W,2024-12-20T16:35:53.064591-06:00,01JFK3B3A7ECVR0JQ0T0V9ZMHG,2024-12-20T16:35:53.064591-06:00,01JFK3B4A6EWJDWEB7F4GBQ7DS,2024-12-20T16:35:53.064591-06:00
01JFTCYDRHDHARQ6QQHT0ZYGN3,01JFTCSA20HPM8ZS1PVQDX9PQ8,2024-12-23T12:37:21.041597-06:00,01JFTCSA2KP7KN2A2GHPVN05XC,2024-12-23T12:37:21.041597-06:00,01JFTCYBPEW9X3ND6SNPA5GWSD,2024-12-23T12:37:21.041597-06:00,01JFTCYD2N44853H42FWJPTDWN,2024-12-23T12:37:21.041597-06:00
01JFG6YTWYJNZQ5BWBDQJA0XXE,01JFG6QC0921CXW5FF4967Q056,2024-12-19T13:40:18.718301-06:00,01JFG6QC12SF7XMRKQ7J4H2WNJ,2024-12-19T13:40:18.718301-06:00,01JFG6QPTW174VE4DDXZKDXRJ6,2024-12-19T13:40:18.718301-06:00,01JFG6RMRYNWKPC0BN1DQ878VQ,2024-12-19T13:40:18.718301-06:00
01JFG7ABR307B84JG0E60Z1EJY,01JFG74Q3TWZGNJJRN8SVZVXF6,2024-12-19T13:46:36.419535-06:00,01JFG74Q4T878VSX7X3X4TEVFY,2024-12-19T13:46:36.419535-06:00,01JFG75J96YQFV5KR1YZ37PK9Q,2024-12-19T13:46:36.419535-06:00,01JFG75ZMW00MJWP4XVSVFHFSH,2024-12-19T13:46:36.419535-06:00
01JFK35K168QD0R01AJAQY4J7Z,01JFK30PH3SEKT8FVFSY8D60CF,2024-12-20T16:31:49.030157-06:00,01JFK30PHPCKCV85G81HHZXFAB,2024-12-20T16:31:49.030157-06:00,01JFK33QTMHQQ2YADW3YVA597E,2024-12-20T16:31:49.030157-06:00,01JFK33S1NMWEB2YFE5M9NZP9D,2024-12-20T16:31:49.030157-06:00
01JFG0E96M3W34QBMMXTSXH06Y,01JFG0D3V0MVAGGZPMBD2CTE5E,2024-12-19T11:46:24.852589-06:00,01JFG0D3VKMADYW0PGQ4ZW6MX2,2024-12-19T11:46:24.852589-06:00,01JFG0D7MSZ09W7EWY0Q08AZ0J,2024-12-19T11:46:24.852589-06:00,01JFG0DYSJ1SGSBF8DXFPE50EZ,2024-12-19T11:46:24.852589-06:00
01JFK33SA40ZMESH2V7YXHT1X5,01JFK30PH3SEKT8FVFSY8D60CF,2024-12-20T16:30:49.924314-06:00,01JFK30PHPCKCV85G81HHZXFAB,2024-12-20T16:30:49.924314-06:00,01JFK3122AMTRZKF24Q65KVDFJ,2024-12-20T16:30:49.924314-06:00,01JFK33S1JBQP3GGHMB968GTVM,2024-12-20T16:30:49.924314-06:00
01JFK3DXPQ9HM8BG1A6ZQQB3P2,01JFK33E4KV3H51KCZB8N5S9WS,2024-12-20T16:36:22.103227-06:00,01JFK33E54GXVG9AEGGVBYS92W,2024-12-20T16:36:22.103227-06:00,01JFK34156Q5JAX22A72MNVS90,2024-12-20T16:36:22.103227-06:00,01JFK3B4A8FGPX5VF1X7M5K67V,2024-12-20T16:36:22.103227-06:00
01JFTCXNE8ESNDNDZ0VP036AHB,01JFTCSA20HPM8ZS1PVQDX9PQ8,2024-12-23T12:36:56.136857-06:00,01JFTCSA2JQBHYC7YWA8BHN6T5,2024-12-23T12:36:56.136857-06:00,01JFTCW44GSBT3PR59G7XXWCGR,2024-12-23T12:36:56.136857-06:00,01JFTCWTHH1FWSF7T437E4PDT6,2024-12-23T12:36:56.136857-06:00
01JFG6RN5JEH1QRWKNWYRBE7PH,01JFG6QC0921CXW5FF4967Q056,2024-12-19T13:36:56.242414-06:00,01JFG6QC12SF7XMRKQ7J4H2WNJ,2024-12-19T13:36:56.242414-06:00,01JFG6QW5WQRGYN894KFQ72ESY,2024-12-19T13:36:56.242414-06:00,01JFG6RMRVZP6APGBEFZWAYED8,2024-12-19T13:36:56.242414-06:00
01JFG6Y3C8D0AX32VJ2T7NJRF9,01JFG6S17MDRMQK5K2DP34Z9GF,2024-12-19T13:39:54.63215-06:00,01JFG6S18CN4W09S8QX5ES16HQ,2024-12-19T13:39:54.63215-06:00,01JFG6SGC9GNKPH546S5S8CHKS,2024-12-19T13:39:54.63215-06:00,01JFG6T7GE1AYNJRPC01DCYQBA,2024-12-19T13:39:54.63215-06:00
01JFG7A7S3G4P5T3HBZN86XF3C,01JFG738MV5TW8KEPMZJG8KZ91,2024-12-19T13:46:32.355374-06:00,01JFG738NCJ8HA0GZ6DND9RMRW,2024-12-19T13:46:32.355374-06:00,01JFG743WKH3HTC30MXDFW0WDH,2024-12-19T13:46:32.355374-06:00,01JFG74E6KAFQYR8DFSD6QX4D1,2024-12-19T13:46:32.355374-06:00
01JFK34QTXK2G0YXV9C6APYPEQ,01JFK30PH3SEKT8FVFSY8D60CF,2024-12-20T16:31:21.181608-06:00,01JFK30PHPCKCV85G81HHZXFAB,2024-12-20T16:31:21.181608-06:00,01JFK3122AMTRZKF24Q65KVDFJ,2024-12-20T16:31:21.181608-06:00,01JFK33S1K9BAMXFNYFGEMEVZJ,2024-12-20T16:31:21.181608-06:00
01JFK35ZJKT2M98BGG9YJP62QV,01JFK30PH3SEKT8FVFSY8D60CF,2024-12-20T16:32:01.875321-06:00,01JFK30PHPCKCV85G81HHZXFAB,2024-12-20T16:32:01.875321-06:00,01JFK33QTMHQQ2YADW3YVA597E,2024-12-20T16:32:01.875321-06:00,01JFK33S1MZCWBVABXDJPPSW68,2024-12-20T16:32:01.875321-06:00
01JFTD0TNGSC5N23ZS0WN6CR18,01JFTCSA20HPM8ZS1PVQDX9PQ8,2024-12-23T12:38:39.792745-06:00,01JFTCSA2KP7KN2A2GHPVN05XC,2024-12-23T12:38:39.792745-06:00,01JFTCVGRGTHDHYZR2HYY71654,2024-12-23T12:38:39.792745-06:00,01JFTCYD2XYGFF9773VGFCF0BE,2024-12-23T12:38:39.792745-06:00
01JFTD1S0YK312J22QW81P2MK4,01JFTCSA20HPM8ZS1PVQDX9PQ8,2024-12-23T12:39:10.878768-06:00,01JFTCSA2KP7KN2A2GHPVN05XC,2024-12-23T12:39:10.878768-06:00,01JFTCYBPEW9X3ND6SNPA5GWSD,2024-12-23T12:39:10.878768-06:00,01JFTCYD2XYGFF9773WB3NCD8E,2024-12-23T12:39:10.878768-06:00
01JFG0RTTZB9G6RYCW90MJB6PA,01JFG0FCJREX0CTAQCM25KXGZ7,2024-12-19T11:52:10.591421-06:00,01JFG0FCKBBN6NKRZP52T00QDN,2024-12-19T11:52:10.591421-06:00,01JFG0FQFEGTCV9C24GCYXQJYK,2024-12-19T11:52:10.591421-06:00,01JFG0RT09RKV5YB9XSJJR2KMX,2024-12-19T11:52:10.591421-06:00
01JFG76GGEEBMQ1M0A2SR4SA3X,01JFG74Q3TWZGNJJRN8SVZVXF6,2024-12-19T13:44:30.222057-06:00,01JFG74Q4T878VSX7X3X4TEVFY,2024-12-19T13:44:30.222057-06:00,01JFG75J96YQFV5KR1YZ37PK9Q,2024-12-19T13:44:30.222057-06:00,01JFG75ZMMDVYR309WEHXX88K7,2024-12-19T13:44:30.222057-06:00
01JFG6WX96JS4XQX4195WHZ9WM,01JFG6QC0921CXW5FF4967Q056,2024-12-19T13:39:15.622185-06:00,01JFG6QC12SF7XMRKQ7J4H2WNJ,2024-12-19T13:39:15.622185-06:00,01JFG6QW5WQRGYN894KFQ72ESY,2024-12-19T13:39:15.622185-06:00,01JFG6RMRYNWKPC0BMXSWMS6SM,2024-12-19T13:39:15.622185-06:00
01JFG700ZYQ8J5JWTY9SZDN0QM,01JFG6S17MDRMQK5K2DP34Z9GF,2024-12-19T13:40:57.72655-06:00,01JFG6S18CN4W09S8QX5ES16HQ,2024-12-19T13:40:57.72655-06:00,01JFG6SGC9GNKPH546S5S8CHKS,2024-12-19T13:40:57.72655-06:00,01JFG6T7G9EG27DPGR1V8PMB03,2024-12-19T13:40:57.72655-06:00
01JFTD1X87RWT80ZRVGQ3D64X9,01JFTCSA20HPM8ZS1PVQDX9PQ8,2024-12-23T12:39:15.207957-06:00,01JFTCSA2KP7KN2A2GHPVN05XC,2024-12-23T12:39:15.207957-06:00,01JFTCVGRGTHDHYZR2HYY71654,2024-12-23T12:39:15.207957-06:00,01JFTCYD2RBJ4NS27EDA0MCBGB,2024-12-23T12:39:15.207957-06:00
01JFTD3E6W76D1TQJ2KJ9ACC2Z,01JFTCSA20HPM8ZS1PVQDX9PQ8,2024-12-23T12:40:05.340718-06:00,01JFTCSA2JQBHYC7YWA8BHN6T5,2024-12-23T12:40:05.340718-06:00,01JFTCWS8H7MHE94B7HR05ZQFM,2024-12-23T12:40:05.340718-06:00,01JFTCWTHJKC1WM3JAF13GD7KE,2024-12-23T12:40:05.340718-06:00
01JFG0JAK5A5PVKAP9383DPYSW,01JFG0D3V0MVAGGZPMBD2CTE5E,2024-12-19T11:48:37.349198-06:00,01JFG0D3VKMADYW0PGQ4ZW6MX2,2024-12-19T11:48:37.349198-06:00,01JFG0D7MSZ09W7EWY0Q08AZ0J,2024-12-19T11:48:37.349198-06:00,01JFG0DYSR1SAWZYJ4GT23NQSX,2024-12-19T11:48:37.349198-06:00
01JFG6T7XFWD8WS5TBJHNPWEQ5,01JFG6S17MDRMQK5K2DP34Z9GF,2024-12-19T13:37:48.207309-06:00,01JFG6S18CN4W09S8QX5ES16HQ,2024-12-19T13:37:48.207309-06:00,01JFG6SBNJP4P2M6WPRXJPSV75,2024-12-19T13:37:48.207309-06:00,01JFG6T7G4Z3MY6VGTR0N2WEV2,2024-12-19T13:37:48.207309-06:00
01JFG0M869FRMMZR6C24MVZP91,01JFG0D3V0MVAGGZPMBD2CTE5E,2024-12-19T11:49:40.425462-06:00,01JFG0D3VKMADYW0PGQ4ZW6MX2,2024-12-19T11:49:40.425462-06:00,01JFG0D7MSZ09W7EWY0Q08AZ0J,2024-12-19T11:49:40.425462-06:00,01JFG0DYSNNRDCAMV3F1HEDKKG,2024-12-19T11:49:40.425462-06:00
01JFG76GGDSBMHYYQWP73PNFD7,01JFG74Q3TWZGNJJRN8SVZVXF6,2024-12-19T13:44:30.221491-06:00,01JFG74Q4T878VSX7X3X4TEVFY,2024-12-19T13:44:30.221491-06:00,01JFG751VFRQNSEXQ3AB6PNXZE,2024-12-19T13:44:30.221491-06:00,01JFG75ZMMDVYR309WEHXX88K7,2024-12-19T13:44:30.221491-06:00
01JFG78A531E3X0QAF6PP5V054,01JFG738MV5TW8KEPMZJG8KZ91,2024-12-19T13:45:29.251858-06:00,01JFG738NCJ8HA0GZ6DND9RMRW,2024-12-19T13:45:29.251858-06:00,01JFG743WKH3HTC30MXDFW0WDH,2024-12-19T13:45:29.251858-06:00,01JFG74E6P0D5BJKFP40F9XN22,2024-12-19T13:45:29.251858-06:00
01JFK35K158Q857KSK1E65MJWK,01JFK30PH3SEKT8FVFSY8D60CF,2024-12-20T16:31:49.029738-06:00,01JFK30PHPCKCV85G81HHZXFAB,2024-12-20T16:31:49.029738-06:00,01JFK3122AMTRZKF24Q65KVDFJ,2024-12-20T16:31:49.029738-06:00,01JFK33S1NMWEB2YFE5M9NZP9D,2024-12-20T16:31:49.029738-06:00
01JFK3DFQWSPN6P756RWGWZA5S,01JFK33E4KV3H51KCZB8N5S9WS,2024-12-20T16:36:07.804792-06:00,01JFK33E54GXVG9AEGGVBYS92W,2024-12-20T16:36:07.804792-06:00,01JFK34156Q5JAX22A72MNVS90,2024-12-20T16:36:07.804792-06:00,01JFK3B4A7NTV6RMW31MW68HRC,2024-12-20T16:36:07.804792-06:00
01JFTCWV0B8SSTW1T6V7KN0NQ0,01JFTCSA20HPM8ZS1PVQDX9PQ8,2024-12-23T12:36:29.0676-06:00,01JFTCSA2JQBHYC7YWA8BHN6T5,2024-12-23T12:36:29.0676-06:00,01JFTCW44GSBT3PR59G7XXWCGR,2024-12-23T12:36:29.0676-06:00,01JFTCWTHGBMAJ0M4CD5VPRW7S,2024-12-23T12:36:29.0676-06:00
01JFG0GD049T2N4FKVE5NMVHS3,01JFG0D3V0MVAGGZPMBD2CTE5E,2024-12-19T11:47:34.276893-06:00,01JFG0D3VKMADYW0PGQ4ZW6MX2,2024-12-19T11:47:34.276893-06:00,01JFG0D7MSZ09W7EWY0Q08AZ0J,2024-12-19T11:47:34.276893-06:00,01JFG0DYSMCGK45S0DKTV0X9VS,2024-12-19T11:47:34.276893-06:00
01JFG0JAK47RESHQK5Z27NTNV9,01JFG0D3V0MVAGGZPMBD2CTE5E,2024-12-19T11:48:37.348495-06:00,01JFG0D3VKMADYW0PGQ4ZW6MX2,2024-12-19T11:48:37.348495-06:00,01JFG0DMQ791QR765QJNTD7TEF,2024-12-19T11:48:37.348495-06:00,01JFG0DYSR1SAWZYJ4GT23NQSX,2024-12-19T11:48:37.348495-06:00
01JFTCXNE9MDB27Z57MDRBKREP,01JFTCSA20HPM8ZS1PVQDX9PQ8,2024-12-23T12:36:56.137506-06:00,01JFTCSA2JQBHYC7YWA8BHN6T5,2024-12-23T12:36:56.137506-06:00,01JFTCWS8H7MHE94B7HR05ZQFM,2024-12-23T12:36:56.137506-06:00,01JFTCWTHH1FWSF7T437E4PDT6,2024-12-23T12:36:56.137506-06:00
01JFTD1GKYNPZG9ABAE85782FW,01JFTCSA20HPM8ZS1PVQDX9PQ8,2024-12-23T12:39:02.270363-06:00,01JFTCSA2JQBHYC7YWA8BHN6T5,2024-12-23T12:39:02.270363-06:00,01JFTCWS8H7MHE94B7HR05ZQFM,2024-12-23T12:39:02.270363-06:00,01JFTCWTHZBANC3HC7060PDATX,2024-12-23T12:39:02.270363-06:00
01JFG0WP1WNR93J2QH8JTZSHCA,01JFG0FCJREX0CTAQCM25KXGZ7,2024-12-19T11:54:16.764619-06:00,01JFG0FCKBBN6NKRZP52T00QDN,2024-12-19T11:54:16.764619-06:00,01JFG0R5N0EJCE8E0QW1TQKRH2,2024-12-19T11:54:16.764619-06:00,01JFG0RT0GJMSZZ43K01DCY974,2024-12-19T11:54:16.764619-06:00
01JFK3EW29MSSV504CED44K836,01JFK33E4KV3H51KCZB8N5S9WS,2024-12-20T16:36:53.193867-06:00,01JFK33E54GXVG9AEGGVBYS92W,2024-12-20T16:36:53.193867-06:00,01JFK34156Q5JAX22A72MNVS90,2024-12-20T16:36:53.193867-06:00,01JFK3B4A5P3SDD5SHB0G5B391,2024-12-20T16:36:53.193867-06:00
01JFK34QTY6CFEFZ7VWDSMW5JD,01JFK30PH3SEKT8FVFSY8D60CF,2024-12-20T16:31:21.182621-06:00,01JFK30PHPCKCV85G81HHZXFAB,2024-12-20T16:31:21.182621-06:00,01JFK33QTMHQQ2YADW3YVA597E,2024-12-20T16:31:21.182621-06:00,01JFK33S1K9BAMXFNYFGEMEVZJ,2024-12-20T16:31:21.182621-06:00
01JFTCWV0CD9X6RE46YPX77H3Z,01JFTCSA20HPM8ZS1PVQDX9PQ8,2024-12-23T12:36:29.068008-06:00,01JFTCSA2JQBHYC7YWA8BHN6T5,2024-12-23T12:36:29.068008-06:00,01JFTCWS8H7MHE94B7HR05ZQFM,2024-12-23T12:36:29.068008-06:00,01JFTCWTHGBMAJ0M4CD5VPRW7S,2024-12-23T12:36:29.068008-06:00
01JFTCYDRJ9XHWRPJQ102KDN7G,01JFTCSA20HPM8ZS1PVQDX9PQ8,2024-12-23T12:37:21.04215-06:00,01JFTCSA2KP7KN2A2GHPVN05XC,2024-12-23T12:37:21.04215-06:00,01JFTCVGRGTHDHYZR2HYY71654,2024-12-23T12:37:21.04215-06:00,01JFTCYD2N44853H42FWJPTDWN,2024-12-23T12:37:21.04215-06:00
01JFTCYSJF5PECDJ7BHXWZ5RP1,01JFTCSA20HPM8ZS1PVQDX9PQ8,2024-12-23T12:37:33.135904-06:00,01JFTCSA2KP7KN2A2GHPVN05XC,2024-12-23T12:37:33.135904-06:00,01JFTCVGRGTHDHYZR2HYY71654,2024-12-23T12:37:33.135904-06:00,01JFTCYD2RBJ4NS27ECHK13CF9,2024-12-23T12:37:33.135904-06:00
01JFG0DZHXBYNZEK8A9BKCYZKK,01JFG0D3V0MVAGGZPMBD2CTE5E,2024-12-19T11:46:14.973493-06:00,01JFG0D3VKMADYW0PGQ4ZW6MX2,2024-12-19T11:46:14.973493-06:00,01JFG0DMQ791QR765QJNTD7TEF,2024-12-19T11:46:14.973493-06:00,01JFG0DYSEDM64K5AYETTA3RVC,2024-12-19T11:46:14.973493-06:00
01JFG6Y3C7ZM19D2XBM9YVNHBK,01JFG6S17MDRMQK5K2DP34Z9GF,2024-12-19T13:39:54.631746-06:00,01JFG6S18CN4W09S8QX5ES16HQ,2024-12-19T13:39:54.631746-06:00,01JFG6SBNJP4P2M6WPRXJPSV75,2024-12-19T13:39:54.631746-06:00,01JFG6T7GE1AYNJRPC01DCYQBA,2024-12-19T13:39:54.631746-06:00
01JFG7C9C54K2CNA4RSVXA61N9,01JFG74Q3TWZGNJJRN8SVZVXF6,2024-12-19T13:47:39.525046-06:00,01JFG74Q4T878VSX7X3X4TEVFY,2024-12-19T13:47:39.525046-06:00,01JFG751VFRQNSEXQ3AB6PNXZE,2024-12-19T13:47:39.525046-06:00,01JFG75ZMQNFQWQH50GP7V1T0M,2024-12-19T13:47:39.525046-06:00
01JFK33SA40ZMESH2V883ACKNW,01JFK30PH3SEKT8FVFSY8D60CF,2024-12-20T16:30:49.924729-06:00,01JFK30PHPCKCV85G81HHZXFAB,2024-12-20T16:30:49.924729-06:00,01JFK33QTMHQQ2YADW3YVA597E,2024-12-20T16:30:49.924729-06:00,01JFK33S1JBQP3GGHMB968GTVM,2024-12-20T16:30:49.924729-06:00
01JFTCYSJF5PECDJ7BHN901FRP,01JFTCSA20HPM8ZS1PVQDX9PQ8,2024-12-23T12:37:33.135402-06:00,01JFTCSA2KP7KN2A2GHPVN05XC,2024-12-23T12:37:33.135402-06:00,01JFTCYBPEW9X3ND6SNPA5GWSD,2024-12-23T12:37:33.135402-06:00,01JFTCYD2RBJ4NS27ECHK13CF9,2024-12-23T12:37:33.135402-06:00
01JFTD2VKVDS5HMQM36ZE1DG12,01JFTCSA20HPM8ZS1PVQDX9PQ8,2024-12-23T12:39:46.299734-06:00,01JFTCSA2KP7KN2A2GHPVN05XC,2024-12-23T12:39:46.299734-06:00,01JFTCVGRGTHDHYZR2HYY71654,2024-12-23T12:39:46.299734-06:00,01JFTCYD2WZ7HR5M5JT2JWC0V7,2024-12-23T12:39:46.299734-06:00
01JFG0RTTZB9G6RYCW9DK1SGCD,01JFG0FCJREX0CTAQCM25KXGZ7,2024-12-19T11:52:10.591613-06:00,01JFG0FCKBBN6NKRZP52T00QDN,2024-12-19T11:52:10.591613-06:00,01JFG0R5N0EJCE8E0QW1TQKRH2,2024-12-19T11:52:10.591613-06:00,01JFG0RT09RKV5YB9XSJJR2KMX,2024-12-19T11:52:10.591613-06:00
01JFG6WX96JS4XQX419G2V9WA7,01JFG6QC0921CXW5FF4967Q056,2024-12-19T13:39:15.622754-06:00,01JFG6QC12SF7XMRKQ7J4H2WNJ,2024-12-19T13:39:15.622754-06:00,01JFG6QPTW174VE4DDXZKDXRJ6,2024-12-19T13:39:15.622754-06:00,01JFG6RMRYNWKPC0BMXSWMS6SM,2024-12-19T13:39:15.622754-06:00
01JFG0TRE9XHDXB6TWY18PR56F,01JFG0FCJREX0CTAQCM25KXGZ7,2024-12-19T11:53:13.673953-06:00,01JFG0FCKBBN6NKRZP52T00QDN,2024-12-19T11:53:13.673953-06:00,01JFG0R5N0EJCE8E0QW1TQKRH2,2024-12-19T11:53:13.673953-06:00,01JFG0RT0FR86XER1VDM9SEVAN,2024-12-19T11:53:13.673953-06:00
01JFK3DXPRPS5X612D8P224A34,01JFK33E4KV3H51KCZB8N5S9WS,2024-12-20T16:36:22.104368-06:00,01JFK33E54GXVG9AEGGVBYS92W,2024-12-20T16:36:22.104368-06:00,01JFK3B3A7ECVR0JQ0T0V9ZMHG,2024-12-20T16:36:22.104368-06:00,01JFK3B4A8FGPX5VF1X7M5K67V,2024-12-20T16:36:22.104368-06:00
01JFTD2VKTX83F8V39EYTFFYB1,01JFTCSA20HPM8ZS1PVQDX9PQ8,2024-12-23T12:39:46.298685-06:00,01JFTCSA2KP7KN2A2GHPVN05XC,2024-12-23T12:39:46.298685-06:00,01JFTCYBPEW9X3ND6SNPA5GWSD,2024-12-23T12:39:46.298685-06:00,01JFTCYD2WZ7HR5M5JT2JWC0V7,2024-12-23T12:39:46.298685-06:00
01JFK365T66044KTAZ9N6ZPZWX,01JFK30PH3SEKT8FVFSY8D60CF,2024-12-20T16:32:08.262893-06:00,01JFK30PHPCKCV85G81HHZXFAB,2024-12-20T16:32:08.262893-06:00,01JFK3122AMTRZKF24Q65KVDFJ,2024-12-20T16:32:08.262893-06:00,01JFK33S1P0ZWRBWEENMGMF2W9,2024-12-20T16:32:08.262893-06:00
01JFK37PJ1H7VB1YK9K83PMASR,01JFK30PH3SEKT8FVFSY8D60CF,2024-12-20T16:32:58.177584-06:00,01JFK30PHPCKCV85G81HHZXFAB,2024-12-20T16:32:58.177584-06:00,01JFK33QTMHQQ2YADW3YVA597E,2024-12-20T16:32:58.177584-06:00,01JFK33S1P0ZWRBWEEPH5EGFSP,2024-12-20T16:32:58.177584-06:00
01JFK35SMKWYV2ZWRYWNGTVABJ,01JFK30PH3SEKT8FVFSY8D60CF,2024-12-20T16:31:55.795882-06:00,01JFK30PHPCKCV85G81HHZXFAB,2024-12-20T16:31:55.795882-06:00,01JFK33QTMHQQ2YADW3YVA597E,2024-12-20T16:31:55.795882-06:00,01JFK33S1MZCWBVABXEWCF8EBX,2024-12-20T16:31:55.795882-06:00
01JFG0YKMVHE3B9C2YFEYZYHKW,01JFG0FCJREX0CTAQCM25KXGZ7,2024-12-19T11:55:19.835399-06:00,01JFG0FCKBBN6NKRZP52T00QDN,2024-12-19T11:55:19.835399-06:00,01JFG0FQFEGTCV9C24GCYXQJYK,2024-12-19T11:55:19.835399-06:00,01JFG0RT0PCS1EV1PGD4HA075Q,2024-12-19T11:55:19.835399-06:00
01JFK3570SVJA5P4Y21C255YQ0,01JFK30PH3SEKT8FVFSY8D60CF,2024-12-20T16:31:36.729519-06:00,01JFK30PHPCKCV85G81HHZXFAB,2024-12-20T16:31:36.729519-06:00,01JFK3122AMTRZKF24Q65KVDFJ,2024-12-20T16:31:36.729519-06:00,01JFK33S1MZCWBVABXEC13ET0E,2024-12-20T16:31:36.729519-06:00
01JFK37PJ1H7VB1YK9JVQCQ39R,01JFK30PH3SEKT8FVFSY8D60CF,2024-12-20T16:32:58.177038-06:00,01JFK30PHPCKCV85G81HHZXFAB,2024-12-20T16:32:58.177038-06:00,01JFK3122AMTRZKF24Q65KVDFJ,2024-12-20T16:32:58.177038-06:00,01JFK33S1P0ZWRBWEEPH5EGFSP,2024-12-20T16:32:58.177038-06:00
01JFG0E96M3W34QBMMXFRPAXH5,01JFG0D3V0MVAGGZPMBD2CTE5E,2024-12-19T11:46:24.8524-06:00,01JFG0D3VKMADYW0PGQ4ZW6MX2,2024-12-19T11:46:24.8524-06:00,01JFG0DMQ791QR765QJNTD7TEF,2024-12-19T11:46:24.8524-06:00,01JFG0DYSJ1SGSBF8DXFPE50EZ,2024-12-19T11:46:24.8524-06:00
01JFG7A7S2SXX9P91E12KRV3CA,01JFG738MV5TW8KEPMZJG8KZ91,2024-12-19T13:46:32.354694-06:00,01JFG738NCJ8HA0GZ6DND9RMRW,2024-12-19T13:46:32.354694-06:00,01JFG73J7R43Z4XV0457CH3BF0,2024-12-19T13:46:32.354694-06:00,01JFG74E6KAFQYR8DFSD6QX4D1,2024-12-19T13:46:32.354694-06:00
01JFK35CEDCGFS12120RC25GJS,01JFK30PH3SEKT8FVFSY8D60CF,2024-12-20T16:31:42.28603-06:00,01JFK30PHPCKCV85G81HHZXFAB,2024-12-20T16:31:42.28603-06:00,01JFK33QTMHQQ2YADW3YVA597E,2024-12-20T16:31:42.28603-06:00,01JFK33S1NMWEB2YFE69RV4Y8S,2024-12-20T16:31:42.28603-06:00
01JFK36F2DRRAABMKAVMSW2MG1,01JFK30PH3SEKT8FVFSY8D60CF,2024-12-20T16:32:17.741444-06:00,01JFK30PHPCKCV85G81HHZXFAB,2024-12-20T16:32:17.741444-06:00,01JFK33QTMHQQ2YADW3YVA597E,2024-12-20T16:32:17.741444-06:00,01JFK33S1NMWEB2YFE73AZDESB,2024-12-20T16:32:17.741444-06:00
01JFG0M869FRMMZR6C1RXW5TH4,01JFG0D3V0MVAGGZPMBD2CTE5E,2024-12-19T11:49:40.425237-06:00,01JFG0D3VKMADYW0PGQ4ZW6MX2,2024-12-19T11:49:40.425237-06:00,01JFG0DMQ791QR765QJNTD7TEF,2024-12-19T11:49:40.425237-06:00,01JFG0DYSNNRDCAMV3F1HEDKKG,2024-12-19T11:49:40.425237-06:00
01JFG0TRE9XHDXB6TWXVH9HWJ9,01JFG0FCJREX0CTAQCM25KXGZ7,2024-12-19T11:53:13.673599-06:00,01JFG0FCKBBN6NKRZP52T00QDN,2024-12-19T11:53:13.673599-06:00,01JFG0FQFEGTCV9C24GCYXQJYK,2024-12-19T11:53:13.673599-06:00,01JFG0RT0FR86XER1VDM9SEVAN,2024-12-19T11:53:13.673599-06:00
01JFK350H898G36R28WBACEXTV,01JFK30PH3SEKT8FVFSY8D60CF,2024-12-20T16:31:30.088986-06:00,01JFK30PHPCKCV85G81HHZXFAB,2024-12-20T16:31:30.088986-06:00,01JFK33QTMHQQ2YADW3YVA597E,2024-12-20T16:31:30.088986-06:00,01JFK33S1K9BAMXFNYGA690CJZ,2024-12-20T16:31:30.088986-06:00
01JFTCYMVYDBDH1TS7164Z0GTF,01JFTCSA20HPM8ZS1PVQDX9PQ8,2024-12-23T12:37:28.318354-06:00,01JFTCSA2KP7KN2A2GHPVN05XC,2024-12-23T12:37:28.318354-06:00,01JFTCYBPEW9X3ND6SNPA5GWSD,2024-12-23T12:37:28.318354-06:00,01JFTCYD2PABJPYGK0GXWED0XJ,2024-12-23T12:37:28.318354-06:00
01JFTCYMVYDBDH1TS71FP0YHM6,01JFTCSA20HPM8ZS1PVQDX9PQ8,2024-12-23T12:37:28.318898-06:00,01JFTCSA2KP7KN2A2GHPVN05XC,2024-12-23T12:37:28.318898-06:00,01JFTCVGRGTHDHYZR2HYY71654,2024-12-23T12:37:28.318898-06:00,01JFTCYD2PABJPYGK0GXWED0XJ,2024-12-23T12:37:28.318898-06:00
01JFG0WP1WNR93J2QH879AVV7C,01JFG0FCJREX0CTAQCM25KXGZ7,2024-12-19T11:54:16.764163-06:00,01JFG0FCKBBN6NKRZP52T00QDN,2024-12-19T11:54:16.764163-06:00,01JFG0FQFEGTCV9C24GCYXQJYK,2024-12-19T11:54:16.764163-06:00,01JFG0RT0GJMSZZ43K01DCY974,2024-12-19T11:54:16.764163-06:00
01JFG76CH3BCRG5W2ED2P8WZ0E,01JFG738MV5TW8KEPMZJG8KZ91,2024-12-19T13:44:26.147875-06:00,01JFG738NCJ8HA0GZ6DND9RMRW,2024-12-19T13:44:26.147875-06:00,01JFG73J7R43Z4XV0457CH3BF0,2024-12-19T13:44:26.147875-06:00,01JFG74E6G7ENGSD8V9MQKAMJT,2024-12-19T13:44:26.147875-06:00
01JFK36F2DRRAABMKAVYACV3AV,01JFK30PH3SEKT8FVFSY8D60CF,2024-12-20T16:32:17.741968-06:00,01JFK30PHPCKCV85G81HHZXFAB,2024-12-20T16:32:17.741968-06:00,01JFK3122AMTRZKF24Q65KVDFJ,2024-12-20T16:32:17.741968-06:00,01JFK33S1NMWEB2YFE73AZDESB,2024-12-20T16:32:17.741968-06:00
01JFG74EMD0FF8BSR0ZQVKXBEC,01JFG738MV5TW8KEPMZJG8KZ91,2024-12-19T13:43:22.765936-06:00,01JFG738NCJ8HA0GZ6DND9RMRW,2024-12-19T13:43:22.765936-06:00,01JFG73J7R43Z4XV0457CH3BF0,2024-12-19T13:43:22.765936-06:00,01JFG74E6D5N900AY453W0V9J0,2024-12-19T13:43:22.765936-06:00
01JFK365T66044KTAZ9GDHG6N9,01JFK30PH3SEKT8FVFSY8D60CF,2024-12-20T16:32:08.262047-06:00,01JFK30PHPCKCV85G81HHZXFAB,2024-12-20T16:32:08.262047-06:00,01JFK33QTMHQQ2YADW3YVA597E,2024-12-20T16:32:08.262047-06:00,01JFK33S1P0ZWRBWEENMGMF2W9,2024-12-20T16:32:08.262047-06:00
01JFG6TZN6QSKNE8GYWKK6KE3W,01JFG6QC0921CXW5FF4967Q056,2024-12-19T13:38:12.518333-06:00,01JFG6QC12SF7XMRKQ7J4H2WNJ,2024-12-19T13:38:12.518333-06:00,01JFG6QW5WQRGYN894KFQ72ESY,2024-12-19T13:38:12.518333-06:00,01JFG6RMRYNWKPC0BMYM631YDE,2024-12-19T13:38:12.518333-06:00
01JFG7C9C54K2CNA4RT2N3TVNX,01JFG74Q3TWZGNJJRN8SVZVXF6,2024-12-19T13:47:39.525924-06:00,01JFG74Q4T878VSX7X3X4TEVFY,2024-12-19T13:47:39.525924-06:00,01JFG75J96YQFV5KR1YZ37PK9Q,2024-12-19T13:47:39.525924-06:00,01JFG75ZMQNFQWQH50GP7V1T0M,2024-12-19T13:47:39.525924-06:00
01JFK3B4J6Z6VVGRQEGESTQH8W,01JFK33E4KV3H51KCZB8N5S9WS,2024-12-20T16:34:50.822856-06:00,01JFK33E54GXVG9AEGGVBYS92W,2024-12-20T16:34:50.822856-06:00,01JFK3B3A7ECVR0JQ0T0V9ZMHG,2024-12-20T16:34:50.822856-06:00,01JFK3B4A3T4G7TFDYPNF6MKMB,2024-12-20T16:34:50.822856-06:00
01JFG0EFDB78JJQRVX346BT2WP,01JFG0D3V0MVAGGZPMBD2CTE5E,2024-12-19T11:46:31.211692-06:00,01JFG0D3VKMADYW0PGQ4ZW6MX2,2024-12-19T11:46:31.211692-06:00,01JFG0DMQ791QR765QJNTD7TEF,2024-12-19T11:46:31.211692-06:00,01JFG0DYSHKHF2ZW4FVRH935M3,2024-12-19T11:46:31.211692-06:00
01JFG6RN5JEH1QRWKNWMW2SSE3,01JFG6QC0921CXW5FF4967Q056,2024-12-19T13:36:56.242151-06:00,01JFG6QC12SF7XMRKQ7J4H2WNJ,2024-12-19T13:36:56.242151-06:00,01JFG6QPTW174VE4DDXZKDXRJ6,2024-12-19T13:36:56.242151-06:00,01JFG6RMRVZP6APGBEFZWAYED8,2024-12-19T13:36:56.242151-06:00
01JFK3EW2BW67YM3CKJEB96WM0,01JFK33E4KV3H51KCZB8N5S9WS,2024-12-20T16:36:53.19518-06:00,01JFK33E54GXVG9AEGGVBYS92W,2024-12-20T16:36:53.19518-06:00,01JFK3B3A7ECVR0JQ0T0V9ZMHG,2024-12-20T16:36:53.19518-06:00,01JFK3B4A5P3SDD5SHB0G5B391,2024-12-20T16:36:53.19518-06:00
01JFG6W5RFQPR5YPP7GJ2QMMBA,01JFG6S17MDRMQK5K2DP34Z9GF,2024-12-19T13:38:51.53584-06:00,01JFG6S18CN4W09S8QX5ES16HQ,2024-12-19T13:38:51.53584-06:00,01JFG6SBNJP4P2M6WPRXJPSV75,2024-12-19T13:38:51.53584-06:00,01JFG6T7G79FRZPMPVCQ85P8SP,2024-12-19T13:38:51.53584-06:00
01JFTD0TNFYDKHYVHA3YQTJ0QX,01JFTCSA20HPM8ZS1PVQDX9PQ8,2024-12-23T12:38:39.791853-06:00,01JFTCSA2KP7KN2A2GHPVN05XC,2024-12-23T12:38:39.791853-06:00,01JFTCYBPEW9X3ND6SNPA5GWSD,2024-12-23T12:38:39.791853-06:00,01JFTCYD2XYGFF9773VGFCF0BE,2024-12-23T12:38:39.791853-06:00
01JFTCZK0WKAF1C40SVWYB1VJD,01JFTCSA20HPM8ZS1PVQDX9PQ8,2024-12-23T12:37:59.196945-06:00,01JFTCSA2JQBHYC7YWA8BHN6T5,2024-12-23T12:37:59.196945-06:00,01JFTCW44GSBT3PR59G7XXWCGR,2024-12-23T12:37:59.196945-06:00,01JFTCWTHKRGENM9J471YGKGBA,2024-12-23T12:37:59.196945-06:00
01JFTD3SZ388CDK6TQFQ2VPZ1J,01JFTCSA20HPM8ZS1PVQDX9PQ8,2024-12-23T12:40:17.379439-06:00,01JFTCSA2KP7KN2A2GHPVN05XC,2024-12-23T12:40:17.379439-06:00,01JFTCVGRGTHDHYZR2HYY71654,2024-12-23T12:40:17.379439-06:00,01JFTCYD2YH9ZHZZMYKPFG0TPX,2024-12-23T12:40:17.379439-06:00
01JFG6S21HGGCVMSNDWK9B1JAY,01JFG6QC0921CXW5FF4967Q056,2024-12-19T13:37:09.425283-06:00,01JFG6QC12SF7XMRKQ7J4H2WNJ,2024-12-19T13:37:09.425283-06:00,01JFG6QW5WQRGYN894KFQ72ESY,2024-12-19T13:37:09.425283-06:00,01JFG6RMRXH4631AAP5PG9H6XK,2024-12-19T13:37:09.425283-06:00
01JFTCYXZDTK6EN30BXC4SBEZ0,01JFTCSA20HPM8ZS1PVQDX9PQ8,2024-12-23T12:37:37.645899-06:00,01JFTCSA2KP7KN2A2GHPVN05XC,2024-12-23T12:37:37.645899-06:00,01JFTCVGRGTHDHYZR2HYY71654,2024-12-23T12:37:37.645899-06:00,01JFTCYD2Q5NY526YX4KENMTDQ,2024-12-23T12:37:37.645899-06:00
01JFG78A531E3X0QAF65K2QABP,01JFG738MV5TW8KEPMZJG8KZ91,2024-12-19T13:45:29.251106-06:00,01JFG738NCJ8HA0GZ6DND9RMRW,2024-12-19T13:45:29.251106-06:00,01JFG73J7R43Z4XV0457CH3BF0,2024-12-19T13:45:29.251106-06:00,01JFG74E6P0D5BJKFP40F9XN22,2024-12-19T13:45:29.251106-06:00
01JFK350H9YSQNHG9V7C4FM14A,01JFK30PH3SEKT8FVFSY8D60CF,2024-12-20T16:31:30.089708-06:00,01JFK30PHPCKCV85G81HHZXFAB,2024-12-20T16:31:30.089708-06:00,01JFK3122AMTRZKF24Q65KVDFJ,2024-12-20T16:31:30.089708-06:00,01JFK33S1K9BAMXFNYGA690CJZ,2024-12-20T16:31:30.089708-06:00
01JFK38MX1KJKP6T02E5B82J08,01JFK30PH3SEKT8FVFSY8D60CF,2024-12-20T16:33:29.24957-06:00,01JFK30PHPCKCV85G81HHZXFAB,2024-12-20T16:33:29.24957-06:00,01JFK33QTMHQQ2YADW3YVA597E,2024-12-20T16:33:29.24957-06:00,01JFK33S1P0ZWRBWEEMR3N7R0J,2024-12-20T16:33:29.24957-06:00
01JFK3C2ZT0K639V0N50S3Y7DD,01JFK33E4KV3H51KCZB8N5S9WS,2024-12-20T16:35:21.978458-06:00,01JFK33E54GXVG9AEGGVBYS92W,2024-12-20T16:35:21.978458-06:00,01JFK3B3A7ECVR0JQ0T0V9ZMHG,2024-12-20T16:35:21.978458-06:00,01JFK3B4A2PBQYVCK3A98H6WCQ,2024-12-20T16:35:21.978458-06:00
01JFTCZWAGBRED5BKFGBD0S017,01JFTCSA20HPM8ZS1PVQDX9PQ8,2024-12-23T12:38:08.720785-06:00,01JFTCSA2KP7KN2A2GHPVN05XC,2024-12-23T12:38:08.720785-06:00,01JFTCYBPEW9X3ND6SNPA5GWSD,2024-12-23T12:38:08.720785-06:00,01JFTCYD2Q5NY526YX58S5WAE8,2024-12-23T12:38:08.720785-06:00
01JFG6YTWYJNZQ5BWBDYNR9H3N,01JFG6QC0921CXW5FF4967Q056,2024-12-19T13:40:18.718707-06:00,01JFG6QC12SF7XMRKQ7J4H2WNJ,2024-12-19T13:40:18.718707-06:00,01JFG6QW5WQRGYN894KFQ72ESY,2024-12-19T13:40:18.718707-06:00,01JFG6RMRYNWKPC0BN1DQ878VQ,2024-12-19T13:40:18.718707-06:00
01JFG74EMENCTCCZSR4M6YFDXM,01JFG738MV5TW8KEPMZJG8KZ91,2024-12-19T13:43:22.766127-06:00,01JFG738NCJ8HA0GZ6DND9RMRW,2024-12-19T13:43:22.766127-06:00,01JFG743WKH3HTC30MXDFW0WDH,2024-12-19T13:43:22.766127-06:00,01JFG74E6D5N900AY453W0V9J0,2024-12-19T13:43:22.766127-06:00
01JFK35SMMW43PFNGHFBC57YQ2,01JFK30PH3SEKT8FVFSY8D60CF,2024-12-20T16:31:55.796392-06:00,01JFK30PHPCKCV85G81HHZXFAB,2024-12-20T16:31:55.796392-06:00,01JFK3122AMTRZKF24Q65KVDFJ,2024-12-20T16:31:55.796392-06:00,01JFK33S1MZCWBVABXEWCF8EBX,2024-12-20T16:31:55.796392-06:00
01JFTD1GKXYMSVHPYMAKBRDQFG,01JFTCSA20HPM8ZS1PVQDX9PQ8,2024-12-23T12:39:02.269735-06:00,01JFTCSA2JQBHYC7YWA8BHN6T5,2024-12-23T12:39:02.269735-06:00,01JFTCW44GSBT3PR59G7XXWCGR,2024-12-23T12:39:02.269735-06:00,01JFTCWTHZBANC3HC7060PDATX,2024-12-23T12:39:02.269735-06:00
01JFG78E48XJV5WYR6Y7GHDCHT,01JFG74Q3TWZGNJJRN8SVZVXF6,2024-12-19T13:45:33.320689-06:00,01JFG74Q4T878VSX7X3X4TEVFY,2024-12-19T13:45:33.320689-06:00,01JFG75J96YQFV5KR1YZ37PK9Q,2024-12-19T13:45:33.320689-06:00,01JFG75ZN12161RX8GM7YBQTB7,2024-12-19T13:45:33.320689-06:00
01JFK3570TXY040V7PR03SY6D1,01JFK30PH3SEKT8FVFSY8D60CF,2024-12-20T16:31:36.730961-06:00,01JFK30PHPCKCV85G81HHZXFAB,2024-12-20T16:31:36.730961-06:00,01JFK33QTMHQQ2YADW3YVA597E,2024-12-20T16:31:36.730961-06:00,01JFK33S1MZCWBVABXEC13ET0E,2024-12-20T16:31:36.730961-06:00
01JFTCZK0XM39H7C3100Q68SCY,01JFTCSA20HPM8ZS1PVQDX9PQ8,2024-12-23T12:37:59.197371-06:00,01JFTCSA2JQBHYC7YWA8BHN6T5,2024-12-23T12:37:59.197371-06:00,01JFTCWS8H7MHE94B7HR05ZQFM,2024-12-23T12:37:59.197371-06:00,01JFTCWTHKRGENM9J471YGKGBA,2024-12-23T12:37:59.197371-06:00
01JFTD1X87RWT80ZRVGERS0J3V,01JFTCSA20HPM8ZS1PVQDX9PQ8,2024-12-23T12:39:15.207511-06:00,01JFTCSA2KP7KN2A2GHPVN05XC,2024-12-23T12:39:15.207511-06:00,01JFTCYBPEW9X3ND6SNPA5GWSD,2024-12-23T12:39:15.207511-06:00,01JFTCYD2RBJ4NS27EDA0MCBGB,2024-12-23T12:39:15.207511-06:00
01JFG6TZN52V9FFJ6SRX84ZC3A,01JFG6QC0921CXW5FF4967Q056,2024-12-19T13:38:12.517584-06:00,01JFG6QC12SF7XMRKQ7J4H2WNJ,2024-12-19T13:38:12.517584-06:00,01JFG6QPTW174VE4DDXZKDXRJ6,2024-12-19T13:38:12.517584-06:00,01JFG6RMRYNWKPC0BMYM631YDE,2024-12-19T13:38:12.517584-06:00
01JFK3C2ZSAJD2CBAEWZW32MNT,01JFK33E4KV3H51KCZB8N5S9WS,2024-12-20T16:35:21.977542-06:00,01JFK33E54GXVG9AEGGVBYS92W,2024-12-20T16:35:21.977542-06:00,01JFK34156Q5JAX22A72MNVS90,2024-12-20T16:35:21.977542-06:00,01JFK3B4A2PBQYVCK3A98H6WCQ,2024-12-20T16:35:21.977542-06:00
01JFG0YKMVHE3B9C2YFX966DAB,01JFG0FCJREX0CTAQCM25KXGZ7,2024-12-19T11:55:19.835687-06:00,01JFG0FCKBBN6NKRZP52T00QDN,2024-12-19T11:55:19.835687-06:00,01JFG0R5N0EJCE8E0QW1TQKRH2,2024-12-19T11:55:19.835687-06:00,01JFG0RT0PCS1EV1PGD4HA075Q,2024-12-19T11:55:19.835687-06:00
01JFG7ABR2C36Q3GFT93KXZSSD,01JFG74Q3TWZGNJJRN8SVZVXF6,2024-12-19T13:46:36.418941-06:00,01JFG74Q4T878VSX7X3X4TEVFY,2024-12-19T13:46:36.418941-06:00,01JFG751VFRQNSEXQ3AB6PNXZE,2024-12-19T13:46:36.418941-06:00,01JFG75ZMW00MJWP4XVSVFHFSH,2024-12-19T13:46:36.418941-06:00
01JFK3DFQVNDPD9F692S6HH8EB,01JFK33E4KV3H51KCZB8N5S9WS,2024-12-20T16:36:07.803914-06:00,01JFK33E54GXVG9AEGGVBYS92W,2024-12-20T16:36:07.803914-06:00,01JFK3B3A7ECVR0JQ0T0V9ZMHG,2024-12-20T16:36:07.803914-06:00,01JFK3B4A7NTV6RMW31MW68HRC,2024-12-20T16:36:07.803914-06:00
01JFK36R6RBHAC55H30JD82G8C,01JFK30PH3SEKT8FVFSY8D60CF,2024-12-20T16:32:27.096709-06:00,01JFK30PHPCKCV85G81HHZXFAB,2024-12-20T16:32:27.096709-06:00,01JFK3122AMTRZKF24Q65KVDFJ,2024-12-20T16:32:27.096709-06:00,01JFK33S1Q1DPV70M0RMN0BX76,2024-12-20T16:32:27.096709-06:00
