id,batchID,batchIDLastChangedAt,gameID,gameIDLastChangedAt,playerID,playerIDLastChangedAt,roundID,roundIDLastChangedAt,stageID,stageIDLastChangedAt,submit,submitLastChangedAt
01JFG0JAKD3FXREBQ1MCGMVA4Y,01JFG0D3V0MVAGGZPMBD2CTE5E,2024-12-19T11:48:37.357993-06:00,01JFG0D3VKMADYW0PGQ4ZW6MX2,2024-12-19T11:48:37.357993-06:00,01JFG0D7MSZ09W7EWY0Q08AZ0J,2024-12-19T11:48:37.357993-06:00,01JFG0DYSR1SAWZYJ4GT23NQSX,2024-12-19T11:48:37.357993-06:00,01JFG0DYV15V67P2QBM0KDWNQ4,2024-12-19T11:48:37.357993-06:00,,
01JFG0M578CGYNQ5K8B772XRES,01JFG0D3V0MVAGGZPMBD2CTE5E,2024-12-19T11:49:37.38461-06:00,01JFG0D3VKMADYW0PGQ4ZW6MX2,2024-12-19T11:49:37.38461-06:00,01JFG0D7MSZ09W7EWY0Q08AZ0J,2024-12-19T11:49:37.38461-06:00,01JFG0DYSR1SAWZYJ4GT23NQSX,2024-12-19T11:49:37.38461-06:00,01JFG0DYV15V67P2QBMGEKAG03,2024-12-19T11:49:37.38461-06:00,,
01JFG0WK2YW8F0D5WP7YQA4323,01JFG0FCJREX0CTAQCM25KXGZ7,2024-12-19T11:54:13.726253-06:00,01JFG0FCKBBN6NKRZP52T00QDN,2024-12-19T11:54:13.726253-06:00,01JFG0FQFEGTCV9C24GCYXQJYK,2024-12-19T11:54:13.726253-06:00,01JFG0RT0FR86XER1VDM9SEVAN,2024-12-19T11:54:13.726253-06:00,01JFG0RT1HQ2E74482JH86Z0MR,2024-12-19T11:54:13.726253-06:00,,
01JFK3DEQHVN107SK3W7HMBNCK,01JFK33E4KV3H51KCZB8N5S9WS,2024-12-20T16:36:06.769883-06:00,01JFK33E54GXVG9AEGGVBYS92W,2024-12-20T16:36:06.769883-06:00,01JFK3B3A7ECVR0JQ0T0V9ZMHG,2024-12-20T16:36:06.769883-06:00,01JFK3B4A6EWJDWEB7F4GBQ7DS,2024-12-20T16:36:06.769883-06:00,01JFK3B4B9V8MEEHFGY3EMVXF1,2024-12-20T16:36:06.769883-06:00,,
01JFTD1R0EVB9RASCVE4G9NH9R,01JFTCSA20HPM8ZS1PVQDX9PQ8,2024-12-23T12:39:09.838922-06:00,01JFTCSA2KP7KN2A2GHPVN05XC,2024-12-23T12:39:09.838922-06:00,01JFTCVGRGTHDHYZR2HYY71654,2024-12-23T12:39:09.838922-06:00,01JFTCYD2XYGFF9773VGFCF0BE,2024-12-23T12:39:09.838922-06:00,01JFTCYD49QN1EWYDVHFTY6Q7A,2024-12-23T12:39:09.838922-06:00,,
01JFTCYWZ38W9R7W082KGXVA65,01JFTCSA20HPM8ZS1PVQDX9PQ8,2024-12-23T12:37:36.611692-06:00,01JFTCSA2KP7KN2A2GHPVN05XC,2024-12-23T12:37:36.611692-06:00,01JFTCYBPEW9X3ND6SNPA5GWSD,2024-12-23T12:37:36.611692-06:00,01JFTCYD2RBJ4NS27ECHK13CF9,2024-12-23T12:37:36.611692-06:00,01JFTCYD3WBAR4EKZAWZAQZVF8,2024-12-23T12:37:36.611692-06:00,,
01JFG0RTV3Z7XAEVA5TS4CVTMZ,01JFG0FCJREX0CTAQCM25KXGZ7,2024-12-19T11:52:10.595885-06:00,01JFG0FCKBBN6NKRZP52T00QDN,2024-12-19T11:52:10.595885-06:00,01JFG0FQFEGTCV9C24GCYXQJYK,2024-12-19T11:52:10.595885-06:00,01JFG0RT09RKV5YB9XSJJR2KMX,2024-12-19T11:52:10.595885-06:00,01JFG0RT1BE36BG2FDMYQH8KJW,2024-12-19T11:52:10.595885-06:00,,
01JFG0TNF7H9K2AMEST666MAM4,01JFG0FCJREX0CTAQCM25KXGZ7,2024-12-19T11:53:10.631189-06:00,01JFG0FCKBBN6NKRZP52T00QDN,2024-12-19T11:53:10.631189-06:00,01JFG0R5N0EJCE8E0QW1TQKRH2,2024-12-19T11:53:10.631189-06:00,01JFG0RT09RKV5YB9XSJJR2KMX,2024-12-19T11:53:10.631189-06:00,01JFG0RT1BE36BG2FDNKT05GN1,2024-12-19T11:53:10.631189-06:00,,
01JFG6Y0D5EZBRJ1PC6G9ANAVA,01JFG6S17MDRMQK5K2DP34Z9GF,2024-12-19T13:39:51.589104-06:00,01JFG6S18CN4W09S8QX5ES16HQ,2024-12-19T13:39:51.589104-06:00,01JFG6SGC9GNKPH546S5S8CHKS,2024-12-19T13:39:51.589104-06:00,01JFG6T7G79FRZPMPVCQ85P8SP,2024-12-19T13:39:51.589104-06:00,01JFG6T7H8R5WBKQ7MJRF44BX5,2024-12-19T13:39:51.589104-06:00,,
01JFG6ZY0S6C5ABR8J75F7REYG,01JFG6S17MDRMQK5K2DP34Z9GF,2024-12-19T13:40:54.681201-06:00,01JFG6S18CN4W09S8QX5ES16HQ,2024-12-19T13:40:54.681201-06:00,01JFG6SBNJP4P2M6WPRXJPSV75,2024-12-19T13:40:54.681201-06:00,01JFG6T7GE1AYNJRPC01DCYQBA,2024-12-19T13:40:54.681201-06:00,01JFG6T7HBH583FJYTACB5GDKS,2024-12-19T13:40:54.681201-06:00,,
01JFK35SN1Q1AMZE0YJVP9P933,01JFK30PH3SEKT8FVFSY8D60CF,2024-12-20T16:31:55.809209-06:00,01JFK30PHPCKCV85G81HHZXFAB,2024-12-20T16:31:55.809209-06:00,01JFK33QTMHQQ2YADW3YVA597E,2024-12-20T16:31:55.809209-06:00,01JFK33S1MZCWBVABXEWCF8EBX,2024-12-20T16:31:55.809209-06:00,01JFK33S36YH0MKAFJQR08TPX3,2024-12-20T16:31:55.809209-06:00,true,2024-12-20T16:32:00.807354-06:00
01JFTCYKVS71Q40SDMTHXPE0QQ,01JFTCSA20HPM8ZS1PVQDX9PQ8,2024-12-23T12:37:27.289173-06:00,01JFTCSA2KP7KN2A2GHPVN05XC,2024-12-23T12:37:27.289173-06:00,01JFTCVGRGTHDHYZR2HYY71654,2024-12-23T12:37:27.289173-06:00,01JFTCYD2N44853H42FWJPTDWN,2024-12-23T12:37:27.289173-06:00,01JFTCYD3ABD5HB3KGY6Y8SPC1,2024-12-23T12:37:27.289173-06:00,,
01JFTCYMWKFT154140ZHPJFZ09,01JFTCSA20HPM8ZS1PVQDX9PQ8,2024-12-23T12:37:28.339149-06:00,01JFTCSA2KP7KN2A2GHPVN05XC,2024-12-23T12:37:28.339149-06:00,01JFTCVGRGTHDHYZR2HYY71654,2024-12-23T12:37:28.339149-06:00,01JFTCYD2PABJPYGK0GXWED0XJ,2024-12-23T12:37:28.339149-06:00,01JFTCYD3G6HV3XXPY0X77ZAKS,2024-12-23T12:37:28.339149-06:00,true,2024-12-23T12:37:32.083901-06:00
01JFTCZK15AS7FSCQC9SXY3SQ5,01JFTCSA20HPM8ZS1PVQDX9PQ8,2024-12-23T12:37:59.205298-06:00,01JFTCSA2JQBHYC7YWA8BHN6T5,2024-12-23T12:37:59.205298-06:00,01JFTCW44GSBT3PR59G7XXWCGR,2024-12-23T12:37:59.205298-06:00,01JFTCWTHKRGENM9J471YGKGBA,2024-12-23T12:37:59.205298-06:00,01JFTCWTK5FWD4AMCT6YNAYT0Q,2024-12-23T12:37:59.205298-06:00,,
01JFG0M579KZPKTKH0WQK3AWCC,01JFG0D3V0MVAGGZPMBD2CTE5E,2024-12-19T11:49:37.385153-06:00,01JFG0D3VKMADYW0PGQ4ZW6MX2,2024-12-19T11:49:37.385153-06:00,01JFG0DMQ791QR765QJNTD7TEF,2024-12-19T11:49:37.385153-06:00,01JFG0DYSR1SAWZYJ4GT23NQSX,2024-12-19T11:49:37.385153-06:00,01JFG0DYV15V67P2QBMGEKAG03,2024-12-19T11:49:37.385153-06:00,,
01JFG10E8V0GXPMFBWKAFZ4JTB,01JFG0FCJREX0CTAQCM25KXGZ7,2024-12-19T11:56:19.867884-06:00,01JFG0FCKBBN6NKRZP52T00QDN,2024-12-19T11:56:19.867884-06:00,01JFG0R5N0EJCE8E0QW1TQKRH2,2024-12-19T11:56:19.867884-06:00,01JFG0RT0PCS1EV1PGD4HA075Q,2024-12-19T11:56:19.867884-06:00,01JFG0RT1SQ5CQMD83ZWS0MRT3,2024-12-19T11:56:19.867884-06:00,,
01JFG6RN8AX5VVYJN5RBMJSEQN,01JFG6QC0921CXW5FF4967Q056,2024-12-19T13:36:56.330273-06:00,01JFG6QC12SF7XMRKQ7J4H2WNJ,2024-12-19T13:36:56.330273-06:00,01JFG6QW5WQRGYN894KFQ72ESY,2024-12-19T13:36:56.330273-06:00,01JFG6RMRVZP6APGBEFZWAYED8,2024-12-19T13:36:56.330273-06:00,01JFG6RMS3TPATJFBN32DKCHA9,2024-12-19T13:36:56.330273-06:00,true,2024-12-19T13:37:06.344548-06:00
01JFTD0TP11TXRRHWYA24VNE5P,01JFTCSA20HPM8ZS1PVQDX9PQ8,2024-12-23T12:38:39.809669-06:00,01JFTCSA2KP7KN2A2GHPVN05XC,2024-12-23T12:38:39.809669-06:00,01JFTCVGRGTHDHYZR2HYY71654,2024-12-23T12:38:39.809669-06:00,01JFTCYD2XYGFF9773VGFCF0BE,2024-12-23T12:38:39.809669-06:00,01JFTCYD49QN1EWYDVH29NZVZ0,2024-12-23T12:38:39.809669-06:00,,
01JFG6TZNHHG93D29XKWZNHVJ2,01JFG6QC0921CXW5FF4967Q056,2024-12-19T13:38:12.529278-06:00,01JFG6QC12SF7XMRKQ7J4H2WNJ,2024-12-19T13:38:12.529278-06:00,01JFG6QW5WQRGYN894KFQ72ESY,2024-12-19T13:38:12.529278-06:00,01JFG6RMRYNWKPC0BMYM631YDE,2024-12-19T13:38:12.529278-06:00,01JFG6RMT1MR39EXSA8WT399EZ,2024-12-19T13:38:12.529278-06:00,,
01JFK36E23S7ABHMNJ651NNPSZ,01JFK30PH3SEKT8FVFSY8D60CF,2024-12-20T16:32:16.707375-06:00,01JFK30PHPCKCV85G81HHZXFAB,2024-12-20T16:32:16.707375-06:00,01JFK33QTMHQQ2YADW3YVA597E,2024-12-20T16:32:16.707375-06:00,01JFK33S1P0ZWRBWEENMGMF2W9,2024-12-20T16:32:16.707375-06:00,01JFK33S3DM7NTSS4E8E51YW1B,2024-12-20T16:32:16.707375-06:00,,
01JFK3B4MP6H7B0GMWT92BKF3V,01JFK33E4KV3H51KCZB8N5S9WS,2024-12-20T16:34:50.902593-06:00,01JFK33E54GXVG9AEGGVBYS92W,2024-12-20T16:34:50.902593-06:00,01JFK3B3A7ECVR0JQ0T0V9ZMHG,2024-12-20T16:34:50.902593-06:00,01JFK3B4A3T4G7TFDYPNF6MKMB,2024-12-20T16:34:50.902593-06:00,01JFK3B4APMZWJEQGCMQ6AMRYW,2024-12-20T16:34:50.902593-06:00,,
01JFK3FSDAZS10BW6CVRG3E9AR,01JFK33E4KV3H51KCZB8N5S9WS,2024-12-20T16:37:23.242502-06:00,01JFK33E54GXVG9AEGGVBYS92W,2024-12-20T16:37:23.242502-06:00,01JFK3B3A7ECVR0JQ0T0V9ZMHG,2024-12-20T16:37:23.242502-06:00,01JFK3B4A5P3SDD5SHB0G5B391,2024-12-20T16:37:23.242502-06:00,01JFK3B4BN3GXBMY6GZEE6TG31,2024-12-20T16:37:23.242502-06:00,,
01JFG0DZJYJTBA2SH090BCW7Y5,01JFG0D3V0MVAGGZPMBD2CTE5E,2024-12-19T11:46:15.00675-06:00,01JFG0D3VKMADYW0PGQ4ZW6MX2,2024-12-19T11:46:15.00675-06:00,01JFG0DMQ791QR765QJNTD7TEF,2024-12-19T11:46:15.00675-06:00,01JFG0DYSEDM64K5AYETTA3RVC,2024-12-19T11:46:15.00675-06:00,01JFG0DYT3H8KA23S3GGVV4YTT,2024-12-19T11:46:15.00675-06:00,true,2024-12-19T11:46:21.78524-06:00
01JFG0J7M9A8NVSFRNFSZ365JG,01JFG0D3V0MVAGGZPMBD2CTE5E,2024-12-19T11:48:34.313544-06:00,01JFG0D3VKMADYW0PGQ4ZW6MX2,2024-12-19T11:48:34.313544-06:00,01JFG0DMQ791QR765QJNTD7TEF,2024-12-19T11:48:34.313544-06:00,01JFG0DYSMCGK45S0DKTV0X9VS,2024-12-19T11:48:34.313544-06:00,01JFG0DYTY16Y8D0B17Y2N89S7,2024-12-19T11:48:34.313544-06:00,,
01JFG6W5RSBTVEYJ1RJ9XG37WA,01JFG6S17MDRMQK5K2DP34Z9GF,2024-12-19T13:38:51.545906-06:00,01JFG6S18CN4W09S8QX5ES16HQ,2024-12-19T13:38:51.545906-06:00,01JFG6SBNJP4P2M6WPRXJPSV75,2024-12-19T13:38:51.545906-06:00,01JFG6T7G79FRZPMPVCQ85P8SP,2024-12-19T13:38:51.545906-06:00,01JFG6T7H8R5WBKQ7MJ3XKBZGP,2024-12-19T13:38:51.545906-06:00,,
01JFG6ZY0S6C5ABR8J7FTMDHDJ,01JFG6S17MDRMQK5K2DP34Z9GF,2024-12-19T13:40:54.681854-06:00,01JFG6S18CN4W09S8QX5ES16HQ,2024-12-19T13:40:54.681854-06:00,01JFG6SGC9GNKPH546S5S8CHKS,2024-12-19T13:40:54.681854-06:00,01JFG6T7GE1AYNJRPC01DCYQBA,2024-12-19T13:40:54.681854-06:00,01JFG6T7HBH583FJYTACB5GDKS,2024-12-19T13:40:54.681854-06:00,,
01JFG7A8RRCEHN0V2EHWWB4HAP,01JFG74Q3TWZGNJJRN8SVZVXF6,2024-12-19T13:46:33.368967-06:00,01JFG74Q4T878VSX7X3X4TEVFY,2024-12-19T13:46:33.368967-06:00,01JFG75J96YQFV5KR1YZ37PK9Q,2024-12-19T13:46:33.368967-06:00,01JFG75ZN12161RX8GM7YBQTB7,2024-12-19T13:46:33.368967-06:00,01JFG75ZNXPHXQ73M8GWZQTMVG,2024-12-19T13:46:33.368967-06:00,,
01JFTD1X8QGQGP10J38VJ0FAW5,01JFTCSA20HPM8ZS1PVQDX9PQ8,2024-12-23T12:39:15.223277-06:00,01JFTCSA2KP7KN2A2GHPVN05XC,2024-12-23T12:39:15.223277-06:00,01JFTCYBPEW9X3ND6SNPA5GWSD,2024-12-23T12:39:15.223277-06:00,01JFTCYD2RBJ4NS27EDA0MCBGB,2024-12-23T12:39:15.223277-06:00,01JFTCYD4HH3GK2YNJ131FKZYC,2024-12-23T12:39:15.223277-06:00,,
01JFG6W2S5JCFS3M0ZTGWBAYBV,01JFG6S17MDRMQK5K2DP34Z9GF,2024-12-19T13:38:48.485973-06:00,01JFG6S18CN4W09S8QX5ES16HQ,2024-12-19T13:38:48.485973-06:00,01JFG6SBNJP4P2M6WPRXJPSV75,2024-12-19T13:38:48.485973-06:00,01JFG6T7G4Z3MY6VGTR0N2WEV2,2024-12-19T13:38:48.485973-06:00,01JFG6T7H3BBJ85VX6W65V4X5D,2024-12-19T13:38:48.485973-06:00,,
01JFG0M86J616XYDMJVF0HTCV0,01JFG0D3V0MVAGGZPMBD2CTE5E,2024-12-19T11:49:40.434646-06:00,01JFG0D3VKMADYW0PGQ4ZW6MX2,2024-12-19T11:49:40.434646-06:00,01JFG0DMQ791QR765QJNTD7TEF,2024-12-19T11:49:40.434646-06:00,01JFG0DYSNNRDCAMV3F1HEDKKG,2024-12-19T11:49:40.434646-06:00,01JFG0DYV4NEJHWT1MXGWPXEXB,2024-12-19T11:49:40.434646-06:00,,
01JFG6WX9GVK3HTSAF5BPDJR83,01JFG6QC0921CXW5FF4967Q056,2024-12-19T13:39:15.632633-06:00,01JFG6QC12SF7XMRKQ7J4H2WNJ,2024-12-19T13:39:15.632633-06:00,01JFG6QPTW174VE4DDXZKDXRJ6,2024-12-19T13:39:15.632633-06:00,01JFG6RMRYNWKPC0BMXSWMS6SM,2024-12-19T13:39:15.632633-06:00,01JFG6RMT4QKBQF9XEDXBBX3BB,2024-12-19T13:39:15.632633-06:00,,
01JFK37PJACTXDGRCBC6F1V09R,01JFK30PH3SEKT8FVFSY8D60CF,2024-12-20T16:32:58.186966-06:00,01JFK30PHPCKCV85G81HHZXFAB,2024-12-20T16:32:58.186966-06:00,01JFK3122AMTRZKF24Q65KVDFJ,2024-12-20T16:32:58.186966-06:00,01JFK33S1P0ZWRBWEEPH5EGFSP,2024-12-20T16:32:58.186966-06:00,01JFK33S3QRA5WW8DRJWRNQ5J8,2024-12-20T16:32:58.186966-06:00,,
01JFTD58V6JY1TZJMD8HNKE306,01JFTCSA20HPM8ZS1PVQDX9PQ8,2024-12-23T12:41:05.382487-06:00,01JFTCSA2JQBHYC7YWA8BHN6T5,2024-12-23T12:41:05.382487-06:00,01JFTCW44GSBT3PR59G7XXWCGR,2024-12-23T12:41:05.382487-06:00,01JFTCWTHJKC1WM3JAF13GD7KE,2024-12-23T12:41:05.382487-06:00,01JFTCWTKE452K1A0NVG4Q0G77,2024-12-23T12:41:05.382487-06:00,,
01JFG0GD0DDQGHYDJQV8ZZ9VH8,01JFG0D3V0MVAGGZPMBD2CTE5E,2024-12-19T11:47:34.285187-06:00,01JFG0D3VKMADYW0PGQ4ZW6MX2,2024-12-19T11:47:34.285187-06:00,01JFG0DMQ791QR765QJNTD7TEF,2024-12-19T11:47:34.285187-06:00,01JFG0DYSMCGK45S0DKTV0X9VS,2024-12-19T11:47:34.285187-06:00,01JFG0DYTY16Y8D0B17DQQXC30,2024-12-19T11:47:34.285187-06:00,,
01JFG78E4HM9GT8ZQTJ7D0K7MQ,01JFG74Q3TWZGNJJRN8SVZVXF6,2024-12-19T13:45:33.32937-06:00,01JFG74Q4T878VSX7X3X4TEVFY,2024-12-19T13:45:33.32937-06:00,01JFG751VFRQNSEXQ3AB6PNXZE,2024-12-19T13:45:33.32937-06:00,01JFG75ZN12161RX8GM7YBQTB7,2024-12-19T13:45:33.32937-06:00,01JFG75ZNW3VFBK1VHHSYCJGZJ,2024-12-19T13:45:33.32937-06:00,,
01JFG0TNF62VFH21T3P8T6ZSKT,01JFG0FCJREX0CTAQCM25KXGZ7,2024-12-19T11:53:10.630976-06:00,01JFG0FCKBBN6NKRZP52T00QDN,2024-12-19T11:53:10.630976-06:00,01JFG0FQFEGTCV9C24GCYXQJYK,2024-12-19T11:53:10.630976-06:00,01JFG0RT09RKV5YB9XSJJR2KMX,2024-12-19T11:53:10.630976-06:00,01JFG0RT1BE36BG2FDNKT05GN1,2024-12-19T11:53:10.630976-06:00,,
01JFG0YKN1M5MEKE5NNVK968N2,01JFG0FCJREX0CTAQCM25KXGZ7,2024-12-19T11:55:19.841769-06:00,01JFG0FCKBBN6NKRZP52T00QDN,2024-12-19T11:55:19.841769-06:00,01JFG0R5N0EJCE8E0QW1TQKRH2,2024-12-19T11:55:19.841769-06:00,01JFG0RT0PCS1EV1PGD4HA075Q,2024-12-19T11:55:19.841769-06:00,01JFG0RT1SQ5CQMD83Z10BJ2ZM,2024-12-19T11:55:19.841769-06:00,,
01JFG6YQXPZC6DFZ5FSAXF03Z0,01JFG6QC0921CXW5FF4967Q056,2024-12-19T13:40:15.670833-06:00,01JFG6QC12SF7XMRKQ7J4H2WNJ,2024-12-19T13:40:15.670833-06:00,01JFG6QPTW174VE4DDXZKDXRJ6,2024-12-19T13:40:15.670833-06:00,01JFG6RMRYNWKPC0BMXSWMS6SM,2024-12-19T13:40:15.670833-06:00,01JFG6RMT4QKBQF9XEEQ5K2G2F,2024-12-19T13:40:15.670833-06:00,,
01JFK35J0V9HGQWCA2RHS3GW8B,01JFK30PH3SEKT8FVFSY8D60CF,2024-12-20T16:31:47.995704-06:00,01JFK30PHPCKCV85G81HHZXFAB,2024-12-20T16:31:47.995704-06:00,01JFK3122AMTRZKF24Q65KVDFJ,2024-12-20T16:31:47.995704-06:00,01JFK33S1NMWEB2YFE69RV4Y8S,2024-12-20T16:31:47.995704-06:00,01JFK33S2Z41STH1JQJP9PYPC5,2024-12-20T16:31:47.995704-06:00,,
01JFK3C305EWZ10TC2BZERFPKF,01JFK33E4KV3H51KCZB8N5S9WS,2024-12-20T16:35:21.989993-06:00,01JFK33E54GXVG9AEGGVBYS92W,2024-12-20T16:35:21.989993-06:00,01JFK3B3A7ECVR0JQ0T0V9ZMHG,2024-12-20T16:35:21.989993-06:00,01JFK3B4A2PBQYVCK3A98H6WCQ,2024-12-20T16:35:21.989993-06:00,01JFK3B4B24AETEQSS5WGTD5SD,2024-12-20T16:35:21.989993-06:00,,
01JFTD2TK7FCE1CKB4PYVXQ5YS,01JFTCSA20HPM8ZS1PVQDX9PQ8,2024-12-23T12:39:45.255343-06:00,01JFTCSA2KP7KN2A2GHPVN05XC,2024-12-23T12:39:45.255343-06:00,01JFTCYBPEW9X3ND6SNPA5GWSD,2024-12-23T12:39:45.255343-06:00,01JFTCYD2RBJ4NS27EDA0MCBGB,2024-12-23T12:39:45.255343-06:00,01JFTCYD4JBREHFZJ3502474SH,2024-12-23T12:39:45.255343-06:00,,
01JFG0E96XY4VZX515XM77QTG8,01JFG0D3V0MVAGGZPMBD2CTE5E,2024-12-19T11:46:24.861778-06:00,01JFG0D3VKMADYW0PGQ4ZW6MX2,2024-12-19T11:46:24.861778-06:00,01JFG0DMQ791QR765QJNTD7TEF,2024-12-19T11:46:24.861778-06:00,01JFG0DYSJ1SGSBF8DXFPE50EZ,2024-12-19T11:46:24.861778-06:00,01JFG0DYTRMP7TH30FA94WBZCN,2024-12-19T11:46:24.861778-06:00,true,2024-12-19T11:46:28.145694-06:00
01JFG6RZ282XZNVNSG393PT926,01JFG6QC0921CXW5FF4967Q056,2024-12-19T13:37:06.376935-06:00,01JFG6QC12SF7XMRKQ7J4H2WNJ,2024-12-19T13:37:06.376935-06:00,01JFG6QPTW174VE4DDXZKDXRJ6,2024-12-19T13:37:06.376935-06:00,01JFG6RMRVZP6APGBEFZWAYED8,2024-12-19T13:37:06.376935-06:00,01JFG6RMS3TPATJFBN3T70ZTN9,2024-12-19T13:37:06.376935-06:00,,
01JFG7A7SCGMTYKKS9KW5MNDA4,01JFG738MV5TW8KEPMZJG8KZ91,2024-12-19T13:46:32.364779-06:00,01JFG738NCJ8HA0GZ6DND9RMRW,2024-12-19T13:46:32.364779-06:00,01JFG73J7R43Z4XV0457CH3BF0,2024-12-19T13:46:32.364779-06:00,01JFG74E6KAFQYR8DFSD6QX4D1,2024-12-19T13:46:32.364779-06:00,01JFG74E7VSMMDN6FGG5MR04FN,2024-12-19T13:46:32.364779-06:00,,
01JFK35719187C46F6HWGYFZ5N,01JFK30PH3SEKT8FVFSY8D60CF,2024-12-20T16:31:36.745229-06:00,01JFK30PHPCKCV85G81HHZXFAB,2024-12-20T16:31:36.745229-06:00,01JFK3122AMTRZKF24Q65KVDFJ,2024-12-20T16:31:36.745229-06:00,01JFK33S1MZCWBVABXEC13ET0E,2024-12-20T16:31:36.745229-06:00,01JFK33S2QDPZHHMMMV15G5RXK,2024-12-20T16:31:36.745229-06:00,true,2024-12-20T16:31:41.233186-06:00
01JFK3C305EWZ10TC2BKT6802S,01JFK33E4KV3H51KCZB8N5S9WS,2024-12-20T16:35:21.989179-06:00,01JFK33E54GXVG9AEGGVBYS92W,2024-12-20T16:35:21.989179-06:00,01JFK34156Q5JAX22A72MNVS90,2024-12-20T16:35:21.989179-06:00,01JFK3B4A2PBQYVCK3A98H6WCQ,2024-12-20T16:35:21.989179-06:00,01JFK3B4B24AETEQSS5WGTD5SD,2024-12-20T16:35:21.989179-06:00,,
01JFG6Y0D4HS5NNCZ9WZ7B8MPH,01JFG6S17MDRMQK5K2DP34Z9GF,2024-12-19T13:39:51.588586-06:00,01JFG6S18CN4W09S8QX5ES16HQ,2024-12-19T13:39:51.588586-06:00,01JFG6SBNJP4P2M6WPRXJPSV75,2024-12-19T13:39:51.588586-06:00,01JFG6T7G79FRZPMPVCQ85P8SP,2024-12-19T13:39:51.588586-06:00,01JFG6T7H8R5WBKQ7MJRF44BX5,2024-12-19T13:39:51.588586-06:00,,
01JFK3DFR7AN8C043PGFBZA2H8,01JFK33E4KV3H51KCZB8N5S9WS,2024-12-20T16:36:07.815702-06:00,01JFK33E54GXVG9AEGGVBYS92W,2024-12-20T16:36:07.815702-06:00,01JFK34156Q5JAX22A72MNVS90,2024-12-20T16:36:07.815702-06:00,01JFK3B4A7NTV6RMW31MW68HRC,2024-12-20T16:36:07.815702-06:00,01JFK3B4BD7QPS03AP0AM0GYTP,2024-12-20T16:36:07.815702-06:00,true,2024-12-20T16:36:21.04308-06:00
01JFTCXNEPGF4PY8BM1JWWKS1E,01JFTCSA20HPM8ZS1PVQDX9PQ8,2024-12-23T12:36:56.150105-06:00,01JFTCSA2JQBHYC7YWA8BHN6T5,2024-12-23T12:36:56.150105-06:00,01JFTCWS8H7MHE94B7HR05ZQFM,2024-12-23T12:36:56.150105-06:00,01JFTCWTHH1FWSF7T437E4PDT6,2024-12-23T12:36:56.150105-06:00,01JFTCWTK1TT7DVJXD3ZW1TZZG,2024-12-23T12:36:56.150105-06:00,,
01JFTD0TP06NRV6WRJ03GVGT2F,01JFTCSA20HPM8ZS1PVQDX9PQ8,2024-12-23T12:38:39.808428-06:00,01JFTCSA2KP7KN2A2GHPVN05XC,2024-12-23T12:38:39.808428-06:00,01JFTCYBPEW9X3ND6SNPA5GWSD,2024-12-23T12:38:39.808428-06:00,01JFTCYD2XYGFF9773VGFCF0BE,2024-12-23T12:38:39.808428-06:00,01JFTCYD49QN1EWYDVH29NZVZ0,2024-12-23T12:38:39.808428-06:00,,
01JFTD1S1BQS5NTVK5TJE8T089,01JFTCSA20HPM8ZS1PVQDX9PQ8,2024-12-23T12:39:10.891981-06:00,01JFTCSA2KP7KN2A2GHPVN05XC,2024-12-23T12:39:10.891981-06:00,01JFTCVGRGTHDHYZR2HYY71654,2024-12-23T12:39:10.891981-06:00,01JFTCYD2XYGFF9773WB3NCD8E,2024-12-23T12:39:10.891981-06:00,01JFTCYD4DX047KEM05N7323J1,2024-12-23T12:39:10.891981-06:00,true,2024-12-23T12:39:14.144234-06:00
01JFTD1W7VZ7VKQHYRF921RF4Q,01JFTCSA20HPM8ZS1PVQDX9PQ8,2024-12-23T12:39:14.171804-06:00,01JFTCSA2KP7KN2A2GHPVN05XC,2024-12-23T12:39:14.171804-06:00,01JFTCVGRGTHDHYZR2HYY71654,2024-12-23T12:39:14.171804-06:00,01JFTCYD2XYGFF9773WB3NCD8E,2024-12-23T12:39:14.171804-06:00,01JFTCYD4ESFKM9DK1FAAZAZ5R,2024-12-23T12:39:14.171804-06:00,,
01JFG7875RV8DWMDHFRBZ6D4PF,01JFG738MV5TW8KEPMZJG8KZ91,2024-12-19T13:45:26.200169-06:00,01JFG738NCJ8HA0GZ6DND9RMRW,2024-12-19T13:45:26.200169-06:00,01JFG73J7R43Z4XV0457CH3BF0,2024-12-19T13:45:26.200169-06:00,01JFG74E6G7ENGSD8V9MQKAMJT,2024-12-19T13:45:26.200169-06:00,01JFG74E7NYE81Z2ZR1NAHP2KR,2024-12-19T13:45:26.200169-06:00,,
01JFG7ABRCT0DNQ3ZJ482GG0FM,01JFG74Q3TWZGNJJRN8SVZVXF6,2024-12-19T13:46:36.428517-06:00,01JFG74Q4T878VSX7X3X4TEVFY,2024-12-19T13:46:36.428517-06:00,01JFG751VFRQNSEXQ3AB6PNXZE,2024-12-19T13:46:36.428517-06:00,01JFG75ZMW00MJWP4XVSVFHFSH,2024-12-19T13:46:36.428517-06:00,01JFG75ZP0BFNABKKZZJ4VYXGY,2024-12-19T13:46:36.428517-06:00,,
01JFK350HKPYF8K6DDSTMT0KMD,01JFK30PH3SEKT8FVFSY8D60CF,2024-12-20T16:31:30.099446-06:00,01JFK30PHPCKCV85G81HHZXFAB,2024-12-20T16:31:30.099446-06:00,01JFK3122AMTRZKF24Q65KVDFJ,2024-12-20T16:31:30.099446-06:00,01JFK33S1K9BAMXFNYGA690CJZ,2024-12-20T16:31:30.099446-06:00,01JFK33S2EV6V5WCV69QVY6YMT,2024-12-20T16:31:30.099446-06:00,true,2024-12-20T16:31:35.669281-06:00
01JFK35ZJY2Y7WGEY92QP358Z6,01JFK30PH3SEKT8FVFSY8D60CF,2024-12-20T16:32:01.886879-06:00,01JFK30PHPCKCV85G81HHZXFAB,2024-12-20T16:32:01.886879-06:00,01JFK33QTMHQQ2YADW3YVA597E,2024-12-20T16:32:01.886879-06:00,01JFK33S1MZCWBVABXDJPPSW68,2024-12-20T16:32:01.886879-06:00,01JFK33S3AG221QQQE4XN34KMK,2024-12-20T16:32:01.886879-06:00,true,2024-12-20T16:32:07.210153-06:00
01JFK34ZGTHHP6DBA7P0S6PVDG,01JFK30PH3SEKT8FVFSY8D60CF,2024-12-20T16:31:29.050514-06:00,01JFK30PHPCKCV85G81HHZXFAB,2024-12-20T16:31:29.050514-06:00,01JFK3122AMTRZKF24Q65KVDFJ,2024-12-20T16:31:29.050514-06:00,01JFK33S1K9BAMXFNYFGEMEVZJ,2024-12-20T16:31:29.050514-06:00,01JFK33S2A498M8GS559XEJ0XP,2024-12-20T16:31:29.050514-06:00,,
01JFK37NHNVG8BSBE9T89N5PDW,01JFK30PH3SEKT8FVFSY8D60CF,2024-12-20T16:32:57.141101-06:00,01JFK30PHPCKCV85G81HHZXFAB,2024-12-20T16:32:57.141101-06:00,01JFK3122AMTRZKF24Q65KVDFJ,2024-12-20T16:32:57.141101-06:00,01JFK33S1Q1DPV70M0RMN0BX76,2024-12-20T16:32:57.141101-06:00,01JFK33S3MWXQWFB5A9RMJ6BYF,2024-12-20T16:32:57.141101-06:00,,
01JFG76GGR33PYCA5BNBM1YSJV,01JFG74Q3TWZGNJJRN8SVZVXF6,2024-12-19T13:44:30.232069-06:00,01JFG74Q4T878VSX7X3X4TEVFY,2024-12-19T13:44:30.232069-06:00,01JFG751VFRQNSEXQ3AB6PNXZE,2024-12-19T13:44:30.232069-06:00,01JFG75ZMMDVYR309WEHXX88K7,2024-12-19T13:44:30.232069-06:00,01JFG75ZNSHFFENT0M65Y4H6M0,2024-12-19T13:44:30.232069-06:00,,
01JFTD3SZDC2KX21ZGJA29CDPK,01JFTCSA20HPM8ZS1PVQDX9PQ8,2024-12-23T12:40:17.389679-06:00,01JFTCSA2KP7KN2A2GHPVN05XC,2024-12-23T12:40:17.389679-06:00,01JFTCYBPEW9X3ND6SNPA5GWSD,2024-12-23T12:40:17.389679-06:00,01JFTCYD2YH9ZHZZMYKPFG0TPX,2024-12-23T12:40:17.389679-06:00,01JFTCYD4STXGKVCV08C0GX23S,2024-12-23T12:40:17.389679-06:00,,
01JFG769HSQMGGPD6EKWJFP7N9,01JFG738MV5TW8KEPMZJG8KZ91,2024-12-19T13:44:23.097164-06:00,01JFG738NCJ8HA0GZ6DND9RMRW,2024-12-19T13:44:23.097164-06:00,01JFG73J7R43Z4XV0457CH3BF0,2024-12-19T13:44:23.097164-06:00,01JFG74E6D5N900AY453W0V9J0,2024-12-19T13:44:23.097164-06:00,01JFG74E73JRKFMG9N6FVG0RXS,2024-12-19T13:44:23.097164-06:00,,
01JFG78B4V0QK87K3PGGNKF68H,01JFG74Q3TWZGNJJRN8SVZVXF6,2024-12-19T13:45:30.267887-06:00,01JFG74Q4T878VSX7X3X4TEVFY,2024-12-19T13:45:30.267887-06:00,01JFG751VFRQNSEXQ3AB6PNXZE,2024-12-19T13:45:30.267887-06:00,01JFG75ZMMDVYR309WEHXX88K7,2024-12-19T13:45:30.267887-06:00,01JFG75ZNSHFFENT0M6YETCQJF,2024-12-19T13:45:30.267887-06:00,,
01JFG7C2DM4Z7CECGBR8RRARZV,01JFG738MV5TW8KEPMZJG8KZ91,2024-12-19T13:47:32.404777-06:00,01JFG738NCJ8HA0GZ6DND9RMRW,2024-12-19T13:47:32.404777-06:00,01JFG743WKH3HTC30MXDFW0WDH,2024-12-19T13:47:32.404777-06:00,01JFG74E6KAFQYR8DFSD6QX4D1,2024-12-19T13:47:32.404777-06:00,01JFG74E7VSMMDN6FGGNJVJDPZ,2024-12-19T13:47:32.404777-06:00,,
01JFTCYXZQTHB394M4G56ERKG2,01JFTCSA20HPM8ZS1PVQDX9PQ8,2024-12-23T12:37:37.655279-06:00,01JFTCSA2KP7KN2A2GHPVN05XC,2024-12-23T12:37:37.655279-06:00,01JFTCYBPEW9X3ND6SNPA5GWSD,2024-12-23T12:37:37.655279-06:00,01JFTCYD2Q5NY526YX4KENMTDQ,2024-12-23T12:37:37.655279-06:00,01JFTCYD40XGVTBP4KMJTYRJ80,2024-12-23T12:37:37.655279-06:00,,
01JFTCZWATP7KZHSD7ADW8T7W2,01JFTCSA20HPM8ZS1PVQDX9PQ8,2024-12-23T12:38:08.730633-06:00,01JFTCSA2KP7KN2A2GHPVN05XC,2024-12-23T12:38:08.730633-06:00,01JFTCVGRGTHDHYZR2HYY71654,2024-12-23T12:38:08.730633-06:00,01JFTCYD2Q5NY526YX58S5WAE8,2024-12-23T12:38:08.730633-06:00,01JFTCYD45TWAB7ZVC7451R0VA,2024-12-23T12:38:08.730633-06:00,,
01JFTD0SN3F35NGR13J190TNMJ,01JFTCSA20HPM8ZS1PVQDX9PQ8,2024-12-23T12:38:38.755626-06:00,01JFTCSA2KP7KN2A2GHPVN05XC,2024-12-23T12:38:38.755626-06:00,01JFTCVGRGTHDHYZR2HYY71654,2024-12-23T12:38:38.755626-06:00,01JFTCYD2Q5NY526YX58S5WAE8,2024-12-23T12:38:38.755626-06:00,01JFTCYD4620FSN88WP4JGKECP,2024-12-23T12:38:38.755626-06:00,,
01JFTD1R0FW8RW58V904B7HMH9,01JFTCSA20HPM8ZS1PVQDX9PQ8,2024-12-23T12:39:09.839783-06:00,01JFTCSA2KP7KN2A2GHPVN05XC,2024-12-23T12:39:09.839783-06:00,01JFTCYBPEW9X3ND6SNPA5GWSD,2024-12-23T12:39:09.839783-06:00,01JFTCYD2XYGFF9773VGFCF0BE,2024-12-23T12:39:09.839783-06:00,01JFTCYD49QN1EWYDVHFTY6Q7A,2024-12-23T12:39:09.839783-06:00,,
01JFG0E96XY4VZX515X41B2NFG,01JFG0D3V0MVAGGZPMBD2CTE5E,2024-12-19T11:46:24.861552-06:00,01JFG0D3VKMADYW0PGQ4ZW6MX2,2024-12-19T11:46:24.861552-06:00,01JFG0D7MSZ09W7EWY0Q08AZ0J,2024-12-19T11:46:24.861552-06:00,01JFG0DYSJ1SGSBF8DXFPE50EZ,2024-12-19T11:46:24.861552-06:00,01JFG0DYTRMP7TH30FA94WBZCN,2024-12-19T11:46:24.861552-06:00,true,2024-12-19T11:46:28.145906-06:00
01JFG6S21YZ5DWP5VHQQ1YZ5CA,01JFG6QC0921CXW5FF4967Q056,2024-12-19T13:37:09.438589-06:00,01JFG6QC12SF7XMRKQ7J4H2WNJ,2024-12-19T13:37:09.438589-06:00,01JFG6QPTW174VE4DDXZKDXRJ6,2024-12-19T13:37:09.438589-06:00,01JFG6RMRXH4631AAP5PG9H6XK,2024-12-19T13:37:09.438589-06:00,01JFG6RMSXEZHM9JD8HRBE301G,2024-12-19T13:37:09.438589-06:00,,
01JFG6TWNVQFPP35AEP423ATG8,01JFG6QC0921CXW5FF4967Q056,2024-12-19T13:38:09.467585-06:00,01JFG6QC12SF7XMRKQ7J4H2WNJ,2024-12-19T13:38:09.467585-06:00,01JFG6QW5WQRGYN894KFQ72ESY,2024-12-19T13:38:09.467585-06:00,01JFG6RMRXH4631AAP5PG9H6XK,2024-12-19T13:38:09.467585-06:00,01JFG6RMSXEZHM9JD8J5DKQHKJ,2024-12-19T13:38:09.467585-06:00,,
01JFG6WT9WH0DEM8979JAG7PFH,01JFG6QC0921CXW5FF4967Q056,2024-12-19T13:39:12.572063-06:00,01JFG6QC12SF7XMRKQ7J4H2WNJ,2024-12-19T13:39:12.572063-06:00,01JFG6QW5WQRGYN894KFQ72ESY,2024-12-19T13:39:12.572063-06:00,01JFG6RMRYNWKPC0BMYM631YDE,2024-12-19T13:39:12.572063-06:00,01JFG6RMT1MR39EXSA9F8M5PGG,2024-12-19T13:39:12.572063-06:00,,
01JFG6Y3CHXZ6AP971JBNAGV3R,01JFG6S17MDRMQK5K2DP34Z9GF,2024-12-19T13:39:54.641125-06:00,01JFG6S18CN4W09S8QX5ES16HQ,2024-12-19T13:39:54.641125-06:00,01JFG6SGC9GNKPH546S5S8CHKS,2024-12-19T13:39:54.641125-06:00,01JFG6T7GE1AYNJRPC01DCYQBA,2024-12-19T13:39:54.641125-06:00,01JFG6T7HBH583FJYT9PCVBNNB,2024-12-19T13:39:54.641125-06:00,,
01JFG76CHEA39BVV1JVABH4R6T,01JFG738MV5TW8KEPMZJG8KZ91,2024-12-19T13:44:26.15862-06:00,01JFG738NCJ8HA0GZ6DND9RMRW,2024-12-19T13:44:26.15862-06:00,01JFG743WKH3HTC30MXDFW0WDH,2024-12-19T13:44:26.15862-06:00,01JFG74E6G7ENGSD8V9MQKAMJT,2024-12-19T13:44:26.15862-06:00,01JFG74E7MRCVJ77GBBTSHD3VT,2024-12-19T13:44:26.15862-06:00,,
01JFK35J0WX0M1ZAWYAZSD6AV6,01JFK30PH3SEKT8FVFSY8D60CF,2024-12-20T16:31:47.996275-06:00,01JFK30PHPCKCV85G81HHZXFAB,2024-12-20T16:31:47.996275-06:00,01JFK33QTMHQQ2YADW3YVA597E,2024-12-20T16:31:47.996275-06:00,01JFK33S1NMWEB2YFE69RV4Y8S,2024-12-20T16:31:47.996275-06:00,01JFK33S2Z41STH1JQJP9PYPC5,2024-12-20T16:31:47.996275-06:00,,
01JFTCYMWHYWR2K230WAKF8QH6,01JFTCSA20HPM8ZS1PVQDX9PQ8,2024-12-23T12:37:28.337628-06:00,01JFTCSA2KP7KN2A2GHPVN05XC,2024-12-23T12:37:28.337628-06:00,01JFTCYBPEW9X3ND6SNPA5GWSD,2024-12-23T12:37:28.337628-06:00,01JFTCYD2PABJPYGK0GXWED0XJ,2024-12-23T12:37:28.337628-06:00,01JFTCYD3G6HV3XXPY0X77ZAKS,2024-12-23T12:37:28.337628-06:00,true,2024-12-23T12:37:32.080894-06:00
01JFTCYXZQTHB394M4GHTMTT0Q,01JFTCSA20HPM8ZS1PVQDX9PQ8,2024-12-23T12:37:37.655801-06:00,01JFTCSA2KP7KN2A2GHPVN05XC,2024-12-23T12:37:37.655801-06:00,01JFTCVGRGTHDHYZR2HYY71654,2024-12-23T12:37:37.655801-06:00,01JFTCYD2Q5NY526YX4KENMTDQ,2024-12-23T12:37:37.655801-06:00,01JFTCYD40XGVTBP4KMJTYRJ80,2024-12-23T12:37:37.655801-06:00,,
01JFG6Y3CGK654086BDH8GPJTC,01JFG6S17MDRMQK5K2DP34Z9GF,2024-12-19T13:39:54.640768-06:00,01JFG6S18CN4W09S8QX5ES16HQ,2024-12-19T13:39:54.640768-06:00,01JFG6SBNJP4P2M6WPRXJPSV75,2024-12-19T13:39:54.640768-06:00,01JFG6T7GE1AYNJRPC01DCYQBA,2024-12-19T13:39:54.640768-06:00,01JFG6T7HBH583FJYT9PCVBNNB,2024-12-19T13:39:54.640768-06:00,,
01JFG76GGQD8ZXDGJVXBRBTW2Z,01JFG74Q3TWZGNJJRN8SVZVXF6,2024-12-19T13:44:30.231638-06:00,01JFG74Q4T878VSX7X3X4TEVFY,2024-12-19T13:44:30.231638-06:00,01JFG75J96YQFV5KR1YZ37PK9Q,2024-12-19T13:44:30.231638-06:00,01JFG75ZMMDVYR309WEHXX88K7,2024-12-19T13:44:30.231638-06:00,01JFG75ZNSHFFENT0M65Y4H6M0,2024-12-19T13:44:30.231638-06:00,,
01JFK3B4MP6H7B0GMWSVPYPAXW,01JFK33E4KV3H51KCZB8N5S9WS,2024-12-20T16:34:50.902172-06:00,01JFK33E54GXVG9AEGGVBYS92W,2024-12-20T16:34:50.902172-06:00,01JFK34156Q5JAX22A72MNVS90,2024-12-20T16:34:50.902172-06:00,01JFK3B4A3T4G7TFDYPNF6MKMB,2024-12-20T16:34:50.902172-06:00,01JFK3B4APMZWJEQGCMQ6AMRYW,2024-12-20T16:34:50.902172-06:00,,
01JFK3C1ZBP58SD31YC0Q2NM81,01JFK33E4KV3H51KCZB8N5S9WS,2024-12-20T16:35:20.939904-06:00,01JFK33E54GXVG9AEGGVBYS92W,2024-12-20T16:35:20.939904-06:00,01JFK3B3A7ECVR0JQ0T0V9ZMHG,2024-12-20T16:35:20.939904-06:00,01JFK3B4A3T4G7TFDYPNF6MKMB,2024-12-20T16:35:20.939904-06:00,01JFK3B4AQHGA0CBDQ94T8YVKY,2024-12-20T16:35:20.939904-06:00,,
01JFTD3RYHSC3HZQM3D5P4DHD0,01JFTCSA20HPM8ZS1PVQDX9PQ8,2024-12-23T12:40:16.337662-06:00,01JFTCSA2KP7KN2A2GHPVN05XC,2024-12-23T12:40:16.337662-06:00,01JFTCVGRGTHDHYZR2HYY71654,2024-12-23T12:40:16.337662-06:00,01JFTCYD2WZ7HR5M5JT2JWC0V7,2024-12-23T12:40:16.337662-06:00,01JFTCYD4PH61VD73B4R9CS2FR,2024-12-23T12:40:16.337662-06:00,,
01JFG760ABB573NP2ZCNFJ7E8B,01JFG74Q3TWZGNJJRN8SVZVXF6,2024-12-19T13:44:13.643683-06:00,01JFG74Q4T878VSX7X3X4TEVFY,2024-12-19T13:44:13.643683-06:00,01JFG751VFRQNSEXQ3AB6PNXZE,2024-12-19T13:44:13.643683-06:00,01JFG75ZMHFT34H6P1SERG5FZE,2024-12-19T13:44:13.643683-06:00,01JFG75ZN543PJ5FZ875NFBD2J,2024-12-19T13:44:13.643683-06:00,true,2024-12-19T13:44:27.145665-06:00
01JFK35K1N08PCB2QCTMDXM4SB,01JFK30PH3SEKT8FVFSY8D60CF,2024-12-20T16:31:49.045526-06:00,01JFK30PHPCKCV85G81HHZXFAB,2024-12-20T16:31:49.045526-06:00,01JFK33QTMHQQ2YADW3YVA597E,2024-12-20T16:31:49.045526-06:00,01JFK33S1NMWEB2YFE5M9NZP9D,2024-12-20T16:31:49.045526-06:00,01JFK33S32V5NT0FGPNJRG8WQG,2024-12-20T16:31:49.045526-06:00,true,2024-12-20T16:31:54.738823-06:00
01JFG10E8V0GXPMFBWJWQKX5HZ,01JFG0FCJREX0CTAQCM25KXGZ7,2024-12-19T11:56:19.867604-06:00,01JFG0FCKBBN6NKRZP52T00QDN,2024-12-19T11:56:19.867604-06:00,01JFG0FQFEGTCV9C24GCYXQJYK,2024-12-19T11:56:19.867604-06:00,01JFG0RT0PCS1EV1PGD4HA075Q,2024-12-19T11:56:19.867604-06:00,01JFG0RT1SQ5CQMD83ZWS0MRT3,2024-12-19T11:56:19.867604-06:00,,
01JFG6TWNWQNF9FMS2X7Q98TE4,01JFG6QC0921CXW5FF4967Q056,2024-12-19T13:38:09.468601-06:00,01JFG6QC12SF7XMRKQ7J4H2WNJ,2024-12-19T13:38:09.468601-06:00,01JFG6QPTW174VE4DDXZKDXRJ6,2024-12-19T13:38:09.468601-06:00,01JFG6RMRXH4631AAP5PG9H6XK,2024-12-19T13:38:09.468601-06:00,01JFG6RMSXEZHM9JD8J5DKQHKJ,2024-12-19T13:38:09.468601-06:00,,
01JFK35SN0GH5H6DE6GXQ48DG3,01JFK30PH3SEKT8FVFSY8D60CF,2024-12-20T16:31:55.808679-06:00,01JFK30PHPCKCV85G81HHZXFAB,2024-12-20T16:31:55.808679-06:00,01JFK3122AMTRZKF24Q65KVDFJ,2024-12-20T16:31:55.808679-06:00,01JFK33S1MZCWBVABXEWCF8EBX,2024-12-20T16:31:55.808679-06:00,01JFK33S36YH0MKAFJQR08TPX3,2024-12-20T16:31:55.808679-06:00,true,2024-12-20T16:32:00.806122-06:00
01JFK3DEQJHN9M1RZS2YJ9KC2H,01JFK33E4KV3H51KCZB8N5S9WS,2024-12-20T16:36:06.770628-06:00,01JFK33E54GXVG9AEGGVBYS92W,2024-12-20T16:36:06.770628-06:00,01JFK34156Q5JAX22A72MNVS90,2024-12-20T16:36:06.770628-06:00,01JFK3B4A6EWJDWEB7F4GBQ7DS,2024-12-20T16:36:06.770628-06:00,01JFK3B4B9V8MEEHFGY3EMVXF1,2024-12-20T16:36:06.770628-06:00,,
01JFG701072QRJ8Z752XT0RM4V,01JFG6S17MDRMQK5K2DP34Z9GF,2024-12-19T13:40:57.735667-06:00,01JFG6S18CN4W09S8QX5ES16HQ,2024-12-19T13:40:57.735667-06:00,01JFG6SBNJP4P2M6WPRXJPSV75,2024-12-19T13:40:57.735667-06:00,01JFG6T7G9EG27DPGR1V8PMB03,2024-12-19T13:40:57.735667-06:00,01JFG6T7HEGYD4QW4JBWY393Z8,2024-12-19T13:40:57.735667-06:00,,
01JFG7A4STVY87FDJWNAYNCDCT,01JFG738MV5TW8KEPMZJG8KZ91,2024-12-19T13:46:29.306633-06:00,01JFG738NCJ8HA0GZ6DND9RMRW,2024-12-19T13:46:29.306633-06:00,01JFG73J7R43Z4XV0457CH3BF0,2024-12-19T13:46:29.306633-06:00,01JFG74E6P0D5BJKFP40F9XN22,2024-12-19T13:46:29.306633-06:00,01JFG74E7RDXVR561KDG341VSA,2024-12-19T13:46:29.306633-06:00,,
01JFTCZVA4NC0RJN9Q47ZBB58J,01JFTCSA20HPM8ZS1PVQDX9PQ8,2024-12-23T12:38:07.684096-06:00,01JFTCSA2KP7KN2A2GHPVN05XC,2024-12-23T12:38:07.684096-06:00,01JFTCVGRGTHDHYZR2HYY71654,2024-12-23T12:38:07.684096-06:00,01JFTCYD2Q5NY526YX4KENMTDQ,2024-12-23T12:38:07.684096-06:00,01JFTCYD40XGVTBP4KN7TJH5NK,2024-12-23T12:38:07.684096-06:00,,
01JFTD58V5BJ5Y2KCQNAQEZYM5,01JFTCSA20HPM8ZS1PVQDX9PQ8,2024-12-23T12:41:05.381926-06:00,01JFTCSA2JQBHYC7YWA8BHN6T5,2024-12-23T12:41:05.381926-06:00,01JFTCWS8H7MHE94B7HR05ZQFM,2024-12-23T12:41:05.381926-06:00,01JFTCWTHJKC1WM3JAF13GD7KE,2024-12-23T12:41:05.381926-06:00,01JFTCWTKE452K1A0NVG4Q0G77,2024-12-23T12:41:05.381926-06:00,,
01JFTD5NMZD212C69QA2FHDJ2N,01JFTCSA20HPM8ZS1PVQDX9PQ8,2024-12-23T12:41:18.495046-06:00,01JFTCSA2KP7KN2A2GHPVN05XC,2024-12-23T12:41:18.495046-06:00,01JFTCVGRGTHDHYZR2HYY71654,2024-12-23T12:41:18.495046-06:00,01JFTCYD2WZ7HR5M5JV0T43F2Z,2024-12-23T12:41:18.495046-06:00,01JFTCYD4Y2GHR8RMC565AKF8A,2024-12-23T12:41:18.495046-06:00,,
01JFG6WT9VATTXPWQ4856C0Y7Y,01JFG6QC0921CXW5FF4967Q056,2024-12-19T13:39:12.571552-06:00,01JFG6QC12SF7XMRKQ7J4H2WNJ,2024-12-19T13:39:12.571552-06:00,01JFG6QPTW174VE4DDXZKDXRJ6,2024-12-19T13:39:12.571552-06:00,01JFG6RMRYNWKPC0BMYM631YDE,2024-12-19T13:39:12.571552-06:00,01JFG6RMT1MR39EXSA9F8M5PGG,2024-12-19T13:39:12.571552-06:00,,
01JFK34ZGVHW9Q05ZG79E5W2W8,01JFK30PH3SEKT8FVFSY8D60CF,2024-12-20T16:31:29.051174-06:00,01JFK30PHPCKCV85G81HHZXFAB,2024-12-20T16:31:29.051174-06:00,01JFK33QTMHQQ2YADW3YVA597E,2024-12-20T16:31:29.051174-06:00,01JFK33S1K9BAMXFNYFGEMEVZJ,2024-12-20T16:31:29.051174-06:00,01JFK33S2A498M8GS559XEJ0XP,2024-12-20T16:31:29.051174-06:00,,
01JFK38KWV97X205A3PD7QJ16N,01JFK30PH3SEKT8FVFSY8D60CF,2024-12-20T16:33:28.21951-06:00,01JFK30PHPCKCV85G81HHZXFAB,2024-12-20T16:33:28.21951-06:00,01JFK33QTMHQQ2YADW3YVA597E,2024-12-20T16:33:28.21951-06:00,01JFK33S1P0ZWRBWEEPH5EGFSP,2024-12-20T16:33:28.21951-06:00,01JFK33S3QRA5WW8DRKR22MH9B,2024-12-20T16:33:28.21951-06:00,,
01JFK3D1BN10MWT38MSVDRCPV6,01JFK33E4KV3H51KCZB8N5S9WS,2024-12-20T16:35:53.077158-06:00,01JFK33E54GXVG9AEGGVBYS92W,2024-12-20T16:35:53.077158-06:00,01JFK3B3A7ECVR0JQ0T0V9ZMHG,2024-12-20T16:35:53.077158-06:00,01JFK3B4A6EWJDWEB7F4GBQ7DS,2024-12-20T16:35:53.077158-06:00,01JFK3B4B8MZMPV13WJ57BVNW0,2024-12-20T16:35:53.077158-06:00,true,2024-12-20T16:36:06.751014-06:00
01JFK3DXQ4HMS61TQTNPAXM01N,01JFK33E4KV3H51KCZB8N5S9WS,2024-12-20T16:36:22.116923-06:00,01JFK33E54GXVG9AEGGVBYS92W,2024-12-20T16:36:22.116923-06:00,01JFK3B3A7ECVR0JQ0T0V9ZMHG,2024-12-20T16:36:22.116923-06:00,01JFK3B4A8FGPX5VF1X7M5K67V,2024-12-20T16:36:22.116923-06:00,01JFK3B4BHYGSJ5PQSX5J14YBR,2024-12-20T16:36:22.116923-06:00,,
01JFTD1S1CYEC2637QRR3JCKY0,01JFTCSA20HPM8ZS1PVQDX9PQ8,2024-12-23T12:39:10.892631-06:00,01JFTCSA2KP7KN2A2GHPVN05XC,2024-12-23T12:39:10.892631-06:00,01JFTCYBPEW9X3ND6SNPA5GWSD,2024-12-23T12:39:10.892631-06:00,01JFTCYD2XYGFF9773WB3NCD8E,2024-12-23T12:39:10.892631-06:00,01JFTCYD4DX047KEM05N7323J1,2024-12-23T12:39:10.892631-06:00,true,2024-12-23T12:39:14.152162-06:00
01JFK34QVA1GGDVG1E4033EW8J,01JFK30PH3SEKT8FVFSY8D60CF,2024-12-20T16:31:21.194825-06:00,01JFK30PHPCKCV85G81HHZXFAB,2024-12-20T16:31:21.194825-06:00,01JFK33QTMHQQ2YADW3YVA597E,2024-12-20T16:31:21.194825-06:00,01JFK33S1K9BAMXFNYFGEMEVZJ,2024-12-20T16:31:21.194825-06:00,01JFK33S29WFXQQQSFR1Z8409X,2024-12-20T16:31:21.194825-06:00,true,2024-12-20T16:31:29.024791-06:00
01JFK35718TXAERGGWMKPZ3DGK,01JFK30PH3SEKT8FVFSY8D60CF,2024-12-20T16:31:36.744266-06:00,01JFK30PHPCKCV85G81HHZXFAB,2024-12-20T16:31:36.744266-06:00,01JFK33QTMHQQ2YADW3YVA597E,2024-12-20T16:31:36.744266-06:00,01JFK33S1MZCWBVABXEC13ET0E,2024-12-20T16:31:36.744266-06:00,01JFK33S2QDPZHHMMMV15G5RXK,2024-12-20T16:31:36.744266-06:00,true,2024-12-20T16:31:41.232136-06:00
01JFTCZG291HX6JDJST7A1QE79,01JFTCSA20HPM8ZS1PVQDX9PQ8,2024-12-23T12:37:56.169284-06:00,01JFTCSA2JQBHYC7YWA8BHN6T5,2024-12-23T12:37:56.169284-06:00,01JFTCWS8H7MHE94B7HR05ZQFM,2024-12-23T12:37:56.169284-06:00,01JFTCWTHH1FWSF7T437E4PDT6,2024-12-23T12:37:56.169284-06:00,01JFTCWTK1TT7DVJXD4S206XD8,2024-12-23T12:37:56.169284-06:00,,
01JFG78B4X06027JN4MPG90KAC,01JFG74Q3TWZGNJJRN8SVZVXF6,2024-12-19T13:45:30.269163-06:00,01JFG74Q4T878VSX7X3X4TEVFY,2024-12-19T13:45:30.269163-06:00,01JFG75J96YQFV5KR1YZ37PK9Q,2024-12-19T13:45:30.269163-06:00,01JFG75ZMMDVYR309WEHXX88K7,2024-12-19T13:45:30.269163-06:00,01JFG75ZNSHFFENT0M6YETCQJF,2024-12-19T13:45:30.269163-06:00,,
01JFK3EW2NXG7RSWQ4NSNH6E49,01JFK33E4KV3H51KCZB8N5S9WS,2024-12-20T16:36:53.205873-06:00,01JFK33E54GXVG9AEGGVBYS92W,2024-12-20T16:36:53.205873-06:00,01JFK34156Q5JAX22A72MNVS90,2024-12-20T16:36:53.205873-06:00,01JFK3B4A5P3SDD5SHB0G5B391,2024-12-20T16:36:53.205873-06:00,01JFK3B4BMKRJCETKNTN3A4SB5,2024-12-20T16:36:53.205873-06:00,,
01JFTCWV6ZE02BDRXV58FC608Q,01JFTCSA20HPM8ZS1PVQDX9PQ8,2024-12-23T12:36:29.279146-06:00,01JFTCSA2JQBHYC7YWA8BHN6T5,2024-12-23T12:36:29.279146-06:00,01JFTCWS8H7MHE94B7HR05ZQFM,2024-12-23T12:36:29.279146-06:00,01JFTCWTHGBMAJ0M4CD5VPRW7S,2024-12-23T12:36:29.279146-06:00,01JFTCWTJCH0TV5030AQ8YAWVH,2024-12-23T12:36:29.279146-06:00,true,2024-12-23T12:36:53.087244-06:00
01JFTCYKVR89C1BTQXD7MNGDBB,01JFTCSA20HPM8ZS1PVQDX9PQ8,2024-12-23T12:37:27.288369-06:00,01JFTCSA2KP7KN2A2GHPVN05XC,2024-12-23T12:37:27.288369-06:00,01JFTCYBPEW9X3ND6SNPA5GWSD,2024-12-23T12:37:27.288369-06:00,01JFTCYD2N44853H42FWJPTDWN,2024-12-23T12:37:27.288369-06:00,01JFTCYD3ABD5HB3KGY6Y8SPC1,2024-12-23T12:37:27.288369-06:00,,
01JFTD3SZDC2KX21ZGJ0K9V180,01JFTCSA20HPM8ZS1PVQDX9PQ8,2024-12-23T12:40:17.389114-06:00,01JFTCSA2KP7KN2A2GHPVN05XC,2024-12-23T12:40:17.389114-06:00,01JFTCVGRGTHDHYZR2HYY71654,2024-12-23T12:40:17.389114-06:00,01JFTCYD2YH9ZHZZMYKPFG0TPX,2024-12-23T12:40:17.389114-06:00,01JFTCYD4STXGKVCV08C0GX23S,2024-12-23T12:40:17.389114-06:00,,
01JFG0RTV3Z7XAEVA5TB0S7CGP,01JFG0FCJREX0CTAQCM25KXGZ7,2024-12-19T11:52:10.595723-06:00,01JFG0FCKBBN6NKRZP52T00QDN,2024-12-19T11:52:10.595723-06:00,01JFG0R5N0EJCE8E0QW1TQKRH2,2024-12-19T11:52:10.595723-06:00,01JFG0RT09RKV5YB9XSJJR2KMX,2024-12-19T11:52:10.595723-06:00,01JFG0RT1BE36BG2FDMYQH8KJW,2024-12-19T11:52:10.595723-06:00,,
01JFG6WX9H3ZXF0RPQQQ9EWV3J,01JFG6QC0921CXW5FF4967Q056,2024-12-19T13:39:15.633017-06:00,01JFG6QC12SF7XMRKQ7J4H2WNJ,2024-12-19T13:39:15.633017-06:00,01JFG6QW5WQRGYN894KFQ72ESY,2024-12-19T13:39:15.633017-06:00,01JFG6RMRYNWKPC0BMXSWMS6SM,2024-12-19T13:39:15.633017-06:00,01JFG6RMT4QKBQF9XEDXBBX3BB,2024-12-19T13:39:15.633017-06:00,,
01JFK365TQZKY4871XSANAX820,01JFK30PH3SEKT8FVFSY8D60CF,2024-12-20T16:32:08.279759-06:00,01JFK30PHPCKCV85G81HHZXFAB,2024-12-20T16:32:08.279759-06:00,01JFK3122AMTRZKF24Q65KVDFJ,2024-12-20T16:32:08.279759-06:00,01JFK33S1P0ZWRBWEENMGMF2W9,2024-12-20T16:32:08.279759-06:00,01JFK33S3DM7NTSS4E7SZD9PAV,2024-12-20T16:32:08.279759-06:00,true,2024-12-20T16:32:16.685069-06:00
01JFK39J7M2BVMWD0YX00W0EQE,01JFK30PH3SEKT8FVFSY8D60CF,2024-12-20T16:33:59.285021-06:00,01JFK30PHPCKCV85G81HHZXFAB,2024-12-20T16:33:59.285021-06:00,01JFK3122AMTRZKF24Q65KVDFJ,2024-12-20T16:33:59.285021-06:00,01JFK33S1P0ZWRBWEEMR3N7R0J,2024-12-20T16:33:59.285021-06:00,01JFK33S3T3EF4WCV7JWAN2JK6,2024-12-20T16:33:59.285021-06:00,,
01JFG0WP26Z140ER43D0ENEW73,01JFG0FCJREX0CTAQCM25KXGZ7,2024-12-19T11:54:16.774462-06:00,01JFG0FCKBBN6NKRZP52T00QDN,2024-12-19T11:54:16.774462-06:00,01JFG0R5N0EJCE8E0QW1TQKRH2,2024-12-19T11:54:16.774462-06:00,01JFG0RT0GJMSZZ43K01DCY974,2024-12-19T11:54:16.774462-06:00,01JFG0RT1N1DB1M3R6J47ZCAFY,2024-12-19T11:54:16.774462-06:00,,
01JFG6RN8AX5VVYJN5QSTZZF32,01JFG6QC0921CXW5FF4967Q056,2024-12-19T13:36:56.330089-06:00,01JFG6QC12SF7XMRKQ7J4H2WNJ,2024-12-19T13:36:56.330089-06:00,01JFG6QPTW174VE4DDXZKDXRJ6,2024-12-19T13:36:56.330089-06:00,01JFG6RMRVZP6APGBEFZWAYED8,2024-12-19T13:36:56.330089-06:00,01JFG6RMS3TPATJFBN32DKCHA9,2024-12-19T13:36:56.330089-06:00,true,2024-12-19T13:37:06.343611-06:00
01JFG70108FPYJZQACNXMX2ABN,01JFG6S17MDRMQK5K2DP34Z9GF,2024-12-19T13:40:57.736016-06:00,01JFG6S18CN4W09S8QX5ES16HQ,2024-12-19T13:40:57.736016-06:00,01JFG6SGC9GNKPH546S5S8CHKS,2024-12-19T13:40:57.736016-06:00,01JFG6T7G9EG27DPGR1V8PMB03,2024-12-19T13:40:57.736016-06:00,01JFG6T7HEGYD4QW4JBWY393Z8,2024-12-19T13:40:57.736016-06:00,,
01JFK37NHMJFHJSX2F2S7RX4RD,01JFK30PH3SEKT8FVFSY8D60CF,2024-12-20T16:32:57.140401-06:00,01JFK30PHPCKCV85G81HHZXFAB,2024-12-20T16:32:57.140401-06:00,01JFK33QTMHQQ2YADW3YVA597E,2024-12-20T16:32:57.140401-06:00,01JFK33S1Q1DPV70M0RMN0BX76,2024-12-20T16:32:57.140401-06:00,01JFK33S3MWXQWFB5A9RMJ6BYF,2024-12-20T16:32:57.140401-06:00,,
01JFG0YKN228EMK3MZ4YXX9B3W,01JFG0FCJREX0CTAQCM25KXGZ7,2024-12-19T11:55:19.842097-06:00,01JFG0FCKBBN6NKRZP52T00QDN,2024-12-19T11:55:19.842097-06:00,01JFG0FQFEGTCV9C24GCYXQJYK,2024-12-19T11:55:19.842097-06:00,01JFG0RT0PCS1EV1PGD4HA075Q,2024-12-19T11:55:19.842097-06:00,01JFG0RT1SQ5CQMD83Z10BJ2ZM,2024-12-19T11:55:19.842097-06:00,,
01JFG6YTX7EC23KZA3DC12WCJE,01JFG6QC0921CXW5FF4967Q056,2024-12-19T13:40:18.727518-06:00,01JFG6QC12SF7XMRKQ7J4H2WNJ,2024-12-19T13:40:18.727518-06:00,01JFG6QPTW174VE4DDXZKDXRJ6,2024-12-19T13:40:18.727518-06:00,01JFG6RMRYNWKPC0BN1DQ878VQ,2024-12-19T13:40:18.727518-06:00,01JFG6RMT7ZMBKG2YRX0DHCGCP,2024-12-19T13:40:18.727518-06:00,,
01JFTCYRJ65T8YTMCT0QDVPTWM,01JFTCSA20HPM8ZS1PVQDX9PQ8,2024-12-23T12:37:32.102277-06:00,01JFTCSA2KP7KN2A2GHPVN05XC,2024-12-23T12:37:32.102277-06:00,01JFTCYBPEW9X3ND6SNPA5GWSD,2024-12-23T12:37:32.102277-06:00,01JFTCYD2PABJPYGK0GXWED0XJ,2024-12-23T12:37:32.102277-06:00,01JFTCYD3J9AK573R06K7YZKBC,2024-12-23T12:37:32.102277-06:00,,
01JFTD3B84PWJ2WX1DG52DRXPZ,01JFTCSA20HPM8ZS1PVQDX9PQ8,2024-12-23T12:40:02.308126-06:00,01JFTCSA2JQBHYC7YWA8BHN6T5,2024-12-23T12:40:02.308126-06:00,01JFTCW44GSBT3PR59G7XXWCGR,2024-12-23T12:40:02.308126-06:00,01JFTCWTHZBANC3HC7060PDATX,2024-12-23T12:40:02.308126-06:00,01JFTCWTKAJQY5YGR1J6BJ9E33,2024-12-23T12:40:02.308126-06:00,,
01JFG0DZJYJTBA2SH09DNVP0G2,01JFG0D3V0MVAGGZPMBD2CTE5E,2024-12-19T11:46:15.006917-06:00,01JFG0D3VKMADYW0PGQ4ZW6MX2,2024-12-19T11:46:15.006917-06:00,01JFG0D7MSZ09W7EWY0Q08AZ0J,2024-12-19T11:46:15.006917-06:00,01JFG0DYSEDM64K5AYETTA3RVC,2024-12-19T11:46:15.006917-06:00,01JFG0DYT3H8KA23S3GGVV4YTT,2024-12-19T11:46:15.006917-06:00,true,2024-12-19T11:46:21.782977-06:00
01JFG0P2TGBTZSB83TZ4BE9Z4R,01JFG0D3V0MVAGGZPMBD2CTE5E,2024-12-19T11:50:40.464446-06:00,01JFG0D3VKMADYW0PGQ4ZW6MX2,2024-12-19T11:50:40.464446-06:00,01JFG0D7MSZ09W7EWY0Q08AZ0J,2024-12-19T11:50:40.464446-06:00,01JFG0DYSNNRDCAMV3F1HEDKKG,2024-12-19T11:50:40.464446-06:00,01JFG0DYV4NEJHWT1MY6BEX8VW,2024-12-19T11:50:40.464446-06:00,,
01JFG74EXFB97GY35YBF8TG6H1,01JFG738MV5TW8KEPMZJG8KZ91,2024-12-19T13:43:23.055737-06:00,01JFG738NCJ8HA0GZ6DND9RMRW,2024-12-19T13:43:23.055737-06:00,01JFG743WKH3HTC30MXDFW0WDH,2024-12-19T13:43:23.055737-06:00,01JFG74E6D5N900AY453W0V9J0,2024-12-19T13:43:23.055737-06:00,01JFG74E73JRKFMG9N5RG5SYX3,2024-12-19T13:43:23.055737-06:00,,
01JFK35YHWB4T2D1CMEVYVGW8Z,01JFK30PH3SEKT8FVFSY8D60CF,2024-12-20T16:32:00.829018-06:00,01JFK30PHPCKCV85G81HHZXFAB,2024-12-20T16:32:00.829018-06:00,01JFK33QTMHQQ2YADW3YVA597E,2024-12-20T16:32:00.829018-06:00,01JFK33S1MZCWBVABXEWCF8EBX,2024-12-20T16:32:00.829018-06:00,01JFK33S36YH0MKAFJR9RGW2NS,2024-12-20T16:32:00.829018-06:00,,
01JFG6RZ282XZNVNSG2WNKMT43,01JFG6QC0921CXW5FF4967Q056,2024-12-19T13:37:06.376501-06:00,01JFG6QC12SF7XMRKQ7J4H2WNJ,2024-12-19T13:37:06.376501-06:00,01JFG6QW5WQRGYN894KFQ72ESY,2024-12-19T13:37:06.376501-06:00,01JFG6RMRVZP6APGBEFZWAYED8,2024-12-19T13:37:06.376501-06:00,01JFG6RMS3TPATJFBN3T70ZTN9,2024-12-19T13:37:06.376501-06:00,,
01JFG0YGP2R330CTZY07F8ZMKF,01JFG0FCJREX0CTAQCM25KXGZ7,2024-12-19T11:55:16.802329-06:00,01JFG0FCKBBN6NKRZP52T00QDN,2024-12-19T11:55:16.802329-06:00,01JFG0FQFEGTCV9C24GCYXQJYK,2024-12-19T11:55:16.802329-06:00,01JFG0RT0GJMSZZ43K01DCY974,2024-12-19T11:55:16.802329-06:00,01JFG0RT1N1DB1M3R6JV7GSPJW,2024-12-19T11:55:16.802329-06:00,,
01JFG6T84X9ZGKP9K7H47H8JY7,01JFG6S17MDRMQK5K2DP34Z9GF,2024-12-19T13:37:48.445517-06:00,01JFG6S18CN4W09S8QX5ES16HQ,2024-12-19T13:37:48.445517-06:00,01JFG6SBNJP4P2M6WPRXJPSV75,2024-12-19T13:37:48.445517-06:00,01JFG6T7G4Z3MY6VGTR0N2WEV2,2024-12-19T13:37:48.445517-06:00,01JFG6T7GZD4G1R7APSSJDHBRG,2024-12-19T13:37:48.445517-06:00,,
01JFG6W5RSBTVEYJ1RHW32CX8F,01JFG6S17MDRMQK5K2DP34Z9GF,2024-12-19T13:38:51.545555-06:00,01JFG6S18CN4W09S8QX5ES16HQ,2024-12-19T13:38:51.545555-06:00,01JFG6SGC9GNKPH546S5S8CHKS,2024-12-19T13:38:51.545555-06:00,01JFG6T7G79FRZPMPVCQ85P8SP,2024-12-19T13:38:51.545555-06:00,01JFG6T7H8R5WBKQ7MJ3XKBZGP,2024-12-19T13:38:51.545555-06:00,,
01JFK34PTH99NCGY1ZSKNEK9A5,01JFK30PH3SEKT8FVFSY8D60CF,2024-12-20T16:31:20.14525-06:00,01JFK30PHPCKCV85G81HHZXFAB,2024-12-20T16:31:20.14525-06:00,01JFK33QTMHQQ2YADW3YVA597E,2024-12-20T16:31:20.14525-06:00,01JFK33S1JBQP3GGHMB968GTVM,2024-12-20T16:31:20.14525-06:00,01JFK33S22TJCYZXTZEHYE5202,2024-12-20T16:31:20.14525-06:00,,
01JFK36E24R7PNTZHHYJHVZ2DF,01JFK30PH3SEKT8FVFSY8D60CF,2024-12-20T16:32:16.708362-06:00,01JFK30PHPCKCV85G81HHZXFAB,2024-12-20T16:32:16.708362-06:00,01JFK3122AMTRZKF24Q65KVDFJ,2024-12-20T16:32:16.708362-06:00,01JFK33S1P0ZWRBWEENMGMF2W9,2024-12-20T16:32:16.708362-06:00,01JFK33S3DM7NTSS4E8E51YW1B,2024-12-20T16:32:16.708362-06:00,,
01JFTD2VM5PABVJF47X00C5PGF,01JFTCSA20HPM8ZS1PVQDX9PQ8,2024-12-23T12:39:46.309817-06:00,01JFTCSA2KP7KN2A2GHPVN05XC,2024-12-23T12:39:46.309817-06:00,01JFTCYBPEW9X3ND6SNPA5GWSD,2024-12-23T12:39:46.309817-06:00,01JFTCYD2WZ7HR5M5JT2JWC0V7,2024-12-23T12:39:46.309817-06:00,01JFTCYD4PH61VD73B44GRKH3A,2024-12-23T12:39:46.309817-06:00,,
01JFG6TZNHHG93D29XM72T2ATZ,01JFG6QC0921CXW5FF4967Q056,2024-12-19T13:38:12.529757-06:00,01JFG6QC12SF7XMRKQ7J4H2WNJ,2024-12-19T13:38:12.529757-06:00,01JFG6QPTW174VE4DDXZKDXRJ6,2024-12-19T13:38:12.529757-06:00,01JFG6RMRYNWKPC0BMYM631YDE,2024-12-19T13:38:12.529757-06:00,01JFG6RMT1MR39EXSA8WT399EZ,2024-12-19T13:38:12.529757-06:00,,
01JFK350HKPYF8K6DDT75MHEDZ,01JFK30PH3SEKT8FVFSY8D60CF,2024-12-20T16:31:30.099993-06:00,01JFK30PHPCKCV85G81HHZXFAB,2024-12-20T16:31:30.099993-06:00,01JFK33QTMHQQ2YADW3YVA597E,2024-12-20T16:31:30.099993-06:00,01JFK33S1K9BAMXFNYGA690CJZ,2024-12-20T16:31:30.099993-06:00,01JFK33S2EV6V5WCV69QVY6YMT,2024-12-20T16:31:30.099993-06:00,true,2024-12-20T16:31:35.673838-06:00
01JFK3EW2PAH0H84ZXN1RW622P,01JFK33E4KV3H51KCZB8N5S9WS,2024-12-20T16:36:53.206768-06:00,01JFK33E54GXVG9AEGGVBYS92W,2024-12-20T16:36:53.206768-06:00,01JFK3B3A7ECVR0JQ0T0V9ZMHG,2024-12-20T16:36:53.206768-06:00,01JFK3B4A5P3SDD5SHB0G5B391,2024-12-20T16:36:53.206768-06:00,01JFK3B4BMKRJCETKNTN3A4SB5,2024-12-20T16:36:53.206768-06:00,,
01JFK3FSD99YA8S9AEF9XHDZJJ,01JFK33E4KV3H51KCZB8N5S9WS,2024-12-20T16:37:23.241874-06:00,01JFK33E54GXVG9AEGGVBYS92W,2024-12-20T16:37:23.241874-06:00,01JFK34156Q5JAX22A72MNVS90,2024-12-20T16:37:23.241874-06:00,01JFK3B4A5P3SDD5SHB0G5B391,2024-12-20T16:37:23.241874-06:00,01JFK3B4BN3GXBMY6GZEE6TG31,2024-12-20T16:37:23.241874-06:00,,
01JFG0ECEDFQKGA4VZKF386H8Q,01JFG0D3V0MVAGGZPMBD2CTE5E,2024-12-19T11:46:28.1737-06:00,01JFG0D3VKMADYW0PGQ4ZW6MX2,2024-12-19T11:46:28.1737-06:00,01JFG0D7MSZ09W7EWY0Q08AZ0J,2024-12-19T11:46:28.1737-06:00,01JFG0DYSJ1SGSBF8DXFPE50EZ,2024-12-19T11:46:28.1737-06:00,01JFG0DYTRMP7TH30FASQHGHJK,2024-12-19T11:46:28.1737-06:00,,
01JFG0P2TGBTZSB83TYTJST32H,01JFG0D3V0MVAGGZPMBD2CTE5E,2024-12-19T11:50:40.464128-06:00,01JFG0D3VKMADYW0PGQ4ZW6MX2,2024-12-19T11:50:40.464128-06:00,01JFG0DMQ791QR765QJNTD7TEF,2024-12-19T11:50:40.464128-06:00,01JFG0DYSNNRDCAMV3F1HEDKKG,2024-12-19T11:50:40.464128-06:00,01JFG0DYV4NEJHWT1MY6BEX8VW,2024-12-19T11:50:40.464128-06:00,,
01JFK34QVBFJA91DMV03VZN76X,01JFK30PH3SEKT8FVFSY8D60CF,2024-12-20T16:31:21.19574-06:00,01JFK30PHPCKCV85G81HHZXFAB,2024-12-20T16:31:21.19574-06:00,01JFK3122AMTRZKF24Q65KVDFJ,2024-12-20T16:31:21.19574-06:00,01JFK33S1K9BAMXFNYFGEMEVZJ,2024-12-20T16:31:21.19574-06:00,01JFK33S29WFXQQQSFR1Z8409X,2024-12-20T16:31:21.19574-06:00,true,2024-12-20T16:31:29.028416-06:00
01JFK3C1ZC4NN5N5AWKSWJZC8B,01JFK33E4KV3H51KCZB8N5S9WS,2024-12-20T16:35:20.940773-06:00,01JFK33E54GXVG9AEGGVBYS92W,2024-12-20T16:35:20.940773-06:00,01JFK34156Q5JAX22A72MNVS90,2024-12-20T16:35:20.940773-06:00,01JFK3B4A3T4G7TFDYPNF6MKMB,2024-12-20T16:35:20.940773-06:00,01JFK3B4AQHGA0CBDQ94T8YVKY,2024-12-20T16:35:20.940773-06:00,,
01JFK3EV1PFG4DQGMRNPG5GA4W,01JFK33E4KV3H51KCZB8N5S9WS,2024-12-20T16:36:52.150799-06:00,01JFK33E54GXVG9AEGGVBYS92W,2024-12-20T16:36:52.150799-06:00,01JFK34156Q5JAX22A72MNVS90,2024-12-20T16:36:52.150799-06:00,01JFK3B4A8FGPX5VF1X7M5K67V,2024-12-20T16:36:52.150799-06:00,01JFK3B4BHYGSJ5PQSXVHZ7W2D,2024-12-20T16:36:52.150799-06:00,,
01JFTD3RYJAVB2230TKZ6VNG8G,01JFTCSA20HPM8ZS1PVQDX9PQ8,2024-12-23T12:40:16.338562-06:00,01JFTCSA2KP7KN2A2GHPVN05XC,2024-12-23T12:40:16.338562-06:00,01JFTCYBPEW9X3ND6SNPA5GWSD,2024-12-23T12:40:16.338562-06:00,01JFTCYD2WZ7HR5M5JT2JWC0V7,2024-12-23T12:40:16.338562-06:00,01JFTCYD4PH61VD73B4R9CS2FR,2024-12-23T12:40:16.338562-06:00,,
01JFG70NHD0TD0W0K2173B59A7,01JFG6QC0921CXW5FF4967Q056,2024-12-19T13:41:18.765689-06:00,01JFG6QC12SF7XMRKQ7J4H2WNJ,2024-12-19T13:41:18.765689-06:00,01JFG6QPTW174VE4DDXZKDXRJ6,2024-12-19T13:41:18.765689-06:00,01JFG6RMRYNWKPC0BN1DQ878VQ,2024-12-19T13:41:18.765689-06:00,01JFG6RMT7ZMBKG2YRXK6DBF7Y,2024-12-19T13:41:18.765689-06:00,,
01JFG7C9CNACG1WECTH3XDRBNY,01JFG74Q3TWZGNJJRN8SVZVXF6,2024-12-19T13:47:39.541666-06:00,01JFG74Q4T878VSX7X3X4TEVFY,2024-12-19T13:47:39.541666-06:00,01JFG75J96YQFV5KR1YZ37PK9Q,2024-12-19T13:47:39.541666-06:00,01JFG75ZMQNFQWQH50GP7V1T0M,2024-12-19T13:47:39.541666-06:00,01JFG75ZP4GEF1NH4MY2044VP2,2024-12-19T13:47:39.541666-06:00,,
01JFTCWV6YCMQSZBY677B2998M,01JFTCSA20HPM8ZS1PVQDX9PQ8,2024-12-23T12:36:29.278673-06:00,01JFTCSA2JQBHYC7YWA8BHN6T5,2024-12-23T12:36:29.278673-06:00,01JFTCW44GSBT3PR59G7XXWCGR,2024-12-23T12:36:29.278673-06:00,01JFTCWTHGBMAJ0M4CD5VPRW7S,2024-12-23T12:36:29.278673-06:00,01JFTCWTJCH0TV5030AQ8YAWVH,2024-12-23T12:36:29.278673-06:00,true,2024-12-23T12:36:53.085157-06:00
01JFG0E67EWW2KPZJ765XARCQJ,01JFG0D3V0MVAGGZPMBD2CTE5E,2024-12-19T11:46:21.806696-06:00,01JFG0D3VKMADYW0PGQ4ZW6MX2,2024-12-19T11:46:21.806696-06:00,01JFG0DMQ791QR765QJNTD7TEF,2024-12-19T11:46:21.806696-06:00,01JFG0DYSEDM64K5AYETTA3RVC,2024-12-19T11:46:21.806696-06:00,01JFG0DYT3H8KA23S3HABM0FCN,2024-12-19T11:46:21.806696-06:00,,
01JFG0GA1CEK23CYP3D50W3HCH,01JFG0D3V0MVAGGZPMBD2CTE5E,2024-12-19T11:47:31.244453-06:00,01JFG0D3VKMADYW0PGQ4ZW6MX2,2024-12-19T11:47:31.244453-06:00,01JFG0DMQ791QR765QJNTD7TEF,2024-12-19T11:47:31.244453-06:00,01JFG0DYSHKHF2ZW4FVRH935M3,2024-12-19T11:47:31.244453-06:00,01JFG0DYTWGP4ZMS0EB059A4AF,2024-12-19T11:47:31.244453-06:00,,
01JFTCZK14JG0Y46QKX27F7ZAE,01JFTCSA20HPM8ZS1PVQDX9PQ8,2024-12-23T12:37:59.20433-06:00,01JFTCSA2JQBHYC7YWA8BHN6T5,2024-12-23T12:37:59.20433-06:00,01JFTCWS8H7MHE94B7HR05ZQFM,2024-12-23T12:37:59.20433-06:00,01JFTCWTHKRGENM9J471YGKGBA,2024-12-23T12:37:59.20433-06:00,01JFTCWTK5FWD4AMCT6YNAYT0Q,2024-12-23T12:37:59.20433-06:00,,
01JFTD4RAGH1CF8VGKNK8BQ88S,01JFTCSA20HPM8ZS1PVQDX9PQ8,2024-12-23T12:40:48.464538-06:00,01JFTCSA2KP7KN2A2GHPVN05XC,2024-12-23T12:40:48.464538-06:00,01JFTCYBPEW9X3ND6SNPA5GWSD,2024-12-23T12:40:48.464538-06:00,01JFTCYD2WZ7HR5M5JV0T43F2Z,2024-12-23T12:40:48.464538-06:00,01JFTCYD4XNJDKZ9Q723HY7FRF,2024-12-23T12:40:48.464538-06:00,,
01JFG78A5E6D0VE1QVBWZJBGWS,01JFG738MV5TW8KEPMZJG8KZ91,2024-12-19T13:45:29.262675-06:00,01JFG738NCJ8HA0GZ6DND9RMRW,2024-12-19T13:45:29.262675-06:00,01JFG73J7R43Z4XV0457CH3BF0,2024-12-19T13:45:29.262675-06:00,01JFG74E6P0D5BJKFP40F9XN22,2024-12-19T13:45:29.262675-06:00,01JFG74E7RDXVR561KCY2PD9ZG,2024-12-19T13:45:29.262675-06:00,,
01JFK3DXQ5P679VW4Z8PYZDNN1,01JFK33E4KV3H51KCZB8N5S9WS,2024-12-20T16:36:22.117665-06:00,01JFK33E54GXVG9AEGGVBYS92W,2024-12-20T16:36:22.117665-06:00,01JFK34156Q5JAX22A72MNVS90,2024-12-20T16:36:22.117665-06:00,01JFK3B4A8FGPX5VF1X7M5K67V,2024-12-20T16:36:22.117665-06:00,01JFK3B4BHYGSJ5PQSX5J14YBR,2024-12-20T16:36:22.117665-06:00,,
01JFK34PTH99NCGY1ZSZHJX2F8,01JFK30PH3SEKT8FVFSY8D60CF,2024-12-20T16:31:20.145657-06:00,01JFK30PHPCKCV85G81HHZXFAB,2024-12-20T16:31:20.145657-06:00,01JFK3122AMTRZKF24Q65KVDFJ,2024-12-20T16:31:20.145657-06:00,01JFK33S1JBQP3GGHMB968GTVM,2024-12-20T16:31:20.145657-06:00,01JFK33S22TJCYZXTZEHYE5202,2024-12-20T16:31:20.145657-06:00,,
01JFTCZG2A0TM8JD13PK3KTYAM,01JFTCSA20HPM8ZS1PVQDX9PQ8,2024-12-23T12:37:56.170164-06:00,01JFTCSA2JQBHYC7YWA8BHN6T5,2024-12-23T12:37:56.170164-06:00,01JFTCW44GSBT3PR59G7XXWCGR,2024-12-23T12:37:56.170164-06:00,01JFTCWTHH1FWSF7T437E4PDT6,2024-12-23T12:37:56.170164-06:00,01JFTCWTK1TT7DVJXD4S206XD8,2024-12-23T12:37:56.170164-06:00,,
01JFG0M86J616XYDMJV2H959V0,01JFG0D3V0MVAGGZPMBD2CTE5E,2024-12-19T11:49:40.434423-06:00,01JFG0D3VKMADYW0PGQ4ZW6MX2,2024-12-19T11:49:40.434423-06:00,01JFG0D7MSZ09W7EWY0Q08AZ0J,2024-12-19T11:49:40.434423-06:00,01JFG0DYSNNRDCAMV3F1HEDKKG,2024-12-19T11:49:40.434423-06:00,01JFG0DYV4NEJHWT1MXGWPXEXB,2024-12-19T11:49:40.434423-06:00,,
01JFTD1DN3S80ZJV8HV6NKMAN2,01JFTCSA20HPM8ZS1PVQDX9PQ8,2024-12-23T12:38:59.235284-06:00,01JFTCSA2JQBHYC7YWA8BHN6T5,2024-12-23T12:38:59.235284-06:00,01JFTCWS8H7MHE94B7HR05ZQFM,2024-12-23T12:38:59.235284-06:00,01JFTCWTHKRGENM9J471YGKGBA,2024-12-23T12:38:59.235284-06:00,01JFTCWTK69AS0BHTRVG8W3R34,2024-12-23T12:38:59.235284-06:00,,
01JFG7E42M95REHA4F2KN0F2BF,01JFG74Q3TWZGNJJRN8SVZVXF6,2024-12-19T13:48:39.636874-06:00,01JFG74Q4T878VSX7X3X4TEVFY,2024-12-19T13:48:39.636874-06:00,01JFG75J96YQFV5KR1YZ37PK9Q,2024-12-19T13:48:39.636874-06:00,01JFG75ZMQNFQWQH50GP7V1T0M,2024-12-19T13:48:39.636874-06:00,01JFG75ZP568MFP7B172D8S0JY,2024-12-19T13:48:39.636874-06:00,,
01JFK33SG6TST5WXGQ6MEDM8SB,01JFK30PH3SEKT8FVFSY8D60CF,2024-12-20T16:30:50.118861-06:00,01JFK30PHPCKCV85G81HHZXFAB,2024-12-20T16:30:50.118861-06:00,01JFK33QTMHQQ2YADW3YVA597E,2024-12-20T16:30:50.118861-06:00,01JFK33S1JBQP3GGHMB968GTVM,2024-12-20T16:30:50.118861-06:00,01JFK33S22TJCYZXTZE2SP8JM9,2024-12-20T16:30:50.118861-06:00,,
01JFTD1GM7F2HXZWJ4HCDJ49VQ,01JFTCSA20HPM8ZS1PVQDX9PQ8,2024-12-23T12:39:02.279153-06:00,01JFTCSA2JQBHYC7YWA8BHN6T5,2024-12-23T12:39:02.279153-06:00,01JFTCWS8H7MHE94B7HR05ZQFM,2024-12-23T12:39:02.279153-06:00,01JFTCWTHZBANC3HC7060PDATX,2024-12-23T12:39:02.279153-06:00,01JFTCWTKAJQY5YGR1HCF58ZME,2024-12-23T12:39:02.279153-06:00,,
01JFTD1X8RDJWDV689F1A9MN1X,01JFTCSA20HPM8ZS1PVQDX9PQ8,2024-12-23T12:39:15.22411-06:00,01JFTCSA2KP7KN2A2GHPVN05XC,2024-12-23T12:39:15.22411-06:00,01JFTCVGRGTHDHYZR2HYY71654,2024-12-23T12:39:15.22411-06:00,01JFTCYD2RBJ4NS27EDA0MCBGB,2024-12-23T12:39:15.22411-06:00,01JFTCYD4HH3GK2YNJ131FKZYC,2024-12-23T12:39:15.22411-06:00,,
01JFG0WK2XVNMY4X3PMQ1W6WPQ,01JFG0FCJREX0CTAQCM25KXGZ7,2024-12-19T11:54:13.72566-06:00,01JFG0FCKBBN6NKRZP52T00QDN,2024-12-19T11:54:13.72566-06:00,01JFG0R5N0EJCE8E0QW1TQKRH2,2024-12-19T11:54:13.72566-06:00,01JFG0RT0FR86XER1VDM9SEVAN,2024-12-19T11:54:13.72566-06:00,01JFG0RT1HQ2E74482JH86Z0MR,2024-12-19T11:54:13.72566-06:00,,
01JFK37PJBG369ZJ8F39DNSXXH,01JFK30PH3SEKT8FVFSY8D60CF,2024-12-20T16:32:58.187629-06:00,01JFK30PHPCKCV85G81HHZXFAB,2024-12-20T16:32:58.187629-06:00,01JFK33QTMHQQ2YADW3YVA597E,2024-12-20T16:32:58.187629-06:00,01JFK33S1P0ZWRBWEEPH5EGFSP,2024-12-20T16:32:58.187629-06:00,01JFK33S3QRA5WW8DRJWRNQ5J8,2024-12-20T16:32:58.187629-06:00,,
01JFG0TREKZMRAAX6CSDCJMEHR,01JFG0FCJREX0CTAQCM25KXGZ7,2024-12-19T11:53:13.683474-06:00,01JFG0FCKBBN6NKRZP52T00QDN,2024-12-19T11:53:13.683474-06:00,01JFG0R5N0EJCE8E0QW1TQKRH2,2024-12-19T11:53:13.683474-06:00,01JFG0RT0FR86XER1VDM9SEVAN,2024-12-19T11:53:13.683474-06:00,01JFG0RT1HQ2E74482HXZEBQB6,2024-12-19T11:53:13.683474-06:00,,
01JFK3560F799WSJ6J6WKS44VK,01JFK30PH3SEKT8FVFSY8D60CF,2024-12-20T16:31:35.695978-06:00,01JFK30PHPCKCV85G81HHZXFAB,2024-12-20T16:31:35.695978-06:00,01JFK33QTMHQQ2YADW3YVA597E,2024-12-20T16:31:35.695978-06:00,01JFK33S1K9BAMXFNYGA690CJZ,2024-12-20T16:31:35.695978-06:00,01JFK33S2GQNATSFREVN7RRN8E,2024-12-20T16:31:35.695978-06:00,,
01JFK35CEVJXT53XSYFMWBMNYY,01JFK30PH3SEKT8FVFSY8D60CF,2024-12-20T16:31:42.299189-06:00,01JFK30PHPCKCV85G81HHZXFAB,2024-12-20T16:31:42.299189-06:00,01JFK3122AMTRZKF24Q65KVDFJ,2024-12-20T16:31:42.299189-06:00,01JFK33S1NMWEB2YFE69RV4Y8S,2024-12-20T16:31:42.299189-06:00,01JFK33S2YB1RW6REMDN8QWF22,2024-12-20T16:31:42.299189-06:00,true,2024-12-20T16:31:47.975247-06:00
01JFK35RMCN8HTVJ4V30F99587,01JFK30PH3SEKT8FVFSY8D60CF,2024-12-20T16:31:54.764131-06:00,01JFK30PHPCKCV85G81HHZXFAB,2024-12-20T16:31:54.764131-06:00,01JFK3122AMTRZKF24Q65KVDFJ,2024-12-20T16:31:54.764131-06:00,01JFK33S1NMWEB2YFE5M9NZP9D,2024-12-20T16:31:54.764131-06:00,01JFK33S32V5NT0FGPP7QDJQMF,2024-12-20T16:31:54.764131-06:00,,
01JFG6S21YZ5DWP5VHR2367QK5,01JFG6QC0921CXW5FF4967Q056,2024-12-19T13:37:09.438896-06:00,01JFG6QC12SF7XMRKQ7J4H2WNJ,2024-12-19T13:37:09.438896-06:00,01JFG6QW5WQRGYN894KFQ72ESY,2024-12-19T13:37:09.438896-06:00,01JFG6RMRXH4631AAP5PG9H6XK,2024-12-19T13:37:09.438896-06:00,01JFG6RMSXEZHM9JD8HRBE301G,2024-12-19T13:37:09.438896-06:00,,
01JFK36F2SD4QPMHAB5AA5TCZM,01JFK30PH3SEKT8FVFSY8D60CF,2024-12-20T16:32:17.753078-06:00,01JFK30PHPCKCV85G81HHZXFAB,2024-12-20T16:32:17.753078-06:00,01JFK3122AMTRZKF24Q65KVDFJ,2024-12-20T16:32:17.753078-06:00,01JFK33S1NMWEB2YFE73AZDESB,2024-12-20T16:32:17.753078-06:00,01JFK33S3GK5K5TGQ6K7EPRKXT,2024-12-20T16:32:17.753078-06:00,true,2024-12-20T16:32:26.044554-06:00
01JFTD1W7TTS5D4RZT9VSQCXJN,01JFTCSA20HPM8ZS1PVQDX9PQ8,2024-12-23T12:39:14.170557-06:00,01JFTCSA2KP7KN2A2GHPVN05XC,2024-12-23T12:39:14.170557-06:00,01JFTCYBPEW9X3ND6SNPA5GWSD,2024-12-23T12:39:14.170557-06:00,01JFTCYD2XYGFF9773WB3NCD8E,2024-12-23T12:39:14.170557-06:00,01JFTCYD4ESFKM9DK1FAAZAZ5R,2024-12-23T12:39:14.170557-06:00,,
01JFTD3B84PWJ2WX1DGH3AN33Q,01JFTCSA20HPM8ZS1PVQDX9PQ8,2024-12-23T12:40:02.308712-06:00,01JFTCSA2JQBHYC7YWA8BHN6T5,2024-12-23T12:40:02.308712-06:00,01JFTCWS8H7MHE94B7HR05ZQFM,2024-12-23T12:40:02.308712-06:00,01JFTCWTHZBANC3HC7060PDATX,2024-12-23T12:40:02.308712-06:00,01JFTCWTKAJQY5YGR1J6BJ9E33,2024-12-23T12:40:02.308712-06:00,,
01JFK364SVP7C80J4W9NQCC6J7,01JFK30PH3SEKT8FVFSY8D60CF,2024-12-20T16:32:07.227997-06:00,01JFK30PHPCKCV85G81HHZXFAB,2024-12-20T16:32:07.227997-06:00,01JFK3122AMTRZKF24Q65KVDFJ,2024-12-20T16:32:07.227997-06:00,01JFK33S1MZCWBVABXDJPPSW68,2024-12-20T16:32:07.227997-06:00,01JFK33S3AG221QQQE5DEY34C9,2024-12-20T16:32:07.227997-06:00,,
01JFG0EFDMR8R3J3DFHV2SHBJF,01JFG0D3V0MVAGGZPMBD2CTE5E,2024-12-19T11:46:31.220247-06:00,01JFG0D3VKMADYW0PGQ4ZW6MX2,2024-12-19T11:46:31.220247-06:00,01JFG0DMQ791QR765QJNTD7TEF,2024-12-19T11:46:31.220247-06:00,01JFG0DYSHKHF2ZW4FVRH935M3,2024-12-19T11:46:31.220247-06:00,01JFG0DYTWGP4ZMS0EAK0ZFRKY,2024-12-19T11:46:31.220247-06:00,,
01JFG0JAKD3FXREBQ1M5PGAQYT,01JFG0D3V0MVAGGZPMBD2CTE5E,2024-12-19T11:48:37.357817-06:00,01JFG0D3VKMADYW0PGQ4ZW6MX2,2024-12-19T11:48:37.357817-06:00,01JFG0DMQ791QR765QJNTD7TEF,2024-12-19T11:48:37.357817-06:00,01JFG0DYSR1SAWZYJ4GT23NQSX,2024-12-19T11:48:37.357817-06:00,01JFG0DYV15V67P2QBM0KDWNQ4,2024-12-19T11:48:37.357817-06:00,,
01JFG6YQXQ5NVZBA18HFFWFJBS,01JFG6QC0921CXW5FF4967Q056,2024-12-19T13:40:15.67144-06:00,01JFG6QC12SF7XMRKQ7J4H2WNJ,2024-12-19T13:40:15.67144-06:00,01JFG6QW5WQRGYN894KFQ72ESY,2024-12-19T13:40:15.67144-06:00,01JFG6RMRYNWKPC0BMXSWMS6SM,2024-12-19T13:40:15.67144-06:00,01JFG6RMT4QKBQF9XEEQ5K2G2F,2024-12-19T13:40:15.67144-06:00,,
01JFG769HRKSSTES5HR4RT8T90,01JFG738MV5TW8KEPMZJG8KZ91,2024-12-19T13:44:23.096434-06:00,01JFG738NCJ8HA0GZ6DND9RMRW,2024-12-19T13:44:23.096434-06:00,01JFG743WKH3HTC30MXDFW0WDH,2024-12-19T13:44:23.096434-06:00,01JFG74E6D5N900AY453W0V9J0,2024-12-19T13:44:23.096434-06:00,01JFG74E73JRKFMG9N6FVG0RXS,2024-12-19T13:44:23.096434-06:00,,
01JFG7A8RRCEHN0V2EHC70X9EW,01JFG74Q3TWZGNJJRN8SVZVXF6,2024-12-19T13:46:33.368217-06:00,01JFG74Q4T878VSX7X3X4TEVFY,2024-12-19T13:46:33.368217-06:00,01JFG751VFRQNSEXQ3AB6PNXZE,2024-12-19T13:46:33.368217-06:00,01JFG75ZN12161RX8GM7YBQTB7,2024-12-19T13:46:33.368217-06:00,01JFG75ZNXPHXQ73M8GWZQTMVG,2024-12-19T13:46:33.368217-06:00,,
01JFG7C6CKE2J78207A71KY7T6,01JFG74Q3TWZGNJJRN8SVZVXF6,2024-12-19T13:47:36.467945-06:00,01JFG74Q4T878VSX7X3X4TEVFY,2024-12-19T13:47:36.467945-06:00,01JFG75J96YQFV5KR1YZ37PK9Q,2024-12-19T13:47:36.467945-06:00,01JFG75ZMW00MJWP4XVSVFHFSH,2024-12-19T13:47:36.467945-06:00,01JFG75ZP0BFNABKM00C61S001,2024-12-19T13:47:36.467945-06:00,,
01JFK35CEVJXT53XSYG2YD4QQR,01JFK30PH3SEKT8FVFSY8D60CF,2024-12-20T16:31:42.299642-06:00,01JFK30PHPCKCV85G81HHZXFAB,2024-12-20T16:31:42.299642-06:00,01JFK33QTMHQQ2YADW3YVA597E,2024-12-20T16:31:42.299642-06:00,01JFK33S1NMWEB2YFE69RV4Y8S,2024-12-20T16:31:42.299642-06:00,01JFK33S2YB1RW6REMDN8QWF22,2024-12-20T16:31:42.299642-06:00,true,2024-12-20T16:31:47.976884-06:00
01JFG6YTX7EC23KZA3DQQX2HY2,01JFG6QC0921CXW5FF4967Q056,2024-12-19T13:40:18.727863-06:00,01JFG6QC12SF7XMRKQ7J4H2WNJ,2024-12-19T13:40:18.727863-06:00,01JFG6QW5WQRGYN894KFQ72ESY,2024-12-19T13:40:18.727863-06:00,01JFG6RMRYNWKPC0BN1DQ878VQ,2024-12-19T13:40:18.727863-06:00,01JFG6RMT7ZMBKG2YRX0DHCGCP,2024-12-19T13:40:18.727863-06:00,,
01JFG76CHFBZX9YZPV4G93MWV4,01JFG738MV5TW8KEPMZJG8KZ91,2024-12-19T13:44:26.159098-06:00,01JFG738NCJ8HA0GZ6DND9RMRW,2024-12-19T13:44:26.159098-06:00,01JFG73J7R43Z4XV0457CH3BF0,2024-12-19T13:44:26.159098-06:00,01JFG74E6G7ENGSD8V9MQKAMJT,2024-12-19T13:44:26.159098-06:00,01JFG74E7MRCVJ77GBBTSHD3VT,2024-12-19T13:44:26.159098-06:00,,
01JFG78A5FD9NXT35QNDAD3WZP,01JFG738MV5TW8KEPMZJG8KZ91,2024-12-19T13:45:29.263116-06:00,01JFG738NCJ8HA0GZ6DND9RMRW,2024-12-19T13:45:29.263116-06:00,01JFG743WKH3HTC30MXDFW0WDH,2024-12-19T13:45:29.263116-06:00,01JFG74E6P0D5BJKFP40F9XN22,2024-12-19T13:45:29.263116-06:00,01JFG74E7RDXVR561KCY2PD9ZG,2024-12-19T13:45:29.263116-06:00,,
01JFG7A7SDF37F6GVG6RAEQ9XK,01JFG738MV5TW8KEPMZJG8KZ91,2024-12-19T13:46:32.365238-06:00,01JFG738NCJ8HA0GZ6DND9RMRW,2024-12-19T13:46:32.365238-06:00,01JFG743WKH3HTC30MXDFW0WDH,2024-12-19T13:46:32.365238-06:00,01JFG74E6KAFQYR8DFSD6QX4D1,2024-12-19T13:46:32.365238-06:00,01JFG74E7VSMMDN6FGG5MR04FN,2024-12-19T13:46:32.365238-06:00,,
01JFK3D0ATVZYEX88NK992XB2E,01JFK33E4KV3H51KCZB8N5S9WS,2024-12-20T16:35:52.026558-06:00,01JFK33E54GXVG9AEGGVBYS92W,2024-12-20T16:35:52.026558-06:00,01JFK3B3A7ECVR0JQ0T0V9ZMHG,2024-12-20T16:35:52.026558-06:00,01JFK3B4A2PBQYVCK3A98H6WCQ,2024-12-20T16:35:52.026558-06:00,01JFK3B4B3MQEV92DJ13MKJYPS,2024-12-20T16:35:52.026558-06:00,,
01JFG0EFDMR8R3J3DFJ56DQJCX,01JFG0D3V0MVAGGZPMBD2CTE5E,2024-12-19T11:46:31.220454-06:00,01JFG0D3VKMADYW0PGQ4ZW6MX2,2024-12-19T11:46:31.220454-06:00,01JFG0D7MSZ09W7EWY0Q08AZ0J,2024-12-19T11:46:31.220454-06:00,01JFG0DYSHKHF2ZW4FVRH935M3,2024-12-19T11:46:31.220454-06:00,01JFG0DYTWGP4ZMS0EAK0ZFRKY,2024-12-19T11:46:31.220454-06:00,,
01JFG0J7M9A8NVSFRNG1Y69X2N,01JFG0D3V0MVAGGZPMBD2CTE5E,2024-12-19T11:48:34.31397-06:00,01JFG0D3VKMADYW0PGQ4ZW6MX2,2024-12-19T11:48:34.31397-06:00,01JFG0D7MSZ09W7EWY0Q08AZ0J,2024-12-19T11:48:34.31397-06:00,01JFG0DYSMCGK45S0DKTV0X9VS,2024-12-19T11:48:34.31397-06:00,01JFG0DYTY16Y8D0B17Y2N89S7,2024-12-19T11:48:34.31397-06:00,,
01JFK38MX8ZRHXVEQPXMVRYEA2,01JFK30PH3SEKT8FVFSY8D60CF,2024-12-20T16:33:29.256242-06:00,01JFK30PHPCKCV85G81HHZXFAB,2024-12-20T16:33:29.256242-06:00,01JFK33QTMHQQ2YADW3YVA597E,2024-12-20T16:33:29.256242-06:00,01JFK33S1P0ZWRBWEEMR3N7R0J,2024-12-20T16:33:29.256242-06:00,01JFK33S3T3EF4WCV7J87A1KPC,2024-12-20T16:33:29.256242-06:00,,
01JFTCZVA4NC0RJN9Q4E7CE6CF,01JFTCSA20HPM8ZS1PVQDX9PQ8,2024-12-23T12:38:07.68464-06:00,01JFTCSA2KP7KN2A2GHPVN05XC,2024-12-23T12:38:07.68464-06:00,01JFTCYBPEW9X3ND6SNPA5GWSD,2024-12-23T12:38:07.68464-06:00,01JFTCYD2Q5NY526YX4KENMTDQ,2024-12-23T12:38:07.68464-06:00,01JFTCYD40XGVTBP4KN7TJH5NK,2024-12-23T12:38:07.68464-06:00,,
01JFTD3E788BQKF15DC5TR7SYZ,01JFTCSA20HPM8ZS1PVQDX9PQ8,2024-12-23T12:40:05.35249-06:00,01JFTCSA2JQBHYC7YWA8BHN6T5,2024-12-23T12:40:05.35249-06:00,01JFTCW44GSBT3PR59G7XXWCGR,2024-12-23T12:40:05.35249-06:00,01JFTCWTHJKC1WM3JAF13GD7KE,2024-12-23T12:40:05.35249-06:00,01JFTCWTKDQPP9NG43A4RE98RT,2024-12-23T12:40:05.35249-06:00,,
01JFG7C6CJWA0PWRFD8Y110KMS,01JFG74Q3TWZGNJJRN8SVZVXF6,2024-12-19T13:47:36.466486-06:00,01JFG74Q4T878VSX7X3X4TEVFY,2024-12-19T13:47:36.466486-06:00,01JFG751VFRQNSEXQ3AB6PNXZE,2024-12-19T13:47:36.466486-06:00,01JFG75ZMW00MJWP4XVSVFHFSH,2024-12-19T13:47:36.466486-06:00,01JFG75ZP0BFNABKM00C61S001,2024-12-19T13:47:36.466486-06:00,,
01JFK36R76HXPE7NH8V2SE2E50,01JFK30PH3SEKT8FVFSY8D60CF,2024-12-20T16:32:27.110412-06:00,01JFK30PHPCKCV85G81HHZXFAB,2024-12-20T16:32:27.110412-06:00,01JFK3122AMTRZKF24Q65KVDFJ,2024-12-20T16:32:27.110412-06:00,01JFK33S1Q1DPV70M0RMN0BX76,2024-12-20T16:32:27.110412-06:00,01JFK33S3KNZCJQAYH311VKWTH,2024-12-20T16:32:27.110412-06:00,,
01JFTCYWZ4ADH0P1BC6ADHQ36R,01JFTCSA20HPM8ZS1PVQDX9PQ8,2024-12-23T12:37:36.612482-06:00,01JFTCSA2KP7KN2A2GHPVN05XC,2024-12-23T12:37:36.612482-06:00,01JFTCVGRGTHDHYZR2HYY71654,2024-12-23T12:37:36.612482-06:00,01JFTCYD2RBJ4NS27ECHK13CF9,2024-12-23T12:37:36.612482-06:00,01JFTCYD3WBAR4EKZAWZAQZVF8,2024-12-23T12:37:36.612482-06:00,,
01JFTD1GM6C765H1F9QYT784T0,01JFTCSA20HPM8ZS1PVQDX9PQ8,2024-12-23T12:39:02.278538-06:00,01JFTCSA2JQBHYC7YWA8BHN6T5,2024-12-23T12:39:02.278538-06:00,01JFTCW44GSBT3PR59G7XXWCGR,2024-12-23T12:39:02.278538-06:00,01JFTCWTHZBANC3HC7060PDATX,2024-12-23T12:39:02.278538-06:00,01JFTCWTKAJQY5YGR1HCF58ZME,2024-12-23T12:39:02.278538-06:00,,
01JFG6T84X9ZGKP9K7HFZC9NCX,01JFG6S17MDRMQK5K2DP34Z9GF,2024-12-19T13:37:48.445869-06:00,01JFG6S18CN4W09S8QX5ES16HQ,2024-12-19T13:37:48.445869-06:00,01JFG6SGC9GNKPH546S5S8CHKS,2024-12-19T13:37:48.445869-06:00,01JFG6T7G4Z3MY6VGTR0N2WEV2,2024-12-19T13:37:48.445869-06:00,01JFG6T7GZD4G1R7APSSJDHBRG,2024-12-19T13:37:48.445869-06:00,,
01JFK35ZJY2Y7WGEY92DW8Q248,01JFK30PH3SEKT8FVFSY8D60CF,2024-12-20T16:32:01.886241-06:00,01JFK30PHPCKCV85G81HHZXFAB,2024-12-20T16:32:01.886241-06:00,01JFK3122AMTRZKF24Q65KVDFJ,2024-12-20T16:32:01.886241-06:00,01JFK33S1MZCWBVABXDJPPSW68,2024-12-20T16:32:01.886241-06:00,01JFK33S3AG221QQQE4XN34KMK,2024-12-20T16:32:01.886241-06:00,true,2024-12-20T16:32:07.208249-06:00
01JFK36Q6GAPHHMMEYPDPKHCHP,01JFK30PH3SEKT8FVFSY8D60CF,2024-12-20T16:32:26.064335-06:00,01JFK30PHPCKCV85G81HHZXFAB,2024-12-20T16:32:26.064335-06:00,01JFK3122AMTRZKF24Q65KVDFJ,2024-12-20T16:32:26.064335-06:00,01JFK33S1NMWEB2YFE73AZDESB,2024-12-20T16:32:26.064335-06:00,01JFK33S3GK5K5TGQ6M1Z6RDBA,2024-12-20T16:32:26.064335-06:00,,
01JFTCYDRYJT4PCEB4FRJTCE8A,01JFTCSA20HPM8ZS1PVQDX9PQ8,2024-12-23T12:37:21.054943-06:00,01JFTCSA2KP7KN2A2GHPVN05XC,2024-12-23T12:37:21.054943-06:00,01JFTCVGRGTHDHYZR2HYY71654,2024-12-23T12:37:21.054943-06:00,01JFTCYD2N44853H42FWJPTDWN,2024-12-23T12:37:21.054943-06:00,01JFTCYD397R2FNSRVBA6JJFM4,2024-12-23T12:37:21.054943-06:00,true,2024-12-23T12:37:27.265061-06:00
01JFTD2TK7FCE1CKB4QC0RKVT9,01JFTCSA20HPM8ZS1PVQDX9PQ8,2024-12-23T12:39:45.255942-06:00,01JFTCSA2KP7KN2A2GHPVN05XC,2024-12-23T12:39:45.255942-06:00,01JFTCVGRGTHDHYZR2HYY71654,2024-12-23T12:39:45.255942-06:00,01JFTCYD2RBJ4NS27EDA0MCBGB,2024-12-23T12:39:45.255942-06:00,01JFTCYD4JBREHFZJ3502474SH,2024-12-23T12:39:45.255942-06:00,,
01JFG74EXFB97GY35YB1TDAMQN,01JFG738MV5TW8KEPMZJG8KZ91,2024-12-19T13:43:23.055502-06:00,01JFG738NCJ8HA0GZ6DND9RMRW,2024-12-19T13:43:23.055502-06:00,01JFG73J7R43Z4XV0457CH3BF0,2024-12-19T13:43:23.055502-06:00,01JFG74E6D5N900AY453W0V9J0,2024-12-19T13:43:23.055502-06:00,01JFG74E73JRKFMG9N5RG5SYX3,2024-12-19T13:43:23.055502-06:00,,
01JFK36R757T2X4FFJK3JCJK1C,01JFK30PH3SEKT8FVFSY8D60CF,2024-12-20T16:32:27.109709-06:00,01JFK30PHPCKCV85G81HHZXFAB,2024-12-20T16:32:27.109709-06:00,01JFK33QTMHQQ2YADW3YVA597E,2024-12-20T16:32:27.109709-06:00,01JFK33S1Q1DPV70M0RMN0BX76,2024-12-20T16:32:27.109709-06:00,01JFK33S3KNZCJQAYH311VKWTH,2024-12-20T16:32:27.109709-06:00,,
01JFTCXNENSS63GJJNAHY2E5WQ,01JFTCSA20HPM8ZS1PVQDX9PQ8,2024-12-23T12:36:56.14929-06:00,01JFTCSA2JQBHYC7YWA8BHN6T5,2024-12-23T12:36:56.14929-06:00,01JFTCW44GSBT3PR59G7XXWCGR,2024-12-23T12:36:56.14929-06:00,01JFTCWTHH1FWSF7T437E4PDT6,2024-12-23T12:36:56.14929-06:00,01JFTCWTK1TT7DVJXD3ZW1TZZG,2024-12-23T12:36:56.14929-06:00,,
01JFG760ABB573NP2ZD0893D8S,01JFG74Q3TWZGNJJRN8SVZVXF6,2024-12-19T13:44:13.644008-06:00,01JFG74Q4T878VSX7X3X4TEVFY,2024-12-19T13:44:13.644008-06:00,01JFG75J96YQFV5KR1YZ37PK9Q,2024-12-19T13:44:13.644008-06:00,01JFG75ZMHFT34H6P1SERG5FZE,2024-12-19T13:44:13.644008-06:00,01JFG75ZN543PJ5FZ875NFBD2J,2024-12-19T13:44:13.644008-06:00,true,2024-12-19T13:44:27.147588-06:00
01JFK33SG6TST5WXGQ65XVXMA5,01JFK30PH3SEKT8FVFSY8D60CF,2024-12-20T16:30:50.118589-06:00,01JFK30PHPCKCV85G81HHZXFAB,2024-12-20T16:30:50.118589-06:00,01JFK3122AMTRZKF24Q65KVDFJ,2024-12-20T16:30:50.118589-06:00,01JFK33S1JBQP3GGHMB968GTVM,2024-12-20T16:30:50.118589-06:00,01JFK33S22TJCYZXTZE2SP8JM9,2024-12-20T16:30:50.118589-06:00,,
01JFK38KWT6ZTBWP1G3YMZQ9PV,01JFK30PH3SEKT8FVFSY8D60CF,2024-12-20T16:33:28.218909-06:00,01JFK30PHPCKCV85G81HHZXFAB,2024-12-20T16:33:28.218909-06:00,01JFK3122AMTRZKF24Q65KVDFJ,2024-12-20T16:33:28.218909-06:00,01JFK33S1P0ZWRBWEEPH5EGFSP,2024-12-20T16:33:28.218909-06:00,01JFK33S3QRA5WW8DRKR22MH9B,2024-12-20T16:33:28.218909-06:00,,
01JFK3EV1Q9FC5YA4S0CZHQQQ5,01JFK33E4KV3H51KCZB8N5S9WS,2024-12-20T16:36:52.151843-06:00,01JFK33E54GXVG9AEGGVBYS92W,2024-12-20T16:36:52.151843-06:00,01JFK3B3A7ECVR0JQ0T0V9ZMHG,2024-12-20T16:36:52.151843-06:00,01JFK3B4A8FGPX5VF1X7M5K67V,2024-12-20T16:36:52.151843-06:00,01JFK3B4BHYGSJ5PQSXVHZ7W2D,2024-12-20T16:36:52.151843-06:00,,
01JFTCYSJVKF2XQCP7DYHN55PF,01JFTCSA20HPM8ZS1PVQDX9PQ8,2024-12-23T12:37:33.147615-06:00,01JFTCSA2KP7KN2A2GHPVN05XC,2024-12-23T12:37:33.147615-06:00,01JFTCVGRGTHDHYZR2HYY71654,2024-12-23T12:37:33.147615-06:00,01JFTCYD2RBJ4NS27ECHK13CF9,2024-12-23T12:37:33.147615-06:00,01JFTCYD3VYY9PZZ68SG0417N2,2024-12-23T12:37:33.147615-06:00,true,2024-12-23T12:37:36.593057-06:00
01JFK3560F799WSJ6J6K24N60R,01JFK30PH3SEKT8FVFSY8D60CF,2024-12-20T16:31:35.695249-06:00,01JFK30PHPCKCV85G81HHZXFAB,2024-12-20T16:31:35.695249-06:00,01JFK3122AMTRZKF24Q65KVDFJ,2024-12-20T16:31:35.695249-06:00,01JFK33S1K9BAMXFNYGA690CJZ,2024-12-20T16:31:35.695249-06:00,01JFK33S2GQNATSFREVN7RRN8E,2024-12-20T16:31:35.695249-06:00,,
01JFK38MX8ZRHXVEQPXXFXYZXX,01JFK30PH3SEKT8FVFSY8D60CF,2024-12-20T16:33:29.256641-06:00,01JFK30PHPCKCV85G81HHZXFAB,2024-12-20T16:33:29.256641-06:00,01JFK3122AMTRZKF24Q65KVDFJ,2024-12-20T16:33:29.256641-06:00,01JFK33S1P0ZWRBWEEMR3N7R0J,2024-12-20T16:33:29.256641-06:00,01JFK33S3T3EF4WCV7J87A1KPC,2024-12-20T16:33:29.256641-06:00,,
01JFTCXJFGKNTVG18792RYR3B9,01JFTCSA20HPM8ZS1PVQDX9PQ8,2024-12-23T12:36:53.104534-06:00,01JFTCSA2JQBHYC7YWA8BHN6T5,2024-12-23T12:36:53.104534-06:00,01JFTCW44GSBT3PR59G7XXWCGR,2024-12-23T12:36:53.104534-06:00,01JFTCWTHGBMAJ0M4CD5VPRW7S,2024-12-23T12:36:53.104534-06:00,01JFTCWTJDYQD0HR325ZVH68BX,2024-12-23T12:36:53.104534-06:00,,
01JFTD0SN2R0NEP24H6H3AYV0P,01JFTCSA20HPM8ZS1PVQDX9PQ8,2024-12-23T12:38:38.754519-06:00,01JFTCSA2KP7KN2A2GHPVN05XC,2024-12-23T12:38:38.754519-06:00,01JFTCYBPEW9X3ND6SNPA5GWSD,2024-12-23T12:38:38.754519-06:00,01JFTCYD2Q5NY526YX58S5WAE8,2024-12-23T12:38:38.754519-06:00,01JFTCYD4620FSN88WP4JGKECP,2024-12-23T12:38:38.754519-06:00,,
01JFG0ECEDFQKGA4VZK1BQ8TQB,01JFG0D3V0MVAGGZPMBD2CTE5E,2024-12-19T11:46:28.173243-06:00,01JFG0D3VKMADYW0PGQ4ZW6MX2,2024-12-19T11:46:28.173243-06:00,01JFG0DMQ791QR765QJNTD7TEF,2024-12-19T11:46:28.173243-06:00,01JFG0DYSJ1SGSBF8DXFPE50EZ,2024-12-19T11:46:28.173243-06:00,01JFG0DYTRMP7TH30FASQHGHJK,2024-12-19T11:46:28.173243-06:00,,
01JFG7A4SSGBW5560ZGG8Q7A11,01JFG738MV5TW8KEPMZJG8KZ91,2024-12-19T13:46:29.30586-06:00,01JFG738NCJ8HA0GZ6DND9RMRW,2024-12-19T13:46:29.30586-06:00,01JFG743WKH3HTC30MXDFW0WDH,2024-12-19T13:46:29.30586-06:00,01JFG74E6P0D5BJKFP40F9XN22,2024-12-19T13:46:29.30586-06:00,01JFG74E7RDXVR561KDG341VSA,2024-12-19T13:46:29.30586-06:00,,
01JFG7ABRCT0DNQ3ZJ4P42ZNB9,01JFG74Q3TWZGNJJRN8SVZVXF6,2024-12-19T13:46:36.428959-06:00,01JFG74Q4T878VSX7X3X4TEVFY,2024-12-19T13:46:36.428959-06:00,01JFG75J96YQFV5KR1YZ37PK9Q,2024-12-19T13:46:36.428959-06:00,01JFG75ZMW00MJWP4XVSVFHFSH,2024-12-19T13:46:36.428959-06:00,01JFG75ZP0BFNABKKZZJ4VYXGY,2024-12-19T13:46:36.428959-06:00,,
01JFK36Q6FXMSQX04HVVB9DH8H,01JFK30PH3SEKT8FVFSY8D60CF,2024-12-20T16:32:26.063728-06:00,01JFK30PHPCKCV85G81HHZXFAB,2024-12-20T16:32:26.063728-06:00,01JFK33QTMHQQ2YADW3YVA597E,2024-12-20T16:32:26.063728-06:00,01JFK33S1NMWEB2YFE73AZDESB,2024-12-20T16:32:26.063728-06:00,01JFK33S3GK5K5TGQ6M1Z6RDBA,2024-12-20T16:32:26.063728-06:00,,
01JFTD4Q9TRS06XAKMMF5WQBMC,01JFTCSA20HPM8ZS1PVQDX9PQ8,2024-12-23T12:40:47.41893-06:00,01JFTCSA2KP7KN2A2GHPVN05XC,2024-12-23T12:40:47.41893-06:00,01JFTCVGRGTHDHYZR2HYY71654,2024-12-23T12:40:47.41893-06:00,01JFTCYD2YH9ZHZZMYKPFG0TPX,2024-12-23T12:40:47.41893-06:00,01JFTCYD4T7J7CS7T06NDZWC00,2024-12-23T12:40:47.41893-06:00,,
01JFK365TRP0XHF8TE7E8Z0REH,01JFK30PH3SEKT8FVFSY8D60CF,2024-12-20T16:32:08.280447-06:00,01JFK30PHPCKCV85G81HHZXFAB,2024-12-20T16:32:08.280447-06:00,01JFK33QTMHQQ2YADW3YVA597E,2024-12-20T16:32:08.280447-06:00,01JFK33S1P0ZWRBWEENMGMF2W9,2024-12-20T16:32:08.280447-06:00,01JFK33S3DM7NTSS4E7SZD9PAV,2024-12-20T16:32:08.280447-06:00,true,2024-12-20T16:32:16.682006-06:00
01JFK39J7M2BVMWD0YWGNEFR0B,01JFK30PH3SEKT8FVFSY8D60CF,2024-12-20T16:33:59.284407-06:00,01JFK30PHPCKCV85G81HHZXFAB,2024-12-20T16:33:59.284407-06:00,01JFK33QTMHQQ2YADW3YVA597E,2024-12-20T16:33:59.284407-06:00,01JFK33S1P0ZWRBWEEMR3N7R0J,2024-12-20T16:33:59.284407-06:00,01JFK33S3T3EF4WCV7JWAN2JK6,2024-12-20T16:33:59.284407-06:00,,
01JFK3D1BPP9PB4A608V9W4KS9,01JFK33E4KV3H51KCZB8N5S9WS,2024-12-20T16:35:53.078111-06:00,01JFK33E54GXVG9AEGGVBYS92W,2024-12-20T16:35:53.078111-06:00,01JFK34156Q5JAX22A72MNVS90,2024-12-20T16:35:53.078111-06:00,01JFK3B4A6EWJDWEB7F4GBQ7DS,2024-12-20T16:35:53.078111-06:00,01JFK3B4B8MZMPV13WJ57BVNW0,2024-12-20T16:35:53.078111-06:00,true,2024-12-20T16:36:06.745974-06:00
01JFTCZWAV9CR6YS0K46K32JYX,01JFTCSA20HPM8ZS1PVQDX9PQ8,2024-12-23T12:38:08.731226-06:00,01JFTCSA2KP7KN2A2GHPVN05XC,2024-12-23T12:38:08.731226-06:00,01JFTCYBPEW9X3ND6SNPA5GWSD,2024-12-23T12:38:08.731226-06:00,01JFTCYD2Q5NY526YX58S5WAE8,2024-12-23T12:38:08.731226-06:00,01JFTCYD45TWAB7ZVC7451R0VA,2024-12-23T12:38:08.731226-06:00,,
01JFTD5NMZD212C69QAG3M4Q4H,01JFTCSA20HPM8ZS1PVQDX9PQ8,2024-12-23T12:41:18.495885-06:00,01JFTCSA2KP7KN2A2GHPVN05XC,2024-12-23T12:41:18.495885-06:00,01JFTCYBPEW9X3ND6SNPA5GWSD,2024-12-23T12:41:18.495885-06:00,01JFTCYD2WZ7HR5M5JV0T43F2Z,2024-12-23T12:41:18.495885-06:00,01JFTCYD4Y2GHR8RMC565AKF8A,2024-12-23T12:41:18.495885-06:00,,
01JFG0GA1CEK23CYP3CX974ENM,01JFG0D3V0MVAGGZPMBD2CTE5E,2024-12-19T11:47:31.244263-06:00,01JFG0D3VKMADYW0PGQ4ZW6MX2,2024-12-19T11:47:31.244263-06:00,01JFG0D7MSZ09W7EWY0Q08AZ0J,2024-12-19T11:47:31.244263-06:00,01JFG0DYSHKHF2ZW4FVRH935M3,2024-12-19T11:47:31.244263-06:00,01JFG0DYTWGP4ZMS0EB059A4AF,2024-12-19T11:47:31.244263-06:00,,
01JFG0YGP2R330CTZY0MAAEZ1B,01JFG0FCJREX0CTAQCM25KXGZ7,2024-12-19T11:55:16.802892-06:00,01JFG0FCKBBN6NKRZP52T00QDN,2024-12-19T11:55:16.802892-06:00,01JFG0R5N0EJCE8E0QW1TQKRH2,2024-12-19T11:55:16.802892-06:00,01JFG0RT0GJMSZZ43K01DCY974,2024-12-19T11:55:16.802892-06:00,01JFG0RT1N1DB1M3R6JV7GSPJW,2024-12-19T11:55:16.802892-06:00,,
01JFK35BE2TAWS07HV2CWC7V6J,01JFK30PH3SEKT8FVFSY8D60CF,2024-12-20T16:31:41.250621-06:00,01JFK30PHPCKCV85G81HHZXFAB,2024-12-20T16:31:41.250621-06:00,01JFK3122AMTRZKF24Q65KVDFJ,2024-12-20T16:31:41.250621-06:00,01JFK33S1MZCWBVABXEC13ET0E,2024-12-20T16:31:41.250621-06:00,01JFK33S2R04T0P75S7C8F2TS4,2024-12-20T16:31:41.250621-06:00,,
01JFTCYDRYJT4PCEB4FHV748QG,01JFTCSA20HPM8ZS1PVQDX9PQ8,2024-12-23T12:37:21.054133-06:00,01JFTCSA2KP7KN2A2GHPVN05XC,2024-12-23T12:37:21.054133-06:00,01JFTCYBPEW9X3ND6SNPA5GWSD,2024-12-23T12:37:21.054133-06:00,01JFTCYD2N44853H42FWJPTDWN,2024-12-23T12:37:21.054133-06:00,01JFTCYD397R2FNSRVBA6JJFM4,2024-12-23T12:37:21.054133-06:00,true,2024-12-23T12:37:27.271999-06:00
01JFTCYSJW1DCJ5FKPJXWE1FFG,01JFTCSA20HPM8ZS1PVQDX9PQ8,2024-12-23T12:37:33.148558-06:00,01JFTCSA2KP7KN2A2GHPVN05XC,2024-12-23T12:37:33.148558-06:00,01JFTCYBPEW9X3ND6SNPA5GWSD,2024-12-23T12:37:33.148558-06:00,01JFTCYD2RBJ4NS27ECHK13CF9,2024-12-23T12:37:33.148558-06:00,01JFTCYD3VYY9PZZ68SG0417N2,2024-12-23T12:37:33.148558-06:00,true,2024-12-23T12:37:36.595502-06:00
01JFG76DH25NFGV9XVXJ5MYQK7,01JFG74Q3TWZGNJJRN8SVZVXF6,2024-12-19T13:44:27.170568-06:00,01JFG74Q4T878VSX7X3X4TEVFY,2024-12-19T13:44:27.170568-06:00,01JFG751VFRQNSEXQ3AB6PNXZE,2024-12-19T13:44:27.170568-06:00,01JFG75ZMHFT34H6P1SERG5FZE,2024-12-19T13:44:27.170568-06:00,01JFG75ZNA8ZSGKR4N1KX7XJYS,2024-12-19T13:44:27.170568-06:00,,
01JFG7C2DN0P8WAP0EGSXCGYRA,01JFG738MV5TW8KEPMZJG8KZ91,2024-12-19T13:47:32.406015-06:00,01JFG738NCJ8HA0GZ6DND9RMRW,2024-12-19T13:47:32.406015-06:00,01JFG73J7R43Z4XV0457CH3BF0,2024-12-19T13:47:32.406015-06:00,01JFG74E6KAFQYR8DFSD6QX4D1,2024-12-19T13:47:32.406015-06:00,01JFG74E7VSMMDN6FGGNJVJDPZ,2024-12-19T13:47:32.406015-06:00,,
01JFTCYRJ5B2FR42E2JCWARE1Y,01JFTCSA20HPM8ZS1PVQDX9PQ8,2024-12-23T12:37:32.101457-06:00,01JFTCSA2KP7KN2A2GHPVN05XC,2024-12-23T12:37:32.101457-06:00,01JFTCVGRGTHDHYZR2HYY71654,2024-12-23T12:37:32.101457-06:00,01JFTCYD2PABJPYGK0GXWED0XJ,2024-12-23T12:37:32.101457-06:00,01JFTCYD3J9AK573R06K7YZKBC,2024-12-23T12:37:32.101457-06:00,,
01JFG0TREKZMRAAX6CSQHGGY7R,01JFG0FCJREX0CTAQCM25KXGZ7,2024-12-19T11:53:13.683792-06:00,01JFG0FCKBBN6NKRZP52T00QDN,2024-12-19T11:53:13.683792-06:00,01JFG0FQFEGTCV9C24GCYXQJYK,2024-12-19T11:53:13.683792-06:00,01JFG0RT0FR86XER1VDM9SEVAN,2024-12-19T11:53:13.683792-06:00,01JFG0RT1HQ2E74482HXZEBQB6,2024-12-19T11:53:13.683792-06:00,,
01JFG78E4HM9GT8ZQTJMV4QZXG,01JFG74Q3TWZGNJJRN8SVZVXF6,2024-12-19T13:45:33.329821-06:00,01JFG74Q4T878VSX7X3X4TEVFY,2024-12-19T13:45:33.329821-06:00,01JFG75J96YQFV5KR1YZ37PK9Q,2024-12-19T13:45:33.329821-06:00,01JFG75ZN12161RX8GM7YBQTB7,2024-12-19T13:45:33.329821-06:00,01JFG75ZNW3VFBK1VHHSYCJGZJ,2024-12-19T13:45:33.329821-06:00,,
01JFK35K1P6GJCQ64E06JECN7M,01JFK30PH3SEKT8FVFSY8D60CF,2024-12-20T16:31:49.046136-06:00,01JFK30PHPCKCV85G81HHZXFAB,2024-12-20T16:31:49.046136-06:00,01JFK3122AMTRZKF24Q65KVDFJ,2024-12-20T16:31:49.046136-06:00,01JFK33S1NMWEB2YFE5M9NZP9D,2024-12-20T16:31:49.046136-06:00,01JFK33S32V5NT0FGPNJRG8WQG,2024-12-20T16:31:49.046136-06:00,true,2024-12-20T16:31:54.741663-06:00
01JFK35YHXSZNYXR5W78Z72H3Y,01JFK30PH3SEKT8FVFSY8D60CF,2024-12-20T16:32:00.829731-06:00,01JFK30PHPCKCV85G81HHZXFAB,2024-12-20T16:32:00.829731-06:00,01JFK3122AMTRZKF24Q65KVDFJ,2024-12-20T16:32:00.829731-06:00,01JFK33S1MZCWBVABXEWCF8EBX,2024-12-20T16:32:00.829731-06:00,01JFK33S36YH0MKAFJR9RGW2NS,2024-12-20T16:32:00.829731-06:00,,
01JFK3DWPA8J9Y2KGHJ70QSRBB,01JFK33E4KV3H51KCZB8N5S9WS,2024-12-20T16:36:21.066494-06:00,01JFK33E54GXVG9AEGGVBYS92W,2024-12-20T16:36:21.066494-06:00,01JFK3B3A7ECVR0JQ0T0V9ZMHG,2024-12-20T16:36:21.066494-06:00,01JFK3B4A7NTV6RMW31MW68HRC,2024-12-20T16:36:21.066494-06:00,01JFK3B4BEKYWFDBAD99YPM3CD,2024-12-20T16:36:21.066494-06:00,,
01JFK36F2SD4QPMHAB5QK6JF0G,01JFK30PH3SEKT8FVFSY8D60CF,2024-12-20T16:32:17.75378-06:00,01JFK30PHPCKCV85G81HHZXFAB,2024-12-20T16:32:17.75378-06:00,01JFK33QTMHQQ2YADW3YVA597E,2024-12-20T16:32:17.75378-06:00,01JFK33S1NMWEB2YFE73AZDESB,2024-12-20T16:32:17.75378-06:00,01JFK33S3GK5K5TGQ6K7EPRKXT,2024-12-20T16:32:17.75378-06:00,true,2024-12-20T16:32:26.043143-06:00
01JFG0E67FNJ0TSZTFSMHE5E9B,01JFG0D3V0MVAGGZPMBD2CTE5E,2024-12-19T11:46:21.807076-06:00,01JFG0D3VKMADYW0PGQ4ZW6MX2,2024-12-19T11:46:21.807076-06:00,01JFG0D7MSZ09W7EWY0Q08AZ0J,2024-12-19T11:46:21.807076-06:00,01JFG0DYSEDM64K5AYETTA3RVC,2024-12-19T11:46:21.807076-06:00,01JFG0DYT3H8KA23S3HABM0FCN,2024-12-19T11:46:21.807076-06:00,,
01JFK3DFR848774BHCWWA37NPQ,01JFK33E4KV3H51KCZB8N5S9WS,2024-12-20T16:36:07.816307-06:00,01JFK33E54GXVG9AEGGVBYS92W,2024-12-20T16:36:07.816307-06:00,01JFK3B3A7ECVR0JQ0T0V9ZMHG,2024-12-20T16:36:07.816307-06:00,01JFK3B4A7NTV6RMW31MW68HRC,2024-12-20T16:36:07.816307-06:00,01JFK3B4BD7QPS03AP0AM0GYTP,2024-12-20T16:36:07.816307-06:00,true,2024-12-20T16:36:21.036097-06:00
01JFK3DWP93QW7AM0SFNH9F0QB,01JFK33E4KV3H51KCZB8N5S9WS,2024-12-20T16:36:21.065396-06:00,01JFK33E54GXVG9AEGGVBYS92W,2024-12-20T16:36:21.065396-06:00,01JFK34156Q5JAX22A72MNVS90,2024-12-20T16:36:21.065396-06:00,01JFK3B4A7NTV6RMW31MW68HRC,2024-12-20T16:36:21.065396-06:00,01JFK3B4BEKYWFDBAD99YPM3CD,2024-12-20T16:36:21.065396-06:00,,
01JFTD3E7920ED2CP0RBW0JF08,01JFTCSA20HPM8ZS1PVQDX9PQ8,2024-12-23T12:40:05.353809-06:00,01JFTCSA2JQBHYC7YWA8BHN6T5,2024-12-23T12:40:05.353809-06:00,01JFTCWS8H7MHE94B7HR05ZQFM,2024-12-23T12:40:05.353809-06:00,01JFTCWTHJKC1WM3JAF13GD7KE,2024-12-23T12:40:05.353809-06:00,01JFTCWTKDQPP9NG43A4RE98RT,2024-12-23T12:40:05.353809-06:00,,
01JFG0WP26Z140ER43DFQBFWW9,01JFG0FCJREX0CTAQCM25KXGZ7,2024-12-19T11:54:16.774786-06:00,01JFG0FCKBBN6NKRZP52T00QDN,2024-12-19T11:54:16.774786-06:00,01JFG0FQFEGTCV9C24GCYXQJYK,2024-12-19T11:54:16.774786-06:00,01JFG0RT0GJMSZZ43K01DCY974,2024-12-19T11:54:16.774786-06:00,01JFG0RT1N1DB1M3R6J47ZCAFY,2024-12-19T11:54:16.774786-06:00,,
01JFG6W2S6XEA551A6AH7C2NY4,01JFG6S17MDRMQK5K2DP34Z9GF,2024-12-19T13:38:48.486531-06:00,01JFG6S18CN4W09S8QX5ES16HQ,2024-12-19T13:38:48.486531-06:00,01JFG6SGC9GNKPH546S5S8CHKS,2024-12-19T13:38:48.486531-06:00,01JFG6T7G4Z3MY6VGTR0N2WEV2,2024-12-19T13:38:48.486531-06:00,01JFG6T7H3BBJ85VX6W65V4X5D,2024-12-19T13:38:48.486531-06:00,,
01JFG70NHE1G569VJAGQ1J7NMX,01JFG6QC0921CXW5FF4967Q056,2024-12-19T13:41:18.766328-06:00,01JFG6QC12SF7XMRKQ7J4H2WNJ,2024-12-19T13:41:18.766328-06:00,01JFG6QW5WQRGYN894KFQ72ESY,2024-12-19T13:41:18.766328-06:00,01JFG6RMRYNWKPC0BN1DQ878VQ,2024-12-19T13:41:18.766328-06:00,01JFG6RMT7ZMBKG2YRXK6DBF7Y,2024-12-19T13:41:18.766328-06:00,,
01JFK35BE3HTPZA6YWVF75VQYX,01JFK30PH3SEKT8FVFSY8D60CF,2024-12-20T16:31:41.251075-06:00,01JFK30PHPCKCV85G81HHZXFAB,2024-12-20T16:31:41.251075-06:00,01JFK33QTMHQQ2YADW3YVA597E,2024-12-20T16:31:41.251075-06:00,01JFK33S1MZCWBVABXEC13ET0E,2024-12-20T16:31:41.251075-06:00,01JFK33S2R04T0P75S7C8F2TS4,2024-12-20T16:31:41.251075-06:00,,
01JFTCXJFHDJS9FX864KJD2T1C,01JFTCSA20HPM8ZS1PVQDX9PQ8,2024-12-23T12:36:53.105307-06:00,01JFTCSA2JQBHYC7YWA8BHN6T5,2024-12-23T12:36:53.105307-06:00,01JFTCWS8H7MHE94B7HR05ZQFM,2024-12-23T12:36:53.105307-06:00,01JFTCWTHGBMAJ0M4CD5VPRW7S,2024-12-23T12:36:53.105307-06:00,01JFTCWTJDYQD0HR325ZVH68BX,2024-12-23T12:36:53.105307-06:00,,
01JFG76DH3M32MWFQCC3PEWKQ8,01JFG74Q3TWZGNJJRN8SVZVXF6,2024-12-19T13:44:27.171404-06:00,01JFG74Q4T878VSX7X3X4TEVFY,2024-12-19T13:44:27.171404-06:00,01JFG75J96YQFV5KR1YZ37PK9Q,2024-12-19T13:44:27.171404-06:00,01JFG75ZMHFT34H6P1SERG5FZE,2024-12-19T13:44:27.171404-06:00,01JFG75ZNA8ZSGKR4N1KX7XJYS,2024-12-19T13:44:27.171404-06:00,,
01JFG7875RV8DWMDHFRPZ9EVE7,01JFG738MV5TW8KEPMZJG8KZ91,2024-12-19T13:45:26.20097-06:00,01JFG738NCJ8HA0GZ6DND9RMRW,2024-12-19T13:45:26.20097-06:00,01JFG743WKH3HTC30MXDFW0WDH,2024-12-19T13:45:26.20097-06:00,01JFG74E6G7ENGSD8V9MQKAMJT,2024-12-19T13:45:26.20097-06:00,01JFG74E7NYE81Z2ZR1NAHP2KR,2024-12-19T13:45:26.20097-06:00,,
01JFG7E42KVKPJ3X02XVC815ZP,01JFG74Q3TWZGNJJRN8SVZVXF6,2024-12-19T13:48:39.635826-06:00,01JFG74Q4T878VSX7X3X4TEVFY,2024-12-19T13:48:39.635826-06:00,01JFG751VFRQNSEXQ3AB6PNXZE,2024-12-19T13:48:39.635826-06:00,01JFG75ZMQNFQWQH50GP7V1T0M,2024-12-19T13:48:39.635826-06:00,01JFG75ZP568MFP7B172D8S0JY,2024-12-19T13:48:39.635826-06:00,,
01JFK35RMBP2578JS94PKGM39D,01JFK30PH3SEKT8FVFSY8D60CF,2024-12-20T16:31:54.763302-06:00,01JFK30PHPCKCV85G81HHZXFAB,2024-12-20T16:31:54.763302-06:00,01JFK33QTMHQQ2YADW3YVA597E,2024-12-20T16:31:54.763302-06:00,01JFK33S1NMWEB2YFE5M9NZP9D,2024-12-20T16:31:54.763302-06:00,01JFK33S32V5NT0FGPP7QDJQMF,2024-12-20T16:31:54.763302-06:00,,
01JFTD1DN2KR4VBPCAFYCA5MP7,01JFTCSA20HPM8ZS1PVQDX9PQ8,2024-12-23T12:38:59.234727-06:00,01JFTCSA2JQBHYC7YWA8BHN6T5,2024-12-23T12:38:59.234727-06:00,01JFTCW44GSBT3PR59G7XXWCGR,2024-12-23T12:38:59.234727-06:00,01JFTCWTHKRGENM9J471YGKGBA,2024-12-23T12:38:59.234727-06:00,01JFTCWTK69AS0BHTRVG8W3R34,2024-12-23T12:38:59.234727-06:00,,
01JFG0GD0DDQGHYDJQVHK0T07D,01JFG0D3V0MVAGGZPMBD2CTE5E,2024-12-19T11:47:34.28537-06:00,01JFG0D3VKMADYW0PGQ4ZW6MX2,2024-12-19T11:47:34.28537-06:00,01JFG0D7MSZ09W7EWY0Q08AZ0J,2024-12-19T11:47:34.28537-06:00,01JFG0DYSMCGK45S0DKTV0X9VS,2024-12-19T11:47:34.28537-06:00,01JFG0DYTY16Y8D0B17DQQXC30,2024-12-19T11:47:34.28537-06:00,,
01JFK364SVP7C80J4W98K8JA8X,01JFK30PH3SEKT8FVFSY8D60CF,2024-12-20T16:32:07.227292-06:00,01JFK30PHPCKCV85G81HHZXFAB,2024-12-20T16:32:07.227292-06:00,01JFK33QTMHQQ2YADW3YVA597E,2024-12-20T16:32:07.227292-06:00,01JFK33S1MZCWBVABXDJPPSW68,2024-12-20T16:32:07.227292-06:00,01JFK33S3AG221QQQE5DEY34C9,2024-12-20T16:32:07.227292-06:00,,
01JFTD4Q9V4X5HH8Z8E1K5M5R9,01JFTCSA20HPM8ZS1PVQDX9PQ8,2024-12-23T12:40:47.419875-06:00,01JFTCSA2KP7KN2A2GHPVN05XC,2024-12-23T12:40:47.419875-06:00,01JFTCYBPEW9X3ND6SNPA5GWSD,2024-12-23T12:40:47.419875-06:00,01JFTCYD2YH9ZHZZMYKPFG0TPX,2024-12-23T12:40:47.419875-06:00,01JFTCYD4T7J7CS7T06NDZWC00,2024-12-23T12:40:47.419875-06:00,,
01JFG7C9CP81ADHDEH13NWB5DX,01JFG74Q3TWZGNJJRN8SVZVXF6,2024-12-19T13:47:39.542128-06:00,01JFG74Q4T878VSX7X3X4TEVFY,2024-12-19T13:47:39.542128-06:00,01JFG751VFRQNSEXQ3AB6PNXZE,2024-12-19T13:47:39.542128-06:00,01JFG75ZMQNFQWQH50GP7V1T0M,2024-12-19T13:47:39.542128-06:00,01JFG75ZP4GEF1NH4MY2044VP2,2024-12-19T13:47:39.542128-06:00,,
01JFK3D0AS9WXSRA6STW0ZPYMC,01JFK33E4KV3H51KCZB8N5S9WS,2024-12-20T16:35:52.025759-06:00,01JFK33E54GXVG9AEGGVBYS92W,2024-12-20T16:35:52.025759-06:00,01JFK34156Q5JAX22A72MNVS90,2024-12-20T16:35:52.025759-06:00,01JFK3B4A2PBQYVCK3A98H6WCQ,2024-12-20T16:35:52.025759-06:00,01JFK3B4B3MQEV92DJ13MKJYPS,2024-12-20T16:35:52.025759-06:00,,
01JFTD2VM5PABVJF47WPERD274,01JFTCSA20HPM8ZS1PVQDX9PQ8,2024-12-23T12:39:46.309156-06:00,01JFTCSA2KP7KN2A2GHPVN05XC,2024-12-23T12:39:46.309156-06:00,01JFTCVGRGTHDHYZR2HYY71654,2024-12-23T12:39:46.309156-06:00,01JFTCYD2WZ7HR5M5JT2JWC0V7,2024-12-23T12:39:46.309156-06:00,01JFTCYD4PH61VD73B44GRKH3A,2024-12-23T12:39:46.309156-06:00,,
01JFTD4RAHK72N9P9XFZ5GBRH9,01JFTCSA20HPM8ZS1PVQDX9PQ8,2024-12-23T12:40:48.465455-06:00,01JFTCSA2KP7KN2A2GHPVN05XC,2024-12-23T12:40:48.465455-06:00,01JFTCVGRGTHDHYZR2HYY71654,2024-12-23T12:40:48.465455-06:00,01JFTCYD2WZ7HR5M5JV0T43F2Z,2024-12-23T12:40:48.465455-06:00,01JFTCYD4XNJDKZ9Q723HY7FRF,2024-12-23T12:40:48.465455-06:00,,
