id,batchID,batchIDLastChangedAt,gameID,gameIDLastChangedAt,playerID,playerIDLastChangedAt
01JFTCWTGEH7Z41PCAEBEQ353Y,01JFTCSA20HPM8ZS1PVQDX9PQ8,2024-12-23T12:36:28.558638-06:00,01JFTCSA2JQBHYC7YWA8BHN6T5,2024-12-23T12:36:28.558638-06:00,01JFTCW44GSBT3PR59G7XXWCGR,2024-12-23T12:36:28.558638-06:00
01JFTCYD20MT097RYH5YDWXQSS,01JFTCSA20HPM8ZS1PVQDX9PQ8,2024-12-23T12:37:20.320676-06:00,01JFTCSA2KP7KN2A2GHPVN05XC,2024-12-23T12:37:20.320676-06:00,01JFTCVGRGTHDHYZR2HYY71654,2024-12-23T12:37:20.320676-06:00
01JFG6RMQ80BEMDW2WXRC74S5M,01JFG6QC0921CXW5FF4967Q056,2024-12-19T13:36:55.784686-06:00,01JFG6QC12SF7XMRKQ7J4H2WNJ,2024-12-19T13:36:55.784686-06:00,01JFG6QW5WQRGYN894KFQ72ESY,2024-12-19T13:36:55.784686-06:00
01JFG74E4V8XWYKCFBSG3Q96G6,01JFG738MV5TW8KEPMZJG8KZ91,2024-12-19T13:43:22.267954-06:00,01JFG738NCJ8HA0GZ6DND9RMRW,2024-12-19T13:43:22.267954-06:00,01JFG73J7R43Z4XV0457CH3BF0,2024-12-19T13:43:22.267954-06:00
01JFG74E4XESFWVYXRN7BVEXFT,01JFG738MV5TW8KEPMZJG8KZ91,2024-12-19T13:43:22.269366-06:00,01JFG738NCJ8HA0GZ6DND9RMRW,2024-12-19T13:43:22.269366-06:00,01JFG743WKH3HTC30MXDFW0WDH,2024-12-19T13:43:22.269366-06:00
01JFG75ZK24BFX1DZWF9J8DFCG,01JFG74Q3TWZGNJJRN8SVZVXF6,2024-12-19T13:44:12.898511-06:00,01JFG74Q4T878VSX7X3X4TEVFY,2024-12-19T13:44:12.898511-06:00,01JFG751VFRQNSEXQ3AB6PNXZE,2024-12-19T13:44:12.898511-06:00
01JFG08TNWW37RZ46839J43GZ1,01JFG07Q50JREBFW5W2ZRTAGVC,2024-12-19T11:43:26.140347-06:00,01JFG07Q5R9467M5A2GGPKBXKG,2024-12-19T11:43:26.140347-06:00,01JFG08DVBJC2Z9ZN00GSKRAHT,2024-12-19T11:43:26.140347-06:00
01JFK33S0TQGJ94SCD3QWGX1FG,01JFK30PH3SEKT8FVFSY8D60CF,2024-12-20T16:30:49.626329-06:00,01JFK30PHPCKCV85G81HHZXFAB,2024-12-20T16:30:49.626329-06:00,01JFK3122AMTRZKF24Q65KVDFJ,2024-12-20T16:30:49.626329-06:00
01JFTCYD21T4WDXJPMFE279ETS,01JFTCSA20HPM8ZS1PVQDX9PQ8,2024-12-23T12:37:20.321644-06:00,01JFTCSA2KP7KN2A2GHPVN05XC,2024-12-23T12:37:20.321644-06:00,01JFTCYBPEW9X3ND6SNPA5GWSD,2024-12-23T12:37:20.321644-06:00
01JFK3B49E53FKYPCBVVQ2SA4T,01JFK33E4KV3H51KCZB8N5S9WS,2024-12-20T16:34:50.542653-06:00,01JFK33E54GXVG9AEGGVBYS92W,2024-12-20T16:34:50.542653-06:00,01JFK34156Q5JAX22A72MNVS90,2024-12-20T16:34:50.542653-06:00
01JFK3B49F0CZ386EC8GE2GFJD,01JFK33E4KV3H51KCZB8N5S9WS,2024-12-20T16:34:50.543361-06:00,01JFK33E54GXVG9AEGGVBYS92W,2024-12-20T16:34:50.543361-06:00,01JFK3B3A7ECVR0JQ0T0V9ZMHG,2024-12-20T16:34:50.543361-06:00
01JFG0DYR772X0DP268ABVJBXK,01JFG0D3V0MVAGGZPMBD2CTE5E,2024-12-19T11:46:14.151252-06:00,01JFG0D3VKMADYW0PGQ4ZW6MX2,2024-12-19T11:46:14.151252-06:00,01JFG0D7MSZ09W7EWY0Q08AZ0J,2024-12-19T11:46:14.151252-06:00
01JFG0DYR772X0DP268GKNJ29Z,01JFG0D3V0MVAGGZPMBD2CTE5E,2024-12-19T11:46:14.151371-06:00,01JFG0D3VKMADYW0PGQ4ZW6MX2,2024-12-19T11:46:14.151371-06:00,01JFG0DMQ791QR765QJNTD7TEF,2024-12-19T11:46:14.151371-06:00
01JFG0RSZ6D401T3WK4CS3904V,01JFG0FCJREX0CTAQCM25KXGZ7,2024-12-19T11:52:09.702323-06:00,01JFG0FCKBBN6NKRZP52T00QDN,2024-12-19T11:52:09.702323-06:00,01JFG0R5N0EJCE8E0QW1TQKRH2,2024-12-19T11:52:09.702323-06:00
01JFG6RMQ79H1HFN2ZS713X1Z2,01JFG6QC0921CXW5FF4967Q056,2024-12-19T13:36:55.783956-06:00,01JFG6QC12SF7XMRKQ7J4H2WNJ,2024-12-19T13:36:55.783956-06:00,01JFG6QPTW174VE4DDXZKDXRJ6,2024-12-19T13:36:55.783956-06:00
01JFG75ZK4VV2AXY2AR1N0NNP6,01JFG74Q3TWZGNJJRN8SVZVXF6,2024-12-19T13:44:12.900733-06:00,01JFG74Q4T878VSX7X3X4TEVFY,2024-12-19T13:44:12.900733-06:00,01JFG75J96YQFV5KR1YZ37PK9Q,2024-12-19T13:44:12.900733-06:00
01JFK33S0VZY3DERQDSTRZ8CAS,01JFK30PH3SEKT8FVFSY8D60CF,2024-12-20T16:30:49.627883-06:00,01JFK30PHPCKCV85G81HHZXFAB,2024-12-20T16:30:49.627883-06:00,01JFK33QTMHQQ2YADW3YVA597E,2024-12-20T16:30:49.627883-06:00
01JFTCWTGGD7N9XE7Y2VTV0AZR,01JFTCSA20HPM8ZS1PVQDX9PQ8,2024-12-23T12:36:28.560233-06:00,01JFTCSA2JQBHYC7YWA8BHN6T5,2024-12-23T12:36:28.560233-06:00,01JFTCWS8H7MHE94B7HR05ZQFM,2024-12-23T12:36:28.560233-06:00
01JFG08TNWW37RZ4683348K04M,01JFG07Q50JREBFW5W2ZRTAGVC,2024-12-19T11:43:26.140131-06:00,01JFG07Q5R9467M5A2GGPKBXKG,2024-12-19T11:43:26.140131-06:00,01JFG081KQVJEFJ5NY8K8DS112,2024-12-19T11:43:26.140131-06:00
01JFG0RSZ5KACBTQBEW7EPEZH8,01JFG0FCJREX0CTAQCM25KXGZ7,2024-12-19T11:52:09.701839-06:00,01JFG0FCKBBN6NKRZP52T00QDN,2024-12-19T11:52:09.701839-06:00,01JFG0FQFEGTCV9C24GCYXQJYK,2024-12-19T11:52:09.701839-06:00
01JFG6T7ENY5BY6NVKG5FZBE4C,01JFG6S17MDRMQK5K2DP34Z9GF,2024-12-19T13:37:47.733303-06:00,01JFG6S18CN4W09S8QX5ES16HQ,2024-12-19T13:37:47.733303-06:00,01JFG6SBNJP4P2M6WPRXJPSV75,2024-12-19T13:37:47.733303-06:00
01JFG6T7EPTVW2TF3BE8TPSC7B,01JFG6S17MDRMQK5K2DP34Z9GF,2024-12-19T13:37:47.734551-06:00,01JFG6S18CN4W09S8QX5ES16HQ,2024-12-19T13:37:47.734551-06:00,01JFG6SGC9GNKPH546S5S8CHKS,2024-12-19T13:37:47.734551-06:00
