id,avatar,avatarLastChangedAt,bonus,bonusLastChangedAt,clicked,clickedLastChangedAt,ended,endedLastChangedAt,exitStepDone,exitStepDoneLastChangedAt,exitSurvey,exitSurveyLastChangedAt,gameID,gameIDLastChangedAt,intro,introLastChangedAt,introDone,introDoneLastChangedAt,name,nameLastChangedAt,nameColor,nameColorLastChangedAt,numRoundsInactive,numRoundsInactiveLastChangedAt,participantID,participantIDLastChangedAt,participantIdentifier,participantIdentifierLastChangedAt,partner,partnerLastChangedAt,role,roleLastChangedAt,score,scoreLastChangedAt,src,srcLastChangedAt,treatment,treatmentLastChangedAt,treatmentName,treatmentNameLastChangedAt,urlParams,urlParamsLastChangedAt
01JFG081KQVJEFJ5NY8K8DS112,,,,,,,game terminated,2024-12-19T11:58:16.325263-06:00,,,,,01JFG07Q5R9467M5A2GGPKBXKG,2024-12-19T11:43:00.483398-06:00,2,2024-12-19T11:43:03.171872-06:00,true,2024-12-19T11:43:10.860561-06:00,,,,,,,01JFG081K4HW6H0Q0SBJX8JXPH,2024-12-19T11:43:00.471248-06:00,sdfg,2024-12-19T11:43:00.471248-06:00,,,,,,,,,"{""contextSize"":4,""contextStructure"":""comp-between"",""feedbackDuration"":3,""maxTimeout"":3,""numRepetitionsWithPartner"":4,""playerCount"":2,""selectionDuration"":60,""showNegativeFeedback"":1}",2024-12-19T11:43:00.483398-06:00,full-comp-between,2024-12-19T11:43:00.483398-06:00,{},2024-12-19T11:43:00.492847-06:00
01JFG751VFRQNSEXQ3AB6PNXZE,https://api.dicebear.com/8.x/rings/svg?seed=Repi,2024-12-19T13:44:12.97585-06:00,0.030000,2024-12-19T13:44:30.212869-06:00,,2024-12-19T13:44:30.226004-06:00,game ended,2024-12-19T13:48:42.691782-06:00,,,,,01JFG74Q4T878VSX7X3X4TEVFY,2024-12-19T13:43:42.460249-06:00,2,2024-12-19T13:43:45.173739-06:00,true,2024-12-19T13:43:53.373239-06:00,Repi,2024-12-19T13:44:12.97585-06:00,#29828D,2024-12-19T13:44:12.97585-06:00,4,2024-12-19T13:48:42.682063-06:00,01JFG751TWGD4WVCXE51CZ86FQ,2024-12-19T13:43:42.447809-06:00,dfasd,2024-12-19T13:43:42.447809-06:00,01JFG75J96YQFV5KR1YZ37PK9Q,2024-12-19T13:44:12.97585-06:00,matcher,2024-12-19T13:47:39.532413-06:00,0.030000,2024-12-19T13:44:30.212869-06:00,/avatars/blue.png,2024-12-19T13:44:12.97585-06:00,"{""contextSize"":4,""contextStructure"":""comp-between"",""feedbackDuration"":3,""maxTimeout"":3,""numRepetitionsWithPartner"":4,""playerCount"":2,""selectionDuration"":60,""showNegativeFeedback"":1}",2024-12-19T13:43:42.460249-06:00,full-comp-between,2024-12-19T13:43:42.460249-06:00,"{""participantKey"":""1734630178315dsgdhf""}",2024-12-19T13:43:42.468652-06:00
01JFK3122AMTRZKF24Q65KVDFJ,https://api.dicebear.com/8.x/rings/svg?seed=Repi,2024-12-20T16:30:49.66958-06:00,0.210000,2024-12-20T16:32:27.089353-06:00,,2024-12-20T16:32:27.102807-06:00,game ended,2024-12-20T16:34:00.32269-06:00,,,,,01JFK30PHPCKCV85G81HHZXFAB,2024-12-20T16:29:20.594966-06:00,,,true,2024-12-20T16:29:23.347201-06:00,Repi,2024-12-20T16:30:49.66958-06:00,#29828D,2024-12-20T16:30:49.66958-06:00,4,2024-12-20T16:34:00.309716-06:00,01JFK3121WCCCKDCQ6CAS898XC,2024-12-20T16:29:20.586868-06:00,gsfg,2024-12-20T16:29:20.586868-06:00,01JFK33QTMHQQ2YADW3YVA597E,2024-12-20T16:30:49.66958-06:00,matcher,2024-12-20T16:33:29.252492-06:00,0.210000,2024-12-20T16:32:27.089353-06:00,/avatars/blue.png,2024-12-20T16:30:49.66958-06:00,"{""contextSize"":4,""contextStructure"":""noncomp"",""feedbackDuration"":1,""maxTimeout"":3,""numRepetitionsWithPartner"":2,""playerCount"":2,""selectionDuration"":30,""showNegativeFeedback"":1}",2024-12-20T16:29:20.594966-06:00,quick-noncomp,2024-12-20T16:29:20.594966-06:00,"{""participantKey"":""1734630178315fdgfsdssddsfsddfsdsds""}",2024-12-20T16:29:20.600122-06:00
01JFTD5DVRNAH4HXRKCX5VGB7Y,,,,,,,game failed,2024-12-23T12:46:01.320037-06:00,,,,,01JFTCRY086NHRSSTBK74YW3WW,2024-12-23T12:41:10.529403-06:00,,,,,,,,,,,01JFTD5DV941WYGQ4G71YYC0JD,2024-12-23T12:41:10.521053-06:00,test6,2024-12-23T12:41:10.521053-06:00,,,,,,,,,"{""contextSize"":4,""contextStructure"":""noncomp"",""feedbackDuration"":1,""maxTimeout"":3,""numRepetitionsWithPartner"":2,""playerCount"":2,""selectionDuration"":30,""showNegativeFeedback"":1}",2024-12-23T12:41:10.529403-06:00,quick-noncomp,2024-12-23T12:41:10.529403-06:00,"{""participantKey"":""test6""}",2024-12-23T12:41:10.534827-06:00
01JFG0FQFEGTCV9C24GCYXQJYK,https://api.dicebear.com/8.x/rings/svg?seed=Repi,2024-12-19T11:52:09.772682-06:00,0,2024-12-19T11:52:09.772682-06:00,,2024-12-19T11:52:10.592965-06:00,game ended,2024-12-19T11:56:22.898379-06:00,,,,,01JFG0FCKBBN6NKRZP52T00QDN,2024-12-19T11:47:12.25233-06:00,2,2024-12-19T11:51:21.15636-06:00,true,2024-12-19T11:51:28.764785-06:00,Repi,2024-12-19T11:52:09.772682-06:00,#29828D,2024-12-19T11:52:09.772682-06:00,4,2024-12-19T11:56:22.891762-06:00,01JFG0FQEZKQJ22QG0WSJQXR03,2024-12-19T11:47:12.238738-06:00,dfsghsd,2024-12-19T11:47:12.238738-06:00,01JFG0R5N0EJCE8E0QW1TQKRH2,2024-12-19T11:52:09.772682-06:00,director,2024-12-19T11:55:19.838186-06:00,0,2024-12-19T11:52:09.772682-06:00,/avatars/blue.png,2024-12-19T11:52:09.772682-06:00,"{""contextSize"":4,""contextStructure"":""comp-between"",""feedbackDuration"":3,""maxTimeout"":3,""numRepetitionsWithPartner"":4,""playerCount"":2,""selectionDuration"":60,""showNegativeFeedback"":1}",2024-12-19T11:47:12.25233-06:00,full-comp-between,2024-12-19T11:47:12.25233-06:00,"{""participantKey"":""1734630178315fdgfsdssd""}",2024-12-19T11:47:12.261068-06:00
01JFK3CNHWG58PYYB5P26HPGJG,,,,,,,game terminated,2024-12-20T16:39:48.76714-06:00,,,,,01JFK3AMB0R6M40XNMNE8KX1SM,2024-12-20T16:35:40.997362-06:00,,,true,2024-12-20T16:35:41.977376-06:00,,,,,,,01JFK3CNHNWS9N5GY9XFQSJ8T3,2024-12-20T16:35:40.988928-06:00,hgfhdfg,2024-12-20T16:35:40.988928-06:00,,,,,,,,,"{""contextSize"":4,""contextStructure"":""noncomp"",""feedbackDuration"":3,""maxTimeout"":3,""numRepetitionsWithPartner"":4,""playerCount"":2,""selectionDuration"":60,""showNegativeFeedback"":1}",2024-12-20T16:35:40.997362-06:00,full-noncomp,2024-12-20T16:35:40.997362-06:00,"{""participantKey"":""17346301sdfadsfgsgddsfgf""}",2024-12-20T16:35:41.002985-06:00
01JFK3RF61E40AJKXRQ56YT9ZK,,,,,,,game failed,2024-12-23T12:46:01.320037-06:00,,,,,01JFTCRY086NHRSSTBK74YW3WW,2024-12-23T12:40:57.401535-06:00,,,null,2024-12-23T12:35:21.67601-06:00,,,,,,,01JFK3RF5K3QGXPQ6J7PPHM5SN,2024-12-20T16:42:07.681125-06:00,dfgsfdg,2024-12-20T16:42:07.681125-06:00,,,,,,,,,"{""contextSize"":4,""contextStructure"":""noncomp"",""feedbackDuration"":1,""maxTimeout"":3,""numRepetitionsWithPartner"":2,""playerCount"":2,""selectionDuration"":30,""showNegativeFeedback"":1}",2024-12-23T12:40:57.401535-06:00,quick-noncomp,2024-12-23T12:40:57.401535-06:00,"{""participantKey"":""17346301sdfadsfgsgddsfgfasfddfgfg""}",2024-12-20T16:42:07.693789-06:00
01JFTCW44GSBT3PR59G7XXWCGR,https://api.dicebear.com/8.x/rings/svg?seed=Repi,2024-12-23T12:36:28.635402-06:00,0.030000,2024-12-23T12:36:56.132088-06:00,,2024-12-23T12:36:56.140986-06:00,game terminated,2024-12-23T12:41:08.414258-06:00,,,,,01JFTCSA2JQBHYC7YWA8BHN6T5,2024-12-23T12:36:05.656549-06:00,,,true,2024-12-23T12:36:06.921765-06:00,Repi,2024-12-23T12:36:28.635402-06:00,#29828D,2024-12-23T12:36:28.635402-06:00,4,2024-12-23T12:41:08.410357-06:00,01JFTCW443C79RAK9TC31PC1YQ,2024-12-23T12:36:05.648464-06:00,ghdgfh,2024-12-23T12:36:05.648464-06:00,01JFTCWS8H7MHE94B7HR05ZQFM,2024-12-23T12:36:28.635402-06:00,matcher,2024-12-23T12:40:05.345555-06:00,0.030000,2024-12-23T12:36:56.132088-06:00,/avatars/blue.png,2024-12-23T12:36:28.635402-06:00,"{""contextSize"":4,""contextStructure"":""noncomp"",""feedbackDuration"":3,""maxTimeout"":3,""numRepetitionsWithPartner"":4,""playerCount"":2,""selectionDuration"":60,""showNegativeFeedback"":1}",2024-12-23T12:36:05.656549-06:00,full-noncomp,2024-12-23T12:36:05.656549-06:00,"{""participantKey"":""1734630178315fgdfghdffgsfd""}",2024-12-23T12:36:05.660963-06:00
01JFG08DVBJC2Z9ZN00GSKRAHT,,,,,,,game failed,2024-12-23T12:46:01.320037-06:00,,,,,01JFTCRY086NHRSSTBK74YW3WW,2024-12-23T12:40:57.401535-06:00,2,2024-12-19T11:43:16.654265-06:00,null,2024-12-23T12:35:24.895661-06:00,,,,,,,01JFG08DTVSQHJKZA0RJ9ZAZH5,2024-12-19T11:43:13.003098-06:00,fdg,2024-12-19T11:43:13.003098-06:00,,,,,,,,,"{""contextSize"":4,""contextStructure"":""noncomp"",""feedbackDuration"":1,""maxTimeout"":3,""numRepetitionsWithPartner"":2,""playerCount"":2,""selectionDuration"":30,""showNegativeFeedback"":1}",2024-12-23T12:35:24.908444-06:00,quick-noncomp,2024-12-23T12:35:24.908444-06:00,"{""participantKey"":""1734630178315""}",2024-12-19T11:43:13.020425-06:00
01JFG0GWQMKS71RJ9H97PEXM7B,,,,,,,game terminated,2024-12-19T11:58:18.238516-06:00,,,,,01JFG0V9REQA34Z030FJPM5NG2,2024-12-19T11:53:32.685304-06:00,2,2024-12-19T11:51:31.792193-06:00,,,,,,,,,01JFG0GWQ70MSC3J4N0NKX0C30,2024-12-19T11:47:50.388763-06:00,dhgfh,2024-12-19T11:47:50.388763-06:00,,,,,,,,,"{""contextSize"":4,""contextStructure"":""comp-between"",""feedbackDuration"":3,""maxTimeout"":3,""numRepetitionsWithPartner"":4,""playerCount"":2,""selectionDuration"":60,""showNegativeFeedback"":1}",2024-12-19T11:47:50.395739-06:00,full-comp-between,2024-12-19T11:47:50.395739-06:00,"{""participantKey"":""1734630178315fdgfsdssddsfsd""}",2024-12-19T11:47:50.401974-06:00
01JFG0R5N0EJCE8E0QW1TQKRH2,https://api.dicebear.com/8.x/rings/svg?seed=Minu,2024-12-19T11:52:09.772682-06:00,0,2024-12-19T11:52:09.772682-06:00,,2024-12-19T11:52:10.592965-06:00,game ended,2024-12-19T11:56:22.898379-06:00,,,,,01JFG0FCKBBN6NKRZP52T00QDN,2024-12-19T11:51:48.908104-06:00,2,2024-12-19T11:51:51.23856-06:00,true,2024-12-19T11:52:09.689421-06:00,Minu,2024-12-19T11:52:09.772682-06:00,#444EA1,2024-12-19T11:52:09.772682-06:00,4,2024-12-19T11:56:22.891762-06:00,01JFG0R5MEZY5G58YE3R43FFCZ,2024-12-19T11:51:48.896255-06:00,gngf,2024-12-19T11:51:48.896255-06:00,01JFG0FQFEGTCV9C24GCYXQJYK,2024-12-19T11:52:09.772682-06:00,matcher,2024-12-19T11:55:19.838186-06:00,0,2024-12-19T11:52:09.772682-06:00,/avatars/red.png,2024-12-19T11:52:09.772682-06:00,"{""contextSize"":4,""contextStructure"":""comp-between"",""feedbackDuration"":3,""maxTimeout"":3,""numRepetitionsWithPartner"":4,""playerCount"":2,""selectionDuration"":60,""showNegativeFeedback"":1}",2024-12-19T11:51:48.908104-06:00,full-comp-between,2024-12-19T11:51:48.908104-06:00,"{""participantKey"":""1734630178315fdgfsdssdg""}",2024-12-19T11:51:48.915576-06:00
01JFG75J96YQFV5KR1YZ37PK9Q,https://api.dicebear.com/8.x/rings/svg?seed=Minu,2024-12-19T13:44:12.97585-06:00,0.030000,2024-12-19T13:44:30.212869-06:00,,2024-12-19T13:44:30.226004-06:00,game ended,2024-12-19T13:48:42.691782-06:00,,,,,01JFG74Q4T878VSX7X3X4TEVFY,2024-12-19T13:43:59.281565-06:00,2,2024-12-19T13:44:01.735158-06:00,true,2024-12-19T13:44:12.877929-06:00,Minu,2024-12-19T13:44:12.97585-06:00,#444EA1,2024-12-19T13:44:12.97585-06:00,4,2024-12-19T13:48:42.682063-06:00,01JFG75J8QAQ2YKDW6Y88TDD5B,2024-12-19T13:43:59.270092-06:00,kukuy,2024-12-19T13:43:59.270092-06:00,01JFG751VFRQNSEXQ3AB6PNXZE,2024-12-19T13:44:12.97585-06:00,director,2024-12-19T13:47:39.532413-06:00,0.030000,2024-12-19T13:44:30.212869-06:00,/avatars/red.png,2024-12-19T13:44:12.97585-06:00,"{""contextSize"":4,""contextStructure"":""comp-between"",""feedbackDuration"":3,""maxTimeout"":3,""numRepetitionsWithPartner"":4,""playerCount"":2,""selectionDuration"":60,""showNegativeFeedback"":1}",2024-12-19T13:43:59.281565-06:00,full-comp-between,2024-12-19T13:43:59.281565-06:00,"{""participantKey"":""1734630178315dsgdhfsadas""}",2024-12-19T13:43:59.288807-06:00
01JFTCVGRGTHDHYZR2HYY71654,https://api.dicebear.com/8.x/rings/svg?seed=Repi,2024-12-23T12:37:20.364101-06:00,0.120000,2024-12-23T12:39:15.202687-06:00,,2024-12-23T12:39:15.213007-06:00,game terminated,2024-12-23T12:41:19.530783-06:00,,,,,01JFTCSA2KP7KN2A2GHPVN05XC,2024-12-23T12:35:45.817484-06:00,,,true,2024-12-23T12:35:47.119393-06:00,Repi,2024-12-23T12:37:20.364101-06:00,#29828D,2024-12-23T12:37:20.364101-06:00,4,2024-12-23T12:41:19.522541-06:00,01JFTCVGR65GEH4TSZXHCHW04E,2024-12-23T12:35:45.808938-06:00,test1,2024-12-23T12:35:45.808938-06:00,01JFTCYBPEW9X3ND6SNPA5GWSD,2024-12-23T12:37:20.364101-06:00,matcher,2024-12-23T12:40:48.458673-06:00,0.120000,2024-12-23T12:39:15.202687-06:00,/avatars/blue.png,2024-12-23T12:37:20.364101-06:00,"{""contextSize"":4,""contextStructure"":""noncomp"",""feedbackDuration"":1,""maxTimeout"":3,""numRepetitionsWithPartner"":2,""playerCount"":2,""selectionDuration"":30,""showNegativeFeedback"":1}",2024-12-23T12:35:45.817484-06:00,quick-noncomp,2024-12-23T12:35:45.817484-06:00,"{""participantKey"":""1734630178315fgdfghdf""}",2024-12-23T12:35:45.860443-06:00
01JFG0D7MSZ09W7EWY0Q08AZ0J,https://api.dicebear.com/8.x/rings/svg?seed=Repi,2024-12-19T11:46:14.224702-06:00,0.060000,2024-12-19T11:46:31.205856-06:00,,2024-12-19T11:46:31.214047-06:00,game terminated,2024-12-19T11:58:18.238516-06:00,,,,,01JFG0V9REQA34Z030FJPM5NG2,2024-12-19T11:54:51.363184-06:00,2,2024-12-19T11:45:52.912314-06:00,null,2024-12-19T11:54:08.287862-06:00,Repi,2024-12-19T11:46:14.224702-06:00,#29828D,2024-12-19T11:46:14.224702-06:00,4,2024-12-19T11:50:43.49819-06:00,01JFG0D7MBGNDACP2F1AV8NDZW,2024-12-19T11:45:50.489081-06:00,dfdfs,2024-12-19T11:45:50.489081-06:00,01JFG0DMQ791QR765QJNTD7TEF,2024-12-19T11:46:14.224702-06:00,director,2024-12-19T11:49:40.42875-06:00,0.060000,2024-12-19T11:46:31.205856-06:00,/avatars/blue.png,2024-12-19T11:46:14.224702-06:00,"{""contextSize"":4,""contextStructure"":""comp-between"",""feedbackDuration"":3,""maxTimeout"":3,""numRepetitionsWithPartner"":4,""playerCount"":2,""selectionDuration"":60,""showNegativeFeedback"":1}",2024-12-19T11:54:51.363184-06:00,full-comp-between,2024-12-19T11:54:51.363184-06:00,"{""participantKey"":""1734630178315fdgfssdsd""}",2024-12-19T11:45:50.505313-06:00
01JFG0H57QG0HGNVSJTWF6F73F,,,,,,,game terminated,2024-12-19T11:58:18.238516-06:00,,,,,01JFG0V9REQA34Z030FJPM5NG2,2024-12-19T11:53:32.685304-06:00,2,2024-12-19T11:50:55.107251-06:00,null,2024-12-19T11:53:21.691033-06:00,,,,,,,01JFG0H579H7Q0Y88P8K2CVEN7,2024-12-19T11:47:59.095151-06:00,sgf,2024-12-19T11:47:59.095151-06:00,,,,,,,,,"{""contextSize"":4,""contextStructure"":""comp-between"",""feedbackDuration"":3,""maxTimeout"":3,""numRepetitionsWithPartner"":4,""playerCount"":2,""selectionDuration"":60,""showNegativeFeedback"":1}",2024-12-19T11:53:32.685304-06:00,full-comp-between,2024-12-19T11:53:32.685304-06:00,"{""participantKey"":""1734630178315fdgfsdssddsfsddfsd""}",2024-12-19T11:47:59.121945-06:00
01JFG0PSTG5DS8FG3HBRF60PXB,,,,,,,game terminated,2024-12-19T11:58:18.238516-06:00,,,,,01JFG0V9REQA34Z030FJPM5NG2,2024-12-19T11:53:32.685304-06:00,1,2024-12-19T11:51:07.173639-06:00,null,2024-12-19T11:53:20.438839-06:00,,,,,,,01JFG0PST27F3KF3A7K743YTFE,2024-12-19T11:51:04.016693-06:00,dfgfd,2024-12-19T11:51:04.016693-06:00,,,,,,,,,"{""contextSize"":4,""contextStructure"":""comp-between"",""feedbackDuration"":3,""maxTimeout"":3,""numRepetitionsWithPartner"":4,""playerCount"":2,""selectionDuration"":60,""showNegativeFeedback"":1}",2024-12-19T11:53:32.685304-06:00,full-comp-between,2024-12-19T11:53:32.685304-06:00,"{""participantKey"":""1734630178315fdgfsdssddsfsddfsdsd""}",2024-12-19T11:51:04.031659-06:00
01JFTCWS8H7MHE94B7HR05ZQFM,https://api.dicebear.com/8.x/rings/svg?seed=Minu,2024-12-23T12:36:28.635402-06:00,0.030000,2024-12-23T12:36:56.132088-06:00,,2024-12-23T12:36:56.140986-06:00,game terminated,2024-12-23T12:41:08.414258-06:00,,,,,01JFTCSA2JQBHYC7YWA8BHN6T5,2024-12-23T12:36:27.288806-06:00,,,true,2024-12-23T12:36:28.543868-06:00,Minu,2024-12-23T12:36:28.635402-06:00,#444EA1,2024-12-23T12:36:28.635402-06:00,4,2024-12-23T12:41:08.410357-06:00,01JFTCWS8AHY55H5TP4JY1GH9C,2024-12-23T12:36:27.281748-06:00,test3,2024-12-23T12:36:27.281748-06:00,01JFTCW44GSBT3PR59G7XXWCGR,2024-12-23T12:36:28.635402-06:00,director,2024-12-23T12:40:05.345555-06:00,0.030000,2024-12-23T12:36:56.132088-06:00,/avatars/red.png,2024-12-23T12:36:28.635402-06:00,"{""contextSize"":4,""contextStructure"":""noncomp"",""feedbackDuration"":3,""maxTimeout"":3,""numRepetitionsWithPartner"":4,""playerCount"":2,""selectionDuration"":60,""showNegativeFeedback"":1}",2024-12-23T12:36:27.288806-06:00,full-noncomp,2024-12-23T12:36:27.288806-06:00,"{""participantKey"":""test3""}",2024-12-23T12:36:27.293091-06:00
01JFTD53JG7QNAGTYM1A6X9XT5,,,,,,,game failed,2024-12-23T12:46:01.320037-06:00,,,,,01JFTCRY086NHRSSTBK74YW3WW,2024-12-23T12:40:59.99287-06:00,,,true,2024-12-23T12:41:01.288734-06:00,,,,,,,01JFTD53J92X8WJFKZJY0SYT4P,2024-12-23T12:40:59.984176-06:00,fvdfg,2024-12-23T12:40:59.984176-06:00,,,,,,,,,"{""contextSize"":4,""contextStructure"":""noncomp"",""feedbackDuration"":1,""maxTimeout"":3,""numRepetitionsWithPartner"":2,""playerCount"":2,""selectionDuration"":30,""showNegativeFeedback"":1}",2024-12-23T12:40:59.99287-06:00,quick-noncomp,2024-12-23T12:40:59.99287-06:00,"{""participantKey"":""test5""}",2024-12-23T12:40:59.997569-06:00
01JFG6QW5WQRGYN894KFQ72ESY,https://api.dicebear.com/8.x/rings/svg?seed=Minu,2024-12-19T13:36:55.853272-06:00,0.030000,2024-12-19T13:37:09.41431-06:00,,2024-12-19T13:37:09.430554-06:00,game ended,2024-12-19T13:41:21.817133-06:00,,,,,01JFG6QC12SF7XMRKQ7J4H2WNJ,2024-12-19T13:36:30.663059-06:00,2,2024-12-19T13:36:47.479449-06:00,true,2024-12-19T13:36:55.768315-06:00,Minu,2024-12-19T13:36:55.853272-06:00,#444EA1,2024-12-19T13:36:55.853272-06:00,4,2024-12-19T13:41:21.806572-06:00,01JFG6QW5BYBPH5BGG2T92CPYZ,2024-12-19T13:36:30.652284-06:00,jkhlk,2024-12-19T13:36:30.652284-06:00,01JFG6QPTW174VE4DDXZKDXRJ6,2024-12-19T13:36:55.853272-06:00,director,2024-12-19T13:40:18.722133-06:00,0.030000,2024-12-19T13:37:09.41431-06:00,/avatars/red.png,2024-12-19T13:36:55.853272-06:00,"{""contextSize"":4,""contextStructure"":""comp-between"",""feedbackDuration"":3,""maxTimeout"":3,""numRepetitionsWithPartner"":4,""playerCount"":2,""selectionDuration"":60,""showNegativeFeedback"":1}",2024-12-19T13:36:30.663059-06:00,full-comp-between,2024-12-19T13:36:30.663059-06:00,"{""participantKey"":""1734630178315jfghsffd""}",2024-12-19T13:36:30.674457-06:00
01JFK34156Q5JAX22A72MNVS90,https://api.dicebear.com/8.x/rings/svg?seed=Repi,2024-12-20T16:34:50.590645-06:00,0,2024-12-20T16:34:50.590645-06:00,,2024-12-20T16:36:22.109384-06:00,game ended,2024-12-20T16:37:24.27155-06:00,,,,,01JFK33E54GXVG9AEGGVBYS92W,2024-12-20T16:30:57.96477-06:00,,,true,2024-12-20T16:30:59.455129-06:00,Repi,2024-12-20T16:34:50.590645-06:00,#29828D,2024-12-20T16:34:50.590645-06:00,4,2024-12-20T16:37:24.264806-06:00,01JFK3414TZP17B16ZHJTPEK7N,2024-12-20T16:30:57.958396-06:00,asdfads,2024-12-20T16:30:57.958396-06:00,01JFK3B3A7ECVR0JQ0T0V9ZMHG,2024-12-20T16:34:50.590645-06:00,director,2024-12-20T16:36:53.199493-06:00,0,2024-12-20T16:34:50.590645-06:00,/avatars/blue.png,2024-12-20T16:34:50.590645-06:00,"{""contextSize"":4,""contextStructure"":""noncomp"",""feedbackDuration"":1,""maxTimeout"":3,""numRepetitionsWithPartner"":2,""playerCount"":2,""selectionDuration"":30,""showNegativeFeedback"":1}",2024-12-20T16:30:57.96477-06:00,quick-noncomp,2024-12-20T16:30:57.96477-06:00,"{""participantKey"":""17346301sdfadsfgsgd""}",2024-12-20T16:30:57.969947-06:00
01JFTCYBPEW9X3ND6SNPA5GWSD,https://api.dicebear.com/8.x/rings/svg?seed=Minu,2024-12-23T12:37:20.364101-06:00,0.120000,2024-12-23T12:39:15.202687-06:00,,2024-12-23T12:39:15.213007-06:00,game terminated,2024-12-23T12:41:19.530783-06:00,,,,,01JFTCSA2KP7KN2A2GHPVN05XC,2024-12-23T12:37:18.935802-06:00,,,true,2024-12-23T12:37:20.300283-06:00,Minu,2024-12-23T12:37:20.364101-06:00,#444EA1,2024-12-23T12:37:20.364101-06:00,4,2024-12-23T12:41:19.522541-06:00,01JFTCYBNYWAJZV26R08N4KFHP,2024-12-23T12:37:18.926047-06:00,test4,2024-12-23T12:37:18.926047-06:00,01JFTCVGRGTHDHYZR2HYY71654,2024-12-23T12:37:20.364101-06:00,director,2024-12-23T12:40:48.458673-06:00,0.120000,2024-12-23T12:39:15.202687-06:00,/avatars/red.png,2024-12-23T12:37:20.364101-06:00,"{""contextSize"":4,""contextStructure"":""noncomp"",""feedbackDuration"":1,""maxTimeout"":3,""numRepetitionsWithPartner"":2,""playerCount"":2,""selectionDuration"":30,""showNegativeFeedback"":1}",2024-12-23T12:37:18.935802-06:00,quick-noncomp,2024-12-23T12:37:18.935802-06:00,"{""participantKey"":""test4""}",2024-12-23T12:37:18.941185-06:00
01JFG6QPTW174VE4DDXZKDXRJ6,https://api.dicebear.com/8.x/rings/svg?seed=Repi,2024-12-19T13:36:55.853272-06:00,0.030000,2024-12-19T13:37:09.41431-06:00,,2024-12-19T13:37:09.430554-06:00,game ended,2024-12-19T13:41:21.817133-06:00,,,,,01JFG6QC12SF7XMRKQ7J4H2WNJ,2024-12-19T13:36:25.192902-06:00,2,2024-12-19T13:36:35.388533-06:00,true,2024-12-19T13:36:44.776084-06:00,Repi,2024-12-19T13:36:55.853272-06:00,#29828D,2024-12-19T13:36:55.853272-06:00,4,2024-12-19T13:41:21.806572-06:00,01JFG6QPT8B7B8E3V9P1REXE89,2024-12-19T13:36:25.180656-06:00,hfh,2024-12-19T13:36:25.180656-06:00,01JFG6QW5WQRGYN894KFQ72ESY,2024-12-19T13:36:55.853272-06:00,matcher,2024-12-19T13:40:18.722133-06:00,0.030000,2024-12-19T13:37:09.41431-06:00,/avatars/blue.png,2024-12-19T13:36:55.853272-06:00,"{""contextSize"":4,""contextStructure"":""comp-between"",""feedbackDuration"":3,""maxTimeout"":3,""numRepetitionsWithPartner"":4,""playerCount"":2,""selectionDuration"":60,""showNegativeFeedback"":1}",2024-12-19T13:36:25.192902-06:00,full-comp-between,2024-12-19T13:36:25.192902-06:00,"{""participantKey"":""1734630178315jfgh""}",2024-12-19T13:36:25.20822-06:00
01JFG743WKH3HTC30MXDFW0WDH,https://api.dicebear.com/8.x/rings/svg?seed=Minu,2024-12-19T13:43:22.343465-06:00,0,2024-12-19T13:43:22.343465-06:00,,2024-12-19T13:43:22.767831-06:00,game ended,2024-12-19T13:47:35.456629-06:00,,,,,01JFG738NCJ8HA0GZ6DND9RMRW,2024-12-19T13:43:11.77514-06:00,2,2024-12-19T13:43:14.484443-06:00,true,2024-12-19T13:43:22.248874-06:00,Minu,2024-12-19T13:43:22.343465-06:00,#444EA1,2024-12-19T13:43:22.343465-06:00,4,2024-12-19T13:47:35.445316-06:00,01JFG743W8VMCE13YTHX2CM34B,2024-12-19T13:43:11.763549-06:00,iuli,2024-12-19T13:43:11.763549-06:00,01JFG73J7R43Z4XV0457CH3BF0,2024-12-19T13:43:22.343465-06:00,matcher,2024-12-19T13:46:32.359751-06:00,0,2024-12-19T13:43:22.343465-06:00,/avatars/red.png,2024-12-19T13:43:22.343465-06:00,"{""contextSize"":4,""contextStructure"":""comp-between"",""feedbackDuration"":3,""maxTimeout"":3,""numRepetitionsWithPartner"":4,""playerCount"":2,""selectionDuration"":60,""showNegativeFeedback"":1}",2024-12-19T13:43:11.77514-06:00,full-comp-between,2024-12-19T13:43:11.77514-06:00,"{""participantKey"":""1734630178315dsgaasd""}",2024-12-19T13:43:11.785283-06:00
01JFK3B3A7ECVR0JQ0T0V9ZMHG,https://api.dicebear.com/8.x/rings/svg?seed=Minu,2024-12-20T16:34:50.590645-06:00,0,2024-12-20T16:34:50.590645-06:00,,2024-12-20T16:36:22.109384-06:00,game ended,2024-12-20T16:37:24.27155-06:00,,,,,01JFK33E54GXVG9AEGGVBYS92W,2024-12-20T16:34:49.552347-06:00,,,true,2024-12-20T16:34:50.523817-06:00,Minu,2024-12-20T16:34:50.590645-06:00,#444EA1,2024-12-20T16:34:50.590645-06:00,4,2024-12-20T16:37:24.264806-06:00,01JFK3B39XCW7953TWEN2YT7AX,2024-12-20T16:34:49.543415-06:00,asdfsd,2024-12-20T16:34:49.543415-06:00,01JFK34156Q5JAX22A72MNVS90,2024-12-20T16:34:50.590645-06:00,matcher,2024-12-20T16:36:53.199493-06:00,0,2024-12-20T16:34:50.590645-06:00,/avatars/red.png,2024-12-20T16:34:50.590645-06:00,"{""contextSize"":4,""contextStructure"":""noncomp"",""feedbackDuration"":1,""maxTimeout"":3,""numRepetitionsWithPartner"":2,""playerCount"":2,""selectionDuration"":30,""showNegativeFeedback"":1}",2024-12-20T16:34:49.552347-06:00,quick-noncomp,2024-12-20T16:34:49.552347-06:00,"{""participantKey"":""17346301sdfadsfgsgddfad""}",2024-12-20T16:34:49.558109-06:00
01JFTD9AJZ1QW7JCAXP68V8VSJ,,,,,,,game failed,2024-12-23T12:46:01.320037-06:00,,,,,01JFTCRY086NHRSSTBK74YW3WW,2024-12-23T12:43:18.248781-06:00,,,,,,,,,,,01JFTD9AJMDR81D6SYTBKHCHTV,2024-12-23T12:43:18.239507-06:00,test8,2024-12-23T12:43:18.239507-06:00,,,,,,,,,"{""contextSize"":4,""contextStructure"":""noncomp"",""feedbackDuration"":1,""maxTimeout"":3,""numRepetitionsWithPartner"":2,""playerCount"":2,""selectionDuration"":30,""showNegativeFeedback"":1}",2024-12-23T12:43:18.248781-06:00,quick-noncomp,2024-12-23T12:43:18.248781-06:00,"{""participantKey"":""test8""}",2024-12-23T12:43:18.253416-06:00
01JFG0DMQ791QR765QJNTD7TEF,https://api.dicebear.com/8.x/rings/svg?seed=Minu,2024-12-19T11:46:14.224702-06:00,0.060000,2024-12-19T11:46:31.205856-06:00,,2024-12-19T11:46:31.214047-06:00,game terminated,2024-12-19T11:58:18.238516-06:00,,,,,01JFG0V9REQA34Z030FJPM5NG2,2024-12-19T11:54:51.363184-06:00,2,2024-12-19T11:46:06.59065-06:00,null,2024-12-19T11:54:07.202363-06:00,Minu,2024-12-19T11:46:14.224702-06:00,#444EA1,2024-12-19T11:46:14.224702-06:00,4,2024-12-19T11:50:43.49819-06:00,01JFG0DMPZ4JZMG8NSZA5KDHDV,2024-12-19T11:46:03.879298-06:00,gfh,2024-12-19T11:46:03.879298-06:00,01JFG0D7MSZ09W7EWY0Q08AZ0J,2024-12-19T11:46:14.224702-06:00,matcher,2024-12-19T11:49:40.42875-06:00,0.060000,2024-12-19T11:46:31.205856-06:00,/avatars/red.png,2024-12-19T11:46:14.224702-06:00,"{""contextSize"":4,""contextStructure"":""comp-between"",""feedbackDuration"":3,""maxTimeout"":3,""numRepetitionsWithPartner"":4,""playerCount"":2,""selectionDuration"":60,""showNegativeFeedback"":1}",2024-12-19T11:54:51.363184-06:00,full-comp-between,2024-12-19T11:54:51.363184-06:00,"{""participantKey"":""1734630178315fdgfs""}",2024-12-19T11:46:03.894095-06:00
01JFG6SGC9GNKPH546S5S8CHKS,https://api.dicebear.com/8.x/rings/svg?seed=Minu,2024-12-19T13:37:47.813498-06:00,0,2024-12-19T13:37:47.813498-06:00,,2024-12-19T13:37:48.209042-06:00,game ended,2024-12-19T13:42:42.879588-06:00,,,,,01JFG6S18CN4W09S8QX5ES16HQ,2024-12-19T13:37:24.116109-06:00,2,2024-12-19T13:37:27.155806-06:00,true,2024-12-19T13:37:34.973572-06:00,Minu,2024-12-19T13:37:47.813498-06:00,#444EA1,2024-12-19T13:37:47.813498-06:00,4,2024-12-19T13:42:42.873853-06:00,01JFG6SGBF9R95H9641ZQVZQ3S,2024-12-19T13:37:24.105605-06:00,jgkg,2024-12-19T13:37:24.105605-06:00,01JFG6SBNJP4P2M6WPRXJPSV75,2024-12-19T13:37:47.813498-06:00,matcher,2024-12-19T13:40:57.730276-06:00,0,2024-12-19T13:37:47.813498-06:00,/avatars/red.png,2024-12-19T13:37:47.813498-06:00,"{""contextSize"":4,""contextStructure"":""comp-between"",""feedbackDuration"":3,""maxTimeout"":3,""numRepetitionsWithPartner"":4,""playerCount"":2,""selectionDuration"":60,""showNegativeFeedback"":1}",2024-12-19T13:37:24.116109-06:00,full-comp-between,2024-12-19T13:37:24.116109-06:00,"{""participantKey"":""1734630178315jfghsffdsdsffg""}",2024-12-19T13:37:24.123909-06:00
01JFK33QTMHQQ2YADW3YVA597E,https://api.dicebear.com/8.x/rings/svg?seed=Minu,2024-12-20T16:30:49.66958-06:00,0.210000,2024-12-20T16:32:27.089353-06:00,,2024-12-20T16:32:27.102807-06:00,game ended,2024-12-20T16:34:00.32269-06:00,,,,,01JFK30PHPCKCV85G81HHZXFAB,2024-12-20T16:30:48.412381-06:00,,,true,2024-12-20T16:30:49.615351-06:00,Minu,2024-12-20T16:30:49.66958-06:00,#444EA1,2024-12-20T16:30:49.66958-06:00,4,2024-12-20T16:34:00.309716-06:00,01JFK33QTDKAH42VZY0Y873B99,2024-12-20T16:30:48.40424-06:00,dfgs,2024-12-20T16:30:48.40424-06:00,01JFK3122AMTRZKF24Q65KVDFJ,2024-12-20T16:30:49.66958-06:00,director,2024-12-20T16:33:29.252492-06:00,0.210000,2024-12-20T16:32:27.089353-06:00,/avatars/red.png,2024-12-20T16:30:49.66958-06:00,"{""contextSize"":4,""contextStructure"":""noncomp"",""feedbackDuration"":1,""maxTimeout"":3,""numRepetitionsWithPartner"":2,""playerCount"":2,""selectionDuration"":30,""showNegativeFeedback"":1}",2024-12-20T16:30:48.412381-06:00,quick-noncomp,2024-12-20T16:30:48.412381-06:00,"{""participantKey"":""17346301sdfads""}",2024-12-20T16:30:48.41724-06:00
01JFK3D5HGJPFZWEX78BZFT28E,,,,,,,game failed,2024-12-23T12:46:01.320037-06:00,,,,,01JFTCRY086NHRSSTBK74YW3WW,2024-12-23T12:40:57.401535-06:00,,,null,2024-12-23T12:35:22.779378-06:00,,,,,,,01JFK3D5H9F9YJCJ92DDK6RESQ,2024-12-20T16:35:57.360348-06:00,sfgfd,2024-12-20T16:35:57.360348-06:00,,,,,,,,,"{""contextSize"":4,""contextStructure"":""noncomp"",""feedbackDuration"":1,""maxTimeout"":3,""numRepetitionsWithPartner"":2,""playerCount"":2,""selectionDuration"":30,""showNegativeFeedback"":1}",2024-12-23T12:40:57.401535-06:00,quick-noncomp,2024-12-23T12:40:57.401535-06:00,"{""participantKey"":""17346301sdfadsfgsgddsfgfdsf""}",2024-12-20T16:35:57.374113-06:00
01JFK3W31Z1CJWVJHYEDN8RZBH,,,,,,,game failed,2024-12-23T12:46:01.320037-06:00,true,2024-12-20T16:46:24.123583-06:00,"{""age"":"""",""gender"":"""",""strategy"":"""",""enjoy"":"""",""feedback"":"""",""education"":""""}",2024-12-20T16:46:24.12172-06:00,01JFTCRY086NHRSSTBK74YW3WW,2024-12-23T12:40:57.401535-06:00,,,null,2024-12-23T12:35:21.076618-06:00,,,,,,,01JFK3W31JX1PR4FGPESTBVNM2,2024-12-20T16:44:06.335609-06:00,tyj,2024-12-20T16:44:06.335609-06:00,,,,,,,,,"{""contextSize"":4,""contextStructure"":""noncomp"",""feedbackDuration"":1,""maxTimeout"":3,""numRepetitionsWithPartner"":2,""playerCount"":2,""selectionDuration"":30,""showNegativeFeedback"":1}",2024-12-23T12:40:57.401535-06:00,quick-noncomp,2024-12-23T12:40:57.401535-06:00,"{""participantKey"":""1734630178315ddfad""}",2024-12-20T16:44:06.351546-06:00
01JFTD5X8S5J4P1GZDJVHN106G,,,,,,,game failed,2024-12-23T12:46:01.320037-06:00,,,,,01JFTCRY086NHRSSTBK74YW3WW,2024-12-23T12:41:26.307638-06:00,,,,,,,,,,,01JFTD5X8FYZMFKM4GBWQA5627,2024-12-23T12:41:26.297682-06:00,test7,2024-12-23T12:41:26.297682-06:00,,,,,,,,,"{""contextSize"":4,""contextStructure"":""noncomp"",""feedbackDuration"":1,""maxTimeout"":3,""numRepetitionsWithPartner"":2,""playerCount"":2,""selectionDuration"":30,""showNegativeFeedback"":1}",2024-12-23T12:41:26.307638-06:00,quick-noncomp,2024-12-23T12:41:26.307638-06:00,"{""participantKey"":""test7""}",2024-12-23T12:41:26.312155-06:00
01JFG6SBNJP4P2M6WPRXJPSV75,https://api.dicebear.com/8.x/rings/svg?seed=Repi,2024-12-19T13:37:47.813498-06:00,0,2024-12-19T13:37:47.813498-06:00,,2024-12-19T13:37:48.209042-06:00,game ended,2024-12-19T13:42:42.879588-06:00,,,,,01JFG6S18CN4W09S8QX5ES16HQ,2024-12-19T13:37:19.295748-06:00,2,2024-12-19T13:37:39.182484-06:00,true,2024-12-19T13:37:47.715149-06:00,Repi,2024-12-19T13:37:47.813498-06:00,#29828D,2024-12-19T13:37:47.813498-06:00,4,2024-12-19T13:42:42.873853-06:00,01JFG6SBN09YRXS9Y0N24PWHDB,2024-12-19T13:37:19.282354-06:00,afds,2024-12-19T13:37:19.282354-06:00,01JFG6SGC9GNKPH546S5S8CHKS,2024-12-19T13:37:47.813498-06:00,director,2024-12-19T13:40:57.730276-06:00,0,2024-12-19T13:37:47.813498-06:00,/avatars/blue.png,2024-12-19T13:37:47.813498-06:00,"{""contextSize"":4,""contextStructure"":""comp-between"",""feedbackDuration"":3,""maxTimeout"":3,""numRepetitionsWithPartner"":4,""playerCount"":2,""selectionDuration"":60,""showNegativeFeedback"":1}",2024-12-19T13:37:19.295748-06:00,full-comp-between,2024-12-19T13:37:19.295748-06:00,"{""participantKey"":""1734630178315jfghsffdsdsf""}",2024-12-19T13:37:19.305571-06:00
01JFG73J7R43Z4XV0457CH3BF0,https://api.dicebear.com/8.x/rings/svg?seed=Repi,2024-12-19T13:43:22.343465-06:00,0,2024-12-19T13:43:22.343465-06:00,,2024-12-19T13:43:22.767831-06:00,game ended,2024-12-19T13:47:35.456629-06:00,,,,,01JFG738NCJ8HA0GZ6DND9RMRW,2024-12-19T13:42:53.701912-06:00,2,2024-12-19T13:42:56.605647-06:00,true,2024-12-19T13:43:04.610674-06:00,Repi,2024-12-19T13:43:22.343465-06:00,#29828D,2024-12-19T13:43:22.343465-06:00,4,2024-12-19T13:47:35.445316-06:00,01JFG73J73BKAW7J9BCXWG0T0M,2024-12-19T13:42:53.688636-06:00,fssfdg,2024-12-19T13:42:53.688636-06:00,01JFG743WKH3HTC30MXDFW0WDH,2024-12-19T13:43:22.343465-06:00,director,2024-12-19T13:46:32.359751-06:00,0,2024-12-19T13:43:22.343465-06:00,/avatars/blue.png,2024-12-19T13:43:22.343465-06:00,"{""contextSize"":4,""contextStructure"":""comp-between"",""feedbackDuration"":3,""maxTimeout"":3,""numRepetitionsWithPartner"":4,""playerCount"":2,""selectionDuration"":60,""showNegativeFeedback"":1}",2024-12-19T13:42:53.701912-06:00,full-comp-between,2024-12-19T13:42:53.701912-06:00,"{""participantKey"":""1734630178315dsg""}",2024-12-19T13:42:53.710942-06:00
01JFK3R91J8685F4GD5EBTX18A,,,,,,,game failed,2024-12-23T12:46:01.320037-06:00,,,,,01JFTCRY086NHRSSTBK74YW3WW,2024-12-23T12:40:57.401535-06:00,,,null,2024-12-23T12:35:22.213507-06:00,,,,,,,01JFK3R914MF1B58RPNDD9BBNC,2024-12-20T16:42:01.394786-06:00,dasfdag,2024-12-20T16:42:01.394786-06:00,,,,,,,,,"{""contextSize"":4,""contextStructure"":""noncomp"",""feedbackDuration"":1,""maxTimeout"":3,""numRepetitionsWithPartner"":2,""playerCount"":2,""selectionDuration"":30,""showNegativeFeedback"":1}",2024-12-23T12:40:57.401535-06:00,quick-noncomp,2024-12-23T12:40:57.401535-06:00,"{""participantKey"":""17346301sdfadsfgsgddsfgfasfd""}",2024-12-20T16:42:01.408096-06:00
