id,batchID,batchIDLastChangedAt,gameID,gameIDLastChangedAt,playerID,playerIDLastChangedAt
01JHGRDE572P00T9ZH26Q5JA8F,01JHGQVDGA7J2PRJGVRMWX1KGP,2025-01-13T21:16:46.631678068Z,01JHGQVDGX8VXAFZAWH5S0WFE0,2025-01-13T21:16:46.631678068Z,01JHGR7YZXTXSHMR2AQ8E4WXFG,2025-01-13T21:16:46.631678068Z
01JHGRFJWXGY6V2QCGB0FFTVHF,01JHGQVDGA7J2PRJGVRMWX1KGP,2025-01-13T21:17:57.021047069Z,01JHGQVDH0REA979DH3W5VG17Y,2025-01-13T21:17:57.021047069Z,01JHGR9GHCH75BJ3D5P0SXXJQH,2025-01-13T21:17:57.021047069Z
01JHGSVWHEK473DF0804E28060,01JHGQVXAEPG8V62PKG81ZZS47,2025-01-13T21:42:08.686805236Z,01JHGQVXASW01YS6M6CBX4FVQM,2025-01-13T21:42:08.686805236Z,01JHGSJG1T1YX1A6PQD89H3C7Q,2025-01-13T21:42:08.686805236Z
01JHGSA3Y9T3XBY5BM4GSQKC9W,01JHGQVXAEPG8V62PKG81ZZS47,2025-01-13T21:32:26.441495102Z,01JHGQVXASW01YS6M6CRG3P3C2,2025-01-13T21:32:26.441495102Z,01JHGRS1KH5TCT9F3C0GZK2NQK,2025-01-13T21:32:26.441495102Z
01JHGSVWHWFVNQW1XKATNFX7RB,01JHGQVXAEPG8V62PKG81ZZS47,2025-01-13T21:42:08.70018852Z,01JHGQVXASW01YS6M6CBX4FVQM,2025-01-13T21:42:08.70018852Z,01JHGSNFP6C7508XTP5B0DBRGK,2025-01-13T21:42:08.70018852Z
01JHGTY21BMDTEDXXSH5Q8BYPJ,01JHGQX81HJGTHHN0Z0EHS790A,2025-01-13T22:00:48.427904284Z,01JHGQX81Z6KPFMVSC3HJRD439,2025-01-13T22:00:48.427904284Z,01JHGRD9A04SC030V5HKF8PNEX,2025-01-13T22:00:48.427904284Z
01JHGSJYDVYWGPNH7TQEQFN6CJ,01JHGQX81HJGTHHN0Z0EHS790A,2025-01-13T21:37:15.707353585Z,01JHGQX81YJ4MZ3JJSE5D56PMA,2025-01-13T21:37:15.707353585Z,01JHGRW340CN19281NYN5TY9RY,2025-01-13T21:37:15.707353585Z
01JHGREG9SPXDQDF9V4JWJ336A,01JHGQVDGA7J2PRJGVRMWX1KGP,2025-01-13T21:17:21.593231687Z,01JHGQVDGZ48HW2VW1637Q3DZK,2025-01-13T21:17:21.593231687Z,01JHGR8MCEG9JNVQRD7A2PKWV9,2025-01-13T21:17:21.593231687Z
01JHGRFJWYD88K0WPW3YVQ2043,01JHGQVDGA7J2PRJGVRMWX1KGP,2025-01-13T21:17:57.022398159Z,01JHGQVDH0REA979DH3W5VG17Y,2025-01-13T21:17:57.022398159Z,01JHGRAGAMFE27FWY8A0BNJ43S,2025-01-13T21:17:57.022398159Z
01JHGRKHW4KRSVEGETWFETJK1H,01JHGQVF1S0XAS6ZHF9VN6RZ3J,2025-01-13T21:20:07.044064449Z,01JHGQVF2579X401G7WWGMAS3T,2025-01-13T21:20:07.044064449Z,01JHGR9NTKB8KR5E8HM8ZM0YB4,2025-01-13T21:20:07.044064449Z
01JHGS3YRRXZZ8PPD32WS1NDKK,01JHGQVWDBNGVK9P0R47TF3TAD,2025-01-13T21:29:04.53660265Z,01JHGQVWDREYN4BVY7A3CP5FHS,2025-01-13T21:29:04.53660265Z,01JHGRY3KVAJK25B8S9D5YDXAY,2025-01-13T21:29:04.53660265Z
01JHGS3YRZSCK3FM2K71N4Y7D1,01JHGQVWDBNGVK9P0R47TF3TAD,2025-01-13T21:29:04.543443876Z,01JHGQVWDREYN4BVY7A3CP5FHS,2025-01-13T21:29:04.543443876Z,01JHGRYSV24EGTD0W762K2KXW6,2025-01-13T21:29:04.543443876Z
01JHGSJYDCMVR82NG66VD7WABG,01JHGQX81HJGTHHN0Z0EHS790A,2025-01-13T21:37:15.692861006Z,01JHGQX81YJ4MZ3JJSE5D56PMA,2025-01-13T21:37:15.692861006Z,01JHGRVE7YDPNDK8BJSE2TYF8C,2025-01-13T21:37:15.692861006Z
01JHGT2T8QJRWKGMDV0WZG95TP,01JHGQX81HJGTHHN0Z0EHS790A,2025-01-13T21:45:55.736004563Z,01JHGQX81YJ4MZ3JJSEN7NZSQX,2025-01-13T21:45:55.736004563Z,01JHGSH1BYY0TTB3RGYWEX2GGC,2025-01-13T21:45:55.736004563Z
01JHGRMHB3Q9CK1EDQQ9RMQH0A,01JHGQVF1S0XAS6ZHF9VN6RZ3J,2025-01-13T21:20:39.267900152Z,01JHGQVF24CHBP5GQEY8Y650MZ,2025-01-13T21:20:39.267900152Z,01JHGRC5CN56YFJSJBE3VVNMZK,2025-01-13T21:20:39.267900152Z
01JHGRPAM710TKCAZZNA5X3MGC,01JHGQVF1S0XAS6ZHF9VN6RZ3J,2025-01-13T21:21:37.927461522Z,01JHGQVF24CHBP5GQEXTY35N32,2025-01-13T21:21:37.927461522Z,01JHGRAAXAPN51451TQ0GJB18V,2025-01-13T21:21:37.927461522Z
01JHGRR5MXE3H9EVZWA507P514,01JHGQVWDBNGVK9P0R47TF3TAD,2025-01-13T21:22:38.365094797Z,01JHGQVWDREYN4BVY7AFGM037X,2025-01-13T21:22:38.365094797Z,01JHGRBES2XQKRWKJNS3MYNAV1,2025-01-13T21:22:38.365094797Z
01JHGRT67JM3SGZFSK91RZJ0AD,01JHGQVWDBNGVK9P0R47TF3TAD,2025-01-13T21:23:44.498049452Z,01JHGQVWDS43X19PWRE1J1VGA5,2025-01-13T21:23:44.498049452Z,01JHGRJGMT5SSR7WVG3W7160ZF,2025-01-13T21:23:44.498049452Z
01JHGRT67NDEB18MXD36PER6RM,01JHGQVWDBNGVK9P0R47TF3TAD,2025-01-13T21:23:44.501568844Z,01JHGQVWDS43X19PWRE1J1VGA5,2025-01-13T21:23:44.501568844Z,01JHGRJY909TYGDYG0X9BJ4PV7,2025-01-13T21:23:44.501568844Z
01JHGSA3Y1ZSJ8SDZ2465QCJ6D,01JHGQVXAEPG8V62PKG81ZZS47,2025-01-13T21:32:26.433571037Z,01JHGQVXASW01YS6M6CRG3P3C2,2025-01-13T21:32:26.433571037Z,01JHGRGDBKMS66ACHXP9AW3BKZ,2025-01-13T21:32:26.433571037Z
01JHGSAZGHVS22TH6YEF3BCVJJ,01JHGQVXAEPG8V62PKG81ZZS47,2025-01-13T21:32:54.673289475Z,01JHGQVXARMSWF756WHCZWG356,2025-01-13T21:32:54.673289475Z,01JHGRZ74V497SQXPW8J70FHGH,2025-01-13T21:32:54.673289475Z
01JHGRDE58XDNSZN9QCETWV1SN,01JHGQVDGA7J2PRJGVRMWX1KGP,2025-01-13T21:16:46.632199465Z,01JHGQVDGX8VXAFZAWH5S0WFE0,2025-01-13T21:16:46.632199465Z,01JHGR92YS54H0B17RFNDA7K04,2025-01-13T21:16:46.632199465Z
01JHGREG9TJ5Y1SZWAKZGB33NG,01JHGQVDGA7J2PRJGVRMWX1KGP,2025-01-13T21:17:21.594727628Z,01JHGQVDGZ48HW2VW1637Q3DZK,2025-01-13T21:17:21.594727628Z,01JHGRAEJBWMGACHVADEY1HRTF,2025-01-13T21:17:21.594727628Z
01JHGRKHW2AZAC9VRZSA5EVAQY,01JHGQVF1S0XAS6ZHF9VN6RZ3J,2025-01-13T21:20:07.042726557Z,01JHGQVF2579X401G7WWGMAS3T,2025-01-13T21:20:07.042726557Z,01JHGR7V6D3GAHYH19ZXJQHNZ3,2025-01-13T21:20:07.042726557Z
01JHGRMHB6HB2JK7Z8XE47F0FM,01JHGQVF1S0XAS6ZHF9VN6RZ3J,2025-01-13T21:20:39.270081538Z,01JHGQVF24CHBP5GQEY8Y650MZ,2025-01-13T21:20:39.270081538Z,01JHGRCJAMMR10PYDM9KGR808M,2025-01-13T21:20:39.270081538Z
01JHGSAZG7GZCV87Y2MEJXJZQ5,01JHGQVXAEPG8V62PKG81ZZS47,2025-01-13T21:32:54.663256449Z,01JHGQVXARMSWF756WHCZWG356,2025-01-13T21:32:54.663256449Z,01JHGRQE2X2C2AEE8JMJA48QCK,2025-01-13T21:32:54.663256449Z
01JHGRPAMAWGMDASNR3PNPJYY3,01JHGQVF1S0XAS6ZHF9VN6RZ3J,2025-01-13T21:21:37.930257559Z,01JHGQVF24CHBP5GQEXTY35N32,2025-01-13T21:21:37.930257559Z,01JHGRBG9X04F727X1QMN6T5Z6,2025-01-13T21:21:37.930257559Z
01JHGRR5N04P7CMCT2RT6JV6JT,01JHGQVWDBNGVK9P0R47TF3TAD,2025-01-13T21:22:38.368070448Z,01JHGQVWDREYN4BVY7AFGM037X,2025-01-13T21:22:38.368070448Z,01JHGRCRTY69KW0K7T5EHY6FJ0,2025-01-13T21:22:38.368070448Z
01JHGT2T97SJQ5R23HFNTCA50C,01JHGQX81HJGTHHN0Z0EHS790A,2025-01-13T21:45:55.751092556Z,01JHGQX81YJ4MZ3JJSEN7NZSQX,2025-01-13T21:45:55.751092556Z,01JHGSNGTJ538HE3NVM78HC9VH,2025-01-13T21:45:55.751092556Z
01JHGTY21YJESZR61NMSDM6KG6,01JHGQX81HJGTHHN0Z0EHS790A,2025-01-13T22:00:48.446858814Z,01JHGQX81Z6KPFMVSC3HJRD439,2025-01-13T22:00:48.446858814Z,01JHGRKBRWY4H7G639EZNEJVRF,2025-01-13T22:00:48.446858814Z
