id,actualPlayerCount,actualPlayerCountLastChangedAt,batchID,batchIDLastChangedAt,bottomTangrams,bottomTangramsLastChangedAt,contextSize,contextSizeLastChangedAt,contextStructure,contextStructureLastChangedAt,ended,endedLastChangedAt,endedReason,endedReasonLastChangedAt,groupID,groupIDLastChangedAt,justStarted,justStartedLastChangedAt,lobbyTimerID,lobbyTimerIDLastChangedAt,maxTimeout,maxTimeoutLastChangedAt,rotation,rotationLastChangedAt,roundIndex,roundIndexLastChangedAt,showNegativeFeedback,showNegativeFeedbackLastChangedAt,stageID,stageIDLastChangedAt,start,startLastChangedAt,starting,startingLastChangedAt,status,statusLastChangedAt,targets,targetsLastChangedAt,topTangrams,topTangramsLastChangedAt,treatment,treatmentLastChangedAt,treatmentName,treatmentNameLastChangedAt
01JFGH3NGFXBVT2CWAS24BZRP8,,,01JFGH3NFTCTZEYR0FRWCBHNPH,2024-12-19T22:37:42.799228894Z,,,,,,,false,2024-12-19T22:37:42.799228894Z,batch ended,2024-12-19T23:23:57.694255531Z,01JFGH3NHJ5CNE916YFH7SJJB8,2024-12-19T22:37:42.837467695Z,,,,,,,,,,,,,,,false,2024-12-19T22:37:42.799228894Z,,,terminated,2024-12-19T23:23:57.694255531Z,,,,,"{""contextSize"":4,""contextStructure"":""comp-within"",""feedbackDuration"":3,""maxTimeout"":3,""numRepetitionsWithPartner"":4,""playerCount"":2,""selectionDuration"":60,""showNegativeFeedback"":1}",2024-12-19T22:37:42.799228894Z,full-comp-within,2024-12-19T22:37:42.799228894Z
01JFGHZ4291GHPXR3P9RE5E3SZ,,,01JFGHZ40JD90CMBR300SGMY8S,2024-12-19T22:52:42.44150457Z,,,,,,,false,2024-12-19T22:52:42.44150457Z,batch ended,2024-12-19T23:24:00.798516034Z,01JFGHZ490TK4NFD3VCQD8RWXX,2024-12-19T22:52:42.662109203Z,,,,,,,,,,,,,,,false,2024-12-19T22:52:42.44150457Z,,,terminated,2024-12-19T23:24:00.798516034Z,,,,,"{""contextSize"":4,""contextStructure"":""comp-between"",""feedbackDuration"":3,""maxTimeout"":3,""numRepetitionsWithPartner"":4,""playerCount"":2,""selectionDuration"":60,""showNegativeFeedback"":1}",2024-12-19T22:52:42.44150457Z,full-comp-between,2024-12-19T22:52:42.44150457Z
01JFGH1XJJRYBQNBNM5JF45TX7,,,01JFGH1XHKWJTME2X41MTMC6AZ,2024-12-19T22:36:45.522877396Z,,,,,,,false,2024-12-19T22:36:45.522877396Z,batch ended,2024-12-19T23:23:47.507456298Z,01JFGH1XN5D3XPFNEJT1261WYG,2024-12-19T22:36:45.610694208Z,,,,,,,,,,,,,,,false,2024-12-19T22:36:45.522877396Z,,,terminated,2024-12-19T23:23:47.507456298Z,,,,,"{""contextSize"":4,""contextStructure"":""comp-within"",""feedbackDuration"":3,""maxTimeout"":3,""numRepetitionsWithPartner"":4,""playerCount"":2,""selectionDuration"":60,""showNegativeFeedback"":1}",2024-12-19T22:36:45.522877396Z,full-comp-within,2024-12-19T22:36:45.522877396Z
01JFGFW0F18H8H6HC435SQXTG5,,,01JFGFW0DVE7CVHWSRC197DM3P,2024-12-19T22:16:03.297751153Z,,,,,,,false,2024-12-19T22:16:03.297751153Z,shared lobby timeout,2024-12-19T22:40:03.772998513Z,01JFGFW0GFNF6PCDBDV6X7ERVD,2024-12-19T22:16:03.348996183Z,,,01JFGGYT6FBFH06HFY2SYG5DSP,2024-12-19T22:35:03.767931481Z,,,,,,,,,,,false,2024-12-19T22:16:03.297751153Z,true,2024-12-19T22:39:46.663744901Z,failed,2024-12-19T22:40:03.772998513Z,,,,,"{""contextSize"":4,""contextStructure"":""comp-between"",""feedbackDuration"":3,""maxTimeout"":3,""numRepetitionsWithPartner"":4,""playerCount"":2,""selectionDuration"":60,""showNegativeFeedback"":1}",2024-12-19T22:16:03.297751153Z,full-comp-between,2024-12-19T22:16:03.297751153Z
01JFGFWSJRQGEX631QZMWR7T00,,,01JFGFWSJ3PS8C1T010MK368EP,2024-12-19T22:16:29.016190464Z,,,,,,,false,2024-12-19T22:16:29.016190464Z,shared lobby timeout,2024-12-19T22:38:47.052717275Z,01JFGFWSKGCXQDKJSD4MVN51ZX,2024-12-19T22:16:29.043374023Z,,,01JFGGW7X51MZ0T0FHRAMJ1YBE,2024-12-19T22:33:39.498509526Z,,,,,,,,,,,false,2024-12-19T22:16:29.016190464Z,,,failed,2024-12-19T22:38:47.052717275Z,,,,,"{""contextSize"":4,""contextStructure"":""comp-between"",""feedbackDuration"":3,""maxTimeout"":3,""numRepetitionsWithPartner"":4,""playerCount"":2,""selectionDuration"":60,""showNegativeFeedback"":1}",2024-12-19T22:16:29.016190464Z,full-comp-between,2024-12-19T22:16:29.016190464Z
01JFGH1XJGTBNAZ3QSD4BV4108,,,01JFGH1XHKWJTME2X41MTMC6AZ,2024-12-19T22:36:45.52020111Z,,,,,,,false,2024-12-19T22:36:45.52020111Z,batch ended,2024-12-19T23:23:47.507456298Z,01JFGH1XKRV4T24CTQEQFST5H0,2024-12-19T22:36:45.564931234Z,,,,,,,,,,,,,,,false,2024-12-19T22:36:45.52020111Z,,,terminated,2024-12-19T23:23:47.507456298Z,,,,,"{""contextSize"":4,""contextStructure"":""comp-between"",""feedbackDuration"":3,""maxTimeout"":3,""numRepetitionsWithPartner"":4,""playerCount"":2,""selectionDuration"":60,""showNegativeFeedback"":1}",2024-12-19T22:36:45.52020111Z,full-comp-between,2024-12-19T22:36:45.52020111Z
01JFGH3NGJ573NMXG7YJ9M5RQE,,,01JFGH3NFTCTZEYR0FRWCBHNPH,2024-12-19T22:37:42.802152576Z,,,,,,,false,2024-12-19T22:37:42.802152576Z,batch ended,2024-12-19T23:23:57.694255531Z,01JFGH3NJJD328F9AZ31S3S335,2024-12-19T22:37:42.871967652Z,,,,,,,,,,,,,,,false,2024-12-19T22:37:42.802152576Z,,,terminated,2024-12-19T23:23:57.694255531Z,,,,,"{""contextSize"":4,""contextStructure"":""comp-between"",""feedbackDuration"":3,""maxTimeout"":3,""numRepetitionsWithPartner"":4,""playerCount"":2,""selectionDuration"":60,""showNegativeFeedback"":1}",2024-12-19T22:37:42.802152576Z,full-comp-between,2024-12-19T22:37:42.802152576Z
01JFGFW0F27SHDS0SFHRM30VA0,2,2024-12-19T22:38:38.545693804Z,01JFGFW0DVE7CVHWSRC197DM3P,2024-12-19T22:16:03.298708835Z,"[10,330,52,363,308,102,156,317,294,319,327,42,306,320,88,362]",2024-12-19T22:38:39.074778652Z,4,2024-12-19T22:38:38.600056375Z,noncomp,2024-12-19T22:38:38.600056375Z,true,2024-12-19T23:02:09.696246859Z,end of game,2024-12-19T23:02:09.762310112Z,01JFGFW0JNCBRV72VDTGGQTKZ7,2024-12-19T22:16:03.416648647Z,true,2024-12-19T22:38:39.074778652Z,01JFGGZM7XHFV2VZPSXG6BQQ35,2024-12-19T22:35:30.43816442Z,3,2024-12-19T22:38:38.600056375Z,90,2024-12-19T22:38:38.600056375Z,63,2024-12-19T22:38:39.074778652Z,1,2024-12-19T22:38:38.600056375Z,null,2024-12-19T23:02:09.696246859Z,true,2024-12-19T22:38:38.545693804Z,true,2024-12-19T22:36:17.631688815Z,ended,2024-12-19T23:02:09.762310112Z,"[[157,10],[174,330],[93,52],[147,363],[90,308],[268,102],[357,156],[244,317],[283,294],[326,319],[38,327],[469,42],[54,306],[425,320],[73,88],[57,362]]",2024-12-19T22:38:39.074778652Z,"[157,174,93,147,90,268,357,244,283,326,38,469,54,425,73,57]",2024-12-19T22:38:39.074778652Z,"{""contextSize"":4,""contextStructure"":""noncomp"",""feedbackDuration"":3,""maxTimeout"":3,""numRepetitionsWithPartner"":4,""playerCount"":2,""selectionDuration"":60,""showNegativeFeedback"":1}",2024-12-19T22:16:03.298708835Z,full-noncomp,2024-12-19T22:16:03.298708835Z
01JFGFWXS1CYQ8W171661NCV0C,2,2024-12-19T22:32:51.19251378Z,01JFGFWXRF7SWH4R9JWCGX5AX9,2024-12-19T22:16:33.313836428Z,"[281,162,459,401,282,121,354,268,224,61,311,307,19,290,347,273]",2024-12-19T22:32:51.427664547Z,4,2024-12-19T22:32:51.2088744Z,noncomp,2024-12-19T22:32:51.2088744Z,true,2024-12-19T23:02:41.104096702Z,end of game,2024-12-19T23:02:41.181568032Z,01JFGFWXTQYW59S8R5HVY5YVPH,2024-12-19T22:16:33.370473944Z,true,2024-12-19T22:32:51.427664547Z,01JFGGSMV2JHVSDZQ6G0JAYZ0N,2024-12-19T22:32:14.439905311Z,3,2024-12-19T22:32:51.2088744Z,180,2024-12-19T22:32:51.2088744Z,63,2024-12-19T22:32:51.427664547Z,1,2024-12-19T22:32:51.2088744Z,null,2024-12-19T23:02:41.104096702Z,true,2024-12-19T22:32:51.19251378Z,true,2024-12-19T22:32:51.19251378Z,ended,2024-12-19T23:02:41.181568032Z,"[[52,281],[462,162],[153,459],[39,401],[227,282],[158,121],[378,354],[225,268],[118,224],[467,61],[174,311],[32,307],[312,19],[176,290],[389,347],[363,273]]",2024-12-19T22:32:51.427664547Z,"[52,462,153,39,227,158,378,225,118,467,174,32,312,176,389,363]",2024-12-19T22:32:51.427664547Z,"{""contextSize"":4,""contextStructure"":""noncomp"",""feedbackDuration"":3,""maxTimeout"":3,""numRepetitionsWithPartner"":4,""playerCount"":2,""selectionDuration"":60,""showNegativeFeedback"":1}",2024-12-19T22:16:33.313836428Z,full-noncomp,2024-12-19T22:16:33.313836428Z
01JFGFWSJTPRE578HBRT5YXA5V,2,2024-12-19T22:34:31.729562768Z,01JFGFWSJ3PS8C1T010MK368EP,2024-12-19T22:16:29.018230227Z,"[390,40,218,258,92,407,263,199,141,197,348,248,188,1,185,14]",2024-12-19T22:34:31.971516512Z,4,2024-12-19T22:34:31.750032226Z,noncomp,2024-12-19T22:34:31.750032226Z,true,2024-12-19T23:11:05.358807858Z,end of game,2024-12-19T23:11:05.407565191Z,01JFGFWSMY9J7DM04VQJZBCV31,2024-12-19T22:16:29.088545349Z,true,2024-12-19T22:34:31.971516512Z,01JFGGV1M92YV24N5FZD2ZWVYD,2024-12-19T22:33:00.302450459Z,3,2024-12-19T22:34:31.750032226Z,180,2024-12-19T22:34:31.750032226Z,63,2024-12-19T22:34:31.971516512Z,1,2024-12-19T22:34:31.750032226Z,null,2024-12-19T23:11:05.358807858Z,true,2024-12-19T22:34:31.729562768Z,true,2024-12-19T22:34:31.729562768Z,ended,2024-12-19T23:11:05.407565191Z,"[[372,390],[123,40],[368,218],[379,258],[304,92],[435,407],[52,263],[430,199],[111,141],[394,197],[125,348],[234,248],[306,188],[88,1],[192,185],[401,14]]",2024-12-19T22:34:31.971516512Z,"[372,123,368,379,304,435,52,430,111,394,125,234,306,88,192,401]",2024-12-19T22:34:31.971516512Z,"{""contextSize"":4,""contextStructure"":""noncomp"",""feedbackDuration"":3,""maxTimeout"":3,""numRepetitionsWithPartner"":4,""playerCount"":2,""selectionDuration"":60,""showNegativeFeedback"":1}",2024-12-19T22:16:29.018230227Z,full-noncomp,2024-12-19T22:16:29.018230227Z
01JFGFZY55TFQ5H67P809PAWP3,,,01JFGFZY4MVBQC79E4AQ0CQGE0,2024-12-19T22:18:12.00517646Z,,,,,,,false,2024-12-19T22:18:12.00517646Z,batch ended,2024-12-19T22:37:20.544328598Z,01JFGFZY6SC17FD3D3M3Q2VFSE,2024-12-19T22:18:12.060059539Z,,,,,,,,,,,,,,,false,2024-12-19T22:18:12.00517646Z,,,terminated,2024-12-19T22:37:20.544328598Z,,,,,"{""contextSize"":4,""contextStructure"":""noncomp"",""feedbackDuration"":3,""maxTimeout"":3,""numRepetitionsWithPartner"":4,""playerCount"":2,""selectionDuration"":60,""showNegativeFeedback"":1}",2024-12-19T22:18:12.00517646Z,full-noncomp,2024-12-19T22:18:12.00517646Z
01JFGFWB1WBT8PECPPPVYC8GQ4,,,01JFGFWB1793HN1EZVTNNQMGB7,2024-12-19T22:16:14.140292101Z,,,,,,,false,2024-12-19T22:16:14.140292101Z,,,01JFGFWB2MS7Y4VDFP23FZKJ94,2024-12-19T22:16:14.168234739Z,,,,,,,,,,,,,,,false,2024-12-19T22:16:14.140292101Z,,,,,,,,,"{""contextSize"":4,""contextStructure"":""noncomp"",""feedbackDuration"":3,""maxTimeout"":3,""numRepetitionsWithPartner"":4,""playerCount"":2,""selectionDuration"":60,""showNegativeFeedback"":1}",2024-12-19T22:16:14.140292101Z,full-noncomp,2024-12-19T22:16:14.140292101Z
01JFGH3NGNFGCGPJWT49KFGXNM,,,01JFGH3NFTCTZEYR0FRWCBHNPH,2024-12-19T22:37:42.805403876Z,,,,,,,false,2024-12-19T22:37:42.805403876Z,shared lobby timeout,2024-12-19T22:48:23.693137432Z,01JFGH3NKTQYSHEZT7J1D6N2XX,2024-12-19T22:37:42.909400752Z,,,01JFGHE2D0JSV5FPACVBG0Q2KB,2024-12-19T22:43:23.690996129Z,,,,,,,,,,,false,2024-12-19T22:37:42.805403876Z,,,failed,2024-12-19T22:48:23.693137432Z,,,,,"{""contextSize"":4,""contextStructure"":""noncomp"",""feedbackDuration"":3,""maxTimeout"":3,""numRepetitionsWithPartner"":4,""playerCount"":2,""selectionDuration"":60,""showNegativeFeedback"":1}",2024-12-19T22:37:42.805403876Z,full-noncomp,2024-12-19T22:37:42.805403876Z
01JFGHZ41ZTVK8S493N55C7DSX,,,01JFGHZ40JD90CMBR300SGMY8S,2024-12-19T22:52:42.43158774Z,,,,,,,false,2024-12-19T22:52:42.43158774Z,batch ended,2024-12-19T23:24:00.798516034Z,01JFGHZ468V8PW220Q3BADY4CK,2024-12-19T22:52:42.573505933Z,,,,,,,,,,,,,,,false,2024-12-19T22:52:42.43158774Z,,,terminated,2024-12-19T23:24:00.798516034Z,,,,,"{""contextSize"":4,""contextStructure"":""noncomp"",""feedbackDuration"":3,""maxTimeout"":3,""numRepetitionsWithPartner"":4,""playerCount"":2,""selectionDuration"":60,""showNegativeFeedback"":1}",2024-12-19T22:52:42.43158774Z,full-noncomp,2024-12-19T22:52:42.43158774Z
01JFGFX3DCBX4MM3SFCVSREPAM,,,01JFGFX3CTBVWJ6FF2K00RRHNF,2024-12-19T22:16:39.084073721Z,,,,,,,false,2024-12-19T22:16:39.084073721Z,batch ended,2024-12-19T22:37:42.531819016Z,01JFGFX3E867TFPX7S2BV2SBRF,2024-12-19T22:16:39.117224226Z,,,,,,,,,,,,,,,false,2024-12-19T22:16:39.084073721Z,,,terminated,2024-12-19T22:37:42.531819016Z,,,,,"{""contextSize"":4,""contextStructure"":""comp-between"",""feedbackDuration"":3,""maxTimeout"":3,""numRepetitionsWithPartner"":4,""playerCount"":2,""selectionDuration"":60,""showNegativeFeedback"":1}",2024-12-19T22:16:39.084073721Z,full-comp-between,2024-12-19T22:16:39.084073721Z
01JFGFZY53RMSPJRCEMD4KS5HG,,,01JFGFZY4MVBQC79E4AQ0CQGE0,2024-12-19T22:18:12.00347873Z,,,,,,,false,2024-12-19T22:18:12.00347873Z,batch ended,2024-12-19T22:37:20.544328598Z,01JFGFZY5R1GF5NDGQ6EZK43EQ,2024-12-19T22:18:12.026381059Z,,,,,,,,,,,,,,,false,2024-12-19T22:18:12.00347873Z,,,terminated,2024-12-19T22:37:20.544328598Z,,,,,"{""contextSize"":4,""contextStructure"":""comp-within"",""feedbackDuration"":3,""maxTimeout"":3,""numRepetitionsWithPartner"":4,""playerCount"":2,""selectionDuration"":60,""showNegativeFeedback"":1}",2024-12-19T22:18:12.00347873Z,full-comp-within,2024-12-19T22:18:12.00347873Z
01JFGFX3DCBX4MM3SFD66KXEW2,,,01JFGFX3CTBVWJ6FF2K00RRHNF,2024-12-19T22:16:39.084496211Z,,,,,,,false,2024-12-19T22:16:39.084496211Z,shared lobby timeout,2024-12-19T22:34:15.307015058Z,01JFGFX3F2PAV7FHY9QGFGS0MR,2024-12-19T22:16:39.1411343Z,,,01JFGGM5X3GQ9RYHB9T8B46Q9F,2024-12-19T22:29:15.307387593Z,,,,,,,,,,,false,2024-12-19T22:16:39.084496211Z,,,failed,2024-12-19T22:34:15.307015058Z,,,,,"{""contextSize"":4,""contextStructure"":""noncomp"",""feedbackDuration"":3,""maxTimeout"":3,""numRepetitionsWithPartner"":4,""playerCount"":2,""selectionDuration"":60,""showNegativeFeedback"":1}",2024-12-19T22:16:39.084496211Z,full-noncomp,2024-12-19T22:16:39.084496211Z
01JFGFZY53RMSPJRCEM36FMKFS,,,01JFGFZY4MVBQC79E4AQ0CQGE0,2024-12-19T22:18:12.003247959Z,,,,,,,false,2024-12-19T22:18:12.003247959Z,batch ended,2024-12-19T22:37:20.544328598Z,01JFGFZY69S3C20CA6BES8DBD9,2024-12-19T22:18:12.043628905Z,,,,,,,,,,,,,,,false,2024-12-19T22:18:12.003247959Z,,,terminated,2024-12-19T22:37:20.544328598Z,,,,,"{""contextSize"":4,""contextStructure"":""comp-between"",""feedbackDuration"":3,""maxTimeout"":3,""numRepetitionsWithPartner"":4,""playerCount"":2,""selectionDuration"":60,""showNegativeFeedback"":1}",2024-12-19T22:18:12.003247959Z,full-comp-between,2024-12-19T22:18:12.003247959Z
01JFGHZ42XYQQ0XKGV3DYA4F25,,,01JFGHZ40JD90CMBR300SGMY8S,2024-12-19T22:52:42.461903765Z,,,,,,,false,2024-12-19T22:52:42.461903765Z,batch ended,2024-12-19T23:24:00.798516034Z,01JFGHZ4BTK7W0GVF1VKPEDRV2,2024-12-19T22:52:42.752452581Z,,,,,,,,,,,,,,,false,2024-12-19T22:52:42.461903765Z,,,terminated,2024-12-19T23:24:00.798516034Z,,,,,"{""contextSize"":4,""contextStructure"":""comp-within"",""feedbackDuration"":3,""maxTimeout"":3,""numRepetitionsWithPartner"":4,""playerCount"":2,""selectionDuration"":60,""showNegativeFeedback"":1}",2024-12-19T22:52:42.461903765Z,full-comp-within,2024-12-19T22:52:42.461903765Z
01JFGFWSJSN7CYYEARKZXH111B,2,2024-12-19T22:42:14.930458764Z,01JFGFWSJ3PS8C1T010MK368EP,2024-12-19T22:16:29.017418607Z,"[465,405,251,469]",2024-12-19T22:42:15.688776298Z,4,2024-12-19T22:42:14.994703438Z,comp-within,2024-12-19T22:42:14.994703438Z,true,2024-12-19T23:12:30.55446205Z,end of game,2024-12-19T23:12:30.612233333Z,01JFGFWSM7PYMX57E38HN5SGMF,2024-12-19T22:16:29.067111421Z,true,2024-12-19T22:42:15.688776298Z,01JFGHAFXA70K3ZZDT1T2DGR96,2024-12-19T22:41:26.453062893Z,3,2024-12-19T22:42:14.994703438Z,90,2024-12-19T22:42:14.994703438Z,63,2024-12-19T22:42:15.688776298Z,1,2024-12-19T22:42:14.994703438Z,null,2024-12-19T23:12:30.55446205Z,true,2024-12-19T22:42:14.930458764Z,true,2024-12-19T22:42:14.930458764Z,ended,2024-12-19T23:12:30.612233333Z,"[[189,465],[189,405],[189,251],[189,469],[298,465],[298,405],[298,251],[298,469],[320,465],[320,405],[320,251],[320,469],[287,465],[287,405],[287,251],[287,469]]",2024-12-19T22:42:15.688776298Z,"[189,298,320,287]",2024-12-19T22:42:15.688776298Z,"{""contextSize"":4,""contextStructure"":""comp-within"",""feedbackDuration"":3,""maxTimeout"":3,""numRepetitionsWithPartner"":4,""playerCount"":2,""selectionDuration"":60,""showNegativeFeedback"":1}",2024-12-19T22:16:29.017418607Z,full-comp-within,2024-12-19T22:16:29.017418607Z
01JFGFWXRZTHZS7PZ2FD30KPK9,2,2024-12-19T22:34:53.454668652Z,01JFGFWXRF7SWH4R9JWCGX5AX9,2024-12-19T22:16:33.312242466Z,"[109,307,96,228]",2024-12-19T22:34:53.639475099Z,4,2024-12-19T22:34:53.473286488Z,comp-between,2024-12-19T22:34:53.473286488Z,true,2024-12-19T22:39:09.470935818Z,,,01JFGFWXSW12Z5S7GQW59WHRVY,2024-12-19T22:16:33.34452715Z,true,2024-12-19T22:34:53.639475099Z,01JFGGWWGBQ4AP15AJ1Y05CXHF,2024-12-19T22:34:00.592904338Z,3,2024-12-19T22:34:53.473286488Z,270,2024-12-19T22:34:53.473286488Z,63,2024-12-19T22:34:53.639475099Z,1,2024-12-19T22:34:53.473286488Z,null,2024-12-19T22:39:09.470935818Z,true,2024-12-19T22:34:53.454668652Z,true,2024-12-19T22:34:53.454668652Z,ended,2024-12-19T22:39:09.456967433Z,"[[59,109],[59,307],[59,96],[59,228],[390,109],[390,307],[390,96],[390,228],[302,109],[302,307],[302,96],[302,228],[312,109],[312,307],[312,96],[312,228]]",2024-12-19T22:34:53.639475099Z,"[59,390,302,312]",2024-12-19T22:34:53.639475099Z,"{""contextSize"":4,""contextStructure"":""comp-between"",""feedbackDuration"":3,""maxTimeout"":3,""numRepetitionsWithPartner"":4,""playerCount"":2,""selectionDuration"":60,""showNegativeFeedback"":1}",2024-12-19T22:16:33.312242466Z,full-comp-between,2024-12-19T22:16:33.312242466Z
01JFGH1XJMMHNGS75E6HMA7M0G,2,2024-12-19T22:38:41.449331973Z,01JFGH1XHKWJTME2X41MTMC6AZ,2024-12-19T22:36:45.524984096Z,"[298,195,242,344,118,370,359,248,59,4,337,307,321,355,191,417]",2024-12-19T22:38:50.799332284Z,4,2024-12-19T22:38:50.385628904Z,noncomp,2024-12-19T22:38:50.385628904Z,true,2024-12-19T23:03:48.062152561Z,end of game,2024-12-19T23:03:48.135877372Z,01JFGH1XPPPT84BWMCYTVSHNAC,2024-12-19T22:36:45.660135027Z,true,2024-12-19T22:38:50.799332284Z,01JFGH5BYX42P8CFB11010QVCD,2024-12-19T22:38:38.566441549Z,3,2024-12-19T22:38:50.385628904Z,180,2024-12-19T22:38:50.385628904Z,63,2024-12-19T22:38:50.799332284Z,1,2024-12-19T22:38:50.385628904Z,null,2024-12-19T23:03:48.062152561Z,true,2024-12-19T22:38:41.449331973Z,true,2024-12-19T22:38:41.449331973Z,ended,2024-12-19T23:03:48.135877372Z,"[[294,298],[65,195],[226,242],[43,344],[96,118],[406,370],[425,359],[238,248],[2,59],[266,4],[324,337],[401,307],[51,321],[392,355],[275,191],[332,417]]",2024-12-19T22:38:50.799332284Z,"[294,65,226,43,96,406,425,238,2,266,324,401,51,392,275,332]",2024-12-19T22:38:50.799332284Z,"{""contextSize"":4,""contextStructure"":""noncomp"",""feedbackDuration"":3,""maxTimeout"":3,""numRepetitionsWithPartner"":4,""playerCount"":2,""selectionDuration"":60,""showNegativeFeedback"":1}",2024-12-19T22:36:45.524984096Z,full-noncomp,2024-12-19T22:36:45.524984096Z
01JFGFWXS1CYQ8W1715TNGRP4P,2,2024-12-19T22:35:44.738761229Z,01JFGFWXRF7SWH4R9JWCGX5AX9,2024-12-19T22:16:33.31333365Z,"[309,150,49,145]",2024-12-19T22:35:44.989232302Z,4,2024-12-19T22:35:44.760776977Z,comp-within,2024-12-19T22:35:44.760776977Z,true,2024-12-19T22:40:12.717404877Z,,,01JFGFWXVD6P863CCZ7ENWKAEJ,2024-12-19T22:16:33.391943993Z,true,2024-12-19T22:35:44.989232302Z,01JFGGWFW12Q2ZSCRAM09GGH4V,2024-12-19T22:33:47.656665638Z,3,2024-12-19T22:35:44.760776977Z,180,2024-12-19T22:35:44.760776977Z,63,2024-12-19T22:35:44.989232302Z,1,2024-12-19T22:35:44.760776977Z,null,2024-12-19T22:40:12.717404877Z,true,2024-12-19T22:35:44.738761229Z,true,2024-12-19T22:35:44.738761229Z,ended,2024-12-19T22:40:12.703711299Z,"[[442,309],[442,150],[442,49],[442,145],[167,309],[167,150],[167,49],[167,145],[136,309],[136,150],[136,49],[136,145],[121,309],[121,150],[121,49],[121,145]]",2024-12-19T22:35:44.989232302Z,"[442,167,136,121]",2024-12-19T22:35:44.989232302Z,"{""contextSize"":4,""contextStructure"":""comp-within"",""feedbackDuration"":3,""maxTimeout"":3,""numRepetitionsWithPartner"":4,""playerCount"":2,""selectionDuration"":60,""showNegativeFeedback"":1}",2024-12-19T22:16:33.31333365Z,full-comp-within,2024-12-19T22:16:33.31333365Z
01JFGFX3DCBX4MM3SFDKPP8GS2,,,01JFGFX3CTBVWJ6FF2K00RRHNF,2024-12-19T22:16:39.084858198Z,,,,,,,false,2024-12-19T22:16:39.084858198Z,shared lobby timeout,2024-12-19T22:30:19.51898895Z,01JFGFX3FSZVCWXJ4DRQ3SY7J7,2024-12-19T22:16:39.164065033Z,,,01JFGGCZMK9HHZD4CN2TGAN6X0,2024-12-19T22:25:19.516559997Z,,,,,,,,,,,false,2024-12-19T22:16:39.084858198Z,,,failed,2024-12-19T22:30:19.51898895Z,,,,,"{""contextSize"":4,""contextStructure"":""comp-within"",""feedbackDuration"":3,""maxTimeout"":3,""numRepetitionsWithPartner"":4,""playerCount"":2,""selectionDuration"":60,""showNegativeFeedback"":1}",2024-12-19T22:16:39.084858198Z,full-comp-within,2024-12-19T22:16:39.084858198Z
01JFGFW0F27SHDS0SFHGM8CNDF,2,2024-12-19T22:37:34.586751118Z,01JFGFW0DVE7CVHWSRC197DM3P,2024-12-19T22:16:03.298438316Z,"[157,374,391,231]",2024-12-19T22:37:34.905279386Z,4,2024-12-19T22:37:34.613718281Z,comp-within,2024-12-19T22:37:34.613718281Z,true,2024-12-19T23:21:55.250361687Z,end of game,2024-12-19T23:21:55.339044192Z,01JFGFW0HMACZ6F50FGS5FD0E1,2024-12-19T22:16:03.385144529Z,true,2024-12-19T22:37:34.905279386Z,01JFGH1EDEWFW78DWAE8C1FWWV,2024-12-19T22:36:30.006539594Z,3,2024-12-19T22:37:34.613718281Z,270,2024-12-19T22:37:34.613718281Z,63,2024-12-19T22:37:34.905279386Z,1,2024-12-19T22:37:34.613718281Z,null,2024-12-19T23:21:55.250361687Z,true,2024-12-19T22:37:34.586751118Z,true,2024-12-19T22:37:34.586751118Z,ended,2024-12-19T23:21:55.339044192Z,"[[39,157],[39,374],[39,391],[39,231],[283,157],[283,374],[283,391],[283,231],[194,157],[194,374],[194,391],[194,231],[464,157],[464,374],[464,391],[464,231]]",2024-12-19T22:37:34.905279386Z,"[39,283,194,464]",2024-12-19T22:37:34.905279386Z,"{""contextSize"":4,""contextStructure"":""comp-within"",""feedbackDuration"":3,""maxTimeout"":3,""numRepetitionsWithPartner"":4,""playerCount"":2,""selectionDuration"":60,""showNegativeFeedback"":1}",2024-12-19T22:16:03.298438316Z,full-comp-within,2024-12-19T22:16:03.298438316Z
