id,actualPlayerCount,actualPlayerCountLastChangedAt,batchID,batchIDLastChangedAt,bottomTangrams,bottomTangramsLastChangedAt,contextSize,contextSizeLastChangedAt,contextStructure,contextStructureLastChangedAt,ended,endedLastChangedAt,endedInactive,endedInactiveLastChangedAt,endedReason,endedReasonLastChangedAt,groupID,groupIDLastChangedAt,justStarted,justStartedLastChangedAt,maxTimeout,maxTimeoutLastChangedAt,numRoundsInactive,numRoundsInactiveLastChangedAt,rotation,rotationLastChangedAt,roundIndex,roundIndexLastChangedAt,showNegativeFeedback,showNegativeFeedbackLastChangedAt,stageID,stageIDLastChangedAt,start,startLastChangedAt,starting,startingLastChangedAt,status,statusLastChangedAt,targets,targetsLastChangedAt,topTangrams,topTangramsLastChangedAt,treatment,treatmentLastChangedAt,treatmentName,treatmentNameLastChangedAt
01JJDM7DBGCQEWJEAMJVWB1868,2,2025-01-25T02:25:16.033048669Z,01JJDM7D8H4E7Y09K3JDYQV8E9,2025-01-25T02:21:33.424091317Z,"[115,297,19,96]",2025-01-25T02:26:09.654289965Z,4,2025-01-25T02:26:07.824375185Z,comp-within,2025-01-25T02:26:07.824375185Z,true,2025-01-25T02:57:19.88772127Z,false,2025-01-25T02:26:07.824375185Z,end of game,2025-01-25T02:57:19.981323391Z,01JJDM7DFB03MKBM4180TSFXV3,2025-01-25T02:21:33.551838512Z,false,2025-01-25T02:27:18.661336481Z,5,2025-01-25T02:26:07.824375185Z,0,2025-01-25T02:26:07.824375185Z,90,2025-01-25T02:26:07.824375185Z,63,2025-01-25T02:26:09.654289965Z,1,2025-01-25T02:26:07.824375185Z,null,2025-01-25T02:57:19.88772127Z,true,2025-01-25T02:25:16.033048669Z,true,2025-01-25T02:25:16.033048669Z,ended,2025-01-25T02:57:19.981323391Z,"[[444,115],[444,297],[444,19],[444,96],[45,115],[45,297],[45,19],[45,96],[391,115],[391,297],[391,19],[391,96],[101,115],[101,297],[101,19],[101,96]]",2025-01-25T02:26:09.654289965Z,"[444,45,391,101]",2025-01-25T02:26:09.654289965Z,"{""contextSize"":4,""contextStructure"":""comp-within"",""feedbackDuration"":3,""maxTimeout"":5,""numRepetitionsWithPartner"":4,""playerCount"":2,""selectionDuration"":60,""showNegativeFeedback"":1}",2025-01-25T02:21:33.424091317Z,full-comp-within,2025-01-25T02:21:33.424091317Z
01JJDM7FQ5SADKDZ3YJ9DAD112,2,2025-01-25T02:28:50.680000741Z,01JJDM7FMKKDEZPMB1NYH3ZYXN,2025-01-25T02:21:35.845635535Z,"[51,185,468,351]",2025-01-25T02:28:52.716338843Z,4,2025-01-25T02:28:50.831544332Z,comp-within,2025-01-25T02:28:50.831544332Z,true,2025-01-25T02:57:11.427990508Z,false,2025-01-25T02:28:50.831544332Z,end of game,2025-01-25T02:57:11.537114654Z,01JJDM7FV3BJ6DHA49KK8FS2VK,2025-01-25T02:21:35.975046347Z,false,2025-01-25T02:29:30.379879272Z,5,2025-01-25T02:28:50.831544332Z,0,2025-01-25T02:28:50.831544332Z,270,2025-01-25T02:28:50.831544332Z,63,2025-01-25T02:28:52.716338843Z,1,2025-01-25T02:28:50.831544332Z,null,2025-01-25T02:57:11.427990508Z,true,2025-01-25T02:28:50.680000741Z,true,2025-01-25T02:28:50.680000741Z,ended,2025-01-25T02:57:11.537114654Z,"[[83,51],[83,185],[83,468],[83,351],[254,51],[254,185],[254,468],[254,351],[158,51],[158,185],[158,468],[158,351],[228,51],[228,185],[228,468],[228,351]]",2025-01-25T02:28:52.716338843Z,"[83,254,158,228]",2025-01-25T02:28:52.716338843Z,"{""contextSize"":4,""contextStructure"":""comp-within"",""feedbackDuration"":3,""maxTimeout"":5,""numRepetitionsWithPartner"":4,""playerCount"":2,""selectionDuration"":60,""showNegativeFeedback"":1}",2025-01-25T02:21:35.845635535Z,full-comp-within,2025-01-25T02:21:35.845635535Z
01JJDD689KMSWYFSHHY24M4WSQ,2,2025-01-25T00:23:30.893450375Z,01JJDD68970FT9YN3DXBM26QHK,2025-01-25T00:18:35.443357481Z,"[365,39,73,385]",2025-01-25T00:23:31.046017832Z,4,2025-01-25T00:23:30.908421155Z,comp-within,2025-01-25T00:23:30.908421155Z,true,2025-01-25T00:28:50.662344988Z,true,2025-01-25T00:28:50.657054547Z,timeOut,2025-01-25T00:28:50.657054547Z,01JJDD68A1PB5S5Y8R8SDKPV27,2025-01-25T00:18:35.460370208Z,false,2025-01-25T00:23:33.131385801Z,5,2025-01-25T00:23:30.908421155Z,5,2025-01-25T00:28:50.657054547Z,90,2025-01-25T00:23:30.908421155Z,63,2025-01-25T00:23:31.046017832Z,1,2025-01-25T00:23:30.908421155Z,null,2025-01-25T00:28:50.662344988Z,true,2025-01-25T00:23:30.893450375Z,true,2025-01-25T00:23:30.893450375Z,ended,2025-01-25T00:28:50.657054547Z,"[[307,365],[307,39],[307,73],[307,385],[346,365],[346,39],[346,73],[346,385],[50,365],[50,39],[50,73],[50,385],[373,365],[373,39],[373,73],[373,385]]",2025-01-25T00:23:31.046017832Z,"[307,346,50,373]",2025-01-25T00:23:31.046017832Z,"{""contextSize"":4,""contextStructure"":""comp-within"",""feedbackDuration"":3,""maxTimeout"":5,""numRepetitionsWithPartner"":4,""playerCount"":2,""selectionDuration"":60,""showNegativeFeedback"":1}",2025-01-25T00:18:35.443357481Z,full-comp-within,2025-01-25T00:18:35.443357481Z
01JJDD6CNT8W2J6YY6R2M18RJP,2,2025-01-25T00:30:04.663726135Z,01JJDD6CNNKS9N5ND9ZB50TMMK,2025-01-25T00:18:39.930074041Z,"[233,87,169,156]",2025-01-25T00:30:04.947336594Z,4,2025-01-25T00:30:04.69753046Z,comp-within,2025-01-25T00:30:04.69753046Z,true,2025-01-25T01:01:36.706805229Z,false,2025-01-25T00:30:04.69753046Z,end of game,2025-01-25T01:01:36.744339236Z,01JJDD6CP2W1S5FC0E1E67A2KZ,2025-01-25T00:18:39.939593146Z,false,2025-01-25T00:30:10.367547678Z,5,2025-01-25T00:30:04.69753046Z,0,2025-01-25T00:30:04.69753046Z,270,2025-01-25T00:30:04.69753046Z,63,2025-01-25T00:30:04.947336594Z,1,2025-01-25T00:30:04.69753046Z,null,2025-01-25T01:01:36.706805229Z,true,2025-01-25T00:30:04.663726135Z,true,2025-01-25T00:30:04.663726135Z,ended,2025-01-25T01:01:36.744339236Z,"[[9,233],[9,87],[9,169],[9,156],[146,233],[146,87],[146,169],[146,156],[229,233],[229,87],[229,169],[229,156],[423,233],[423,87],[423,169],[423,156]]",2025-01-25T00:30:04.947336594Z,"[9,146,229,423]",2025-01-25T00:30:04.947336594Z,"{""contextSize"":4,""contextStructure"":""comp-within"",""feedbackDuration"":3,""maxTimeout"":5,""numRepetitionsWithPartner"":4,""playerCount"":2,""selectionDuration"":60,""showNegativeFeedback"":1}",2025-01-25T00:18:39.930074041Z,full-comp-within,2025-01-25T00:18:39.930074041Z
01JJDD6DA6DRJ45K7S84JWH4VX,2,2025-01-25T00:30:52.767477691Z,01JJDD6DA1JZEBG7TJYT18F1J4,2025-01-25T00:18:40.582550727Z,"[413,312,55,7]",2025-01-25T00:30:53.101007688Z,4,2025-01-25T00:30:52.797738904Z,comp-within,2025-01-25T00:30:52.797738904Z,true,2025-01-25T01:03:16.649979756Z,false,2025-01-25T00:30:52.797738904Z,end of game,2025-01-25T01:03:16.693612967Z,01JJDD6DAFZP9T5C03D945CJ58,2025-01-25T00:18:40.592390292Z,false,2025-01-25T00:30:59.639176871Z,5,2025-01-25T00:30:52.797738904Z,0,2025-01-25T00:30:52.797738904Z,0,2025-01-25T00:30:52.797738904Z,63,2025-01-25T00:30:53.101007688Z,1,2025-01-25T00:30:52.797738904Z,null,2025-01-25T01:03:16.649979756Z,true,2025-01-25T00:30:52.767477691Z,true,2025-01-25T00:30:52.767477691Z,ended,2025-01-25T01:03:16.693612967Z,"[[48,413],[48,312],[48,55],[48,7],[131,413],[131,312],[131,55],[131,7],[37,413],[37,312],[37,55],[37,7],[167,413],[167,312],[167,55],[167,7]]",2025-01-25T00:30:53.101007688Z,"[48,131,37,167]",2025-01-25T00:30:53.101007688Z,"{""contextSize"":4,""contextStructure"":""comp-within"",""feedbackDuration"":3,""maxTimeout"":5,""numRepetitionsWithPartner"":4,""playerCount"":2,""selectionDuration"":60,""showNegativeFeedback"":1}",2025-01-25T00:18:40.582550727Z,full-comp-within,2025-01-25T00:18:40.582550727Z
01JJDD6DNS0QGTAJVQS911XCJ8,2,2025-01-25T00:33:41.894790347Z,01JJDD6DNJXXQJ6MVNR2APR9Z4,2025-01-25T00:18:40.953099095Z,"[336,334,102,344]",2025-01-25T00:33:42.348948949Z,4,2025-01-25T00:33:41.929925203Z,comp-within,2025-01-25T00:33:41.929925203Z,true,2025-01-25T01:25:02.488195891Z,false,2025-01-25T00:33:41.929925203Z,end of game,2025-01-25T01:25:02.529352625Z,01JJDD6DP17JF7XHAP92405DG9,2025-01-25T00:18:40.963105005Z,false,2025-01-25T00:33:51.368382231Z,5,2025-01-25T00:33:41.929925203Z,0,2025-01-25T00:59:14.547112417Z,180,2025-01-25T00:33:41.929925203Z,63,2025-01-25T00:33:42.348948949Z,1,2025-01-25T00:33:41.929925203Z,null,2025-01-25T01:25:02.488195891Z,true,2025-01-25T00:33:41.894790347Z,true,2025-01-25T00:33:41.894790347Z,ended,2025-01-25T01:25:02.529352625Z,"[[355,336],[355,334],[355,102],[355,344],[443,336],[443,334],[443,102],[443,344],[298,336],[298,334],[298,102],[298,344],[32,336],[32,334],[32,102],[32,344]]",2025-01-25T00:33:42.348948949Z,"[355,443,298,32]",2025-01-25T00:33:42.348948949Z,"{""contextSize"":4,""contextStructure"":""comp-within"",""feedbackDuration"":3,""maxTimeout"":5,""numRepetitionsWithPartner"":4,""playerCount"":2,""selectionDuration"":60,""showNegativeFeedback"":1}",2025-01-25T00:18:40.953099095Z,full-comp-within,2025-01-25T00:18:40.953099095Z
01JJDD6EB73JK1E6C9J3PP0WM4,2,2025-01-25T00:36:03.25628204Z,01JJDD6EB1C05755V9AGF5FHA2,2025-01-25T00:18:41.63906091Z,"[128,384,46,274]",2025-01-25T00:36:03.951886777Z,4,2025-01-25T00:36:03.456844179Z,comp-within,2025-01-25T00:36:03.456844179Z,true,2025-01-25T01:18:00.672798125Z,false,2025-01-25T00:36:03.456844179Z,end of game,2025-01-25T01:18:00.711262291Z,01JJDD6EBDAG26RTYVJSHV22T8,2025-01-25T00:18:41.646729194Z,false,2025-01-25T00:36:15.220345038Z,5,2025-01-25T00:36:03.456844179Z,0,2025-01-25T00:57:03.34049867Z,270,2025-01-25T00:36:03.456844179Z,63,2025-01-25T00:36:03.951886777Z,1,2025-01-25T00:36:03.456844179Z,null,2025-01-25T01:18:00.672798125Z,true,2025-01-25T00:36:03.25628204Z,true,2025-01-25T00:36:03.25628204Z,ended,2025-01-25T01:18:00.711262291Z,"[[449,128],[449,384],[449,46],[449,274],[93,128],[93,384],[93,46],[93,274],[215,128],[215,384],[215,46],[215,274],[268,128],[268,384],[268,46],[268,274]]",2025-01-25T00:36:03.951886777Z,"[449,93,215,268]",2025-01-25T00:36:03.951886777Z,"{""contextSize"":4,""contextStructure"":""comp-within"",""feedbackDuration"":3,""maxTimeout"":5,""numRepetitionsWithPartner"":4,""playerCount"":2,""selectionDuration"":60,""showNegativeFeedback"":1}",2025-01-25T00:18:41.63906091Z,full-comp-within,2025-01-25T00:18:41.63906091Z
01JJDD6F0G1GTERWEJKPK5DYMZ,2,2025-01-25T02:24:30.17995275Z,01JJDD6F0B8EE8VEJQ9MQBWXD1,2025-01-25T00:18:42.320088415Z,"[63,9,205,138]",2025-01-25T02:24:31.92753856Z,4,2025-01-25T02:24:30.314508019Z,comp-within,2025-01-25T02:24:30.314508019Z,true,2025-01-25T03:01:34.711770829Z,false,2025-01-25T02:24:30.314508019Z,end of game,2025-01-25T03:01:34.794012416Z,01JJDD6F0RTV19XDFGXP193SPN,2025-01-25T00:18:42.32986933Z,false,2025-01-25T02:26:07.879986416Z,5,2025-01-25T02:24:30.314508019Z,0,2025-01-25T02:24:30.314508019Z,270,2025-01-25T02:24:30.314508019Z,63,2025-01-25T02:24:31.92753856Z,1,2025-01-25T02:24:30.314508019Z,null,2025-01-25T03:01:34.711770829Z,true,2025-01-25T02:24:30.17995275Z,true,2025-01-25T02:24:30.17995275Z,ended,2025-01-25T03:01:34.794012416Z,"[[370,63],[370,9],[370,205],[370,138],[226,63],[226,9],[226,205],[226,138],[373,63],[373,9],[373,205],[373,138],[366,63],[366,9],[366,205],[366,138]]",2025-01-25T02:24:31.92753856Z,"[370,226,373,366]",2025-01-25T02:24:31.92753856Z,"{""contextSize"":4,""contextStructure"":""comp-within"",""feedbackDuration"":3,""maxTimeout"":5,""numRepetitionsWithPartner"":4,""playerCount"":2,""selectionDuration"":60,""showNegativeFeedback"":1}",2025-01-25T00:18:42.320088415Z,full-comp-within,2025-01-25T00:18:42.320088415Z
01JJDM7GWNXX1ZTS3DTTVBRVED,2,2025-01-25T02:34:31.993610617Z,01JJDM7GTT519TKKRE9N1HTFRM,2025-01-25T02:21:37.045330575Z,"[6,291,212,437]",2025-01-25T02:34:34.333657249Z,4,2025-01-25T02:34:32.164464435Z,comp-within,2025-01-25T02:34:32.164464435Z,true,2025-01-25T03:04:49.99114217Z,false,2025-01-25T02:34:32.164464435Z,end of game,2025-01-25T03:04:50.075405382Z,01JJDM7H1EPJESFNZKFY85Z468,2025-01-25T02:21:37.200880281Z,false,2025-01-25T02:35:17.456941778Z,5,2025-01-25T02:34:32.164464435Z,0,2025-01-25T02:52:21.220503371Z,90,2025-01-25T02:34:32.164464435Z,63,2025-01-25T02:34:34.333657249Z,1,2025-01-25T02:34:32.164464435Z,null,2025-01-25T03:04:49.99114217Z,true,2025-01-25T02:34:31.993610617Z,true,2025-01-25T02:34:31.993610617Z,ended,2025-01-25T03:04:50.075405382Z,"[[26,6],[26,291],[26,212],[26,437],[154,6],[154,291],[154,212],[154,437],[122,6],[122,291],[122,212],[122,437],[265,6],[265,291],[265,212],[265,437]]",2025-01-25T02:34:34.333657249Z,"[26,154,122,265]",2025-01-25T02:34:34.333657249Z,"{""contextSize"":4,""contextStructure"":""comp-within"",""feedbackDuration"":3,""maxTimeout"":5,""numRepetitionsWithPartner"":4,""playerCount"":2,""selectionDuration"":60,""showNegativeFeedback"":1}",2025-01-25T02:21:37.045330575Z,full-comp-within,2025-01-25T02:21:37.045330575Z
01JJDD6B5DAR9W30S14WJF0QP2,2,2025-01-25T00:26:04.102716366Z,01JJDD6B586S625RE07GG74QGT,2025-01-25T00:18:38.381797149Z,"[34,207,180,391]",2025-01-25T00:26:04.238739768Z,4,2025-01-25T00:26:04.119874833Z,comp-within,2025-01-25T00:26:04.119874833Z,true,2025-01-25T01:03:12.966379301Z,false,2025-01-25T00:26:04.119874833Z,end of game,2025-01-25T01:03:13.004520342Z,01JJDD6B5QP01ZDAQ6GVECEYRG,2025-01-25T00:18:38.392481585Z,false,2025-01-25T00:26:06.291334088Z,5,2025-01-25T00:26:04.119874833Z,0,2025-01-25T00:33:34.678118678Z,0,2025-01-25T00:26:04.119874833Z,63,2025-01-25T00:26:04.238739768Z,1,2025-01-25T00:26:04.119874833Z,null,2025-01-25T01:03:12.966379301Z,true,2025-01-25T00:26:04.102716366Z,true,2025-01-25T00:26:04.102716366Z,ended,2025-01-25T01:03:13.004520342Z,"[[63,34],[63,207],[63,180],[63,391],[457,34],[457,207],[457,180],[457,391],[84,34],[84,207],[84,180],[84,391],[384,34],[384,207],[384,180],[384,391]]",2025-01-25T00:26:04.238739768Z,"[63,457,84,384]",2025-01-25T00:26:04.238739768Z,"{""contextSize"":4,""contextStructure"":""comp-within"",""feedbackDuration"":3,""maxTimeout"":5,""numRepetitionsWithPartner"":4,""playerCount"":2,""selectionDuration"":60,""showNegativeFeedback"":1}",2025-01-25T00:18:38.381797149Z,full-comp-within,2025-01-25T00:18:38.381797149Z
01JJDD6D0F4HMEHHNJ5TPZBQY4,2,2025-01-25T00:30:44.355471747Z,01JJDD6D0AVW9D2QY7SXMWZ6WB,2025-01-25T00:18:40.271156181Z,"[293,186,86,314]",2025-01-25T00:30:44.634734601Z,4,2025-01-25T00:30:44.382370563Z,comp-within,2025-01-25T00:30:44.382370563Z,true,2025-01-25T00:55:38.916330686Z,false,2025-01-25T00:30:44.382370563Z,end of game,2025-01-25T00:55:38.950998719Z,01JJDD6D0R6RECN3XD1RWMKHS0,2025-01-25T00:18:40.281254487Z,false,2025-01-25T00:30:50.748788752Z,5,2025-01-25T00:30:44.382370563Z,0,2025-01-25T00:30:44.382370563Z,0,2025-01-25T00:30:44.382370563Z,63,2025-01-25T00:30:44.634734601Z,1,2025-01-25T00:30:44.382370563Z,null,2025-01-25T00:55:38.916330686Z,true,2025-01-25T00:30:44.355471747Z,true,2025-01-25T00:30:44.355471747Z,ended,2025-01-25T00:55:38.950998719Z,"[[336,293],[336,186],[336,86],[336,314],[374,293],[374,186],[374,86],[374,314],[300,293],[300,186],[300,86],[300,314],[53,293],[53,186],[53,86],[53,314]]",2025-01-25T00:30:44.634734601Z,"[336,374,300,53]",2025-01-25T00:30:44.634734601Z,"{""contextSize"":4,""contextStructure"":""comp-within"",""feedbackDuration"":3,""maxTimeout"":5,""numRepetitionsWithPartner"":4,""playerCount"":2,""selectionDuration"":60,""showNegativeFeedback"":1}",2025-01-25T00:18:40.271156181Z,full-comp-within,2025-01-25T00:18:40.271156181Z
01JJDD6E1B6XNQS5X4TJFN8E9M,2,2025-01-25T00:35:53.175548921Z,01JJDD6E16905VQXMERBDWH8TS,2025-01-25T00:18:41.323381495Z,"[289,137,189,12]",2025-01-25T00:35:53.739203909Z,4,2025-01-25T00:35:53.2209291Z,comp-within,2025-01-25T00:35:53.2209291Z,true,2025-01-25T00:59:41.400365482Z,true,2025-01-25T00:59:41.383457852Z,timeOut,2025-01-25T00:59:41.383457852Z,01JJDD6E1JRY8RDGBMFQ36F12N,2025-01-25T00:18:41.331877179Z,false,2025-01-25T00:36:06.650008678Z,5,2025-01-25T00:35:53.2209291Z,5,2025-01-25T00:59:41.383457852Z,90,2025-01-25T00:35:53.2209291Z,63,2025-01-25T00:35:53.739203909Z,1,2025-01-25T00:35:53.2209291Z,null,2025-01-25T00:59:41.400365482Z,true,2025-01-25T00:35:53.175548921Z,true,2025-01-25T00:35:53.175548921Z,ended,2025-01-25T00:59:41.383457852Z,"[[274,289],[274,137],[274,189],[274,12],[311,289],[311,137],[311,189],[311,12],[280,289],[280,137],[280,189],[280,12],[34,289],[34,137],[34,189],[34,12]]",2025-01-25T00:35:53.739203909Z,"[274,311,280,34]",2025-01-25T00:35:53.739203909Z,"{""contextSize"":4,""contextStructure"":""comp-within"",""feedbackDuration"":3,""maxTimeout"":5,""numRepetitionsWithPartner"":4,""playerCount"":2,""selectionDuration"":60,""showNegativeFeedback"":1}",2025-01-25T00:18:41.323381495Z,full-comp-within,2025-01-25T00:18:41.323381495Z
01JJDM763W3YEE7ESFW87T4WZ5,2,2025-01-25T02:24:37.147231247Z,01JJDM761HPYC3AVWKB74WBDCT,2025-01-25T02:21:26.012222316Z,"[109,469,20,62]",2025-01-25T02:25:03.210196934Z,4,2025-01-25T02:25:01.530097809Z,comp-within,2025-01-25T02:25:01.530097809Z,true,2025-01-25T02:33:25.652213139Z,true,2025-01-25T02:33:25.618907852Z,timeOut,2025-01-25T02:33:25.618907852Z,01JJDM7673XMCKYZEQZSZB7MHR,2025-01-25T02:21:26.116654015Z,true,2025-01-25T02:25:03.210196934Z,5,2025-01-25T02:25:01.530097809Z,5,2025-01-25T02:33:25.618907852Z,0,2025-01-25T02:25:01.530097809Z,63,2025-01-25T02:25:03.210196934Z,1,2025-01-25T02:25:01.530097809Z,null,2025-01-25T02:33:25.652213139Z,true,2025-01-25T02:24:37.147231247Z,true,2025-01-25T02:24:37.147231247Z,ended,2025-01-25T02:33:25.618907852Z,"[[46,109],[46,469],[46,20],[46,62],[210,109],[210,469],[210,20],[210,62],[86,109],[86,469],[86,20],[86,62],[42,109],[42,469],[42,20],[42,62]]",2025-01-25T02:25:03.210196934Z,"[46,210,86,42]",2025-01-25T02:25:03.210196934Z,"{""contextSize"":4,""contextStructure"":""comp-within"",""feedbackDuration"":3,""maxTimeout"":5,""numRepetitionsWithPartner"":4,""playerCount"":2,""selectionDuration"":60,""showNegativeFeedback"":1}",2025-01-25T02:21:26.012222316Z,full-comp-within,2025-01-25T02:21:26.012222316Z
01JJDM7DTFPQR6VA2ZS3KH7NM0,2,2025-01-25T02:26:15.332223643Z,01JJDM7DR6R4A68S9NA82MAJM8,2025-01-25T02:21:33.903251481Z,"[134,2,384,14]",2025-01-25T02:26:44.302111291Z,4,2025-01-25T02:26:42.581671123Z,comp-within,2025-01-25T02:26:42.581671123Z,true,2025-01-25T02:58:37.02944877Z,false,2025-01-25T02:26:42.581671123Z,end of game,2025-01-25T02:58:37.212538135Z,01JJDM7DY19DXDZK0NH2XB65Z9,2025-01-25T02:21:34.021948095Z,false,2025-01-25T02:27:19.106606785Z,5,2025-01-25T02:26:42.581671123Z,0,2025-01-25T02:26:42.581671123Z,180,2025-01-25T02:26:42.581671123Z,63,2025-01-25T02:26:44.302111291Z,1,2025-01-25T02:26:42.581671123Z,null,2025-01-25T02:58:37.02944877Z,true,2025-01-25T02:26:15.332223643Z,true,2025-01-25T02:26:15.332223643Z,ended,2025-01-25T02:58:37.212538135Z,"[[127,134],[127,2],[127,384],[127,14],[339,134],[339,2],[339,384],[339,14],[399,134],[399,2],[399,384],[399,14],[12,134],[12,2],[12,384],[12,14]]",2025-01-25T02:26:44.302111291Z,"[127,339,399,12]",2025-01-25T02:26:44.302111291Z,"{""contextSize"":4,""contextStructure"":""comp-within"",""feedbackDuration"":3,""maxTimeout"":5,""numRepetitionsWithPartner"":4,""playerCount"":2,""selectionDuration"":60,""showNegativeFeedback"":1}",2025-01-25T02:21:33.903251481Z,full-comp-within,2025-01-25T02:21:33.903251481Z
01JJDM7G3Y38RZBAP4XFVN8DW5,2,2025-01-25T02:30:35.004271271Z,01JJDM7G1PHWXFD8ZN4ANT83NM,2025-01-25T02:21:36.254322872Z,"[116,198,448,87]",2025-01-25T02:30:37.268639104Z,4,2025-01-25T02:30:35.28638079Z,comp-within,2025-01-25T02:30:35.28638079Z,true,2025-01-25T02:36:35.38364145Z,true,2025-01-25T02:36:35.347149969Z,timeOut,2025-01-25T02:36:35.347149969Z,01JJDM7G7XWD2GQMK9T9RVC46R,2025-01-25T02:21:36.385672917Z,false,2025-01-25T02:31:16.923408585Z,5,2025-01-25T02:30:35.28638079Z,5,2025-01-25T02:36:35.347149969Z,0,2025-01-25T02:30:35.28638079Z,63,2025-01-25T02:30:37.268639104Z,1,2025-01-25T02:30:35.28638079Z,null,2025-01-25T02:36:35.38364145Z,true,2025-01-25T02:30:35.004271271Z,true,2025-01-25T02:30:35.004271271Z,ended,2025-01-25T02:36:35.347149969Z,"[[157,116],[157,198],[157,448],[157,87],[453,116],[453,198],[453,448],[453,87],[95,116],[95,198],[95,448],[95,87],[101,116],[101,198],[101,448],[101,87]]",2025-01-25T02:30:37.268639104Z,"[157,453,95,101]",2025-01-25T02:30:37.268639104Z,"{""contextSize"":4,""contextStructure"":""comp-within"",""feedbackDuration"":3,""maxTimeout"":5,""numRepetitionsWithPartner"":4,""playerCount"":2,""selectionDuration"":60,""showNegativeFeedback"":1}",2025-01-25T02:21:36.254322872Z,full-comp-within,2025-01-25T02:21:36.254322872Z
01JJDM7GG6QTYD54VC13FW0P05,2,2025-01-25T02:32:28.079351591Z,01JJDM7GDWW6JHFQXE0Z0ZAEA3,2025-01-25T02:21:36.646961695Z,"[206,145,36,90]",2025-01-25T02:32:30.433042629Z,4,2025-01-25T02:32:28.287638609Z,comp-within,2025-01-25T02:32:28.287638609Z,true,2025-01-25T02:40:38.920129257Z,true,2025-01-25T02:40:38.879681881Z,timeOut,2025-01-25T02:40:38.879681881Z,01JJDM7GMAX9RYPSNKZY6FPHQ2,2025-01-25T02:21:36.780070725Z,false,2025-01-25T02:33:10.945718224Z,5,2025-01-25T02:32:28.287638609Z,5,2025-01-25T02:40:38.879681881Z,270,2025-01-25T02:32:28.287638609Z,63,2025-01-25T02:32:30.433042629Z,1,2025-01-25T02:32:28.287638609Z,null,2025-01-25T02:40:38.920129257Z,true,2025-01-25T02:32:28.079351591Z,true,2025-01-25T02:32:28.079351591Z,ended,2025-01-25T02:40:38.879681881Z,"[[171,206],[171,145],[171,36],[171,90],[8,206],[8,145],[8,36],[8,90],[303,206],[303,145],[303,36],[303,90],[399,206],[399,145],[399,36],[399,90]]",2025-01-25T02:32:30.433042629Z,"[171,8,303,399]",2025-01-25T02:32:30.433042629Z,"{""contextSize"":4,""contextStructure"":""comp-within"",""feedbackDuration"":3,""maxTimeout"":5,""numRepetitionsWithPartner"":4,""playerCount"":2,""selectionDuration"":60,""showNegativeFeedback"":1}",2025-01-25T02:21:36.646961695Z,full-comp-within,2025-01-25T02:21:36.646961695Z
01JJDD69PT2V6AVP7B1EMTT4MC,2,2025-01-25T00:25:15.873444697Z,01JJDD69PJ3QHZY1X7GGXJEYVQ,2025-01-25T00:18:36.890751237Z,"[432,171,48,41]",2025-01-25T00:25:15.98836976Z,4,2025-01-25T00:25:15.888956164Z,comp-within,2025-01-25T00:25:15.888956164Z,true,2025-01-25T00:45:08.952199404Z,false,2025-01-25T00:25:15.888956164Z,end of game,2025-01-25T00:45:08.982725242Z,01JJDD69Q6WSJDK7SYESZXH777,2025-01-25T00:18:36.903768833Z,false,2025-01-25T00:25:18.002181869Z,5,2025-01-25T00:25:15.888956164Z,0,2025-01-25T00:25:15.888956164Z,180,2025-01-25T00:25:15.888956164Z,63,2025-01-25T00:25:15.98836976Z,1,2025-01-25T00:25:15.888956164Z,null,2025-01-25T00:45:08.952199404Z,true,2025-01-25T00:25:15.873444697Z,true,2025-01-25T00:25:15.873444697Z,ended,2025-01-25T00:45:08.982725242Z,"[[321,432],[321,171],[321,48],[321,41],[328,432],[328,171],[328,48],[328,41],[201,432],[201,171],[201,48],[201,41],[32,432],[32,171],[32,48],[32,41]]",2025-01-25T00:25:15.98836976Z,"[321,328,201,32]",2025-01-25T00:25:15.98836976Z,"{""contextSize"":4,""contextStructure"":""comp-within"",""feedbackDuration"":3,""maxTimeout"":5,""numRepetitionsWithPartner"":4,""playerCount"":2,""selectionDuration"":60,""showNegativeFeedback"":1}",2025-01-25T00:18:36.890751237Z,full-comp-within,2025-01-25T00:18:36.890751237Z
01JJDD6AAFJV0TSJDYR2E433Z5,2,2025-01-25T00:25:35.782459449Z,01JJDD6AA9E7VN1EQ4WD6Z1EJY,2025-01-25T00:18:37.519456964Z,"[40,117,348,415]",2025-01-25T00:25:35.915258927Z,4,2025-01-25T00:25:35.798230859Z,comp-within,2025-01-25T00:25:35.798230859Z,true,2025-01-25T00:59:18.471058997Z,false,2025-01-25T00:25:35.798230859Z,end of game,2025-01-25T00:59:18.512204752Z,01JJDD6AAQQFJZP4VG0H1V9CYF,2025-01-25T00:18:37.528972123Z,false,2025-01-25T00:25:38.217599766Z,5,2025-01-25T00:25:35.798230859Z,0,2025-01-25T00:25:35.798230859Z,90,2025-01-25T00:25:35.798230859Z,63,2025-01-25T00:25:35.915258927Z,1,2025-01-25T00:25:35.798230859Z,null,2025-01-25T00:59:18.471058997Z,true,2025-01-25T00:25:35.782459449Z,true,2025-01-25T00:25:35.782459449Z,ended,2025-01-25T00:59:18.512204752Z,"[[220,40],[220,117],[220,348],[220,415],[82,40],[82,117],[82,348],[82,415],[336,40],[336,117],[336,348],[336,415],[141,40],[141,117],[141,348],[141,415]]",2025-01-25T00:25:35.915258927Z,"[220,82,336,141]",2025-01-25T00:25:35.915258927Z,"{""contextSize"":4,""contextStructure"":""comp-within"",""feedbackDuration"":3,""maxTimeout"":5,""numRepetitionsWithPartner"":4,""playerCount"":2,""selectionDuration"":60,""showNegativeFeedback"":1}",2025-01-25T00:18:37.519456964Z,full-comp-within,2025-01-25T00:18:37.519456964Z
01JJDD6C25FJQTG632QE76BE5T,2,2025-01-25T00:28:32.826334113Z,01JJDD6C20958SRT7DHSMXED50,2025-01-25T00:18:39.30174381Z,"[282,89,463,362]",2025-01-25T00:28:33.021745656Z,4,2025-01-25T00:28:32.848813657Z,comp-within,2025-01-25T00:28:32.848813657Z,true,2025-01-25T01:08:55.460975079Z,false,2025-01-25T00:28:32.848813657Z,end of game,2025-01-25T01:08:55.503048692Z,01JJDD6C2C1R6W2VDCCYEKX9J1,2025-01-25T00:18:39.309595708Z,false,2025-01-25T00:28:37.025350816Z,5,2025-01-25T00:28:32.848813657Z,0,2025-01-25T00:31:40.098886976Z,90,2025-01-25T00:28:32.848813657Z,63,2025-01-25T00:28:33.021745656Z,1,2025-01-25T00:28:32.848813657Z,null,2025-01-25T01:08:55.460975079Z,true,2025-01-25T00:28:32.826334113Z,true,2025-01-25T00:28:32.826334113Z,ended,2025-01-25T01:08:55.503048692Z,"[[333,282],[333,89],[333,463],[333,362],[468,282],[468,89],[468,463],[468,362],[446,282],[446,89],[446,463],[446,362],[54,282],[54,89],[54,463],[54,362]]",2025-01-25T00:28:33.021745656Z,"[333,468,446,54]",2025-01-25T00:28:33.021745656Z,"{""contextSize"":4,""contextStructure"":""comp-within"",""feedbackDuration"":3,""maxTimeout"":5,""numRepetitionsWithPartner"":4,""playerCount"":2,""selectionDuration"":60,""showNegativeFeedback"":1}",2025-01-25T00:18:39.30174381Z,full-comp-within,2025-01-25T00:18:39.30174381Z
01JJDD6CC7CV2PGGC26FYD5YWQ,2,2025-01-25T00:28:57.133289417Z,01JJDD6CC3XFK6ERV10T8D4HSM,2025-01-25T00:18:39.623632978Z,"[240,407,339,469]",2025-01-25T00:28:57.344214595Z,4,2025-01-25T00:28:57.154688901Z,comp-within,2025-01-25T00:28:57.154688901Z,true,2025-01-25T01:17:47.051510285Z,false,2025-01-25T00:28:57.154688901Z,end of game,2025-01-25T01:17:47.090605988Z,01JJDD6CCF9NS669KDY0JK9611,2025-01-25T00:18:39.632436638Z,false,2025-01-25T00:29:01.805614285Z,5,2025-01-25T00:28:57.154688901Z,0,2025-01-25T00:47:32.946001358Z,90,2025-01-25T00:28:57.154688901Z,63,2025-01-25T00:28:57.344214595Z,1,2025-01-25T00:28:57.154688901Z,null,2025-01-25T01:17:47.051510285Z,true,2025-01-25T00:28:57.133289417Z,true,2025-01-25T00:28:57.133289417Z,ended,2025-01-25T01:17:47.090605988Z,"[[118,240],[118,407],[118,339],[118,469],[303,240],[303,407],[303,339],[303,469],[302,240],[302,407],[302,339],[302,469],[231,240],[231,407],[231,339],[231,469]]",2025-01-25T00:28:57.344214595Z,"[118,303,302,231]",2025-01-25T00:28:57.344214595Z,"{""contextSize"":4,""contextStructure"":""comp-within"",""feedbackDuration"":3,""maxTimeout"":5,""numRepetitionsWithPartner"":4,""playerCount"":2,""selectionDuration"":60,""showNegativeFeedback"":1}",2025-01-25T00:18:39.623632978Z,full-comp-within,2025-01-25T00:18:39.623632978Z
01JJDD6ENF0VMA00C88XD5B5VC,2,2025-01-25T00:38:13.921543156Z,01JJDD6ENAQZ5CXZWT8XSTN9HT,2025-01-25T00:18:41.967579047Z,"[467,152,320,48]",2025-01-25T00:38:14.608252892Z,4,2025-01-25T00:38:13.972479874Z,comp-within,2025-01-25T00:38:13.972479874Z,true,2025-01-25T01:10:06.222276008Z,false,2025-01-25T00:38:13.972479874Z,end of game,2025-01-25T01:10:06.268502103Z,01JJDD6ENQ7YYYXADY0CJEHSP0,2025-01-25T00:18:41.976458442Z,false,2025-01-25T00:38:26.912413102Z,5,2025-01-25T00:38:13.972479874Z,0,2025-01-25T01:02:18.090568413Z,180,2025-01-25T00:38:13.972479874Z,63,2025-01-25T00:38:14.608252892Z,1,2025-01-25T00:38:13.972479874Z,null,2025-01-25T01:10:06.222276008Z,true,2025-01-25T00:38:13.921543156Z,true,2025-01-25T00:38:13.921543156Z,ended,2025-01-25T01:10:06.268502103Z,"[[373,467],[373,152],[373,320],[373,48],[29,467],[29,152],[29,320],[29,48],[260,467],[260,152],[260,320],[260,48],[84,467],[84,152],[84,320],[84,48]]",2025-01-25T00:38:14.608252892Z,"[373,29,260,84]",2025-01-25T00:38:14.608252892Z,"{""contextSize"":4,""contextStructure"":""comp-within"",""feedbackDuration"":3,""maxTimeout"":5,""numRepetitionsWithPartner"":4,""playerCount"":2,""selectionDuration"":60,""showNegativeFeedback"":1}",2025-01-25T00:18:41.967579047Z,full-comp-within,2025-01-25T00:18:41.967579047Z
01JJDM7CNGMWHKRMPP7RC01F5B,2,2025-01-25T02:24:37.208654919Z,01JJDM7CKNHGBV08C0N2481SR2,2025-01-25T02:21:32.720519894Z,"[31,0,155,241]",2025-01-25T02:25:10.356195331Z,4,2025-01-25T02:25:08.657978701Z,comp-within,2025-01-25T02:25:08.657978701Z,true,2025-01-25T02:33:26.158684685Z,true,2025-01-25T02:33:26.124069242Z,timeOut,2025-01-25T02:33:26.124069242Z,01JJDM7CS904C422NX237MH8FN,2025-01-25T02:21:32.845891045Z,false,2025-01-25T02:26:50.651387735Z,5,2025-01-25T02:25:08.657978701Z,5,2025-01-25T02:33:26.124069242Z,180,2025-01-25T02:25:08.657978701Z,63,2025-01-25T02:25:10.356195331Z,1,2025-01-25T02:25:08.657978701Z,null,2025-01-25T02:33:26.158684685Z,true,2025-01-25T02:24:37.208654919Z,true,2025-01-25T02:24:37.208654919Z,ended,2025-01-25T02:33:26.124069242Z,"[[229,31],[229,0],[229,155],[229,241],[355,31],[355,0],[355,155],[355,241],[441,31],[441,0],[441,155],[441,241],[91,31],[91,0],[91,155],[91,241]]",2025-01-25T02:25:10.356195331Z,"[229,355,441,91]",2025-01-25T02:25:10.356195331Z,"{""contextSize"":4,""contextStructure"":""comp-within"",""feedbackDuration"":3,""maxTimeout"":5,""numRepetitionsWithPartner"":4,""playerCount"":2,""selectionDuration"":60,""showNegativeFeedback"":1}",2025-01-25T02:21:32.720519894Z,full-comp-within,2025-01-25T02:21:32.720519894Z
01JJDD6BK3MPWV9EBBF5E6GQ02,2,2025-01-25T00:26:11.229217403Z,01JJDD6BJYDBHGTTC4RMRDT84Y,2025-01-25T00:18:38.819887946Z,"[379,180,119,441]",2025-01-25T00:26:11.381632399Z,4,2025-01-25T00:26:11.244928864Z,comp-within,2025-01-25T00:26:11.244928864Z,true,2025-01-25T00:56:24.352385067Z,false,2025-01-25T00:26:11.244928864Z,end of game,2025-01-25T00:56:24.38793462Z,01JJDD6BKENKK9D11Q5MPAK9BS,2025-01-25T00:18:38.831326135Z,false,2025-01-25T00:26:14.58907531Z,5,2025-01-25T00:26:11.244928864Z,0,2025-01-25T00:26:11.244928864Z,270,2025-01-25T00:26:11.244928864Z,63,2025-01-25T00:26:11.381632399Z,1,2025-01-25T00:26:11.244928864Z,null,2025-01-25T00:56:24.352385067Z,true,2025-01-25T00:26:11.229217403Z,true,2025-01-25T00:26:11.229217403Z,ended,2025-01-25T00:56:24.38793462Z,"[[48,379],[48,180],[48,119],[48,441],[84,379],[84,180],[84,119],[84,441],[25,379],[25,180],[25,119],[25,441],[0,379],[0,180],[0,119],[0,441]]",2025-01-25T00:26:11.381632399Z,"[48,84,25,0]",2025-01-25T00:26:11.381632399Z,"{""contextSize"":4,""contextStructure"":""comp-within"",""feedbackDuration"":3,""maxTimeout"":5,""numRepetitionsWithPartner"":4,""playerCount"":2,""selectionDuration"":60,""showNegativeFeedback"":1}",2025-01-25T00:18:38.819887946Z,full-comp-within,2025-01-25T00:18:38.819887946Z
01JJDM7E8HPKN8ZNARHYPK5ZYP,2,2025-01-25T02:27:18.689499944Z,01JJDM7E70G4EZ6QSXJHVBRVPK,2025-01-25T02:21:34.353885878Z,"[77,51,395,380]",2025-01-25T02:27:21.134155075Z,4,2025-01-25T02:27:19.184941139Z,comp-within,2025-01-25T02:27:19.184941139Z,true,2025-01-25T03:11:22.103658282Z,false,2025-01-25T02:27:19.184941139Z,end of game,2025-01-25T03:11:22.188072422Z,01JJDM7ECTKK6WFEGT436P1VS6,2025-01-25T02:21:34.494803073Z,false,2025-01-25T02:27:56.66973657Z,5,2025-01-25T02:27:19.184941139Z,0,2025-01-25T02:32:12.620678814Z,270,2025-01-25T02:27:19.184941139Z,63,2025-01-25T02:27:21.134155075Z,1,2025-01-25T02:27:19.184941139Z,null,2025-01-25T03:11:22.103658282Z,true,2025-01-25T02:27:18.689499944Z,true,2025-01-25T02:27:18.689499944Z,ended,2025-01-25T03:11:22.188072422Z,"[[94,77],[94,51],[94,395],[94,380],[323,77],[323,51],[323,395],[323,380],[308,77],[308,51],[308,395],[308,380],[385,77],[385,51],[385,395],[385,380]]",2025-01-25T02:27:21.134155075Z,"[94,323,308,385]",2025-01-25T02:27:21.134155075Z,"{""contextSize"":4,""contextStructure"":""comp-within"",""feedbackDuration"":3,""maxTimeout"":5,""numRepetitionsWithPartner"":4,""playerCount"":2,""selectionDuration"":60,""showNegativeFeedback"":1}",2025-01-25T02:21:34.353885878Z,full-comp-within,2025-01-25T02:21:34.353885878Z
