id,batchID,batchIDLastChangedAt,gameID,gameIDLastChangedAt,playerID,playerIDLastChangedAt
01JJDE67QE6F5NEYBZS48XQ1DC,01JJDD6EB1C05755V9AGF5FHA2,2025-01-25T00:36:03.438183031Z,01JJDD6EB73JK1E6C9J3PP0WM4,2025-01-25T00:36:03.438183031Z,01JJDDPK870599CRC4Z8Z14J2D,2025-01-25T00:36:03.438183031Z
01JJDMCT1KKE009JD2Q1EJEFMZ,01JJDD6F0B8EE8VEJQ9MQBWXD1,2025-01-25T02:24:30.259929926Z,01JJDD6F0G1GTERWEJKPK5DYMZ,2025-01-25T02:24:30.259929926Z,01JJDM9FXVQFBAC92VVD1EYDNE,2025-01-25T02:24:30.259929926Z
01JJDMMREG3ANM97H2RJ0FCMCE,01JJDM7FMKKDEZPMB1NYH3ZYXN,2025-01-25T02:28:50.76882527Z,01JJDM7FQ5SADKDZ3YJ9DAD112,2025-01-25T02:28:50.76882527Z,01JJDMARX9QWYAQJEENG94CNC9,2025-01-25T02:28:50.76882527Z
01JJDE5XQGK8J1K1TEF394DTWQ,01JJDD6E16905VQXMERBDWH8TS,2025-01-25T00:35:53.200543997Z,01JJDD6E1B6XNQS5X4TJFN8E9M,2025-01-25T00:35:53.200543997Z,01JJDDPGFZ073QCEV954WCX7E9,2025-01-25T00:35:53.200543997Z
01JJDMDZFW6BWRAY33D69SZ1T9,01JJDM7CKNHGBV08C0N2481SR2,2025-01-25T02:25:08.604396487Z,01JJDM7CNGMWHKRMPP7RC01F5B,2025-01-25T02:25:08.604396487Z,01JJDM9P38E5BEM5EHMEYZXNBR,2025-01-25T02:25:08.604396487Z
01JJDMZ5R1PXSY09G7AFQ7AV5J,01JJDM7GTT519TKKRE9N1HTFRM,2025-01-25T02:34:32.065332526Z,01JJDM7GWNXX1ZTS3DTTVBRVED,2025-01-25T02:34:32.065332526Z,01JJDMAS3T63JD4Y6GV1JA4K6A,2025-01-25T02:34:32.065332526Z
01JJDMCT0T07JQB2C60KHXPEYP,01JJDD6F0B8EE8VEJQ9MQBWXD1,2025-01-25T02:24:30.234739537Z,01JJDD6F0G1GTERWEJKPK5DYMZ,2025-01-25T02:24:30.234739537Z,01JJDM96NYJ2B15N661J0PZ08J,2025-01-25T02:24:30.234739537Z
01JJDMGV61ZMTBZZKX7EGVT5F5,01JJDM7DR6R4A68S9NA82MAJM8,2025-01-25T02:26:42.497694725Z,01JJDM7DTFPQR6VA2ZS3KH7NM0,2025-01-25T02:26:42.497694725Z,01JJDM9GGE0PPJVB2JYB14PKCT,2025-01-25T02:26:42.497694725Z
01JJDDJFBB36R00NC94YACSBRP,01JJDD69PJ3QHZY1X7GGXJEYVQ,2025-01-25T00:25:15.883201351Z,01JJDD69PT2V6AVP7B1EMTT4MC,2025-01-25T00:25:15.883201351Z,01JJDDF073M1Z3E8G5EJKDTADW,2025-01-25T00:25:15.883201351Z
01JJDDKYEJKTANCVY9ZJSP4QV8,01JJDD6B586S625RE07GG74QGT,2025-01-25T00:26:04.114061319Z,01JJDD6B5DAR9W30S14WJF0QP2,2025-01-25T00:26:04.114061319Z,01JJDDE3K6R98WBMQQWF2ZAPR4,2025-01-25T00:26:04.114061319Z
01JJDDRFP6YXJ74XK0HZ0CWNKQ,01JJDD6C20958SRT7DHSMXED50,2025-01-25T00:28:32.83884784Z,01JJDD6C25FJQTG632QE76BE5T,2025-01-25T00:28:32.83884784Z,01JJDDFMRRAX70BHR2E54R8WW4,2025-01-25T00:28:32.83884784Z
01JJDDWRBKSGXJH1J2C27BFBD7,01JJDD6DA1JZEBG7TJYT18F1J4,2025-01-25T00:30:52.787689359Z,01JJDD6DA6DRJ45K7S84JWH4VX,2025-01-25T00:30:52.787689359Z,01JJDDH69P382NYPCW2697AYVS,2025-01-25T00:30:52.787689359Z
01JJDEA75ZMTC27AG70BJYEC0H,01JJDD6ENAQZ5CXZWT8XSTN9HT,2025-01-25T00:38:13.951223719Z,01JJDD6ENF0VMA00C88XD5B5VC,2025-01-25T00:38:13.951223719Z,01JJDDZNQVC1QJJSNCGKVQSXC8,2025-01-25T00:38:13.951223719Z
01JJDMDRH7K0XBZJ0KT4SRQ7ZF,01JJDM761HPYC3AVWKB74WBDCT,2025-01-25T02:25:01.479818799Z,01JJDM763W3YEE7ESFW87T4WZ5,2025-01-25T02:25:01.479818799Z,01JJDDK59VNGZ1WFQ3BDJFZHA1,2025-01-25T02:25:01.479818799Z
01JJDMQYDSRKC386S5GHHV1BZ8,01JJDM7G1PHWXFD8ZN4ANT83NM,2025-01-25T02:30:35.193576493Z,01JJDM7G3Y38RZBAP4XFVN8DW5,2025-01-25T02:30:35.193576493Z,01JJDM9DC9CNW0VBEX08DW90YD,2025-01-25T02:30:35.193576493Z
01JJDMZ5RZB19XQD2N5MJDJP6X,01JJDM7GTT519TKKRE9N1HTFRM,2025-01-25T02:34:32.095521595Z,01JJDM7GWNXX1ZTS3DTTVBRVED,2025-01-25T02:34:32.095521595Z,01JJDMC4KNBV9PBDZB732JR1F8,2025-01-25T02:34:32.095521595Z
01JJDDJFBA5ECVDQN14G8HBS43,01JJDD69PJ3QHZY1X7GGXJEYVQ,2025-01-25T00:25:15.882813257Z,01JJDD69PT2V6AVP7B1EMTT4MC,2025-01-25T00:25:15.882813257Z,01JJDDCXD2FZ7A6H5T8W6BBRQ5,2025-01-25T00:25:15.882813257Z
01JJDDK2SGD8JQT65MWWHXN5AC,01JJDD6AA9E7VN1EQ4WD6Z1EJY,2025-01-25T00:25:35.792611316Z,01JJDD6AAFJV0TSJDYR2E433Z5,2025-01-25T00:25:35.792611316Z,01JJDDE04TY32Z6E1XGHN510VB,2025-01-25T00:25:35.792611316Z
01JJDDS7DRJNM68CTM0R46ZH4G,01JJDD6CC3XFK6ERV10T8D4HSM,2025-01-25T00:28:57.144936945Z,01JJDD6CC7CV2PGGC26FYD5YWQ,2025-01-25T00:28:57.144936945Z,01JJDDH6DPTE03G8WMS3Q2X87G,2025-01-25T00:28:57.144936945Z
01JJDEA75QN28598MNKN40DMFN,01JJDD6ENAQZ5CXZWT8XSTN9HT,2025-01-25T00:38:13.94383948Z,01JJDD6ENF0VMA00C88XD5B5VC,2025-01-25T00:38:13.94383948Z,01JJDDCHG5XKVM5WY21FHTJCCZ,2025-01-25T00:38:13.94383948Z
01JJDDS7DT56CDXDVJ1Z5C5NTB,01JJDD6CC3XFK6ERV10T8D4HSM,2025-01-25T00:28:57.146753989Z,01JJDD6CC7CV2PGGC26FYD5YWQ,2025-01-25T00:28:57.146753989Z,01JJDDKN07Z2H7Q9KCBD95G06A,2025-01-25T00:28:57.146753989Z
01JJDDWG4KXFTFJB7HG81QNZ4C,01JJDD6D0AVW9D2QY7SXMWZ6WB,2025-01-25T00:30:44.371778655Z,01JJDD6D0F4HMEHHNJ5TPZBQY4,2025-01-25T00:30:44.371778655Z,01JJDDH75B7WHXXPVZ68NYDZ5Z,2025-01-25T00:30:44.371778655Z
01JJDE1XGQZ5HTGW7J60C16WM3,01JJDD6DNJXXQJ6MVNR2APR9Z4,2025-01-25T00:33:41.911625873Z,01JJDD6DNS0QGTAJVQS911XCJ8,2025-01-25T00:33:41.911625873Z,01JJDDJDG43BEWT1P4T83AFJ89,2025-01-25T00:33:41.911625873Z
01JJDMFS82ZSX2G1GHJWKBBA0D,01JJDM7D8H4E7Y09K3JDYQV8E9,2025-01-25T02:26:07.746074998Z,01JJDM7DBGCQEWJEAMJVWB1868,2025-01-25T02:26:07.746074998Z,01JJDM97WA3FBVRMMKNYDQRXWZ,2025-01-25T02:26:07.746074998Z
01JJDMGV6V5DD89GQ81N4JNB67,01JJDM7DR6R4A68S9NA82MAJM8,2025-01-25T02:26:42.523118122Z,01JJDM7DTFPQR6VA2ZS3KH7NM0,2025-01-25T02:26:42.523118122Z,01JJDM9J159B47G80DMMB3DT6H,2025-01-25T02:26:42.523118122Z
01JJDMHYW941FVSASWWH8YZYBE,01JJDM7E70G4EZ6QSXJHVBRVPK,2025-01-25T02:27:19.049486748Z,01JJDM7E8HPKN8ZNARHYPK5ZYP,2025-01-25T02:27:19.049486748Z,01JJDM8Z7FQ4S5HAPDZT8AZH0V,2025-01-25T02:27:19.049486748Z
01JJDDF8TQKT8TTA76R9ZGVHP5,01JJDD68970FT9YN3DXBM26QHK,2025-01-25T00:23:30.903397428Z,01JJDD689KMSWYFSHHY24M4WSQ,2025-01-25T00:23:30.903397428Z,01JJDDAGB9MVH2YZ9C4EF5DW7V,2025-01-25T00:23:30.903397428Z
01JJDDM5D78CA9G43Q4TFKDQT0,01JJDD6BJYDBHGTTC4RMRDT84Y,2025-01-25T00:26:11.239037569Z,01JJDD6BK3MPWV9EBBF5E6GQ02,2025-01-25T00:26:11.239037569Z,01JJDDFGTFY737RV7S3Y67DW3Z,2025-01-25T00:26:11.239037569Z
01JJDDV9CFMMSF3A0NB4CXH3WS,01JJDD6CNNKS9N5ND9ZB50TMMK,2025-01-25T00:30:04.687432545Z,01JJDD6CNT8W2J6YY6R2M18RJP,2025-01-25T00:30:04.687432545Z,01JJDDN529TXRB0YTFJWHE2YYE,2025-01-25T00:30:04.687432545Z
01JJDDWRBEHD2XJ587QBECPK0J,01JJDD6DA1JZEBG7TJYT18F1J4,2025-01-25T00:30:52.782992989Z,01JJDD6DA6DRJ45K7S84JWH4VX,2025-01-25T00:30:52.782992989Z,01JJDDE2HS6GNMBHWDW65SJGFX,2025-01-25T00:30:52.782992989Z
01JJDMHYX6XSVS29DJMGRMKM2B,01JJDM7E70G4EZ6QSXJHVBRVPK,2025-01-25T02:27:19.078107133Z,01JJDM7E8HPKN8ZNARHYPK5ZYP,2025-01-25T02:27:19.078107133Z,01JJDMA7PJSTEXKZW82Y1336ZZ,2025-01-25T02:27:19.078107133Z
01JJDMMRDNE5YYMXRN56M65YD9,01JJDM7FMKKDEZPMB1NYH3ZYXN,2025-01-25T02:28:50.742001712Z,01JJDM7FQ5SADKDZ3YJ9DAD112,2025-01-25T02:28:50.742001712Z,01JJDM9ES8T4QXQ0X2RDTJCJ5Y,2025-01-25T02:28:50.742001712Z
01JJDMQYEMDBFBN38XK8AWZR8X,01JJDM7G1PHWXFD8ZN4ANT83NM,2025-01-25T02:30:35.2203643Z,01JJDM7G3Y38RZBAP4XFVN8DW5,2025-01-25T02:30:35.2203643Z,01JJDMFE3J57VPP4CKS6X7BE5T,2025-01-25T02:30:35.2203643Z
01JJDMVCR8Y130SSC4EKQXJJJB,01JJDM7GDWW6JHFQXE0Z0ZAEA3,2025-01-25T02:32:28.168192989Z,01JJDM7GG6QTYD54VC13FW0P05,2025-01-25T02:32:28.168192989Z,01JJDM9Y95MGW6GWXA1XP32B41,2025-01-25T02:32:28.168192989Z
01JJDMDRGHQFNG1JCES6YP36PJ,01JJDM761HPYC3AVWKB74WBDCT,2025-01-25T02:25:01.457691192Z,01JJDM763W3YEE7ESFW87T4WZ5,2025-01-25T02:25:01.457691192Z,01JJDDBK3AA0R24Y9425ZRQTFY,2025-01-25T02:25:01.457691192Z
01JJDDK2SGD8JQT65MWNBE9E1N,01JJDD6AA9E7VN1EQ4WD6Z1EJY,2025-01-25T00:25:35.792027766Z,01JJDD6AAFJV0TSJDYR2E433Z5,2025-01-25T00:25:35.792027766Z,01JJDDB268M9YK1ZN6NXJRKV6W,2025-01-25T00:25:35.792027766Z
01JJDDM5D5D5FECNSJ4B2SECAH,01JJDD6BJYDBHGTTC4RMRDT84Y,2025-01-25T00:26:11.237769225Z,01JJDD6BK3MPWV9EBBF5E6GQ02,2025-01-25T00:26:11.237769225Z,01JJDDE4ZND03AQFFRZW637M4F,2025-01-25T00:26:11.237769225Z
01JJDE5XQNM66GYKH389F0076H,01JJDD6E16905VQXMERBDWH8TS,2025-01-25T00:35:53.205985405Z,01JJDD6E1B6XNQS5X4TJFN8E9M,2025-01-25T00:35:53.205985405Z,01JJDDS2XTM0Z55HAKGM5NQ1E3,2025-01-25T00:35:53.205985405Z
01JJDE67Q7FQDZH7F5E43G10TK,01JJDD6EB1C05755V9AGF5FHA2,2025-01-25T00:36:03.431228504Z,01JJDD6EB73JK1E6C9J3PP0WM4,2025-01-25T00:36:03.431228504Z,01JJDDNWXZJNE9Z803BH2Y2V2V,2025-01-25T00:36:03.431228504Z
01JJDDWG4GMYAKPEKFVPBHW6EB,01JJDD6D0AVW9D2QY7SXMWZ6WB,2025-01-25T00:30:44.368880391Z,01JJDD6D0F4HMEHHNJ5TPZBQY4,2025-01-25T00:30:44.368880391Z,01JJDDE1V7AFTMMQ3SEFEPEFYY,2025-01-25T00:30:44.368880391Z
01JJDE1XGV6G06DMK35M9FGHND,01JJDD6DNJXXQJ6MVNR2APR9Z4,2025-01-25T00:33:41.915916493Z,01JJDD6DNS0QGTAJVQS911XCJ8,2025-01-25T00:33:41.915916493Z,01JJDDRPF8SV6VB2JSWVD63HFT,2025-01-25T00:33:41.915916493Z
01JJDMDZF5H8Q73ASN4QCZW943,01JJDM7CKNHGBV08C0N2481SR2,2025-01-25T02:25:08.581483422Z,01JJDM7CNGMWHKRMPP7RC01F5B,2025-01-25T02:25:08.581483422Z,01JJDECAB9162VA8PCANWX4KTY,2025-01-25T02:25:08.581483422Z
01JJDMFS8TN2WKX0HJCX6Q5GSK,01JJDM7D8H4E7Y09K3JDYQV8E9,2025-01-25T02:26:07.770306673Z,01JJDM7DBGCQEWJEAMJVWB1868,2025-01-25T02:26:07.770306673Z,01JJDM9EXFPD3DVX6Y50ZG70CC,2025-01-25T02:26:07.770306673Z
01JJDDF8TQKT8TTA76RGF9D9F9,01JJDD68970FT9YN3DXBM26QHK,2025-01-25T00:23:30.903706872Z,01JJDD689KMSWYFSHHY24M4WSQ,2025-01-25T00:23:30.903706872Z,01JJDDBS3Q17TW8Y7B33FPMENR,2025-01-25T00:23:30.903706872Z
01JJDDKYEH9Q13057J9F79VJMV,01JJDD6B586S625RE07GG74QGT,2025-01-25T00:26:04.113233135Z,01JJDD6B5DAR9W30S14WJF0QP2,2025-01-25T00:26:04.113233135Z,01JJDDD0J067JZ7EN5VC2NCXQQ,2025-01-25T00:26:04.113233135Z
01JJDDRFP5XTV7EETYMARK980N,01JJDD6C20958SRT7DHSMXED50,2025-01-25T00:28:32.837309061Z,01JJDD6C25FJQTG632QE76BE5T,2025-01-25T00:28:32.837309061Z,01JJDDD6HRDYCWG70Z794PTE6X,2025-01-25T00:28:32.837309061Z
01JJDDV9CC8E2N9WKAN2SY0YWQ,01JJDD6CNNKS9N5ND9ZB50TMMK,2025-01-25T00:30:04.68446401Z,01JJDD6CNT8W2J6YY6R2M18RJP,2025-01-25T00:30:04.68446401Z,01JJDDH6X86GGJATDJRGSQDYB7,2025-01-25T00:30:04.68446401Z
01JJDMVCS4JZ31XKZP2BA364BD,01JJDM7GDWW6JHFQXE0Z0ZAEA3,2025-01-25T02:32:28.196880556Z,01JJDM7GG6QTYD54VC13FW0P05,2025-01-25T02:32:28.196880556Z,01JJDMAGW6BNF775XSD2BKGXJ9,2025-01-25T02:32:28.196880556Z
