id,actualPlayerCount,actualPlayerCountLastChangedAt,batchID,batchIDLastChangedAt,bottomTangrams,bottomTangramsLastChangedAt,contextSize,contextSizeLastChangedAt,contextStructure,contextStructureLastChangedAt,ended,endedLastChangedAt,endedInactive,endedInactiveLastChangedAt,endedReason,endedReasonLastChangedAt,groupID,groupIDLastChangedAt,justStarted,justStartedLastChangedAt,maxTimeout,maxTimeoutLastChangedAt,numRoundsInactive,numRoundsInactiveLastChangedAt,rotation,rotationLastChangedAt,roundIndex,roundIndexLastChangedAt,showNegativeFeedback,showNegativeFeedbackLastChangedAt,stageID,stageIDLastChangedAt,start,startLastChangedAt,starting,startingLastChangedAt,status,statusLastChangedAt,targets,targetsLastChangedAt,topTangrams,topTangramsLastChangedAt,treatment,treatmentLastChangedAt,treatmentName,treatmentNameLastChangedAt
01JHHFVFY6S1NC06NBPSG74T00,2,2025-01-14T04:10:47.359510253Z,01JHHFVFSYSPZSTJ3Z44H5FCYR,2025-01-14T04:06:24.454063743Z,"[118,189,299,135]",2025-01-14T04:10:50.670121148Z,4,2025-01-14T04:10:47.594320351Z,comp-between,2025-01-14T04:10:47.594320351Z,true,2025-01-14T04:38:36.089945399Z,false,2025-01-14T04:10:47.594320351Z,end of game,2025-01-14T04:38:36.246395388Z,01JHHFVG5MYVMMNYFXVQZ8HRWV,2025-01-14T04:06:24.696329692Z,false,2025-01-14T04:11:46.714622801Z,5,2025-01-14T04:10:47.594320351Z,0,2025-01-14T04:10:47.594320351Z,90,2025-01-14T04:10:47.594320351Z,63,2025-01-14T04:10:50.670121148Z,1,2025-01-14T04:10:47.594320351Z,null,2025-01-14T04:38:36.089945399Z,true,2025-01-14T04:10:47.359510253Z,true,2025-01-14T04:10:47.359510253Z,ended,2025-01-14T04:38:36.246395388Z,"[[427,118],[427,189],[427,299],[427,135],[377,118],[377,189],[377,299],[377,135],[207,118],[207,189],[207,299],[207,135],[430,118],[430,189],[430,299],[430,135]]",2025-01-14T04:10:50.670121148Z,"[427,377,207,430]",2025-01-14T04:10:50.670121148Z,"{""contextSize"":4,""contextStructure"":""comp-between"",""feedbackDuration"":3,""maxTimeout"":5,""numRepetitionsWithPartner"":4,""playerCount"":2,""selectionDuration"":60,""showNegativeFeedback"":1}",2025-01-14T04:06:24.454063743Z,full-comp-between,2025-01-14T04:06:24.454063743Z
01JHHFW9Y9NGJWR990CVS4RPK3,2,2025-01-14T04:17:00.487048194Z,01JHHFW9SJG5VV92VQE383ZHQ0,2025-01-14T04:06:51.081930233Z,"[15,44,293,98]",2025-01-14T04:17:04.750656215Z,4,2025-01-14T04:17:00.753615907Z,comp-between,2025-01-14T04:17:00.753615907Z,true,2025-01-14T04:44:26.051285626Z,false,2025-01-14T04:17:00.753615907Z,end of game,2025-01-14T04:44:26.163576632Z,01JHHFWA6NQV4W67WGF7B73F75,2025-01-14T04:06:51.360126367Z,false,2025-01-14T04:18:10.54589395Z,5,2025-01-14T04:17:00.753615907Z,0,2025-01-14T04:25:37.842067873Z,90,2025-01-14T04:17:00.753615907Z,63,2025-01-14T04:17:04.750656215Z,1,2025-01-14T04:17:00.753615907Z,null,2025-01-14T04:44:26.051285626Z,true,2025-01-14T04:17:00.487048194Z,true,2025-01-14T04:17:00.487048194Z,ended,2025-01-14T04:44:26.163576632Z,"[[367,15],[367,44],[367,293],[367,98],[315,15],[315,44],[315,293],[315,98],[250,15],[250,44],[250,293],[250,98],[420,15],[420,44],[420,293],[420,98]]",2025-01-14T04:17:04.750656215Z,"[367,315,250,420]",2025-01-14T04:17:04.750656215Z,"{""contextSize"":4,""contextStructure"":""comp-between"",""feedbackDuration"":3,""maxTimeout"":5,""numRepetitionsWithPartner"":4,""playerCount"":2,""selectionDuration"":60,""showNegativeFeedback"":1}",2025-01-14T04:06:51.081930233Z,full-comp-between,2025-01-14T04:06:51.081930233Z
01JHHD0CRJX9Y6P71F38T42VEC,2,2025-01-14T03:21:22.36218266Z,01JHHD0CR9KSG98ZGRC00V794V,2025-01-14T03:16:39.314685818Z,"[134,286,428,15]",2025-01-14T03:21:22.575933052Z,4,2025-01-14T03:21:22.388669388Z,comp-between,2025-01-14T03:21:22.388669388Z,true,2025-01-14T03:44:39.015235734Z,false,2025-01-14T03:21:22.388669388Z,end of game,2025-01-14T03:44:39.092851478Z,01JHHD0CS2351SB33S7V2687T5,2025-01-14T03:16:39.333054872Z,false,2025-01-14T03:21:25.171714297Z,5,2025-01-14T03:21:22.388669388Z,0,2025-01-14T03:21:22.388669388Z,180,2025-01-14T03:21:22.388669388Z,63,2025-01-14T03:21:22.575933052Z,1,2025-01-14T03:21:22.388669388Z,null,2025-01-14T03:44:39.015235734Z,true,2025-01-14T03:21:22.36218266Z,true,2025-01-14T03:21:22.36218266Z,ended,2025-01-14T03:44:39.092851478Z,"[[263,134],[263,286],[263,428],[263,15],[116,134],[116,286],[116,428],[116,15],[433,134],[433,286],[433,428],[433,15],[117,134],[117,286],[117,428],[117,15]]",2025-01-14T03:21:22.575933052Z,"[263,116,433,117]",2025-01-14T03:21:22.575933052Z,"{""contextSize"":4,""contextStructure"":""comp-between"",""feedbackDuration"":3,""maxTimeout"":5,""numRepetitionsWithPartner"":4,""playerCount"":2,""selectionDuration"":60,""showNegativeFeedback"":1}",2025-01-14T03:16:39.314685818Z,full-comp-between,2025-01-14T03:16:39.314685818Z
01JHHD0FPWJVSAHRGNJNFGR0CB,2,2025-01-14T03:23:55.924605774Z,01JHHD0FPNNP4EW93R4F8TDRS8,2025-01-14T03:16:42.332635556Z,"[134,2,384,14]",2025-01-14T03:23:56.429405306Z,4,2025-01-14T03:23:55.966131461Z,comp-between,2025-01-14T03:23:55.966131461Z,true,2025-01-14T03:54:54.912824137Z,false,2025-01-14T03:23:55.966131461Z,end of game,2025-01-14T03:54:54.986251474Z,01JHHD0FQ83NV856QJVRJ3XP8N,2025-01-14T03:16:42.346017115Z,false,2025-01-14T03:24:05.104455697Z,5,2025-01-14T03:23:55.966131461Z,0,2025-01-14T03:23:55.966131461Z,90,2025-01-14T03:23:55.966131461Z,63,2025-01-14T03:23:56.429405306Z,1,2025-01-14T03:23:55.966131461Z,null,2025-01-14T03:54:54.912824137Z,true,2025-01-14T03:23:55.924605774Z,true,2025-01-14T03:23:55.924605774Z,ended,2025-01-14T03:54:54.986251474Z,"[[127,134],[127,2],[127,384],[127,14],[339,134],[339,2],[339,384],[339,14],[399,134],[399,2],[399,384],[399,14],[12,134],[12,2],[12,384],[12,14]]",2025-01-14T03:23:56.429405306Z,"[127,339,399,12]",2025-01-14T03:23:56.429405306Z,"{""contextSize"":4,""contextStructure"":""comp-between"",""feedbackDuration"":3,""maxTimeout"":5,""numRepetitionsWithPartner"":4,""playerCount"":2,""selectionDuration"":60,""showNegativeFeedback"":1}",2025-01-14T03:16:42.332635556Z,full-comp-between,2025-01-14T03:16:42.332635556Z
01JHHD0GDWH1E6SKF58T44AJRB,2,2025-01-14T03:25:37.393494376Z,01JHHD0GDNESMFBBD0NY6MKNA7,2025-01-14T03:16:43.068655974Z,"[307,427,40,293]",2025-01-14T03:25:38.195278691Z,4,2025-01-14T03:25:37.493322559Z,comp-between,2025-01-14T03:25:37.493322559Z,true,2025-01-14T03:51:23.287398775Z,false,2025-01-14T03:25:37.493322559Z,end of game,2025-01-14T03:51:23.369866468Z,01JHHD0GE8279Y4XWQAQM1R1M9,2025-01-14T03:16:43.082458011Z,false,2025-01-14T03:25:49.963174679Z,5,2025-01-14T03:25:37.493322559Z,0,2025-01-14T03:25:37.493322559Z,180,2025-01-14T03:25:37.493322559Z,63,2025-01-14T03:25:38.195278691Z,1,2025-01-14T03:25:37.493322559Z,null,2025-01-14T03:51:23.287398775Z,true,2025-01-14T03:25:37.393494376Z,true,2025-01-14T03:25:37.393494376Z,ended,2025-01-14T03:51:23.369866468Z,"[[338,307],[338,427],[338,40],[338,293],[383,307],[383,427],[383,40],[383,293],[358,307],[358,427],[358,40],[358,293],[157,307],[157,427],[157,40],[157,293]]",2025-01-14T03:25:38.195278691Z,"[338,383,358,157]",2025-01-14T03:25:38.195278691Z,"{""contextSize"":4,""contextStructure"":""comp-between"",""feedbackDuration"":3,""maxTimeout"":5,""numRepetitionsWithPartner"":4,""playerCount"":2,""selectionDuration"":60,""showNegativeFeedback"":1}",2025-01-14T03:16:43.068655974Z,full-comp-between,2025-01-14T03:16:43.068655974Z
01JHHD0JJN4T5BE281HTE83CAV,2,2025-01-14T03:27:58.428295555Z,01JHHD0JJDT88R4X3Q0AVJ4AS2,2025-01-14T03:16:45.269167422Z,"[352,333,277,189]",2025-01-14T03:27:59.371826413Z,4,2025-01-14T03:27:58.492687524Z,comp-between,2025-01-14T03:27:58.492687524Z,true,2025-01-14T03:45:16.390601623Z,false,2025-01-14T03:27:58.492687524Z,end of game,2025-01-14T03:45:16.462332429Z,01JHHD0JK5C5SB66KQTB0X8YB8,2025-01-14T03:16:45.286982631Z,false,2025-01-14T03:28:14.449233285Z,5,2025-01-14T03:27:58.492687524Z,0,2025-01-14T03:27:58.492687524Z,270,2025-01-14T03:27:58.492687524Z,63,2025-01-14T03:27:59.371826413Z,1,2025-01-14T03:27:58.492687524Z,null,2025-01-14T03:45:16.390601623Z,true,2025-01-14T03:27:58.428295555Z,true,2025-01-14T03:27:58.428295555Z,ended,2025-01-14T03:45:16.462332429Z,"[[112,352],[112,333],[112,277],[112,189],[96,352],[96,333],[96,277],[96,189],[395,352],[395,333],[395,277],[395,189],[101,352],[101,333],[101,277],[101,189]]",2025-01-14T03:27:59.371826413Z,"[112,96,395,101]",2025-01-14T03:27:59.371826413Z,"{""contextSize"":4,""contextStructure"":""comp-between"",""feedbackDuration"":3,""maxTimeout"":5,""numRepetitionsWithPartner"":4,""playerCount"":2,""selectionDuration"":60,""showNegativeFeedback"":1}",2025-01-14T03:16:45.269167422Z,full-comp-between,2025-01-14T03:16:45.269167422Z
01JHHD0JWEAYRMY5WF32610QEX,2,2025-01-14T03:28:55.642943847Z,01JHHD0JW7MJ4EC19PZGR08GVR,2025-01-14T03:16:45.582512368Z,"[66,327,364,118]",2025-01-14T03:28:56.541592025Z,4,2025-01-14T03:28:55.712928776Z,comp-between,2025-01-14T03:28:55.712928776Z,true,2025-01-14T03:54:04.248282752Z,false,2025-01-14T03:28:55.712928776Z,end of game,2025-01-14T03:54:04.335493648Z,01JHHD0JWT2EG45VE5TCPGD2MS,2025-01-14T03:16:45.595906546Z,false,2025-01-14T03:29:13.787858524Z,5,2025-01-14T03:28:55.712928776Z,0,2025-01-14T03:50:00.719154601Z,270,2025-01-14T03:28:55.712928776Z,63,2025-01-14T03:28:56.541592025Z,1,2025-01-14T03:28:55.712928776Z,null,2025-01-14T03:54:04.248282752Z,true,2025-01-14T03:28:55.642943847Z,true,2025-01-14T03:28:55.642943847Z,ended,2025-01-14T03:54:04.335493648Z,"[[27,66],[27,327],[27,364],[27,118],[12,66],[12,327],[12,364],[12,118],[359,66],[359,327],[359,364],[359,118],[181,66],[181,327],[181,364],[181,118]]",2025-01-14T03:28:56.541592025Z,"[27,12,359,181]",2025-01-14T03:28:56.541592025Z,"{""contextSize"":4,""contextStructure"":""comp-between"",""feedbackDuration"":3,""maxTimeout"":5,""numRepetitionsWithPartner"":4,""playerCount"":2,""selectionDuration"":60,""showNegativeFeedback"":1}",2025-01-14T03:16:45.582512368Z,full-comp-between,2025-01-14T03:16:45.582512368Z
01JHHFVKVSW2SRVNYN6TJY8S3J,2,2025-01-14T04:14:01.701022463Z,01JHHFVKQ9PGQ5NTR2CF1XESFZ,2025-01-14T04:06:28.473728143Z,"[447,327,322,235]",2025-01-14T04:14:05.546863364Z,4,2025-01-14T04:14:01.968018125Z,comp-between,2025-01-14T04:14:01.968018125Z,true,2025-01-14T04:42:31.151024395Z,false,2025-01-14T04:14:01.968018125Z,end of game,2025-01-14T04:42:31.26476576Z,01JHHFVM3AGPTF9WN35PVDNNES,2025-01-14T04:06:28.723670683Z,false,2025-01-14T04:15:21.155067768Z,5,2025-01-14T04:14:01.968018125Z,0,2025-01-14T04:14:01.968018125Z,180,2025-01-14T04:14:01.968018125Z,63,2025-01-14T04:14:05.546863364Z,1,2025-01-14T04:14:01.968018125Z,null,2025-01-14T04:42:31.151024395Z,true,2025-01-14T04:14:01.701022463Z,true,2025-01-14T04:14:01.701022463Z,ended,2025-01-14T04:42:31.26476576Z,"[[454,447],[454,327],[454,322],[454,235],[48,447],[48,327],[48,322],[48,235],[160,447],[160,327],[160,322],[160,235],[144,447],[144,327],[144,322],[144,235]]",2025-01-14T04:14:05.546863364Z,"[454,48,160,144]",2025-01-14T04:14:05.546863364Z,"{""contextSize"":4,""contextStructure"":""comp-between"",""feedbackDuration"":3,""maxTimeout"":5,""numRepetitionsWithPartner"":4,""playerCount"":2,""selectionDuration"":60,""showNegativeFeedback"":1}",2025-01-14T04:06:28.473728143Z,full-comp-between,2025-01-14T04:06:28.473728143Z
01JHHFW83V7A77BZQKR6ZJ5W06,2,2025-01-14T04:15:00.887290844Z,01JHHFW7Z56F5TJ8DM12K21VDW,2025-01-14T04:06:49.211317374Z,"[290,408,355,461]",2025-01-14T04:15:09.049920029Z,4,2025-01-14T04:15:05.872420532Z,comp-between,2025-01-14T04:15:05.872420532Z,true,2025-01-14T04:39:21.387489575Z,false,2025-01-14T04:15:05.872420532Z,end of game,2025-01-14T04:39:21.528138696Z,01JHHFW8BZY2BQDJ08S2QYQC68,2025-01-14T04:06:49.474852575Z,false,2025-01-14T04:16:13.213499086Z,5,2025-01-14T04:15:05.872420532Z,0,2025-01-14T04:15:05.872420532Z,180,2025-01-14T04:15:05.872420532Z,63,2025-01-14T04:15:09.049920029Z,1,2025-01-14T04:15:05.872420532Z,null,2025-01-14T04:39:21.387489575Z,true,2025-01-14T04:15:00.887290844Z,true,2025-01-14T04:15:00.887290844Z,ended,2025-01-14T04:39:21.528138696Z,"[[131,290],[131,408],[131,355],[131,461],[118,290],[118,408],[118,355],[118,461],[226,290],[226,408],[226,355],[226,461],[468,290],[468,408],[468,355],[468,461]]",2025-01-14T04:15:09.049920029Z,"[131,118,226,468]",2025-01-14T04:15:09.049920029Z,"{""contextSize"":4,""contextStructure"":""comp-between"",""feedbackDuration"":3,""maxTimeout"":5,""numRepetitionsWithPartner"":4,""playerCount"":2,""selectionDuration"":60,""showNegativeFeedback"":1}",2025-01-14T04:06:49.211317374Z,full-comp-between,2025-01-14T04:06:49.211317374Z
01JHHD0DNM0BSBTGTV9PS14C92,2,2025-01-14T03:21:36.409997588Z,01JHHD0DNAAT5CFGVN32XQ8M8X,2025-01-14T03:16:40.244143198Z,"[168,418,299,352]",2025-01-14T03:21:36.640284752Z,4,2025-01-14T03:21:36.432393673Z,comp-between,2025-01-14T03:21:36.432393673Z,true,2025-01-14T03:48:09.697651967Z,false,2025-01-14T03:21:36.432393673Z,end of game,2025-01-14T03:48:09.776984795Z,01JHHD0DP1VHMMR3N14YNXFJFC,2025-01-14T03:16:40.259126724Z,false,2025-01-14T03:21:40.856414866Z,5,2025-01-14T03:21:36.432393673Z,0,2025-01-14T03:21:36.432393673Z,270,2025-01-14T03:21:36.432393673Z,63,2025-01-14T03:21:36.640284752Z,1,2025-01-14T03:21:36.432393673Z,null,2025-01-14T03:48:09.697651967Z,true,2025-01-14T03:21:36.409997588Z,true,2025-01-14T03:21:36.409997588Z,ended,2025-01-14T03:48:09.776984795Z,"[[181,168],[181,418],[181,299],[181,352],[92,168],[92,418],[92,299],[92,352],[191,168],[191,418],[191,299],[191,352],[290,168],[290,418],[290,299],[290,352]]",2025-01-14T03:21:36.640284752Z,"[181,92,191,290]",2025-01-14T03:21:36.640284752Z,"{""contextSize"":4,""contextStructure"":""comp-between"",""feedbackDuration"":3,""maxTimeout"":5,""numRepetitionsWithPartner"":4,""playerCount"":2,""selectionDuration"":60,""showNegativeFeedback"":1}",2025-01-14T03:16:40.244143198Z,full-comp-between,2025-01-14T03:16:40.244143198Z
01JHHD0G204SXDE845RNGV7T48,2,2025-01-14T03:24:07.504628416Z,01JHHD0G1R8TRQGJ9F859DG1AN,2025-01-14T03:16:42.68803106Z,"[164,226,384,437]",2025-01-14T03:24:08.068945893Z,4,2025-01-14T03:24:07.549202243Z,comp-between,2025-01-14T03:24:07.549202243Z,true,2025-01-14T03:47:54.401111204Z,false,2025-01-14T03:24:07.549202243Z,end of game,2025-01-14T03:47:54.475547042Z,01JHHD0G2BRSH3NMQBGTRH6C00,2025-01-14T03:16:42.701394769Z,false,2025-01-14T03:24:18.084673528Z,5,2025-01-14T03:24:07.549202243Z,0,2025-01-14T03:24:07.549202243Z,0,2025-01-14T03:24:07.549202243Z,63,2025-01-14T03:24:08.068945893Z,1,2025-01-14T03:24:07.549202243Z,null,2025-01-14T03:47:54.401111204Z,true,2025-01-14T03:24:07.504628416Z,true,2025-01-14T03:24:07.504628416Z,ended,2025-01-14T03:47:54.475547042Z,"[[256,164],[256,226],[256,384],[256,437],[440,164],[440,226],[440,384],[440,437],[406,164],[406,226],[406,384],[406,437],[154,164],[154,226],[154,384],[154,437]]",2025-01-14T03:24:08.068945893Z,"[256,440,406,154]",2025-01-14T03:24:08.068945893Z,"{""contextSize"":4,""contextStructure"":""comp-between"",""feedbackDuration"":3,""maxTimeout"":5,""numRepetitionsWithPartner"":4,""playerCount"":2,""selectionDuration"":60,""showNegativeFeedback"":1}",2025-01-14T03:16:42.68803106Z,full-comp-between,2025-01-14T03:16:42.68803106Z
01JHHD0K5FE3XKABJE75449W68,2,2025-01-14T03:31:07.782422107Z,01JHHD0K588VWG3C3FX4Z3ZD2K,2025-01-14T03:16:45.87110546Z,"[429,137,163,157]",2025-01-14T03:31:08.944125235Z,4,2025-01-14T03:31:07.865344053Z,comp-between,2025-01-14T03:31:07.865344053Z,true,2025-01-14T04:09:58.556198296Z,false,2025-01-14T03:31:07.865344053Z,end of game,2025-01-14T04:09:58.66206034Z,01JHHD0K5XJEY70DHAEE9X8G9C,2025-01-14T03:16:45.888378632Z,false,2025-01-14T03:31:29.656781969Z,5,2025-01-14T03:31:07.865344053Z,0,2025-01-14T03:46:53.190975251Z,0,2025-01-14T03:31:07.865344053Z,63,2025-01-14T03:31:08.944125235Z,1,2025-01-14T03:31:07.865344053Z,null,2025-01-14T04:09:58.556198296Z,true,2025-01-14T03:31:07.782422107Z,true,2025-01-14T03:31:07.782422107Z,ended,2025-01-14T04:09:58.66206034Z,"[[110,429],[110,137],[110,163],[110,157],[348,429],[348,137],[348,163],[348,157],[305,429],[305,137],[305,163],[305,157],[195,429],[195,137],[195,163],[195,157]]",2025-01-14T03:31:08.944125235Z,"[110,348,305,195]",2025-01-14T03:31:08.944125235Z,"{""contextSize"":4,""contextStructure"":""comp-between"",""feedbackDuration"":3,""maxTimeout"":5,""numRepetitionsWithPartner"":4,""playerCount"":2,""selectionDuration"":60,""showNegativeFeedback"":1}",2025-01-14T03:16:45.87110546Z,full-comp-between,2025-01-14T03:16:45.87110546Z
01JHHD0KQPXKABSFQTSYWJ0BBB,2,2025-01-14T03:36:55.626693819Z,01JHHD0KQEX37BYDP00QWSXS2S,2025-01-14T03:16:46.454341781Z,"[302,428,199,293]",2025-01-14T03:36:57.403122772Z,4,2025-01-14T03:36:55.739642004Z,comp-between,2025-01-14T03:36:55.739642004Z,true,2025-01-14T04:02:22.749060221Z,false,2025-01-14T03:36:55.739642004Z,end of game,2025-01-14T04:02:22.83186268Z,01JHHD0KR1R08JR4CM849RD38J,2025-01-14T03:16:46.466630407Z,false,2025-01-14T03:37:27.07577884Z,5,2025-01-14T03:36:55.739642004Z,0,2025-01-14T03:54:01.968907037Z,90,2025-01-14T03:36:55.739642004Z,63,2025-01-14T03:36:57.403122772Z,1,2025-01-14T03:36:55.739642004Z,null,2025-01-14T04:02:22.749060221Z,true,2025-01-14T03:36:55.626693819Z,true,2025-01-14T03:36:55.626693819Z,ended,2025-01-14T04:02:22.83186268Z,"[[241,302],[241,428],[241,199],[241,293],[1,302],[1,428],[1,199],[1,293],[67,302],[67,428],[67,199],[67,293],[166,302],[166,428],[166,199],[166,293]]",2025-01-14T03:36:57.403122772Z,"[241,1,67,166]",2025-01-14T03:36:57.403122772Z,"{""contextSize"":4,""contextStructure"":""comp-between"",""feedbackDuration"":3,""maxTimeout"":5,""numRepetitionsWithPartner"":4,""playerCount"":2,""selectionDuration"":60,""showNegativeFeedback"":1}",2025-01-14T03:16:46.454341781Z,full-comp-between,2025-01-14T03:16:46.454341781Z
01JHHFVJ50D9D14T57NZ13A9SE,2,2025-01-14T04:11:51.344013056Z,01JHHFVJ0PT7XS6R6G2QA6HQJ7,2025-01-14T04:06:26.720199822Z,"[145,439,150,335]",2025-01-14T04:11:54.937277774Z,4,2025-01-14T04:11:51.618818362Z,comp-between,2025-01-14T04:11:51.618818362Z,true,2025-01-14T04:39:39.185471349Z,false,2025-01-14T04:11:51.618818362Z,end of game,2025-01-14T04:39:39.324315947Z,01JHHFVJC6X2R5SE5HYV8T4VAG,2025-01-14T04:06:26.959533311Z,false,2025-01-14T04:12:54.007797097Z,5,2025-01-14T04:11:51.618818362Z,0,2025-01-14T04:24:21.610861216Z,270,2025-01-14T04:11:51.618818362Z,63,2025-01-14T04:11:54.937277774Z,1,2025-01-14T04:11:51.618818362Z,null,2025-01-14T04:39:39.185471349Z,true,2025-01-14T04:11:51.344013056Z,true,2025-01-14T04:11:51.344013056Z,ended,2025-01-14T04:39:39.324315947Z,"[[391,145],[391,439],[391,150],[391,335],[181,145],[181,439],[181,150],[181,335],[36,145],[36,439],[36,150],[36,335],[313,145],[313,439],[313,150],[313,335]]",2025-01-14T04:11:54.937277774Z,"[391,181,36,313]",2025-01-14T04:11:54.937277774Z,"{""contextSize"":4,""contextStructure"":""comp-between"",""feedbackDuration"":3,""maxTimeout"":5,""numRepetitionsWithPartner"":4,""playerCount"":2,""selectionDuration"":60,""showNegativeFeedback"":1}",2025-01-14T04:06:26.720199822Z,full-comp-between,2025-01-14T04:06:26.720199822Z
01JHHD0E7KZ34M9PWH0F4ZJE4D,2,2025-01-14T03:21:45.329496776Z,01JHHD0E7BH1W5F8TS979SHZ7S,2025-01-14T03:16:40.819630193Z,"[444,94,115,389]",2025-01-14T03:21:45.576316284Z,4,2025-01-14T03:21:45.356227771Z,comp-between,2025-01-14T03:21:45.356227771Z,true,2025-01-14T03:52:25.428879623Z,false,2025-01-14T03:21:45.356227771Z,end of game,2025-01-14T03:52:25.517080897Z,01JHHD0E80KPCCGM63D68EJYJG,2025-01-14T03:16:40.834279629Z,false,2025-01-14T03:21:48.062135367Z,5,2025-01-14T03:21:45.356227771Z,0,2025-01-14T03:21:45.356227771Z,270,2025-01-14T03:21:45.356227771Z,63,2025-01-14T03:21:45.576316284Z,1,2025-01-14T03:21:45.356227771Z,null,2025-01-14T03:52:25.428879623Z,true,2025-01-14T03:21:45.329496776Z,true,2025-01-14T03:21:45.329496776Z,ended,2025-01-14T03:52:25.517080897Z,"[[387,444],[387,94],[387,115],[387,389],[198,444],[198,94],[198,115],[198,389],[202,444],[202,94],[202,115],[202,389],[180,444],[180,94],[180,115],[180,389]]",2025-01-14T03:21:45.576316284Z,"[387,198,202,180]",2025-01-14T03:21:45.576316284Z,"{""contextSize"":4,""contextStructure"":""comp-between"",""feedbackDuration"":3,""maxTimeout"":5,""numRepetitionsWithPartner"":4,""playerCount"":2,""selectionDuration"":60,""showNegativeFeedback"":1}",2025-01-14T03:16:40.819630193Z,full-comp-between,2025-01-14T03:16:40.819630193Z
01JHHD0ESE6JFDBAAVWRXEJZCY,2,2025-01-14T03:22:57.817236055Z,01JHHD0ES7E9KEN04DWWJEVGBY,2025-01-14T03:16:41.390760217Z,"[258,34,409,119]",2025-01-14T03:22:58.222059337Z,4,2025-01-14T03:22:57.848789024Z,comp-between,2025-01-14T03:22:57.848789024Z,true,2025-01-14T03:28:40.070659763Z,true,2025-01-14T03:28:40.054438007Z,timeOut,2025-01-14T03:28:40.054438007Z,01JHHD0ESWQW5WH6QQ1945576Z,2025-01-14T03:16:41.4061698Z,false,2025-01-14T03:23:04.791698796Z,5,2025-01-14T03:22:57.848789024Z,5,2025-01-14T03:28:40.054438007Z,90,2025-01-14T03:22:57.848789024Z,63,2025-01-14T03:22:58.222059337Z,1,2025-01-14T03:22:57.848789024Z,null,2025-01-14T03:28:40.070659763Z,true,2025-01-14T03:22:57.817236055Z,true,2025-01-14T03:22:57.817236055Z,ended,2025-01-14T03:28:40.054438007Z,"[[147,258],[147,34],[147,409],[147,119],[350,258],[350,34],[350,409],[350,119],[234,258],[234,34],[234,409],[234,119],[222,258],[222,34],[222,409],[222,119]]",2025-01-14T03:22:58.222059337Z,"[147,350,234,222]",2025-01-14T03:22:58.222059337Z,"{""contextSize"":4,""contextStructure"":""comp-between"",""feedbackDuration"":3,""maxTimeout"":5,""numRepetitionsWithPartner"":4,""playerCount"":2,""selectionDuration"":60,""showNegativeFeedback"":1}",2025-01-14T03:16:41.390760217Z,full-comp-between,2025-01-14T03:16:41.390760217Z
01JHHD0KDN829S8A0Y7KW3C6RX,2,2025-01-14T03:32:47.174910627Z,01JHHD0KDEKAFRJ86JQRC9Q1DF,2025-01-14T03:16:46.133928751Z,"[75,232,465,62]",2025-01-14T03:32:48.36311486Z,4,2025-01-14T03:32:47.271590859Z,comp-between,2025-01-14T03:32:47.271590859Z,true,2025-01-14T04:13:38.181235128Z,false,2025-01-14T03:32:47.271590859Z,end of game,2025-01-14T04:13:38.300187039Z,01JHHD0KE34P3772QJP7YXP49T,2025-01-14T03:16:46.148293447Z,false,2025-01-14T03:33:11.593651864Z,5,2025-01-14T03:32:47.271590859Z,0,2025-01-14T03:48:14.954238261Z,270,2025-01-14T03:32:47.271590859Z,63,2025-01-14T03:32:48.36311486Z,1,2025-01-14T03:32:47.271590859Z,null,2025-01-14T04:13:38.181235128Z,true,2025-01-14T03:32:47.174910627Z,true,2025-01-14T03:32:47.174910627Z,ended,2025-01-14T04:13:38.300187039Z,"[[160,75],[160,232],[160,465],[160,62],[8,75],[8,232],[8,465],[8,62],[393,75],[393,232],[393,465],[393,62],[137,75],[137,232],[137,465],[137,62]]",2025-01-14T03:32:48.36311486Z,"[160,8,393,137]",2025-01-14T03:32:48.36311486Z,"{""contextSize"":4,""contextStructure"":""comp-between"",""feedbackDuration"":3,""maxTimeout"":5,""numRepetitionsWithPartner"":4,""playerCount"":2,""selectionDuration"":60,""showNegativeFeedback"":1}",2025-01-14T03:16:46.133928751Z,full-comp-between,2025-01-14T03:16:46.133928751Z
01JHHD0BKP0CZQBMG5F0FSRZSW,2,2025-01-14T03:19:55.856132227Z,01JHHD0BK6V517RSTB2PRP0NYT,2025-01-14T03:16:38.134382333Z,"[467,152,320,48]",2025-01-14T03:19:56.116230774Z,4,2025-01-14T03:19:55.878666183Z,comp-between,2025-01-14T03:19:55.878666183Z,true,2025-01-14T03:35:17.442349566Z,false,2025-01-14T03:19:55.878666183Z,end of game,2025-01-14T03:35:17.495090799Z,01JHHD0BM746TNZP9B4DCCEVW5,2025-01-14T03:16:38.154628949Z,false,2025-01-14T03:19:58.927473898Z,5,2025-01-14T03:19:55.878666183Z,0,2025-01-14T03:19:55.878666183Z,180,2025-01-14T03:19:55.878666183Z,63,2025-01-14T03:19:56.116230774Z,1,2025-01-14T03:19:55.878666183Z,null,2025-01-14T03:35:17.442349566Z,true,2025-01-14T03:19:55.856132227Z,true,2025-01-14T03:19:55.856132227Z,ended,2025-01-14T03:35:17.495090799Z,"[[373,467],[373,152],[373,320],[373,48],[29,467],[29,152],[29,320],[29,48],[260,467],[260,152],[260,320],[260,48],[84,467],[84,152],[84,320],[84,48]]",2025-01-14T03:19:56.116230774Z,"[373,29,260,84]",2025-01-14T03:19:56.116230774Z,"{""contextSize"":4,""contextStructure"":""comp-between"",""feedbackDuration"":3,""maxTimeout"":5,""numRepetitionsWithPartner"":4,""playerCount"":2,""selectionDuration"":60,""showNegativeFeedback"":1}",2025-01-14T03:16:38.134382333Z,full-comp-between,2025-01-14T03:16:38.134382333Z
01JHHD0F6YE4Q4EKW7SX757Z1P,2,2025-01-14T03:23:28.67517028Z,01JHHD0F6NCYX5N429VHCDCMYN,2025-01-14T03:16:41.822372861Z,"[32,57,3,399]",2025-01-14T03:23:29.07992359Z,4,2025-01-14T03:23:28.711022582Z,comp-between,2025-01-14T03:23:28.711022582Z,true,2025-01-14T03:45:46.404699466Z,false,2025-01-14T03:23:28.711022582Z,end of game,2025-01-14T03:45:46.491799374Z,01JHHD0F79Q1D4NKSE1YMAM2AJ,2025-01-14T03:16:41.835372069Z,false,2025-01-14T03:23:32.433176118Z,5,2025-01-14T03:23:28.711022582Z,0,2025-01-14T03:24:57.587070733Z,90,2025-01-14T03:23:28.711022582Z,63,2025-01-14T03:23:29.07992359Z,1,2025-01-14T03:23:28.711022582Z,null,2025-01-14T03:45:46.404699466Z,true,2025-01-14T03:23:28.67517028Z,true,2025-01-14T03:23:28.67517028Z,ended,2025-01-14T03:45:46.491799374Z,"[[377,32],[377,57],[377,3],[377,399],[126,32],[126,57],[126,3],[126,399],[142,32],[142,57],[142,3],[142,399],[443,32],[443,57],[443,3],[443,399]]",2025-01-14T03:23:29.07992359Z,"[377,126,142,443]",2025-01-14T03:23:29.07992359Z,"{""contextSize"":4,""contextStructure"":""comp-between"",""feedbackDuration"":3,""maxTimeout"":5,""numRepetitionsWithPartner"":4,""playerCount"":2,""selectionDuration"":60,""showNegativeFeedback"":1}",2025-01-14T03:16:41.822372861Z,full-comp-between,2025-01-14T03:16:41.822372861Z
01JHHD0GR0PWHMHAH31F50JMD1,2,2025-01-14T03:27:18.980479189Z,01JHHD0GQSQCBP0CW3NTTXZ051,2025-01-14T03:16:43.392400655Z,"[366,453,324,161]",2025-01-14T03:27:19.72141339Z,4,2025-01-14T03:27:19.050635655Z,comp-between,2025-01-14T03:27:19.050635655Z,true,2025-01-14T03:49:53.202430394Z,false,2025-01-14T03:27:19.050635655Z,end of game,2025-01-14T03:49:53.369380519Z,01JHHD0GRDGHK0DSKEANN9S6KN,2025-01-14T03:16:43.407560007Z,false,2025-01-14T03:27:33.376653425Z,5,2025-01-14T03:27:19.050635655Z,0,2025-01-14T03:29:17.375574936Z,0,2025-01-14T03:27:19.050635655Z,63,2025-01-14T03:27:19.72141339Z,1,2025-01-14T03:27:19.050635655Z,null,2025-01-14T03:49:53.202430394Z,true,2025-01-14T03:27:18.980479189Z,true,2025-01-14T03:27:18.980479189Z,ended,2025-01-14T03:49:53.369380519Z,"[[143,366],[143,453],[143,324],[143,161],[468,366],[468,453],[468,324],[468,161],[339,366],[339,453],[339,324],[339,161],[144,366],[144,453],[144,324],[144,161]]",2025-01-14T03:27:19.72141339Z,"[143,468,339,144]",2025-01-14T03:27:19.72141339Z,"{""contextSize"":4,""contextStructure"":""comp-between"",""feedbackDuration"":3,""maxTimeout"":5,""numRepetitionsWithPartner"":4,""playerCount"":2,""selectionDuration"":60,""showNegativeFeedback"":1}",2025-01-14T03:16:43.392400655Z,full-comp-between,2025-01-14T03:16:43.392400655Z
