id,batchID,batchIDLastChangedAt,gameID,gameIDLastChangedAt,playerID,playerIDLastChangedAt
01JHHD6CPY904P1DC5NQW13DQ9,01JHHD0BK6V517RSTB2PRP0NYT,2025-01-14T03:19:55.870522433Z,01JHHD0BKP0CZQBMG5F0FSRZSW,2025-01-14T03:19:55.870522433Z,01JHHD1C9NARZ77YTDABZ716QD,2025-01-14T03:19:55.870522433Z
01JHHD9QM3XRJDQY3A1WVD268N,01JHHD0E7BH1W5F8TS979SHZ7S,2025-01-14T03:21:45.347695843Z,01JHHD0E7KZ34M9PWH0F4ZJE4D,2025-01-14T03:21:45.347695843Z,01JHHD3VDMG1909FWB7AVQM3DF,2025-01-14T03:21:45.347695843Z
01JHHDBYD87M647Q59DJSSBX5K,01JHHD0ES7E9KEN04DWWJEVGBY,2025-01-14T03:22:57.832864804Z,01JHHD0ESE6JFDBAAVWRXEJZCY,2025-01-14T03:22:57.832864804Z,01JHHD31J2H5N4W52AS5SZKGDK,2025-01-14T03:22:57.832864804Z
01JHHDDQ592CS0MPD02N61Y87K,01JHHD0FPNNP4EW93R4F8TDRS8,2025-01-14T03:23:55.945146893Z,01JHHD0FPWJVSAHRGNJNFGR0CB,2025-01-14T03:23:55.945146893Z,01JHHD3M0WTETBJGW25AB79ZNS,2025-01-14T03:23:55.945146893Z
01JHHDPVVXMZN8Z6YZNFN8HW0W,01JHHD0JW7MJ4EC19PZGR08GVR,2025-01-14T03:28:55.677174348Z,01JHHD0JWEAYRMY5WF32610QEX,2025-01-14T03:28:55.677174348Z,01JHHD33A7Y15CZP876MN77RTE,2025-01-14T03:28:55.677174348Z
01JHHDBYDDRZQMEWMAG48F0845,01JHHD0ES7E9KEN04DWWJEVGBY,2025-01-14T03:22:57.837251256Z,01JHHD0ESE6JFDBAAVWRXEJZCY,2025-01-14T03:22:57.837251256Z,01JHHD3T85D7TC7ZGKDFPQ390E,2025-01-14T03:22:57.837251256Z
01JHHDCWHRSF5EDBR5R4JGRZF4,01JHHD0F6NCYX5N429VHCDCMYN,2025-01-14T03:23:28.696416367Z,01JHHD0F6YE4Q4EKW7SX757Z1P,2025-01-14T03:23:28.696416367Z,01JHHD3FX0X4JR20Y9573PG8P7,2025-01-14T03:23:28.696416367Z
01JHHDTWXAAAB6QBNP81S254MQ,01JHHD0K588VWG3C3FX4Z3ZD2K,2025-01-14T03:31:07.818945225Z,01JHHD0K5FE3XKABJE75449W68,2025-01-14T03:31:07.818945225Z,01JHHD82ZP8JGSWDHZTJ6P1RSA,2025-01-14T03:31:07.818945225Z
01JHHGBD02Z7R8PH4C4K6VHSKS,01JHHFW7Z56F5TJ8DM12K21VDW,2025-01-14T04:15:05.730324975Z,01JHHFW83V7A77BZQKR6ZJ5W06,2025-01-14T04:15:05.730324975Z,01JHHFYKPA1D3GWNCRWFFNGK0W,2025-01-14T04:15:05.730324975Z
01JHHD916BVP28J8V0FR5DTMPR,01JHHD0CR9KSG98ZGRC00V794V,2025-01-14T03:21:22.37965051Z,01JHHD0CRJX9Y6P71F38T42VEC,2025-01-14T03:21:22.37965051Z,01JHHD3JN5MB95W93XR0KDTAXR,2025-01-14T03:21:22.37965051Z
01JHHD9EX7DXKFVXP27QJG6CVA,01JHHD0DNAAT5CFGVN32XQ8M8X,2025-01-14T03:21:36.423865449Z,01JHHD0DNM0BSBTGTV9PS14C92,2025-01-14T03:21:36.423865449Z,01JHHD37ECX1XESRAFV8CBNA09,2025-01-14T03:21:36.423865449Z
01JHHDKXFDJREYA8TNQ9D2RNBF,01JHHD0GQSQCBP0CW3NTTXZ051,2025-01-14T03:27:19.02173936Z,01JHHD0GR0PWHMHAH31F50JMD1,2025-01-14T03:27:19.02173936Z,01JHHD45QYT7EQ5W5HBZ193QGV,2025-01-14T03:27:19.02173936Z
01JHHDN3ZS90TAT6GN7HBCND54,01JHHD0JJDT88R4X3Q0AVJ4AS2,2025-01-14T03:27:58.457152339Z,01JHHD0JJN4T5BE281HTE83CAV,2025-01-14T03:27:58.457152339Z,01JHHDD5MYSDJXRGMX4T39RA72,2025-01-14T03:27:58.457152339Z
01JHHG3GT9E9WFFTQ65MKK43CE,01JHHFVFSYSPZSTJ3Z44H5FCYR,2025-01-14T04:10:47.497985533Z,01JHHFVFY6S1NC06NBPSG74T00,2025-01-14T04:10:47.497985533Z,01JHHFZ81R19KAP7PZG85EXNHX,2025-01-14T04:10:47.497985533Z
01JHHGEX731Y109ED4CP0CB0HJ,01JHHFW9SJG5VV92VQE383ZHQ0,2025-01-14T04:17:00.643631574Z,01JHHFW9Y9NGJWR990CVS4RPK3,2025-01-14T04:17:00.643631574Z,01JHHFZ2SSP05EZ4TNBRWT3SZQ,2025-01-14T04:17:00.643631574Z
01JHHDDQ5EMRBKP3W1DXWGE1TE,01JHHD0FPNNP4EW93R4F8TDRS8,2025-01-14T03:23:55.950693439Z,01JHHD0FPWJVSAHRGNJNFGR0CB,2025-01-14T03:23:55.950693439Z,01JHHD4M96HQJCP339YC2GZ7EK,2025-01-14T03:23:55.950693439Z
01JHHDTWXRABBCVX9Q8ACBJJZF,01JHHD0K588VWG3C3FX4Z3ZD2K,2025-01-14T03:31:07.832190829Z,01JHHD0K5FE3XKABJE75449W68,2025-01-14T03:31:07.832190829Z,01JHHDK2J03GYSX0PDT9J9GG56,2025-01-14T03:31:07.832190829Z
01JHHDXY00RCQ81ZMXQPKA3G2T,01JHHD0KDEKAFRJ86JQRC9Q1DF,2025-01-14T03:32:47.232719266Z,01JHHD0KDN829S8A0Y7KW3C6RX,2025-01-14T03:32:47.232719266Z,01JHHDC4XASQ139TP1SA7TGWG5,2025-01-14T03:32:47.232719266Z
01JHHE5GKSRSZCV2FH3Z9TBXBM,01JHHD0KQEX37BYDP00QWSXS2S,2025-01-14T03:36:55.67330965Z,01JHHD0KQPXKABSFQTSYWJ0BBB,2025-01-14T03:36:55.67330965Z,01JHHDJCZJYAQY9162008PCKW7,2025-01-14T03:36:55.67330965Z
01JHHG5F9E5182MGQ0KRVS7WKM,01JHHFVJ0PT7XS6R6G2QA6HQJ7,2025-01-14T04:11:51.470644572Z,01JHHFVJ50D9D14T57NZ13A9SE,2025-01-14T04:11:51.470644572Z,01JHHFYY0631J3063CP31NC68Q,2025-01-14T04:11:51.470644572Z
01JHHDGT9TKQ9CCD7JTVJ23W8C,01JHHD0GDNESMFBBD0NY6MKNA7,2025-01-14T03:25:37.466496996Z,01JHHD0GDWH1E6SKF58T44AJRB,2025-01-14T03:25:37.466496996Z,01JHHD2Q79RM9P7REYW9R38E9S,2025-01-14T03:25:37.466496996Z
01JHHDPVW6W777MFEXCNHBCP3E,01JHHD0JW7MJ4EC19PZGR08GVR,2025-01-14T03:28:55.68649096Z,01JHHD0JWEAYRMY5WF32610QEX,2025-01-14T03:28:55.68649096Z,01JHHDFH6BV7JMM34SWE1RWQV8,2025-01-14T03:28:55.68649096Z
01JHHE5GM859DJ4BX7HPG4G68X,01JHHD0KQEX37BYDP00QWSXS2S,2025-01-14T03:36:55.689012869Z,01JHHD0KQPXKABSFQTSYWJ0BBB,2025-01-14T03:36:55.689012869Z,01JHHDK6M9XQ33W54S7N3WXBXF,2025-01-14T03:36:55.689012869Z
01JHHG3GS310A65SWE59DZS5Q8,01JHHFVFSYSPZSTJ3Z44H5FCYR,2025-01-14T04:10:47.45920906Z,01JHHFVFY6S1NC06NBPSG74T00,2025-01-14T04:10:47.45920906Z,01JHHFYM6NJQQ1NBEECFVSJEV5,2025-01-14T04:10:47.45920906Z
01JHHG9EJH23ZHY3FNGQHW20D1,01JHHFVKQ9PGQ5NTR2CF1XESFZ,2025-01-14T04:14:01.809430337Z,01JHHFVKVSW2SRVNYN6TJY8S3J,2025-01-14T04:14:01.809430337Z,01JHHFYXCQMKFD0T91YVQSMAZ6,2025-01-14T04:14:01.809430337Z
01JHHGBD1C9CD2TEB3JXV1H3TM,01JHHFW7Z56F5TJ8DM12K21VDW,2025-01-14T04:15:05.772661151Z,01JHHFW83V7A77BZQKR6ZJ5W06,2025-01-14T04:15:05.772661151Z,01JHHG58BRMTYQZQCZ8QQY8G2R,2025-01-14T04:15:05.772661151Z
01JHHD6CPY904P1DC5P3PTQ6EY,01JHHD0BK6V517RSTB2PRP0NYT,2025-01-14T03:19:55.870838573Z,01JHHD0BKP0CZQBMG5F0FSRZSW,2025-01-14T03:19:55.870838573Z,01JHHD2XYNX6EXYGDH1RNNZCRZ,2025-01-14T03:19:55.870838573Z
01JHHDE2F2QR4ZDB8VDP1J3XBE,01JHHD0G1R8TRQGJ9F859DG1AN,2025-01-14T03:24:07.522972388Z,01JHHD0G204SXDE845RNGV7T48,2025-01-14T03:24:07.522972388Z,01JHHD3Q5AP1XP2ZBJ5CERB5VT,2025-01-14T03:24:07.522972388Z
01JHHDE2FAHTMWBVJ309EGE57C,01JHHD0G1R8TRQGJ9F859DG1AN,2025-01-14T03:24:07.530713055Z,01JHHD0G204SXDE845RNGV7T48,2025-01-14T03:24:07.530713055Z,01JHHD51JHQCDRCR1M4CR5HKC0,2025-01-14T03:24:07.530713055Z
01JHHDGTA0BQQTA4745W5NPPQN,01JHHD0GDNESMFBBD0NY6MKNA7,2025-01-14T03:25:37.472694774Z,01JHHD0GDWH1E6SKF58T44AJRB,2025-01-14T03:25:37.472694774Z,01JHHDEJB7MKPKGNSN6GSZVDEG,2025-01-14T03:25:37.472694774Z
01JHHDN402QSRK9NWGC6DV2KDR,01JHHD0JJDT88R4X3Q0AVJ4AS2,2025-01-14T03:27:58.466889812Z,01JHHD0JJN4T5BE281HTE83CAV,2025-01-14T03:27:58.466889812Z,01JHHDD81GQZ9ZVHHMST2YBVSR,2025-01-14T03:27:58.466889812Z
01JHHDXXZJ2CQ8K1EN6Q3MGC7X,01JHHD0KDEKAFRJ86JQRC9Q1DF,2025-01-14T03:32:47.218382872Z,01JHHD0KDN829S8A0Y7KW3C6RX,2025-01-14T03:32:47.218382872Z,01JHHD8A4XK21M7FKS1HXT8J44,2025-01-14T03:32:47.218382872Z
01JHHD916AEDJMQWB2E74CAYDE,01JHHD0CR9KSG98ZGRC00V794V,2025-01-14T03:21:22.378256057Z,01JHHD0CRJX9Y6P71F38T42VEC,2025-01-14T03:21:22.378256057Z,01JHHD2W3NH4X8FAJWH2S8B0R2,2025-01-14T03:21:22.378256057Z
01JHHD9EX5GTYXT775265126TY,01JHHD0DNAAT5CFGVN32XQ8M8X,2025-01-14T03:21:36.421550619Z,01JHHD0DNM0BSBTGTV9PS14C92,2025-01-14T03:21:36.421550619Z,01JHHD2Z43ANC7KJ0XM6XBK89W,2025-01-14T03:21:36.421550619Z
01JHHD9QM1CA5XMVVJ9PNTX1KJ,01JHHD0E7BH1W5F8TS979SHZ7S,2025-01-14T03:21:45.345375772Z,01JHHD0E7KZ34M9PWH0F4ZJE4D,2025-01-14T03:21:45.345375772Z,01JHHD355773S258QF489CZEDD,2025-01-14T03:21:45.345375772Z
01JHHDKXFM4RE81EJ2HGV6ZEWE,01JHHD0GQSQCBP0CW3NTTXZ051,2025-01-14T03:27:19.028915885Z,01JHHD0GR0PWHMHAH31F50JMD1,2025-01-14T03:27:19.028915885Z,01JHHD49H3S0M7W1VYBDC8B422,2025-01-14T03:27:19.028915885Z
01JHHDCWHVTD2A3K55QWT4BGM7,01JHHD0F6NCYX5N429VHCDCMYN,2025-01-14T03:23:28.699780152Z,01JHHD0F6YE4Q4EKW7SX757Z1P,2025-01-14T03:23:28.699780152Z,01JHHD495HJK599EB1P9MRTPFJ,2025-01-14T03:23:28.699780152Z
01JHHG5FAW6Q5FH6PT0CT8THV2,01JHHFVJ0PT7XS6R6G2QA6HQJ7,2025-01-14T04:11:51.51680436Z,01JHHFVJ50D9D14T57NZ13A9SE,2025-01-14T04:11:51.51680436Z,01JHHFZGM97YYZZPBTJ60KD155,2025-01-14T04:11:51.51680436Z
01JHHG9EM06604Q3SQEWNBQBZ5,01JHHFVKQ9PGQ5NTR2CF1XESFZ,2025-01-14T04:14:01.856759722Z,01JHHFVKVSW2SRVNYN6TJY8S3J,2025-01-14T04:14:01.856759722Z,01JHHFZ7VPGAD3JJ5R1959NE5G,2025-01-14T04:14:01.856759722Z
01JHHGEX5PKYVJGDHHNST5XNRH,01JHHFW9SJG5VV92VQE383ZHQ0,2025-01-14T04:17:00.598970655Z,01JHHFW9Y9NGJWR990CVS4RPK3,2025-01-14T04:17:00.598970655Z,01JHHFYVP8RY8TFN5V79XV7Q20,2025-01-14T04:17:00.598970655Z
