id,actualPlayerCount,actualPlayerCountLastChangedAt,batchID,batchIDLastChangedAt,bottomTangrams,bottomTangramsLastChangedAt,contextSize,contextSizeLastChangedAt,contextStructure,contextStructureLastChangedAt,ended,endedLastChangedAt,endedInactive,endedInactiveLastChangedAt,endedReason,endedReasonLastChangedAt,groupID,groupIDLastChangedAt,justStarted,justStartedLastChangedAt,maxTimeout,maxTimeoutLastChangedAt,numRoundsInactive,numRoundsInactiveLastChangedAt,rotation,rotationLastChangedAt,roundIndex,roundIndexLastChangedAt,showNegativeFeedback,showNegativeFeedbackLastChangedAt,stageID,stageIDLastChangedAt,start,startLastChangedAt,starting,startingLastChangedAt,status,statusLastChangedAt,targets,targetsLastChangedAt,topTangrams,topTangramsLastChangedAt,treatment,treatmentLastChangedAt,treatmentName,treatmentNameLastChangedAt
01JJCNV1E08E927HNDYX2BEQ25,2,2025-01-24T17:54:46.307508078Z,01JJCNV1DTTHP0Q6VQ60EAB8FE,2025-01-24T17:30:30.720586124Z,"[135,109,289,316]",2025-01-24T17:54:46.419155841Z,4,2025-01-24T17:54:46.320056571Z,comp-between,2025-01-24T17:54:46.320056571Z,true,2025-01-24T18:18:38.551259322Z,false,2025-01-24T17:54:46.320056571Z,end of game,2025-01-24T18:18:38.577596937Z,01JJCNV1E9WQYSBBYNCSGVGRV6,2025-01-24T17:30:30.730732498Z,false,2025-01-24T17:54:48.470970786Z,5,2025-01-24T17:54:46.320056571Z,0,2025-01-24T17:57:34.978557747Z,90,2025-01-24T17:54:46.320056571Z,63,2025-01-24T17:54:46.419155841Z,1,2025-01-24T17:54:46.320056571Z,null,2025-01-24T18:18:38.551259322Z,true,2025-01-24T17:54:46.307508078Z,true,2025-01-24T17:54:46.307508078Z,ended,2025-01-24T18:18:38.577596937Z,"[[85,135],[85,109],[85,289],[85,316],[412,135],[412,109],[412,289],[412,316],[71,135],[71,109],[71,289],[71,316],[42,135],[42,109],[42,289],[42,316]]",2025-01-24T17:54:46.419155841Z,"[85,412,71,42]",2025-01-24T17:54:46.419155841Z,"{""contextSize"":4,""contextStructure"":""comp-between"",""feedbackDuration"":3,""maxTimeout"":5,""numRepetitionsWithPartner"":4,""playerCount"":2,""selectionDuration"":60,""showNegativeFeedback"":1}",2025-01-24T17:30:30.720586124Z,full-comp-between,2025-01-24T17:30:30.720586124Z
01JJCNV38ZRGGPSFZGNDC3YV04,2,2025-01-24T18:03:39.374747554Z,01JJCNV38Q0TEHCP1RFXNVJEGB,2025-01-24T17:30:32.607069347Z,"[24,175,350,304]",2025-01-24T18:03:39.59570916Z,4,2025-01-24T18:03:39.398875635Z,comp-between,2025-01-24T18:03:39.398875635Z,true,2025-01-24T18:33:21.570231278Z,false,2025-01-24T18:03:39.398875635Z,end of game,2025-01-24T18:33:21.613545965Z,01JJCNV398XSP5A02WCV2M9JF6,2025-01-24T17:30:32.617507295Z,false,2025-01-24T18:03:43.978577732Z,5,2025-01-24T18:03:39.398875635Z,0,2025-01-24T18:09:21.93188893Z,90,2025-01-24T18:03:39.398875635Z,63,2025-01-24T18:03:39.59570916Z,1,2025-01-24T18:03:39.398875635Z,null,2025-01-24T18:33:21.570231278Z,true,2025-01-24T18:03:39.374747554Z,true,2025-01-24T18:03:39.374747554Z,ended,2025-01-24T18:33:21.613545965Z,"[[21,24],[21,175],[21,350],[21,304],[187,24],[187,175],[187,350],[187,304],[63,24],[63,175],[63,350],[63,304],[138,24],[138,175],[138,350],[138,304]]",2025-01-24T18:03:39.59570916Z,"[21,187,63,138]",2025-01-24T18:03:39.59570916Z,"{""contextSize"":4,""contextStructure"":""comp-between"",""feedbackDuration"":3,""maxTimeout"":5,""numRepetitionsWithPartner"":4,""playerCount"":2,""selectionDuration"":60,""showNegativeFeedback"":1}",2025-01-24T17:30:32.607069347Z,full-comp-between,2025-01-24T17:30:32.607069347Z
01JJCYKQKA57Q9B5FJT20YWS5N,2,2025-01-24T20:08:13.72611573Z,01JJCYKQHPSFZ0MBD58DEGVZXW,2025-01-24T20:03:48.458503964Z,"[194,68,307,89]",2025-01-24T20:08:15.253813434Z,4,2025-01-24T20:08:13.842464189Z,comp-between,2025-01-24T20:08:13.842464189Z,true,2025-01-24T20:35:28.45817109Z,false,2025-01-24T20:08:13.842464189Z,end of game,2025-01-24T20:35:28.548057031Z,01JJCYKQPGTN2RGHS41ME14SEP,2025-01-24T20:03:48.564601133Z,false,2025-01-24T20:08:43.22426879Z,5,2025-01-24T20:08:13.842464189Z,0,2025-01-24T20:11:10.391885678Z,180,2025-01-24T20:08:13.842464189Z,63,2025-01-24T20:08:15.253813434Z,1,2025-01-24T20:08:13.842464189Z,null,2025-01-24T20:35:28.45817109Z,true,2025-01-24T20:08:13.72611573Z,true,2025-01-24T20:08:13.72611573Z,ended,2025-01-24T20:35:28.548057031Z,"[[179,194],[179,68],[179,307],[179,89],[35,194],[35,68],[35,307],[35,89],[460,194],[460,68],[460,307],[460,89],[36,194],[36,68],[36,307],[36,89]]",2025-01-24T20:08:15.253813434Z,"[179,35,460,36]",2025-01-24T20:08:15.253813434Z,"{""contextSize"":4,""contextStructure"":""comp-between"",""feedbackDuration"":3,""maxTimeout"":5,""numRepetitionsWithPartner"":4,""playerCount"":2,""selectionDuration"":60,""showNegativeFeedback"":1}",2025-01-24T20:03:48.458503964Z,full-comp-between,2025-01-24T20:03:48.458503964Z
01JJCYKSEA8BWWZYQKVTRHA73K,2,2025-01-24T20:10:34.232656295Z,01JJCYKSCC2MSB03DG2W0V12DY,2025-01-24T20:03:50.346051337Z,"[336,219,274,120]",2025-01-24T20:10:35.998591445Z,4,2025-01-24T20:10:34.361319115Z,comp-between,2025-01-24T20:10:34.361319115Z,true,2025-01-24T20:34:46.756984302Z,false,2025-01-24T20:10:34.361319115Z,end of game,2025-01-24T20:34:46.880347653Z,01JJCYKSHCH5ASXM65G08HK96V,2025-01-24T20:03:50.448478638Z,false,2025-01-24T20:11:07.173882142Z,5,2025-01-24T20:10:34.361319115Z,0,2025-01-24T20:10:34.361319115Z,90,2025-01-24T20:10:34.361319115Z,63,2025-01-24T20:10:35.998591445Z,1,2025-01-24T20:10:34.361319115Z,null,2025-01-24T20:34:46.756984302Z,true,2025-01-24T20:10:34.232656295Z,true,2025-01-24T20:10:34.232656295Z,ended,2025-01-24T20:34:46.880347653Z,"[[387,336],[387,219],[387,274],[387,120],[79,336],[79,219],[79,274],[79,120],[188,336],[188,219],[188,274],[188,120],[178,336],[178,219],[178,274],[178,120]]",2025-01-24T20:10:35.998591445Z,"[387,79,188,178]",2025-01-24T20:10:35.998591445Z,"{""contextSize"":4,""contextStructure"":""comp-between"",""feedbackDuration"":3,""maxTimeout"":5,""numRepetitionsWithPartner"":4,""playerCount"":2,""selectionDuration"":60,""showNegativeFeedback"":1}",2025-01-24T20:03:50.346051337Z,full-comp-between,2025-01-24T20:03:50.346051337Z
01JJCYKT12EV915TTVG865FHHB,2,2025-01-24T20:11:52.621604742Z,01JJCYKSZHM7F3F7JA0R0J3P3J,2025-01-24T20:03:50.946139758Z,"[43,136,83,216]",2025-01-24T20:11:54.407108273Z,4,2025-01-24T20:11:52.754632553Z,comp-between,2025-01-24T20:11:52.754632553Z,true,2025-01-24T20:32:13.753244036Z,false,2025-01-24T20:11:52.754632553Z,end of game,2025-01-24T20:32:13.838135731Z,01JJCYKT4P0D0XQPDA9M0NGEGC,2025-01-24T20:03:51.064529305Z,false,2025-01-24T20:12:26.904694939Z,5,2025-01-24T20:11:52.754632553Z,0,2025-01-24T20:11:52.754632553Z,180,2025-01-24T20:11:52.754632553Z,63,2025-01-24T20:11:54.407108273Z,1,2025-01-24T20:11:52.754632553Z,null,2025-01-24T20:32:13.753244036Z,true,2025-01-24T20:11:52.621604742Z,true,2025-01-24T20:11:52.621604742Z,ended,2025-01-24T20:32:13.838135731Z,"[[461,43],[461,136],[461,83],[461,216],[456,43],[456,136],[456,83],[456,216],[396,43],[396,136],[396,83],[396,216],[10,43],[10,136],[10,83],[10,216]]",2025-01-24T20:11:54.407108273Z,"[461,456,396,10]",2025-01-24T20:11:54.407108273Z,"{""contextSize"":4,""contextStructure"":""comp-between"",""feedbackDuration"":3,""maxTimeout"":5,""numRepetitionsWithPartner"":4,""playerCount"":2,""selectionDuration"":60,""showNegativeFeedback"":1}",2025-01-24T20:03:50.946139758Z,full-comp-between,2025-01-24T20:03:50.946139758Z
01JJCYKVBDFREZ84R9736KT40J,2,2025-01-24T20:18:36.35129165Z,01JJCYKV9W8QZVSVZ659FS732R,2025-01-24T20:03:52.301295446Z,"[159,216,305,71]",2025-01-24T20:18:38.569103915Z,4,2025-01-24T20:18:36.505214177Z,comp-between,2025-01-24T20:18:36.505214177Z,true,2025-01-24T20:49:59.236579226Z,false,2025-01-24T20:18:36.505214177Z,end of game,2025-01-24T20:49:59.33353062Z,01JJCYKVFNK73SJ49JWY2Z9A80,2025-01-24T20:03:52.440794635Z,false,2025-01-24T20:19:17.3206575Z,5,2025-01-24T20:18:36.505214177Z,0,2025-01-24T20:29:17.289847561Z,0,2025-01-24T20:18:36.505214177Z,63,2025-01-24T20:18:38.569103915Z,1,2025-01-24T20:18:36.505214177Z,null,2025-01-24T20:49:59.236579226Z,true,2025-01-24T20:18:36.35129165Z,true,2025-01-24T20:18:36.35129165Z,ended,2025-01-24T20:49:59.33353062Z,"[[359,159],[359,216],[359,305],[359,71],[207,159],[207,216],[207,305],[207,71],[299,159],[299,216],[299,305],[299,71],[402,159],[402,216],[402,305],[402,71]]",2025-01-24T20:18:38.569103915Z,"[359,207,299,402]",2025-01-24T20:18:38.569103915Z,"{""contextSize"":4,""contextStructure"":""comp-between"",""feedbackDuration"":3,""maxTimeout"":5,""numRepetitionsWithPartner"":4,""playerCount"":2,""selectionDuration"":60,""showNegativeFeedback"":1}",2025-01-24T20:03:52.301295446Z,full-comp-between,2025-01-24T20:03:52.301295446Z
01JJCYM41HT98NGYQMHZ2RSMTB,2,2025-01-24T20:41:11.465588446Z,01JJCYM3Z4AC9THY182AHMG602,2025-01-24T20:04:01.202008193Z,"[135,109,289,316]",2025-01-24T20:41:14.398805504Z,4,2025-01-24T20:41:11.697764209Z,comp-between,2025-01-24T20:41:11.697764209Z,true,2025-01-24T20:47:30.241629851Z,true,2025-01-24T20:47:30.191091388Z,timeOut,2025-01-24T20:47:30.191091388Z,01JJCYM457X86TDMAYYMPWQKRR,2025-01-24T20:04:01.323596033Z,false,2025-01-24T20:42:10.23789655Z,5,2025-01-24T20:41:11.697764209Z,5,2025-01-24T20:47:30.191091388Z,0,2025-01-24T20:41:11.697764209Z,63,2025-01-24T20:41:14.398805504Z,1,2025-01-24T20:41:11.697764209Z,null,2025-01-24T20:47:30.241629851Z,true,2025-01-24T20:41:11.465588446Z,true,2025-01-24T20:41:11.465588446Z,ended,2025-01-24T20:47:30.191091388Z,"[[85,135],[85,109],[85,289],[85,316],[412,135],[412,109],[412,289],[412,316],[71,135],[71,109],[71,289],[71,316],[42,135],[42,109],[42,289],[42,316]]",2025-01-24T20:41:14.398805504Z,"[85,412,71,42]",2025-01-24T20:41:14.398805504Z,"{""contextSize"":4,""contextStructure"":""comp-between"",""feedbackDuration"":3,""maxTimeout"":5,""numRepetitionsWithPartner"":4,""playerCount"":2,""selectionDuration"":60,""showNegativeFeedback"":1}",2025-01-24T20:04:01.202008193Z,full-comp-between,2025-01-24T20:04:01.202008193Z
01JJCNV0ZHF4EPQFT6D95FJRN6,2,2025-01-24T17:53:39.168612634Z,01JJCNV0Z8Z1SW8C7CVGNM2S57,2025-01-24T17:30:30.2572069Z,"[188,420,140,371]",2025-01-24T17:53:39.275504903Z,4,2025-01-24T17:53:39.181414245Z,comp-between,2025-01-24T17:53:39.181414245Z,true,2025-01-24T18:27:39.547728661Z,false,2025-01-24T17:53:39.181414245Z,end of game,2025-01-24T18:27:39.580549123Z,01JJCNV0ZX5BMQQH439YRSRJQN,2025-01-24T17:30:30.271362105Z,false,2025-01-24T17:53:42.084602807Z,5,2025-01-24T17:53:39.181414245Z,0,2025-01-24T18:00:05.667156721Z,0,2025-01-24T17:53:39.181414245Z,63,2025-01-24T17:53:39.275504903Z,1,2025-01-24T17:53:39.181414245Z,null,2025-01-24T18:27:39.547728661Z,true,2025-01-24T17:53:39.168612634Z,true,2025-01-24T17:53:39.168612634Z,ended,2025-01-24T18:27:39.580549123Z,"[[460,188],[460,420],[460,140],[460,371],[98,188],[98,420],[98,140],[98,371],[461,188],[461,420],[461,140],[461,371],[302,188],[302,420],[302,140],[302,371]]",2025-01-24T17:53:39.275504903Z,"[460,98,461,302]",2025-01-24T17:53:39.275504903Z,"{""contextSize"":4,""contextStructure"":""comp-between"",""feedbackDuration"":3,""maxTimeout"":5,""numRepetitionsWithPartner"":4,""playerCount"":2,""selectionDuration"":60,""showNegativeFeedback"":1}",2025-01-24T17:30:30.2572069Z,full-comp-between,2025-01-24T17:30:30.2572069Z
01JJCNV6GW5DRX5EM3YNX2SXSZ,2,2025-01-24T18:21:15.057814726Z,01JJCNV6GQHJV71FATEHXM7RQY,2025-01-24T17:30:35.932437513Z,"[448,48,273,468]",2025-01-24T18:21:15.865489813Z,4,2025-01-24T18:21:15.115936136Z,comp-between,2025-01-24T18:21:15.115936136Z,true,2025-01-24T18:54:33.479887744Z,false,2025-01-24T18:21:15.115936136Z,end of game,2025-01-24T18:54:33.513573665Z,01JJCNV6H5PH6RYT0PK60N3WXN,2025-01-24T17:30:35.94253116Z,false,2025-01-24T18:21:31.876099824Z,5,2025-01-24T18:21:15.115936136Z,0,2025-01-24T18:39:08.23515143Z,0,2025-01-24T18:21:15.115936136Z,63,2025-01-24T18:21:15.865489813Z,1,2025-01-24T18:21:15.115936136Z,null,2025-01-24T18:54:33.479887744Z,true,2025-01-24T18:21:15.057814726Z,true,2025-01-24T18:21:15.057814726Z,ended,2025-01-24T18:54:33.513573665Z,"[[67,448],[67,48],[67,273],[67,468],[191,448],[191,48],[191,273],[191,468],[133,448],[133,48],[133,273],[133,468],[53,448],[53,48],[53,273],[53,468]]",2025-01-24T18:21:15.865489813Z,"[67,191,133,53]",2025-01-24T18:21:15.865489813Z,"{""contextSize"":4,""contextStructure"":""comp-between"",""feedbackDuration"":3,""maxTimeout"":5,""numRepetitionsWithPartner"":4,""playerCount"":2,""selectionDuration"":60,""showNegativeFeedback"":1}",2025-01-24T17:30:35.932437513Z,full-comp-between,2025-01-24T17:30:35.932437513Z
01JJCNV6TK4KW3QH1W5ZBAEYVC,2,2025-01-24T18:21:40.712005347Z,01JJCNV6TCRAVT45GMNJY2TGZ3,2025-01-24T17:30:36.243227664Z,"[302,403,229,322]",2025-01-24T18:21:41.547871444Z,4,2025-01-24T18:21:40.773359846Z,comp-between,2025-01-24T18:21:40.773359846Z,true,2025-01-24T18:27:12.923972539Z,true,2025-01-24T18:27:12.909885798Z,timeOut,2025-01-24T18:27:12.909885798Z,01JJCNV6TXE5RC4N9EH8CNRY01,2025-01-24T17:30:36.254246703Z,false,2025-01-24T18:21:56.544423578Z,5,2025-01-24T18:21:40.773359846Z,5,2025-01-24T18:27:12.909885798Z,0,2025-01-24T18:21:40.773359846Z,63,2025-01-24T18:21:41.547871444Z,1,2025-01-24T18:21:40.773359846Z,null,2025-01-24T18:27:12.923972539Z,true,2025-01-24T18:21:40.712005347Z,true,2025-01-24T18:21:40.712005347Z,ended,2025-01-24T18:27:12.909885798Z,"[[392,302],[392,403],[392,229],[392,322],[270,302],[270,403],[270,229],[270,322],[236,302],[236,403],[236,229],[236,322],[18,302],[18,403],[18,229],[18,322]]",2025-01-24T18:21:41.547871444Z,"[392,270,236,18]",2025-01-24T18:21:41.547871444Z,"{""contextSize"":4,""contextStructure"":""comp-between"",""feedbackDuration"":3,""maxTimeout"":5,""numRepetitionsWithPartner"":4,""playerCount"":2,""selectionDuration"":60,""showNegativeFeedback"":1}",2025-01-24T17:30:36.243227664Z,full-comp-between,2025-01-24T17:30:36.243227664Z
01JJCNV7CQ5HZ4R38M0BHWBWDD,2,2025-01-24T20:06:54.427588137Z,01JJCNV7CKNKDEYHCKEA6VSS64,2025-01-24T17:30:36.823451206Z,"[17,216,278,212]",2025-01-24T20:06:55.987364442Z,4,2025-01-24T20:06:54.55561041Z,comp-between,2025-01-24T20:06:54.55561041Z,true,2025-01-24T20:42:55.581092361Z,false,2025-01-24T20:06:54.55561041Z,end of game,2025-01-24T20:42:55.675589444Z,01JJCNV7CZ45ZV2F20P5M6ATQ3,2025-01-24T17:30:36.833102041Z,false,2025-01-24T20:07:50.210220675Z,5,2025-01-24T20:06:54.55561041Z,0,2025-01-24T20:06:54.55561041Z,270,2025-01-24T20:06:54.55561041Z,63,2025-01-24T20:06:55.987364442Z,1,2025-01-24T20:06:54.55561041Z,null,2025-01-24T20:42:55.581092361Z,true,2025-01-24T20:06:54.427588137Z,true,2025-01-24T20:06:54.427588137Z,ended,2025-01-24T20:42:55.675589444Z,"[[81,17],[81,216],[81,278],[81,212],[266,17],[266,216],[266,278],[266,212],[408,17],[408,216],[408,278],[408,212],[424,17],[424,216],[424,278],[424,212]]",2025-01-24T20:06:55.987364442Z,"[81,266,408,424]",2025-01-24T20:06:55.987364442Z,"{""contextSize"":4,""contextStructure"":""comp-between"",""feedbackDuration"":3,""maxTimeout"":5,""numRepetitionsWithPartner"":4,""playerCount"":2,""selectionDuration"":60,""showNegativeFeedback"":1}",2025-01-24T17:30:36.823451206Z,full-comp-between,2025-01-24T17:30:36.823451206Z
01JJCNTZH5CH5ZPS8Y6GTJNQJJ,2,2025-01-24T17:51:37.190178007Z,01JJCNTZGRMVDPK7QXK6K142ZE,2025-01-24T17:30:28.774007937Z,"[371,253,85,187]",2025-01-24T17:51:37.325145389Z,4,2025-01-24T17:51:37.201178635Z,comp-between,2025-01-24T17:51:37.201178635Z,true,2025-01-24T18:09:27.433792195Z,false,2025-01-24T17:51:37.201178635Z,end of game,2025-01-24T18:09:27.452917167Z,01JJCNTZHM3GKJB81VKXKZA2N8,2025-01-24T17:30:28.790630206Z,false,2025-01-24T17:51:39.4110881Z,5,2025-01-24T17:51:37.201178635Z,0,2025-01-24T17:51:37.201178635Z,0,2025-01-24T17:51:37.201178635Z,63,2025-01-24T17:51:37.325145389Z,1,2025-01-24T17:51:37.201178635Z,null,2025-01-24T18:09:27.433792195Z,true,2025-01-24T17:51:37.190178007Z,true,2025-01-24T17:51:37.190178007Z,ended,2025-01-24T18:09:27.452917167Z,"[[289,371],[289,253],[289,85],[289,187],[206,371],[206,253],[206,85],[206,187],[7,371],[7,253],[7,85],[7,187],[257,371],[257,253],[257,85],[257,187]]",2025-01-24T17:51:37.325145389Z,"[289,206,7,257]",2025-01-24T17:51:37.325145389Z,"{""contextSize"":4,""contextStructure"":""comp-between"",""feedbackDuration"":3,""maxTimeout"":5,""numRepetitionsWithPartner"":4,""playerCount"":2,""selectionDuration"":60,""showNegativeFeedback"":1}",2025-01-24T17:30:28.774007937Z,full-comp-between,2025-01-24T17:30:28.774007937Z
01JJCNV42AM01XTAX265VE9Y0Y,2,2025-01-24T18:05:43.022310113Z,01JJCNV42510AYD6F31RK82V6B,2025-01-24T17:30:33.418076837Z,"[318,185,142,123]",2025-01-24T18:05:43.326238226Z,4,2025-01-24T18:05:43.048202279Z,comp-between,2025-01-24T18:05:43.048202279Z,true,2025-01-24T18:22:51.349669589Z,false,2025-01-24T18:05:43.048202279Z,end of game,2025-01-24T18:22:51.382454755Z,01JJCNV42JXHVJS0XWQ3DWSTQY,2025-01-24T17:30:33.427284292Z,false,2025-01-24T18:05:49.263197901Z,5,2025-01-24T18:05:43.048202279Z,0,2025-01-24T18:07:17.842347239Z,0,2025-01-24T18:05:43.048202279Z,63,2025-01-24T18:05:43.326238226Z,1,2025-01-24T18:05:43.048202279Z,null,2025-01-24T18:22:51.349669589Z,true,2025-01-24T18:05:43.022310113Z,true,2025-01-24T18:05:43.022310113Z,ended,2025-01-24T18:22:51.382454755Z,"[[436,318],[436,185],[436,142],[436,123],[268,318],[268,185],[268,142],[268,123],[362,318],[362,185],[362,142],[362,123],[16,318],[16,185],[16,142],[16,123]]",2025-01-24T18:05:43.326238226Z,"[436,268,362,16]",2025-01-24T18:05:43.326238226Z,"{""contextSize"":4,""contextStructure"":""comp-between"",""feedbackDuration"":3,""maxTimeout"":5,""numRepetitionsWithPartner"":4,""playerCount"":2,""selectionDuration"":60,""showNegativeFeedback"":1}",2025-01-24T17:30:33.418076837Z,full-comp-between,2025-01-24T17:30:33.418076837Z
01JJCYKVRN4XFSVYS1X6Y2FEEK,2,2025-01-24T20:26:53.252446045Z,01JJCYKVPG8W40641N0F35VHWE,2025-01-24T20:03:52.725459157Z,"[85,90,118,142]",2025-01-24T20:26:55.64066052Z,4,2025-01-24T20:26:53.421968142Z,comp-between,2025-01-24T20:26:53.421968142Z,true,2025-01-24T21:17:25.420954037Z,false,2025-01-24T20:26:53.421968142Z,end of game,2025-01-24T21:17:25.511366951Z,01JJCYKVWBJSQRDR9NBT6QRT98,2025-01-24T20:03:52.847656948Z,false,2025-01-24T20:27:41.512039308Z,5,2025-01-24T20:26:53.421968142Z,0,2025-01-24T21:17:25.375773395Z,180,2025-01-24T20:26:53.421968142Z,63,2025-01-24T20:26:55.64066052Z,1,2025-01-24T20:26:53.421968142Z,null,2025-01-24T21:17:25.420954037Z,true,2025-01-24T20:26:53.252446045Z,true,2025-01-24T20:26:53.252446045Z,ended,2025-01-24T21:17:25.511366951Z,"[[436,85],[436,90],[436,118],[436,142],[33,85],[33,90],[33,118],[33,142],[263,85],[263,90],[263,118],[263,142],[235,85],[235,90],[235,118],[235,142]]",2025-01-24T20:26:55.64066052Z,"[436,33,263,235]",2025-01-24T20:26:55.64066052Z,"{""contextSize"":4,""contextStructure"":""comp-between"",""feedbackDuration"":3,""maxTimeout"":5,""numRepetitionsWithPartner"":4,""playerCount"":2,""selectionDuration"":60,""showNegativeFeedback"":1}",2025-01-24T20:03:52.725459157Z,full-comp-between,2025-01-24T20:03:52.725459157Z
01JJCNV51TC4MHW60GHZVCFGYX,2,2025-01-24T18:12:47.07051146Z,01JJCNV51N6ETBGYH4K1SCQE2T,2025-01-24T17:30:34.426421478Z,"[450,468,343,137]",2025-01-24T18:12:47.647262535Z,4,2025-01-24T18:12:47.113727719Z,comp-between,2025-01-24T18:12:47.113727719Z,true,2025-01-24T18:41:22.340641539Z,false,2025-01-24T18:12:47.113727719Z,end of game,2025-01-24T18:41:22.373539732Z,01JJCNV523RPPZ1AVGJ2ZFSZWV,2025-01-24T17:30:34.436716691Z,false,2025-01-24T18:12:57.903185948Z,5,2025-01-24T18:12:47.113727719Z,0,2025-01-24T18:12:47.113727719Z,0,2025-01-24T18:12:47.113727719Z,63,2025-01-24T18:12:47.647262535Z,1,2025-01-24T18:12:47.113727719Z,null,2025-01-24T18:41:22.340641539Z,true,2025-01-24T18:12:47.07051146Z,true,2025-01-24T18:12:47.07051146Z,ended,2025-01-24T18:41:22.373539732Z,"[[423,450],[423,468],[423,343],[423,137],[130,450],[130,468],[130,343],[130,137],[357,450],[357,468],[357,343],[357,137],[28,450],[28,468],[28,343],[28,137]]",2025-01-24T18:12:47.647262535Z,"[423,130,357,28]",2025-01-24T18:12:47.647262535Z,"{""contextSize"":4,""contextStructure"":""comp-between"",""feedbackDuration"":3,""maxTimeout"":5,""numRepetitionsWithPartner"":4,""playerCount"":2,""selectionDuration"":60,""showNegativeFeedback"":1}",2025-01-24T17:30:34.426421478Z,full-comp-between,2025-01-24T17:30:34.426421478Z
01JJCNV73RH40D5S8SGSTJ8SG9,2,2025-01-24T18:24:41.658022213Z,01JJCNV73MRT93WB66YY77XCCS,2025-01-24T17:30:36.536182898Z,"[145,439,150,335]",2025-01-24T18:24:42.606380543Z,4,2025-01-24T18:24:41.726863034Z,comp-between,2025-01-24T18:24:41.726863034Z,true,2025-01-24T18:30:15.685376065Z,true,2025-01-24T18:30:15.670145173Z,timeOut,2025-01-24T18:30:15.670145173Z,01JJCNV740NDMVESFRD86VANEA,2025-01-24T17:30:36.545342097Z,false,2025-01-24T18:25:00.225977355Z,5,2025-01-24T18:24:41.726863034Z,5,2025-01-24T18:30:15.670145173Z,270,2025-01-24T18:24:41.726863034Z,63,2025-01-24T18:24:42.606380543Z,1,2025-01-24T18:24:41.726863034Z,null,2025-01-24T18:30:15.685376065Z,true,2025-01-24T18:24:41.658022213Z,true,2025-01-24T18:24:41.658022213Z,ended,2025-01-24T18:30:15.670145173Z,"[[391,145],[391,439],[391,150],[391,335],[181,145],[181,439],[181,150],[181,335],[36,145],[36,439],[36,150],[36,335],[313,145],[313,439],[313,150],[313,335]]",2025-01-24T18:24:42.606380543Z,"[391,181,36,313]",2025-01-24T18:24:42.606380543Z,"{""contextSize"":4,""contextStructure"":""comp-between"",""feedbackDuration"":3,""maxTimeout"":5,""numRepetitionsWithPartner"":4,""playerCount"":2,""selectionDuration"":60,""showNegativeFeedback"":1}",2025-01-24T17:30:36.536182898Z,full-comp-between,2025-01-24T17:30:36.536182898Z
01JJCNVW8CVBZN179JB8VWC4WP,2,2025-01-24T20:07:00.589055271Z,01JJCNVW86PTTTF05Y76J7C2JR,2025-01-24T17:30:58.188884419Z,"[221,288,399,279]",2025-01-24T20:07:23.244749836Z,4,2025-01-24T20:07:21.83014476Z,comp-between,2025-01-24T20:07:21.83014476Z,true,2025-01-24T20:13:34.357306751Z,true,2025-01-24T20:13:34.287335001Z,timeOut,2025-01-24T20:13:34.287335001Z,01JJCNVW8PQTNBSNX32Z03J1FM,2025-01-24T17:30:58.199153382Z,false,2025-01-24T20:07:50.69524959Z,5,2025-01-24T20:07:21.83014476Z,5,2025-01-24T20:13:34.287335001Z,0,2025-01-24T20:07:21.83014476Z,63,2025-01-24T20:07:23.244749836Z,1,2025-01-24T20:07:21.83014476Z,null,2025-01-24T20:13:34.357306751Z,true,2025-01-24T20:07:00.589055271Z,true,2025-01-24T20:07:00.589055271Z,ended,2025-01-24T20:13:34.287335001Z,"[[121,221],[121,288],[121,399],[121,279],[222,221],[222,288],[222,399],[222,279],[9,221],[9,288],[9,399],[9,279],[142,221],[142,288],[142,399],[142,279]]",2025-01-24T20:07:23.244749836Z,"[121,222,9,142]",2025-01-24T20:07:23.244749836Z,"{""contextSize"":4,""contextStructure"":""comp-between"",""feedbackDuration"":3,""maxTimeout"":5,""numRepetitionsWithPartner"":4,""playerCount"":2,""selectionDuration"":60,""showNegativeFeedback"":1}",2025-01-24T17:30:58.188884419Z,full-comp-between,2025-01-24T17:30:58.188884419Z
01JJCNV28XMQCMTW7MGRCVZPPN,2,2025-01-24T17:57:27.799453498Z,01JJCNV28RDZA4ACY3XRPPW2JA,2025-01-24T17:30:31.582014172Z,"[281,166,115,93]",2025-01-24T17:57:27.945912863Z,4,2025-01-24T17:57:27.817012266Z,comp-between,2025-01-24T17:57:27.817012266Z,true,2025-01-24T18:19:21.055001077Z,false,2025-01-24T17:57:27.817012266Z,end of game,2025-01-24T18:19:21.078527023Z,01JJCNV29731J8NM0C5TF8S6RB,2025-01-24T17:30:31.592608183Z,false,2025-01-24T17:57:31.076016544Z,5,2025-01-24T17:57:27.817012266Z,0,2025-01-24T17:57:27.817012266Z,90,2025-01-24T17:57:27.817012266Z,63,2025-01-24T17:57:27.945912863Z,1,2025-01-24T17:57:27.817012266Z,null,2025-01-24T18:19:21.055001077Z,true,2025-01-24T17:57:27.799453498Z,true,2025-01-24T17:57:27.799453498Z,ended,2025-01-24T18:19:21.078527023Z,"[[351,281],[351,166],[351,115],[351,93],[28,281],[28,166],[28,115],[28,93],[119,281],[119,166],[119,115],[119,93],[300,281],[300,166],[300,115],[300,93]]",2025-01-24T17:57:27.945912863Z,"[351,28,119,300]",2025-01-24T17:57:27.945912863Z,"{""contextSize"":4,""contextStructure"":""comp-between"",""feedbackDuration"":3,""maxTimeout"":5,""numRepetitionsWithPartner"":4,""playerCount"":2,""selectionDuration"":60,""showNegativeFeedback"":1}",2025-01-24T17:30:31.582014172Z,full-comp-between,2025-01-24T17:30:31.582014172Z
01JJCNV3Q3B5W2DW4B9WFGAD59,2,2025-01-24T18:03:49.345957996Z,01JJCNV3PXJFKGQDHC1R6SNP8C,2025-01-24T17:30:33.059562411Z,"[161,204,70,455]",2025-01-24T18:03:49.580520199Z,4,2025-01-24T18:03:49.365066782Z,comp-between,2025-01-24T18:03:49.365066782Z,true,2025-01-24T18:09:09.589917127Z,true,2025-01-24T18:09:09.582131838Z,timeOut,2025-01-24T18:09:09.582131838Z,01JJCNV3QAJDCPP1TJZVWS799X,2025-01-24T17:30:33.068412917Z,false,2025-01-24T18:03:54.409877251Z,5,2025-01-24T18:03:49.365066782Z,5,2025-01-24T18:09:09.582131838Z,90,2025-01-24T18:03:49.365066782Z,63,2025-01-24T18:03:49.580520199Z,1,2025-01-24T18:03:49.365066782Z,null,2025-01-24T18:09:09.589917127Z,true,2025-01-24T18:03:49.345957996Z,true,2025-01-24T18:03:49.345957996Z,ended,2025-01-24T18:09:09.582131838Z,"[[71,161],[71,204],[71,70],[71,455],[7,161],[7,204],[7,70],[7,455],[308,161],[308,204],[308,70],[308,455],[295,161],[295,204],[295,70],[295,455]]",2025-01-24T18:03:49.580520199Z,"[71,7,308,295]",2025-01-24T18:03:49.580520199Z,"{""contextSize"":4,""contextStructure"":""comp-between"",""feedbackDuration"":3,""maxTimeout"":5,""numRepetitionsWithPartner"":4,""playerCount"":2,""selectionDuration"":60,""showNegativeFeedback"":1}",2025-01-24T17:30:33.059562411Z,full-comp-between,2025-01-24T17:30:33.059562411Z
01JJCYKTYV7RKFYVEA40YG6SC3,2,2025-01-24T20:17:07.226473063Z,01JJCYKTX951D2G1NR87ADN28G,2025-01-24T20:03:51.899897485Z,"[145,298,410,435]",2025-01-24T20:17:09.401321354Z,4,2025-01-24T20:17:07.372119733Z,comp-between,2025-01-24T20:17:07.372119733Z,true,2025-01-24T20:43:23.745198843Z,false,2025-01-24T20:17:07.372119733Z,end of game,2025-01-24T20:43:23.832012885Z,01JJCYKV2S8KGKMMT0Y8A9K6W8,2025-01-24T20:03:52.028754192Z,false,2025-01-24T20:17:46.537549342Z,5,2025-01-24T20:17:07.372119733Z,0,2025-01-24T20:24:31.599078358Z,0,2025-01-24T20:17:07.372119733Z,63,2025-01-24T20:17:09.401321354Z,1,2025-01-24T20:17:07.372119733Z,null,2025-01-24T20:43:23.745198843Z,true,2025-01-24T20:17:07.226473063Z,true,2025-01-24T20:17:07.226473063Z,ended,2025-01-24T20:43:23.832012885Z,"[[364,145],[364,298],[364,410],[364,435],[243,145],[243,298],[243,410],[243,435],[1,145],[1,298],[1,410],[1,435],[172,145],[172,298],[172,410],[172,435]]",2025-01-24T20:17:09.401321354Z,"[364,243,1,172]",2025-01-24T20:17:09.401321354Z,"{""contextSize"":4,""contextStructure"":""comp-between"",""feedbackDuration"":3,""maxTimeout"":5,""numRepetitionsWithPartner"":4,""playerCount"":2,""selectionDuration"":60,""showNegativeFeedback"":1}",2025-01-24T20:03:51.899897485Z,full-comp-between,2025-01-24T20:03:51.899897485Z
01JJCNV4QD22VWY1TTAK852RJ1,2,2025-01-24T18:07:42.328430801Z,01JJCNV4Q8NHA473B5WRDZF4GH,2025-01-24T17:30:34.09324069Z,"[20,373,306,399]",2025-01-24T18:07:42.732472144Z,4,2025-01-24T18:07:42.361228046Z,comp-between,2025-01-24T18:07:42.361228046Z,true,2025-01-24T18:31:42.678743343Z,false,2025-01-24T18:07:42.361228046Z,end of game,2025-01-24T18:31:42.71619335Z,01JJCNV4QNB52FC2TPW8TA72AN,2025-01-24T17:30:34.10307711Z,false,2025-01-24T18:07:50.376516634Z,5,2025-01-24T18:07:42.361228046Z,0,2025-01-24T18:07:42.361228046Z,180,2025-01-24T18:07:42.361228046Z,63,2025-01-24T18:07:42.732472144Z,1,2025-01-24T18:07:42.361228046Z,null,2025-01-24T18:31:42.678743343Z,true,2025-01-24T18:07:42.328430801Z,true,2025-01-24T18:07:42.328430801Z,ended,2025-01-24T18:31:42.71619335Z,"[[360,20],[360,373],[360,306],[360,399],[234,20],[234,373],[234,306],[234,399],[258,20],[258,373],[258,306],[258,399],[324,20],[324,373],[324,306],[324,399]]",2025-01-24T18:07:42.732472144Z,"[360,234,258,324]",2025-01-24T18:07:42.732472144Z,"{""contextSize"":4,""contextStructure"":""comp-between"",""feedbackDuration"":3,""maxTimeout"":5,""numRepetitionsWithPartner"":4,""playerCount"":2,""selectionDuration"":60,""showNegativeFeedback"":1}",2025-01-24T17:30:34.09324069Z,full-comp-between,2025-01-24T17:30:34.09324069Z
01JJCYKTH8KP93KPXSVZNX7N6V,2,2025-01-24T20:14:30.487730777Z,01JJCYKTF5WSXY8HZ217TKA7G2,2025-01-24T20:03:51.464202308Z,"[367,244,279,2]",2025-01-24T20:14:32.534773049Z,4,2025-01-24T20:14:30.771509131Z,comp-between,2025-01-24T20:14:30.771509131Z,true,2025-01-24T20:36:34.045861086Z,false,2025-01-24T20:14:30.771509131Z,end of game,2025-01-24T20:36:34.140584334Z,01JJCYKTMMNKPT5TN3MTR7H524,2025-01-24T20:03:51.576626638Z,false,2025-01-24T20:15:07.533424276Z,5,2025-01-24T20:14:30.771509131Z,0,2025-01-24T20:14:30.771509131Z,180,2025-01-24T20:14:30.771509131Z,63,2025-01-24T20:14:32.534773049Z,1,2025-01-24T20:14:30.771509131Z,null,2025-01-24T20:36:34.045861086Z,true,2025-01-24T20:14:30.487730777Z,true,2025-01-24T20:14:30.487730777Z,ended,2025-01-24T20:36:34.140584334Z,"[[38,367],[38,244],[38,279],[38,2],[240,367],[240,244],[240,279],[240,2],[444,367],[444,244],[444,279],[444,2],[170,367],[170,244],[170,279],[170,2]]",2025-01-24T20:14:32.534773049Z,"[38,240,444,170]",2025-01-24T20:14:32.534773049Z,"{""contextSize"":4,""contextStructure"":""comp-between"",""feedbackDuration"":3,""maxTimeout"":5,""numRepetitionsWithPartner"":4,""playerCount"":2,""selectionDuration"":60,""showNegativeFeedback"":1}",2025-01-24T20:03:51.464202308Z,full-comp-between,2025-01-24T20:03:51.464202308Z
01JJCNV4D2G1PNW5V9YWGY5R0Z,2,2025-01-24T18:06:45.21442586Z,01JJCNV4CXP9QMY6W09SEMG9EZ,2025-01-24T17:30:33.762289105Z,"[346,158,23,192]",2025-01-24T18:06:45.583527312Z,4,2025-01-24T18:06:45.246261035Z,comp-between,2025-01-24T18:06:45.246261035Z,true,2025-01-24T18:36:50.493723628Z,true,2025-01-24T18:36:50.475805737Z,timeOut,2025-01-24T18:36:50.475805737Z,01JJCNV4DAEK8MYGQEQWDMF0Z3,2025-01-24T17:30:33.771386126Z,false,2025-01-24T18:06:52.352564874Z,5,2025-01-24T18:06:45.246261035Z,5,2025-01-24T18:36:50.475805737Z,0,2025-01-24T18:06:45.246261035Z,63,2025-01-24T18:06:45.583527312Z,1,2025-01-24T18:06:45.246261035Z,null,2025-01-24T18:36:50.493723628Z,true,2025-01-24T18:06:45.21442586Z,true,2025-01-24T18:06:45.21442586Z,ended,2025-01-24T18:36:50.475805737Z,"[[30,346],[30,158],[30,23],[30,192],[214,346],[214,158],[214,23],[214,192],[446,346],[446,158],[446,23],[446,192],[385,346],[385,158],[385,23],[385,192]]",2025-01-24T18:06:45.583527312Z,"[30,214,446,385]",2025-01-24T18:06:45.583527312Z,"{""contextSize"":4,""contextStructure"":""comp-between"",""feedbackDuration"":3,""maxTimeout"":5,""numRepetitionsWithPartner"":4,""playerCount"":2,""selectionDuration"":60,""showNegativeFeedback"":1}",2025-01-24T17:30:33.762289105Z,full-comp-between,2025-01-24T17:30:33.762289105Z
01JJCNV67MMSSCANRVXZ22QEGZ,2,2025-01-24T18:13:28.737920915Z,01JJCNV67FWKEN4636KWJ9DW95,2025-01-24T17:30:35.636487533Z,"[55,322,326,451]",2025-01-24T18:13:29.355198471Z,4,2025-01-24T18:13:28.785380766Z,comp-between,2025-01-24T18:13:28.785380766Z,true,2025-01-24T18:18:56.109391014Z,true,2025-01-24T18:18:56.097844268Z,timeOut,2025-01-24T18:18:56.097844268Z,01JJCNV67YCPZV5VC4QMDC0R3E,2025-01-24T17:30:35.64713187Z,false,2025-01-24T18:13:42.925848177Z,5,2025-01-24T18:13:28.785380766Z,5,2025-01-24T18:18:56.097844268Z,180,2025-01-24T18:13:28.785380766Z,63,2025-01-24T18:13:29.355198471Z,1,2025-01-24T18:13:28.785380766Z,null,2025-01-24T18:18:56.109391014Z,true,2025-01-24T18:13:28.737920915Z,true,2025-01-24T18:13:28.737920915Z,ended,2025-01-24T18:18:56.097844268Z,"[[454,55],[454,322],[454,326],[454,451],[340,55],[340,322],[340,326],[340,451],[72,55],[72,322],[72,326],[72,451],[68,55],[68,322],[68,326],[68,451]]",2025-01-24T18:13:29.355198471Z,"[454,340,72,68]",2025-01-24T18:13:29.355198471Z,"{""contextSize"":4,""contextStructure"":""comp-between"",""feedbackDuration"":3,""maxTimeout"":5,""numRepetitionsWithPartner"":4,""playerCount"":2,""selectionDuration"":60,""showNegativeFeedback"":1}",2025-01-24T17:30:35.636487533Z,full-comp-between,2025-01-24T17:30:35.636487533Z
01JJCYKRPH4JAFQN8NGJZTSDC4,2,2025-01-24T20:09:30.871017023Z,01JJCYKRMJMR5Q72JBM5ZYP6FS,2025-01-24T20:03:49.585465186Z,"[439,453,442,446]",2025-01-24T20:09:32.493965095Z,4,2025-01-24T20:09:30.997647714Z,comp-between,2025-01-24T20:09:30.997647714Z,true,2025-01-24T20:34:03.08275463Z,false,2025-01-24T20:09:30.997647714Z,end of game,2025-01-24T20:34:03.175661897Z,01JJCYKRSXY9VY1VXBP0H6ZTKJ,2025-01-24T20:03:49.695361187Z,false,2025-01-24T20:10:02.287432439Z,5,2025-01-24T20:09:30.997647714Z,0,2025-01-24T20:09:30.997647714Z,180,2025-01-24T20:09:30.997647714Z,63,2025-01-24T20:09:32.493965095Z,1,2025-01-24T20:09:30.997647714Z,null,2025-01-24T20:34:03.08275463Z,true,2025-01-24T20:09:30.871017023Z,true,2025-01-24T20:09:30.871017023Z,ended,2025-01-24T20:34:03.175661897Z,"[[394,439],[394,453],[394,442],[394,446],[134,439],[134,453],[134,442],[134,446],[295,439],[295,453],[295,442],[295,446],[125,439],[125,453],[125,442],[125,446]]",2025-01-24T20:09:32.493965095Z,"[394,134,295,125]",2025-01-24T20:09:32.493965095Z,"{""contextSize"":4,""contextStructure"":""comp-between"",""feedbackDuration"":3,""maxTimeout"":5,""numRepetitionsWithPartner"":4,""playerCount"":2,""selectionDuration"":60,""showNegativeFeedback"":1}",2025-01-24T20:03:49.585465186Z,full-comp-between,2025-01-24T20:03:49.585465186Z
