id,batchID,batchIDLastChangedAt,gameID,gameIDLastChangedAt,playerID,playerIDLastChangedAt
01JJCRRQG1NRDR51MR3JVTB6NX,01JJCNV6TCRAVT45GMNJY2TGZ3,2025-01-24T18:21:40.737988574Z,01JJCNV6TK4KW3QH1W5ZBAEYVC,2025-01-24T18:21:40.737988574Z,01JJCQPB96B5HWCK01ZCW1EKXG,2025-01-24T18:21:40.737988574Z
01JJCRY86PQSS08Y961BH0J44X,01JJCNV73MRT93WB66YY77XCCS,2025-01-24T18:24:41.686971954Z,01JJCNV73RH40D5S8SGSTJ8SG9,2025-01-24T18:24:41.686971954Z,01JJCQFNDCF518VMJM3FD5TXEK,2025-01-24T18:24:41.686971954Z
01JJCYSD8B1Y68KA9QFTS4G8KN,01JJCNV7CKNKDEYHCKEA6VSS64,2025-01-24T20:06:54.475888368Z,01JJCNV7CQ5HZ4R38M0BHWBWDD,2025-01-24T20:06:54.475888368Z,01JJCYNBHFHBDA4Z2A2SYS5P3C,2025-01-24T20:06:54.475888368Z
01JJCYY623RV0RGR9GF8W73GFN,01JJCYKRMJMR5Q72JBM5ZYP6FS,2025-01-24T20:09:30.947644727Z,01JJCYKRPH4JAFQN8NGJZTSDC4,2025-01-24T20:09:30.947644727Z,01JJCYPC16W7E7DYC0AWW4ENZE,2025-01-24T20:09:30.947644727Z
01JJCYVTQ4PC63CY9ZACMP6Q5E,01JJCYKQHPSFZ0MBD58DEGVZXW,2025-01-24T20:08:13.796409896Z,01JJCYKQKA57Q9B5FJT20YWS5N,2025-01-24T20:08:13.796409896Z,01JJCYRDK1G40MQ3FRMYNSH2R3,2025-01-24T20:08:13.796409896Z
01JJCQ1P7DVCKRNTMH9SMV6WJF,01JJCNTZGRMVDPK7QXK6K142ZE,2025-01-24T17:51:37.197157965Z,01JJCNTZH5CH5ZPS8Y6GTJNQJJ,2025-01-24T17:51:37.197157965Z,01JJCPVN7YXJ9W54KQ3JZE6528,2025-01-24T17:51:37.197157965Z
01JJCQ7EXA0G9M394FXZTQT52R,01JJCNV1DTTHP0Q6VQ60EAB8FE,2025-01-24T17:54:46.314303355Z,01JJCNV1E08E927HNDYX2BEQ25,2025-01-24T17:54:46.314303355Z,01JJCPWPTAKZCK3WTD0KEGX271,2025-01-24T17:54:46.314303355Z
01JJCRQYEMXK6H42ENWCWX9ZH8,01JJCNV6GQHJV71FATEHXM7RQY,2025-01-24T18:21:15.092103959Z,01JJCNV6GW5DRX5EM3YNX2SXSZ,2025-01-24T18:21:15.092103959Z,01JJCRJXDEF33CJZ7CTGD9Q3PH,2025-01-24T18:21:15.092103959Z
01JJCYT7XTKKJ4HNCNP5X29CKW,01JJCNVW86PTTTF05Y76J7C2JR,2025-01-24T20:07:21.786134742Z,01JJCNVW8CVBZN179JB8VWC4WP,2025-01-24T20:07:21.786134742Z,01JJCW9H3C5E9N421CTNVCPAMR,2025-01-24T20:07:21.786134742Z
01JJCYVTPGZ1WJBFSVS128JT6W,01JJCYKQHPSFZ0MBD58DEGVZXW,2025-01-24T20:08:13.776446962Z,01JJCYKQKA57Q9B5FJT20YWS5N,2025-01-24T20:08:13.776446962Z,01JJCYQR8STQ9CM2GPNKFN61RA,2025-01-24T20:08:13.776446962Z
01JJCQ5DB9W0TG9GQECTSJF4NT,01JJCNV0Z8Z1SW8C7CVGNM2S57,2025-01-24T17:53:39.177110612Z,01JJCNV0ZHF4EPQFT6D95FJRN6,2025-01-24T17:53:39.177110612Z,01JJCQ0D4DQW6XS1B6BQVZD3N4,2025-01-24T17:53:39.177110612Z
01JJCQQQFXV31G1CPSXGBEAF3C,01JJCNV38Q0TEHCP1RFXNVJEGB,2025-01-24T18:03:39.389957848Z,01JJCNV38ZRGGPSFZGNDC3YV04,2025-01-24T18:03:39.389957848Z,01JJCQAS9FR761ENGPCYB6DDCG,2025-01-24T18:03:39.389957848Z
01JJCQVG7VFSPK1DNYTN6YSH6P,01JJCNV42510AYD6F31RK82V6B,2025-01-24T18:05:43.035878838Z,01JJCNV42AM01XTAX265VE9Y0Y,2025-01-24T18:05:43.035878838Z,01JJCQ6M4JDG0FTJPDPECDMG5P,2025-01-24T18:05:43.035878838Z
01JJCQZ4RBGBA2X5DG15YY36YP,01JJCNV4Q8NHA473B5WRDZF4GH,2025-01-24T18:07:42.34713454Z,01JJCNV4QD22VWY1TTAK852RJ1,2025-01-24T18:07:42.34713454Z,01JJCQN4PV3GK42QB2ZCJFQF25,2025-01-24T18:07:42.34713454Z
01JJCQ1P7DVCKRNTMHA4D6EW3P,01JJCNTZGRMVDPK7QXK6K142ZE,2025-01-24T17:51:37.197255657Z,01JJCNTZH5CH5ZPS8Y6GTJNQJJ,2025-01-24T17:51:37.197255657Z,01JJCPX9YBGKCV300BEK0VEXGR,2025-01-24T17:51:37.197255657Z
01JJCYT7X68XGZYEM2BVQXSSGK,01JJCNVW86PTTTF05Y76J7C2JR,2025-01-24T20:07:21.766857976Z,01JJCNVW8CVBZN179JB8VWC4WP,2025-01-24T20:07:21.766857976Z,01JJCSQB9WZ54EFCRJS8RBR2CF,2025-01-24T20:07:21.766857976Z
01JJCZC3QHT01PFDMF4JAGF8J9,01JJCYKTX951D2G1NR87ADN28G,2025-01-24T20:17:07.313833912Z,01JJCYKTYV7RKFYVEA40YG6SC3,2025-01-24T20:17:07.313833912Z,01JJCYSV7MW6171SHM58HRW4KF,2025-01-24T20:17:07.313833912Z
01JJCR8EBQGA33APFK5ME1V4FE,01JJCNV51N6ETBGYH4K1SCQE2T,2025-01-24T18:12:47.095706414Z,01JJCNV51TC4MHW60GHZVCFGYX,2025-01-24T18:12:47.095706414Z,01JJCR0A4DMX902FP0YHHQZME1,2025-01-24T18:12:47.095706414Z
01JJCRQYEAPG4R8Y1VA2YZ1FBM,01JJCNV6GQHJV71FATEHXM7RQY,2025-01-24T18:21:15.082974871Z,01JJCNV6GW5DRX5EM3YNX2SXSZ,2025-01-24T18:21:15.082974871Z,01JJCQ0E0Q9WRVTH0SCJXHNE74,2025-01-24T18:21:15.082974871Z
01JJCYSD8YHMY66MC24TDAQFFW,01JJCNV7CKNKDEYHCKEA6VSS64,2025-01-24T20:06:54.494474851Z,01JJCNV7CQ5HZ4R38M0BHWBWDD,2025-01-24T20:06:54.494474851Z,01JJCYP309XG658XDN7G4K10N1,2025-01-24T20:06:54.494474851Z
01JJCYY61C8PEXC10XTQ8A83XT,01JJCYKRMJMR5Q72JBM5ZYP6FS,2025-01-24T20:09:30.924395262Z,01JJCYKRPH4JAFQN8NGJZTSDC4,2025-01-24T20:09:30.924395262Z,01JJCYNN7V610PSWTXQAECZZ99,2025-01-24T20:09:30.924395262Z
01JJCZ03Y6ACKQ2EWJ6G17KQSR,01JJCYKSCC2MSB03DG2W0V12DY,2025-01-24T20:10:34.31014966Z,01JJCYKSEA8BWWZYQKVTRHA73K,2025-01-24T20:10:34.31014966Z,01JJCYRSGZPG9GHHWW4F6V4FJH,2025-01-24T20:10:34.31014966Z
01JJCQXCZDAS2EXJCJ77MK16Q0,01JJCNV4CXP9QMY6W09SEMG9EZ,2025-01-24T18:06:45.229728426Z,01JJCNV4D2G1PNW5V9YWGY5R0Z,2025-01-24T18:06:45.229728426Z,01JJCQJ1TAQ3W7CMZF13BSD338,2025-01-24T18:06:45.229728426Z
01JJCR8EBHE05RVRYJCV5K0DYE,01JJCNV51N6ETBGYH4K1SCQE2T,2025-01-24T18:12:47.089358454Z,01JJCNV51TC4MHW60GHZVCFGYX,2025-01-24T18:12:47.089358454Z,01JJCQ7Y36K6HNJFCZVA8M6A0C,2025-01-24T18:12:47.089358454Z
01JJCR9Q1Y6FV28D8P7QDS298P,01JJCNV67FWKEN4636KWJ9DW95,2025-01-24T18:13:28.766813552Z,01JJCNV67MMSSCANRVXZ22QEGZ,2025-01-24T18:13:28.766813552Z,01JJCQQVHTPJDY75587JGKSZ19,2025-01-24T18:13:28.766813552Z
01JJCZ2GFY4K04SFGKNXPEX22N,01JJCYKSZHM7F3F7JA0R0J3P3J,2025-01-24T20:11:52.702461271Z,01JJCYKT12EV915TTVG865FHHB,2025-01-24T20:11:52.702461271Z,01JJCYS69ZW8KDW44YG835MEP2,2025-01-24T20:11:52.702461271Z
01JJCQ7EXA0G9M394FY7SCNWS6,01JJCNV1DTTHP0Q6VQ60EAB8FE,2025-01-24T17:54:46.314778039Z,01JJCNV1E08E927HNDYX2BEQ25,2025-01-24T17:54:46.314778039Z,01JJCQ3GG3A679J82BXSS5YSPS,2025-01-24T17:54:46.314778039Z
01JJCQCCM2S4H1D2C3X3Z5WWGA,01JJCNV28RDZA4ACY3XRPPW2JA,2025-01-24T17:57:27.810423425Z,01JJCNV28XMQCMTW7MGRCVZPPN,2025-01-24T17:57:27.810423425Z,01JJCQA2M39H192J9KV1PNP774,2025-01-24T17:57:27.810423425Z
01JJCQVG7ZN71JY61X9RA547VE,01JJCNV42510AYD6F31RK82V6B,2025-01-24T18:05:43.03948115Z,01JJCNV42AM01XTAX265VE9Y0Y,2025-01-24T18:05:43.03948115Z,01JJCQNMKAXBSDDN2NM9R83S1X,2025-01-24T18:05:43.03948115Z
01JJCQQQFV4QBAJNFD89FJY9GE,01JJCNV38Q0TEHCP1RFXNVJEGB,2025-01-24T18:03:39.387901867Z,01JJCNV38ZRGGPSFZGNDC3YV04,2025-01-24T18:03:39.387901867Z,01JJCQ46P0WKC9432GBQY6ERH4,2025-01-24T18:03:39.387901867Z
01JJCQR17BQ0HZGEMK4FSYDYPB,01JJCNV3PXJFKGQDHC1R6SNP8C,2025-01-24T18:03:49.355835295Z,01JJCNV3Q3B5W2DW4B9WFGAD59,2025-01-24T18:03:49.355835295Z,01JJCQ7023W17W0E8JSS4J3JQX,2025-01-24T18:03:49.355835295Z
01JJCZETRTPMEW9MHW3Z0MVSTG,01JJCYKV9W8QZVSVZ659FS732R,2025-01-24T20:18:36.442084909Z,01JJCYKVBDFREZ84R9736KT40J,2025-01-24T20:18:36.442084909Z,01JJCZ8RYCCHKBGZFBHDGDQ6RS,2025-01-24T20:18:36.442084909Z
01JJD0R64WAXAMT6AGYDS802WH,01JJCYM3Z4AC9THY182AHMG602,2025-01-24T20:41:11.580719153Z,01JJCYM41HT98NGYQMHZ2RSMTB,2025-01-24T20:41:11.580719153Z,01JJCZ0JH31WJSJ9A1V40AY3M8,2025-01-24T20:41:11.580719153Z
01JJCQXCZHP9M3RP1BZ5874PJK,01JJCNV4CXP9QMY6W09SEMG9EZ,2025-01-24T18:06:45.233221845Z,01JJCNV4D2G1PNW5V9YWGY5R0Z,2025-01-24T18:06:45.233221845Z,01JJCQJ8BZEK52PZEG02PAT090,2025-01-24T18:06:45.233221845Z
01JJCZ2GF8X9WAKXQQVZMEECKV,01JJCYKSZHM7F3F7JA0R0J3P3J,2025-01-24T20:11:52.680142037Z,01JJCYKT12EV915TTVG865FHHB,2025-01-24T20:11:52.680142037Z,01JJCYRSZZPMN7PNNKST7NQEXB,2025-01-24T20:11:52.680142037Z
01JJCZ7ARXXZGTMHC7RAZ6KE7S,01JJCYKTF5WSXY8HZ217TKA7G2,2025-01-24T20:14:30.685182263Z,01JJCYKTH8KP93KPXSVZNX7N6V,2025-01-24T20:14:30.685182263Z,01JJCYQCM4D6FAHAJMSHH23Q4J,2025-01-24T20:14:30.685182263Z
01JJCZETQYXR4XGD5TVMFN1ZBM,01JJCYKV9W8QZVSVZ659FS732R,2025-01-24T20:18:36.414542121Z,01JJCYKVBDFREZ84R9736KT40J,2025-01-24T20:18:36.414542121Z,01JJCZ6DVFBM300ECS5KRZQK6Y,2025-01-24T20:18:36.414542121Z
01JJCRRQGC9H9SRPKR9CFJ0W4N,01JJCNV6TCRAVT45GMNJY2TGZ3,2025-01-24T18:21:40.748252392Z,01JJCNV6TK4KW3QH1W5ZBAEYVC,2025-01-24T18:21:40.748252392Z,01JJCR3D3QJKWZTV9469BQHD0F,2025-01-24T18:21:40.748252392Z
01JJCZ03XGT445ME229P4MET8Y,01JJCYKSCC2MSB03DG2W0V12DY,2025-01-24T20:10:34.288321506Z,01JJCYKSEA8BWWZYQKVTRHA73K,2025-01-24T20:10:34.288321506Z,01JJCYQ03K5AQA7X00MFR6EXF1,2025-01-24T20:10:34.288321506Z
01JJCQCCM13KT2XMT3QNKM5FDA,01JJCNV28RDZA4ACY3XRPPW2JA,2025-01-24T17:57:27.809410582Z,01JJCNV28XMQCMTW7MGRCVZPPN,2025-01-24T17:57:27.809410582Z,01JJCQ4ZCC4T8YHJHHKXA0W6FE,2025-01-24T17:57:27.809410582Z
01JJCR9Q1QD7KFYZ4Q14W0WHK8,01JJCNV67FWKEN4636KWJ9DW95,2025-01-24T18:13:28.759162784Z,01JJCNV67MMSSCANRVXZ22QEGZ,2025-01-24T18:13:28.759162784Z,01JJCQM3PRSM8CNT5XZ6R7N4AX,2025-01-24T18:13:28.759162784Z
01JJD0R65ZHDYYD1D6JDXG7GJA,01JJCYM3Z4AC9THY182AHMG602,2025-01-24T20:41:11.615829864Z,01JJCYM41HT98NGYQMHZ2RSMTB,2025-01-24T20:41:11.615829864Z,01JJD03NJQDMHVSRH93QH5723J,2025-01-24T20:41:11.615829864Z
01JJCZ7ASQ5ED88FNTTTE5YCHC,01JJCYKTF5WSXY8HZ217TKA7G2,2025-01-24T20:14:30.711545443Z,01JJCYKTH8KP93KPXSVZNX7N6V,2025-01-24T20:14:30.711545443Z,01JJCYV3JJSNARYX5GCPMAAJ52,2025-01-24T20:14:30.711545443Z
01JJCZY018DVBECEP563E72M4D,01JJCYKVPG8W40641N0F35VHWE,2025-01-24T20:26:53.352961137Z,01JJCYKVRN4XFSVYS1X6Y2FEEK,2025-01-24T20:26:53.352961137Z,01JJCYWS592MN4WFV0VERQ1V9C,2025-01-24T20:26:53.352961137Z
01JJCZY00AK9X7ZF53MHM8XMNQ,01JJCYKVPG8W40641N0F35VHWE,2025-01-24T20:26:53.322350446Z,01JJCYKVRN4XFSVYS1X6Y2FEEK,2025-01-24T20:26:53.322350446Z,01JJCYWQ253C5DWSYM3TMP5X8Y,2025-01-24T20:26:53.322350446Z
01JJCQR17DZRED0SY6DDYCC6VA,01JJCNV3PXJFKGQDHC1R6SNP8C,2025-01-24T18:03:49.357919012Z,01JJCNV3Q3B5W2DW4B9WFGAD59,2025-01-24T18:03:49.357919012Z,01JJCQEB5DZDYBA75FHWYBSKE7,2025-01-24T18:03:49.357919012Z
01JJCQZ4R66N0T54SP4FCD77K6,01JJCNV4Q8NHA473B5WRDZF4GH,2025-01-24T18:07:42.342808777Z,01JJCNV4QD22VWY1TTAK852RJ1,2025-01-24T18:07:42.342808777Z,01JJCQD7G6PDTVS688A352ER2Z,2025-01-24T18:07:42.342808777Z
01JJCRY872NSZQVB10A1TVDEQ7,01JJCNV73MRT93WB66YY77XCCS,2025-01-24T18:24:41.698111403Z,01JJCNV73RH40D5S8SGSTJ8SG9,2025-01-24T18:24:41.698111403Z,01JJCRFASTEKMD6JAGF794F1BG,2025-01-24T18:24:41.698111403Z
01JJCQ5DB8KFAATWC9EVSHQ90V,01JJCNV0Z8Z1SW8C7CVGNM2S57,2025-01-24T17:53:39.176720451Z,01JJCNV0ZHF4EPQFT6D95FJRN6,2025-01-24T17:53:39.176720451Z,01JJCPV0R187WSV116Q0PSARTE,2025-01-24T17:53:39.176720451Z
01JJCZC3PRX05A7RJVQ05WKY4J,01JJCYKTX951D2G1NR87ADN28G,2025-01-24T20:17:07.288328534Z,01JJCYKTYV7RKFYVEA40YG6SC3,2025-01-24T20:17:07.288328534Z,01JJCYS35ZMFP1MT4551YVVCR5,2025-01-24T20:17:07.288328534Z
