id,batchID,batchIDLastChangedAt,gameID,gameIDLastChangedAt,playerID,playerIDLastChangedAt
01J03X5A8PGDPXTZQF4KR2WZZW,01J03X4YXYK0TYRA79BHHZWAX1,2024-06-11T15:02:44.75863433Z,01J03X4YYSKP64RZB0GYTKGY80,2024-06-11T15:02:44.75863433Z,01J03X55JSXT0VAV6HARBGF6MD,2024-06-11T15:02:44.75863433Z
01J03XVMHTG834Y5TQN7N1BWW0,01J03XTTARHPSJN4QH9P6F8KRV,2024-06-11T15:14:56.186305646Z,01J03XTTBKJ1XC0TE0DXQBY0SG,2024-06-11T15:14:56.186305646Z,01J03XV2NNHGH68E2ERMN3RTHS,2024-06-11T15:14:56.186305646Z
01J03Y61T875TF06FXJVZ9GRCT,01J03Y5GM473RKT307CHVF30BC,2024-06-11T15:20:37.44811029Z,01J03Y5GN11CJ3N7W8K5WQG2Y0,2024-06-11T15:20:37.44811029Z,01J03Y5NR9K8SXVFTKEQKVH1HE,2024-06-11T15:20:37.44811029Z
01J042NE3WM47J4MDZQTJ9XR5F,01J040P9Z65A6GDAXM8Q9Y76XR,2024-06-11T16:38:55.86878709Z,01J040PA014XGMYAEPKN4SPZBD,2024-06-11T16:38:55.86878709Z,01J042JB8A2DCYDBAZ3HV9S10D,2024-06-11T16:38:55.86878709Z
01J042NE3XV40AGEEBA9MF3MFC,01J040P9Z65A6GDAXM8Q9Y76XR,2024-06-11T16:38:55.869572265Z,01J040PA014XGMYAEPKN4SPZBD,2024-06-11T16:38:55.869572265Z,01J042JT6WPZS3ZND7A7738ZSY,2024-06-11T16:38:55.869572265Z
01J042NN1Y147J5C5C44AVSTNN,01J040P9Z65A6GDAXM8Q9Y76XR,2024-06-11T16:39:02.974219126Z,01J040PA014XGMYAEPM0GRRBVR,2024-06-11T16:39:02.974219126Z,01J042JFC6MZHDYQMJ4GQ0WG6E,2024-06-11T16:39:02.974219126Z
01J042P5691JKKDP8GSYTA85M3,01J040P9Z65A6GDAXM8Q9Y76XR,2024-06-11T16:39:19.49749954Z,01J040PA05WJE07E0XMPBVRQ15,2024-06-11T16:39:19.49749954Z,01J042MX1G94MV9Y59EECN71PN,2024-06-11T16:39:19.49749954Z
01J03YA18V1BRY67AQZG7QBQBZ,01J03Y967TCNPP237P3PJJV9XT,2024-06-11T15:22:47.963069398Z,01J03Y968R6F0X8KGV3DNS0PP8,2024-06-11T15:22:47.963069398Z,01J03Y9T5QC8VV5YMRT1E969VR,2024-06-11T15:22:47.963069398Z
01J042P56847464M7S37TZJJJP,01J040P9Z65A6GDAXM8Q9Y76XR,2024-06-11T16:39:19.496167061Z,01J040PA05WJE07E0XMPBVRQ15,2024-06-11T16:39:19.496167061Z,01J042KB07J8YBT7P3Q55XJKA4,2024-06-11T16:39:19.496167061Z
01J03XVMHSY3N7Z044XAEACXHN,01J03XTTARHPSJN4QH9P6F8KRV,2024-06-11T15:14:56.185891701Z,01J03XTTBKJ1XC0TE0DXQBY0SG,2024-06-11T15:14:56.185891701Z,01J03XV0B57R4TFQQBXPKZYGW1,2024-06-11T15:14:56.185891701Z
01J03Y61T875TF06FXK2MJSFNH,01J03Y5GM473RKT307CHVF30BC,2024-06-11T15:20:37.448613263Z,01J03Y5GN11CJ3N7W8K5WQG2Y0,2024-06-11T15:20:37.448613263Z,01J03Y5QSWEA2P3CRDC8JB77HQ,2024-06-11T15:20:37.448613263Z
01J0409J37W6PGZ69XQ4NFD7XT,01J0408KD6EWMVEQV4N99654BD,2024-06-11T15:57:29.575457663Z,01J0408KDYV5BVVZP6R2H59FV8,2024-06-11T15:57:29.575457663Z,01J04095V3TGFY9WB49TGK3EX0,2024-06-11T15:57:29.575457663Z
01J042RGSQMW0BXPW0R6YZ1EBH,01J040P9Z65A6GDAXM8Q9Y76XR,2024-06-11T16:40:36.91942974Z,01J040PA04TYSXY3APSH6W68K0,2024-06-11T16:40:36.91942974Z,01J042QKDVTH2GV2PAHW5PC57E,2024-06-11T16:40:36.91942974Z
01J03X5A8PGDPXTZQF4B8QQ64C,01J03X4YXYK0TYRA79BHHZWAX1,2024-06-11T15:02:44.758529419Z,01J03X4YYSKP64RZB0GYTKGY80,2024-06-11T15:02:44.758529419Z,01J03X53N1CJ0HJEV55AMSTRM6,2024-06-11T15:02:44.758529419Z
01J03YA18TVAQR9Z20SM94SBNB,01J03Y967TCNPP237P3PJJV9XT,2024-06-11T15:22:47.962383376Z,01J03Y968R6F0X8KGV3DNS0PP8,2024-06-11T15:22:47.962383376Z,01J03Y9RDXGFP2DQFTNZXXPNES,2024-06-11T15:22:47.962383376Z
01J0409J37W6PGZ69XPYF8CQCT,01J0408KD6EWMVEQV4N99654BD,2024-06-11T15:57:29.575057155Z,01J0408KDYV5BVVZP6R2H59FV8,2024-06-11T15:57:29.575057155Z,01J04095TJQA1XG3103XPKRAMV,2024-06-11T15:57:29.575057155Z
01J042MPDY7XMHK0M1CM6Z9RWN,01J040P9Z65A6GDAXM8Q9Y76XR,2024-06-11T16:38:31.614897672Z,01J040PA05WJE07E0XMA3Y2SEY,2024-06-11T16:38:31.614897672Z,01J042JANA9P3QE1K69TE0ZT0J,2024-06-11T16:38:31.614897672Z
01J042MPDZS0Z33E23M9X4JQ84,01J040P9Z65A6GDAXM8Q9Y76XR,2024-06-11T16:38:31.615681426Z,01J040PA05WJE07E0XMA3Y2SEY,2024-06-11T16:38:31.615681426Z,01J042JEX1D79G227SPAQTF0SW,2024-06-11T16:38:31.615681426Z
01J042NN20G8057MVWRXQZZDP1,01J040P9Z65A6GDAXM8Q9Y76XR,2024-06-11T16:39:02.976279047Z,01J040PA014XGMYAEPM0GRRBVR,2024-06-11T16:39:02.976279047Z,01J042JG31ZY0FHVVSXGZXFX4T,2024-06-11T16:39:02.976279047Z
01J042RGSTDW8S40Y03NRTSTVA,01J040P9Z65A6GDAXM8Q9Y76XR,2024-06-11T16:40:36.92224914Z,01J040PA04TYSXY3APSH6W68K0,2024-06-11T16:40:36.92224914Z,01J042RE0X72TC809DEQG8S440,2024-06-11T16:40:36.92224914Z
01J0431CYMERPS1SK6Y2HEPPC5,01J0430QZR39AM3HSG6HQT3D8N,2024-06-11T16:45:27.89261913Z,01J0430R0E3M1BVDN8PR15AXGB,2024-06-11T16:45:27.89261913Z,01J04318V1CQ18NDZYS70RXZ42,2024-06-11T16:45:27.89261913Z
01J0431CYR84QPEDE1BPRQQ2CB,01J0430QZR39AM3HSG6HQT3D8N,2024-06-11T16:45:27.896370572Z,01J0430R0E3M1BVDN8PR15AXGB,2024-06-11T16:45:27.896370572Z,01J0431AJ55NGAMMR47B8WWHK4,2024-06-11T16:45:27.896370572Z
