id,actualPlayerCount,actualPlayerCountLastChangedAt,batchID,batchIDLastChangedAt,bottomTangrams,bottomTangramsLastChangedAt,contextSize,contextSizeLastChangedAt,contextStructure,contextStructureLastChangedAt,ended,endedLastChangedAt,endedInactive,endedInactiveLastChangedAt,endedReason,endedReasonLastChangedAt,groupID,groupIDLastChangedAt,justStarted,justStartedLastChangedAt,maxTimeout,maxTimeoutLastChangedAt,numRoundsInactive,numRoundsInactiveLastChangedAt,rotation,rotationLastChangedAt,roundIndex,roundIndexLastChangedAt,showNegativeFeedback,showNegativeFeedbackLastChangedAt,stageID,stageIDLastChangedAt,start,startLastChangedAt,starting,startingLastChangedAt,status,statusLastChangedAt,targets,targetsLastChangedAt,topTangrams,topTangramsLastChangedAt,treatment,treatmentLastChangedAt,treatmentName,treatmentNameLastChangedAt
01JJWQM46VZHKDRK29PCXJ8GQ3,2,2025-01-30T23:16:32.817481711Z,01JJWQM46NB728GJ7TZB5C40R5,2025-01-30T23:09:32.251578029Z,"[166,426,39,358]",2025-01-30T23:16:32.943960664Z,4,2025-01-30T23:16:32.833770716Z,comp-between,2025-01-30T23:16:32.833770716Z,true,2025-01-30T23:36:05.666408431Z,false,2025-01-30T23:16:32.833770716Z,end of game,2025-01-30T23:36:05.709090623Z,01JJWQM474525EM7JMV4C99RMV,2025-01-30T23:09:32.261292427Z,false,2025-01-30T23:16:35.66283725Z,5,2025-01-30T23:16:32.833770716Z,0,2025-01-30T23:16:32.833770716Z,0,2025-01-30T23:16:32.833770716Z,63,2025-01-30T23:16:32.943960664Z,1,2025-01-30T23:16:32.833770716Z,null,2025-01-30T23:36:05.666408431Z,true,2025-01-30T23:16:32.817481711Z,true,2025-01-30T23:16:32.817481711Z,ended,2025-01-30T23:36:05.709090623Z,"[[140,166],[140,426],[140,39],[140,358],[90,166],[90,426],[90,39],[90,358],[336,166],[336,426],[336,39],[336,358],[411,166],[411,426],[411,39],[411,358]]",2025-01-30T23:16:32.943960664Z,"[140,90,336,411]",2025-01-30T23:16:32.943960664Z,"{""contextSize"":4,""contextStructure"":""comp-between"",""feedbackDuration"":3,""maxTimeout"":5,""numRepetitionsWithPartner"":4,""playerCount"":2,""selectionDuration"":60,""showNegativeFeedback"":1}",2025-01-30T23:09:32.251578029Z,full-comp-between,2025-01-30T23:09:32.251578029Z
01JJWQM4SXYWDXPAAXPXF6RTWY,2,2025-01-30T23:17:53.038209745Z,01JJWQM4SRBR39AABAXJX30JDM,2025-01-30T23:09:32.861900546Z,"[209,237,331,447]",2025-01-30T23:17:53.202664347Z,4,2025-01-30T23:17:53.056458881Z,comp-between,2025-01-30T23:17:53.056458881Z,true,2025-01-30T23:40:01.932721686Z,false,2025-01-30T23:17:53.056458881Z,end of game,2025-01-30T23:40:01.979035617Z,01JJWQM4T6KTM3MGY8GREZQ606,2025-01-30T23:09:32.871919704Z,false,2025-01-30T23:17:56.652521699Z,5,2025-01-30T23:17:53.056458881Z,0,2025-01-30T23:17:53.056458881Z,90,2025-01-30T23:17:53.056458881Z,63,2025-01-30T23:17:53.202664347Z,1,2025-01-30T23:17:53.056458881Z,null,2025-01-30T23:40:01.932721686Z,true,2025-01-30T23:17:53.038209745Z,true,2025-01-30T23:17:53.038209745Z,ended,2025-01-30T23:40:01.979035617Z,"[[374,209],[374,237],[374,331],[374,447],[178,209],[178,237],[178,331],[178,447],[102,209],[102,237],[102,331],[102,447],[83,209],[83,237],[83,331],[83,447]]",2025-01-30T23:17:53.202664347Z,"[374,178,102,83]",2025-01-30T23:17:53.202664347Z,"{""contextSize"":4,""contextStructure"":""comp-between"",""feedbackDuration"":3,""maxTimeout"":5,""numRepetitionsWithPartner"":4,""playerCount"":2,""selectionDuration"":60,""showNegativeFeedback"":1}",2025-01-30T23:09:32.861900546Z,full-comp-between,2025-01-30T23:09:32.861900546Z
01JJWQM7JYKRFWJQSYFADXG4VD,2,2025-01-30T23:19:07.07662455Z,01JJWQM7JQHKZG3542MKSHRW60,2025-01-30T23:09:35.710234373Z,"[70,431,187,467]",2025-01-30T23:19:07.296515549Z,4,2025-01-30T23:19:07.098003475Z,comp-between,2025-01-30T23:19:07.098003475Z,true,2025-01-30T23:43:55.446321463Z,false,2025-01-30T23:19:07.098003475Z,end of game,2025-01-30T23:43:55.491775417Z,01JJWQM7K56ZVRAYY198SK6YNC,2025-01-30T23:09:35.719677866Z,false,2025-01-30T23:19:11.83968355Z,5,2025-01-30T23:19:07.098003475Z,0,2025-01-30T23:20:48.141094076Z,0,2025-01-30T23:19:07.098003475Z,63,2025-01-30T23:19:07.296515549Z,1,2025-01-30T23:19:07.098003475Z,null,2025-01-30T23:43:55.446321463Z,true,2025-01-30T23:19:07.07662455Z,true,2025-01-30T23:19:07.07662455Z,ended,2025-01-30T23:43:55.491775417Z,"[[34,70],[34,431],[34,187],[34,467],[267,70],[267,431],[267,187],[267,467],[376,70],[376,431],[376,187],[376,467],[158,70],[158,431],[158,187],[158,467]]",2025-01-30T23:19:07.296515549Z,"[34,267,376,158]",2025-01-30T23:19:07.296515549Z,"{""contextSize"":4,""contextStructure"":""comp-between"",""feedbackDuration"":3,""maxTimeout"":5,""numRepetitionsWithPartner"":4,""playerCount"":2,""selectionDuration"":60,""showNegativeFeedback"":1}",2025-01-30T23:09:35.710234373Z,full-comp-between,2025-01-30T23:09:35.710234373Z
01JJWQM8BVGK0ZH8GATDR81V9G,2,2025-01-30T23:22:53.370115941Z,01JJWQM8BPBXGY83RHRB9APS1Q,2025-01-30T23:09:36.507096744Z,"[327,334,406,226]",2025-01-30T23:22:53.735514148Z,4,2025-01-30T23:22:53.404924784Z,comp-between,2025-01-30T23:22:53.404924784Z,true,2025-01-31T00:01:33.553508803Z,false,2025-01-30T23:22:53.404924784Z,end of game,2025-01-31T00:01:33.619606183Z,01JJWQM8C245TBMPAXPVXK2GJR,2025-01-30T23:09:36.515550823Z,false,2025-01-30T23:23:00.92169006Z,5,2025-01-30T23:22:53.404924784Z,0,2025-01-30T23:31:33.557299416Z,90,2025-01-30T23:22:53.404924784Z,63,2025-01-30T23:22:53.735514148Z,1,2025-01-30T23:22:53.404924784Z,null,2025-01-31T00:01:33.553508803Z,true,2025-01-30T23:22:53.370115941Z,true,2025-01-30T23:22:53.370115941Z,ended,2025-01-31T00:01:33.619606183Z,"[[395,327],[395,334],[395,406],[395,226],[46,327],[46,334],[46,406],[46,226],[392,327],[392,334],[392,406],[392,226],[110,327],[110,334],[110,406],[110,226]]",2025-01-30T23:22:53.735514148Z,"[395,46,392,110]",2025-01-30T23:22:53.735514148Z,"{""contextSize"":4,""contextStructure"":""comp-between"",""feedbackDuration"":3,""maxTimeout"":5,""numRepetitionsWithPartner"":4,""playerCount"":2,""selectionDuration"":60,""showNegativeFeedback"":1}",2025-01-30T23:09:36.507096744Z,full-comp-between,2025-01-30T23:09:36.507096744Z
01JJWQM9NN31AH9EPQFG21TR1J,2,2025-01-30T23:26:36.868299978Z,01JJWQM9NG1PV1CS80DM74WVDR,2025-01-30T23:09:37.845263752Z,"[30,90,175,302]",2025-01-30T23:26:37.642415963Z,4,2025-01-30T23:26:36.924549469Z,comp-between,2025-01-30T23:26:36.924549469Z,true,2025-01-30T23:40:18.823485088Z,true,2025-01-30T23:40:18.802383117Z,timeOut,2025-01-30T23:40:18.802383117Z,01JJWQM9NX5NNA4FYSBTBB1A4B,2025-01-30T23:09:37.854506935Z,false,2025-01-30T23:26:50.816258555Z,5,2025-01-30T23:26:36.924549469Z,5,2025-01-30T23:40:18.802383117Z,90,2025-01-30T23:26:36.924549469Z,63,2025-01-30T23:26:37.642415963Z,1,2025-01-30T23:26:36.924549469Z,null,2025-01-30T23:40:18.823485088Z,true,2025-01-30T23:26:36.868299978Z,true,2025-01-30T23:26:36.868299978Z,ended,2025-01-30T23:40:18.802383117Z,"[[469,30],[469,90],[469,175],[469,302],[463,30],[463,90],[463,175],[463,302],[396,30],[396,90],[396,175],[396,302],[400,30],[400,90],[400,175],[400,302]]",2025-01-30T23:26:37.642415963Z,"[469,463,396,400]",2025-01-30T23:26:37.642415963Z,"{""contextSize"":4,""contextStructure"":""comp-between"",""feedbackDuration"":3,""maxTimeout"":5,""numRepetitionsWithPartner"":4,""playerCount"":2,""selectionDuration"":60,""showNegativeFeedback"":1}",2025-01-30T23:09:37.845263752Z,full-comp-between,2025-01-30T23:09:37.845263752Z
01JJWRR8X7YC0AJHWDFXTMFZRB,2,2025-01-30T23:52:16.381001009Z,01JJWRR8VYE36MQA5SCN8KGN3M,2025-01-30T23:29:16.711953374Z,"[47,31,156,287]",2025-01-30T23:52:18.184386287Z,4,2025-01-30T23:52:16.514983468Z,comp-between,2025-01-30T23:52:16.514983468Z,true,2025-01-31T00:17:12.098142511Z,false,2025-01-30T23:52:16.514983468Z,end of game,2025-01-31T00:17:12.170126409Z,01JJWRR90AP9FDSDMFE6G4FXSP,2025-01-30T23:29:16.81384309Z,false,2025-01-30T23:52:50.551643628Z,5,2025-01-30T23:52:16.514983468Z,0,2025-01-30T23:59:04.110817483Z,90,2025-01-30T23:52:16.514983468Z,63,2025-01-30T23:52:18.184386287Z,1,2025-01-30T23:52:16.514983468Z,null,2025-01-31T00:17:12.098142511Z,true,2025-01-30T23:52:16.381001009Z,true,2025-01-30T23:52:16.381001009Z,ended,2025-01-31T00:17:12.170126409Z,"[[249,47],[249,31],[249,156],[249,287],[90,47],[90,31],[90,156],[90,287],[417,47],[417,31],[417,156],[417,287],[341,47],[341,31],[341,156],[341,287]]",2025-01-30T23:52:18.184386287Z,"[249,90,417,341]",2025-01-30T23:52:18.184386287Z,"{""contextSize"":4,""contextStructure"":""comp-between"",""feedbackDuration"":3,""maxTimeout"":5,""numRepetitionsWithPartner"":4,""playerCount"":2,""selectionDuration"":60,""showNegativeFeedback"":1}",2025-01-30T23:29:16.711953374Z,full-comp-between,2025-01-30T23:29:16.711953374Z
01JJWQM4ESCAKJV1KX886CJPAJ,2,2025-01-30T23:17:34.747190148Z,01JJWQM4EKDS1SF643D6Q2CW8J,2025-01-30T23:09:32.505274484Z,"[61,63,163,244]",2025-01-30T23:17:34.900488476Z,4,2025-01-30T23:17:34.77277917Z,comp-between,2025-01-30T23:17:34.77277917Z,true,2025-01-30T23:42:57.047891754Z,false,2025-01-30T23:17:34.77277917Z,end of game,2025-01-30T23:42:57.112369626Z,01JJWQM4F2C5C13G6ES2HFBSBA,2025-01-30T23:09:32.515546978Z,false,2025-01-30T23:17:38.092215291Z,5,2025-01-30T23:17:34.77277917Z,0,2025-01-30T23:17:34.77277917Z,180,2025-01-30T23:17:34.77277917Z,63,2025-01-30T23:17:34.900488476Z,1,2025-01-30T23:17:34.77277917Z,null,2025-01-30T23:42:57.047891754Z,true,2025-01-30T23:17:34.747190148Z,true,2025-01-30T23:17:34.747190148Z,ended,2025-01-30T23:42:57.112369626Z,"[[177,61],[177,63],[177,163],[177,244],[263,61],[263,63],[263,163],[263,244],[141,61],[141,63],[141,163],[141,244],[334,61],[334,63],[334,163],[334,244]]",2025-01-30T23:17:34.900488476Z,"[177,263,141,334]",2025-01-30T23:17:34.900488476Z,"{""contextSize"":4,""contextStructure"":""comp-between"",""feedbackDuration"":3,""maxTimeout"":5,""numRepetitionsWithPartner"":4,""playerCount"":2,""selectionDuration"":60,""showNegativeFeedback"":1}",2025-01-30T23:09:32.505274484Z,full-comp-between,2025-01-30T23:09:32.505274484Z
01JJWQM8WGY44HHCQ0AQQ6RXGH,2,2025-01-30T23:24:33.809300625Z,01JJWQM8WB4YBRRV3APRJQ9E36,2025-01-30T23:09:37.04046064Z,"[413,312,55,7]",2025-01-30T23:24:34.30143361Z,4,2025-01-30T23:24:33.848848194Z,comp-between,2025-01-30T23:24:33.848848194Z,true,2025-01-30T23:50:33.476752101Z,false,2025-01-30T23:24:33.848848194Z,end of game,2025-01-30T23:50:33.531423864Z,01JJWQM8WSTQK0AKRKKGJJ20G1,2025-01-30T23:09:37.050220258Z,false,2025-01-30T23:24:44.117724765Z,5,2025-01-30T23:24:33.848848194Z,0,2025-01-30T23:36:49.835277614Z,0,2025-01-30T23:24:33.848848194Z,63,2025-01-30T23:24:34.30143361Z,1,2025-01-30T23:24:33.848848194Z,null,2025-01-30T23:50:33.476752101Z,true,2025-01-30T23:24:33.809300625Z,true,2025-01-30T23:24:33.809300625Z,ended,2025-01-30T23:50:33.531423864Z,"[[48,413],[48,312],[48,55],[48,7],[131,413],[131,312],[131,55],[131,7],[37,413],[37,312],[37,55],[37,7],[167,413],[167,312],[167,55],[167,7]]",2025-01-30T23:24:34.30143361Z,"[48,131,37,167]",2025-01-30T23:24:34.30143361Z,"{""contextSize"":4,""contextStructure"":""comp-between"",""feedbackDuration"":3,""maxTimeout"":5,""numRepetitionsWithPartner"":4,""playerCount"":2,""selectionDuration"":60,""showNegativeFeedback"":1}",2025-01-30T23:09:37.04046064Z,full-comp-between,2025-01-30T23:09:37.04046064Z
01JJWQM94XQAQVWGZG992VCZZY,2,2025-01-30T23:24:55.889576449Z,01JJWQM94SH0NXTYFJFBWAKHBD,2025-01-30T23:09:37.309455767Z,"[3,218,162,17]",2025-01-30T23:24:56.433715936Z,4,2025-01-30T23:24:55.930544654Z,comp-between,2025-01-30T23:24:55.930544654Z,true,2025-01-30T23:52:00.19408482Z,false,2025-01-30T23:24:55.930544654Z,end of game,2025-01-30T23:52:00.249057607Z,01JJWQM95BJ56D0YDSGQESCJFZ,2025-01-30T23:09:37.324748622Z,false,2025-01-30T23:25:06.857718225Z,5,2025-01-30T23:24:55.930544654Z,0,2025-01-30T23:50:25.919890575Z,90,2025-01-30T23:24:55.930544654Z,63,2025-01-30T23:24:56.433715936Z,1,2025-01-30T23:24:55.930544654Z,null,2025-01-30T23:52:00.19408482Z,true,2025-01-30T23:24:55.889576449Z,true,2025-01-30T23:24:55.889576449Z,ended,2025-01-30T23:52:00.249057607Z,"[[193,3],[193,218],[193,162],[193,17],[133,3],[133,218],[133,162],[133,17],[336,3],[336,218],[336,162],[336,17],[370,3],[370,218],[370,162],[370,17]]",2025-01-30T23:24:56.433715936Z,"[193,133,336,370]",2025-01-30T23:24:56.433715936Z,"{""contextSize"":4,""contextStructure"":""comp-between"",""feedbackDuration"":3,""maxTimeout"":5,""numRepetitionsWithPartner"":4,""playerCount"":2,""selectionDuration"":60,""showNegativeFeedback"":1}",2025-01-30T23:09:37.309455767Z,full-comp-between,2025-01-30T23:09:37.309455767Z
01JJWQMH0K69BPKF6J67JXHA4V,2,2025-01-30T23:31:37.086253867Z,01JJWQMH0DG2DCZRDP5X88XZRX,2025-01-30T23:09:45.363094956Z,"[147,159,177,405]",2025-01-30T23:31:38.17541166Z,4,2025-01-30T23:31:37.16068349Z,comp-between,2025-01-30T23:31:37.16068349Z,true,2025-01-31T00:12:54.07758628Z,false,2025-01-30T23:31:37.16068349Z,end of game,2025-01-31T00:12:54.189121433Z,01JJWQMH0WZ28KZS5HQ675TX49,2025-01-30T23:09:45.373670691Z,false,2025-01-30T23:31:58.135166139Z,5,2025-01-30T23:31:37.16068349Z,0,2025-01-31T00:02:13.525120488Z,180,2025-01-30T23:31:37.16068349Z,63,2025-01-30T23:31:38.17541166Z,1,2025-01-30T23:31:37.16068349Z,null,2025-01-31T00:12:54.07758628Z,true,2025-01-30T23:31:37.086253867Z,true,2025-01-30T23:31:37.086253867Z,ended,2025-01-31T00:12:54.189121433Z,"[[404,147],[404,159],[404,177],[404,405],[327,147],[327,159],[327,177],[327,405],[77,147],[77,159],[77,177],[77,405],[262,147],[262,159],[262,177],[262,405]]",2025-01-30T23:31:38.17541166Z,"[404,327,77,262]",2025-01-30T23:31:38.17541166Z,"{""contextSize"":4,""contextStructure"":""comp-between"",""feedbackDuration"":3,""maxTimeout"":5,""numRepetitionsWithPartner"":4,""playerCount"":2,""selectionDuration"":60,""showNegativeFeedback"":1}",2025-01-30T23:09:45.363094956Z,full-comp-between,2025-01-30T23:09:45.363094956Z
01JJWSR3KHW2NPN0R7H4WW39R7,2,2025-01-30T23:54:36.369639117Z,01JJWSR3GYPFNVD635T9KYWPD0,2025-01-30T23:46:39.857625455Z,"[28,377,429,444]",2025-01-30T23:54:38.370073341Z,4,2025-01-30T23:54:36.520647067Z,comp-between,2025-01-30T23:54:36.520647067Z,true,2025-01-31T00:37:43.582919587Z,false,2025-01-30T23:54:36.520647067Z,end of game,2025-01-31T00:37:43.660861064Z,01JJWSR3RDEKEQ8KY306051653,2025-01-30T23:46:40.017386717Z,false,2025-01-30T23:55:22.779710713Z,5,2025-01-30T23:54:36.520647067Z,0,2025-01-31T00:37:03.352385583Z,0,2025-01-30T23:54:36.520647067Z,63,2025-01-30T23:54:38.370073341Z,1,2025-01-30T23:54:36.520647067Z,null,2025-01-31T00:37:43.582919587Z,true,2025-01-30T23:54:36.369639117Z,true,2025-01-30T23:54:36.369639117Z,ended,2025-01-31T00:37:43.660861064Z,"[[131,28],[131,377],[131,429],[131,444],[401,28],[401,377],[401,429],[401,444],[462,28],[462,377],[462,429],[462,444],[422,28],[422,377],[422,429],[422,444]]",2025-01-30T23:54:38.370073341Z,"[131,401,462,422]",2025-01-30T23:54:38.370073341Z,"{""contextSize"":4,""contextStructure"":""comp-between"",""feedbackDuration"":3,""maxTimeout"":5,""numRepetitionsWithPartner"":4,""playerCount"":2,""selectionDuration"":60,""showNegativeFeedback"":1}",2025-01-30T23:46:39.857625455Z,full-comp-between,2025-01-30T23:46:39.857625455Z
01JJWQM2A5CEPTA6591NYPTA3G,2,2025-01-30T23:15:23.401907851Z,01JJWQM29RTEX8NVWBS5D5SREC,2025-01-30T23:09:30.309690975Z,"[8,446,24,42]",2025-01-30T23:15:23.552345657Z,4,2025-01-30T23:15:23.417082526Z,comp-between,2025-01-30T23:15:23.417082526Z,true,2025-01-30T23:36:13.496049719Z,false,2025-01-30T23:15:23.417082526Z,end of game,2025-01-30T23:36:13.535835816Z,01JJWQM2ANHQVAQ9CD5JQN5XFA,2025-01-30T23:09:30.32682511Z,false,2025-01-30T23:15:25.8416689Z,5,2025-01-30T23:15:23.417082526Z,0,2025-01-30T23:15:23.417082526Z,0,2025-01-30T23:15:23.417082526Z,63,2025-01-30T23:15:23.552345657Z,1,2025-01-30T23:15:23.417082526Z,null,2025-01-30T23:36:13.496049719Z,true,2025-01-30T23:15:23.401907851Z,true,2025-01-30T23:15:23.401907851Z,ended,2025-01-30T23:36:13.535835816Z,"[[173,8],[173,446],[173,24],[173,42],[396,8],[396,446],[396,24],[396,42],[423,8],[423,446],[423,24],[423,42],[114,8],[114,446],[114,24],[114,42]]",2025-01-30T23:15:23.552345657Z,"[173,396,423,114]",2025-01-30T23:15:23.552345657Z,"{""contextSize"":4,""contextStructure"":""comp-between"",""feedbackDuration"":3,""maxTimeout"":5,""numRepetitionsWithPartner"":4,""playerCount"":2,""selectionDuration"":60,""showNegativeFeedback"":1}",2025-01-30T23:09:30.309690975Z,full-comp-between,2025-01-30T23:09:30.309690975Z
01JJWQM3PFQBZ8D8TSMQCH27Y7,2,2025-01-30T23:16:02.953913168Z,01JJWQM3P8EBAGR09H9MG2PS1N,2025-01-30T23:09:31.727913096Z,"[18,159,55,165]",2025-01-30T23:16:03.063666884Z,4,2025-01-30T23:16:02.968679388Z,comp-between,2025-01-30T23:16:02.968679388Z,true,2025-01-30T23:21:20.84391576Z,true,2025-01-30T23:21:20.83827692Z,timeOut,2025-01-30T23:21:20.83827692Z,01JJWQM3PV11PS2FCZ7SJQGW13,2025-01-30T23:09:31.741352345Z,false,2025-01-30T23:16:04.973316036Z,5,2025-01-30T23:16:02.968679388Z,5,2025-01-30T23:21:20.83827692Z,180,2025-01-30T23:16:02.968679388Z,63,2025-01-30T23:16:03.063666884Z,1,2025-01-30T23:16:02.968679388Z,null,2025-01-30T23:21:20.84391576Z,true,2025-01-30T23:16:02.953913168Z,true,2025-01-30T23:16:02.953913168Z,ended,2025-01-30T23:21:20.83827692Z,"[[409,18],[409,159],[409,55],[409,165],[266,18],[266,159],[266,55],[266,165],[127,18],[127,159],[127,55],[127,165],[345,18],[345,159],[345,55],[345,165]]",2025-01-30T23:16:03.063666884Z,"[409,266,127,345]",2025-01-30T23:16:03.063666884Z,"{""contextSize"":4,""contextStructure"":""comp-between"",""feedbackDuration"":3,""maxTimeout"":5,""numRepetitionsWithPartner"":4,""playerCount"":2,""selectionDuration"":60,""showNegativeFeedback"":1}",2025-01-30T23:09:31.727913096Z,full-comp-between,2025-01-30T23:09:31.727913096Z
01JJWQM8M9FWZ1KWGP90BB79CV,2,2025-01-30T23:23:00.469354947Z,01JJWQM8M4ZDH8NRKTCBAQK267,2025-01-30T23:09:36.777520964Z,"[112,119,271,465]",2025-01-30T23:23:00.940082403Z,4,2025-01-30T23:23:00.559220912Z,comp-between,2025-01-30T23:23:00.559220912Z,true,2025-01-30T23:47:30.123972017Z,false,2025-01-30T23:23:00.559220912Z,end of game,2025-01-30T23:47:30.178129276Z,01JJWQM8MHCMGHTJ8C4PKXPD8Q,2025-01-30T23:09:36.786165982Z,false,2025-01-30T23:23:08.65826871Z,5,2025-01-30T23:23:00.559220912Z,0,2025-01-30T23:29:56.819490781Z,180,2025-01-30T23:23:00.559220912Z,63,2025-01-30T23:23:00.940082403Z,1,2025-01-30T23:23:00.559220912Z,null,2025-01-30T23:47:30.123972017Z,true,2025-01-30T23:23:00.469354947Z,true,2025-01-30T23:23:00.469354947Z,ended,2025-01-30T23:47:30.178129276Z,"[[170,112],[170,119],[170,271],[170,465],[162,112],[162,119],[162,271],[162,465],[14,112],[14,119],[14,271],[14,465],[406,112],[406,119],[406,271],[406,465]]",2025-01-30T23:23:00.940082403Z,"[170,162,14,406]",2025-01-30T23:23:00.940082403Z,"{""contextSize"":4,""contextStructure"":""comp-between"",""feedbackDuration"":3,""maxTimeout"":5,""numRepetitionsWithPartner"":4,""playerCount"":2,""selectionDuration"":60,""showNegativeFeedback"":1}",2025-01-30T23:09:36.777520964Z,full-comp-between,2025-01-30T23:09:36.777520964Z
01JJWSR1D827TZNY0WBF4GACM0,2,2025-01-30T23:53:10.298478982Z,01JJWSR1AK9B2DTHZTRBMKZ4VD,2025-01-30T23:46:37.608104435Z,"[118,432,262,386]",2025-01-30T23:53:12.277245306Z,4,2025-01-30T23:53:10.440629282Z,comp-between,2025-01-30T23:53:10.440629282Z,true,2025-01-31T00:17:54.40277732Z,false,2025-01-30T23:53:10.440629282Z,end of game,2025-01-31T00:17:54.476098813Z,01JJWSR1HBN9C66HXSZQMADQ3G,2025-01-30T23:46:37.743358957Z,false,2025-01-30T23:53:45.063563411Z,5,2025-01-30T23:53:10.440629282Z,0,2025-01-30T23:53:10.440629282Z,180,2025-01-30T23:53:10.440629282Z,63,2025-01-30T23:53:12.277245306Z,1,2025-01-30T23:53:10.440629282Z,null,2025-01-31T00:17:54.40277732Z,true,2025-01-30T23:53:10.298478982Z,true,2025-01-30T23:53:10.298478982Z,ended,2025-01-31T00:17:54.476098813Z,"[[76,118],[76,432],[76,262],[76,386],[39,118],[39,432],[39,262],[39,386],[263,118],[263,432],[263,262],[263,386],[108,118],[108,432],[108,262],[108,386]]",2025-01-30T23:53:12.277245306Z,"[76,39,263,108]",2025-01-30T23:53:12.277245306Z,"{""contextSize"":4,""contextStructure"":""comp-between"",""feedbackDuration"":3,""maxTimeout"":5,""numRepetitionsWithPartner"":4,""playerCount"":2,""selectionDuration"":60,""showNegativeFeedback"":1}",2025-01-30T23:46:37.608104435Z,full-comp-between,2025-01-30T23:46:37.608104435Z
01JJWSR2RMXQ5JGXR7VBY26NTR,2,2025-01-30T23:53:49.832375978Z,01JJWSR2PJAD62S5DSKVKPJWB1,2025-01-30T23:46:38.996137831Z,"[354,66,288,454]",2025-01-30T23:53:51.788468309Z,4,2025-01-30T23:53:49.976735225Z,comp-between,2025-01-30T23:53:49.976735225Z,true,2025-01-31T00:18:11.601816766Z,false,2025-01-30T23:53:49.976735225Z,end of game,2025-01-31T00:18:11.675736661Z,01JJWSR2X83SPDKA15H9P5TRHB,2025-01-30T23:46:39.14802586Z,false,2025-01-30T23:54:26.302059681Z,5,2025-01-30T23:53:49.976735225Z,0,2025-01-30T23:53:49.976735225Z,180,2025-01-30T23:53:49.976735225Z,63,2025-01-30T23:53:51.788468309Z,1,2025-01-30T23:53:49.976735225Z,null,2025-01-31T00:18:11.601816766Z,true,2025-01-30T23:53:49.832375978Z,true,2025-01-30T23:53:49.832375978Z,ended,2025-01-31T00:18:11.675736661Z,"[[428,354],[428,66],[428,288],[428,454],[114,354],[114,66],[114,288],[114,454],[165,354],[165,66],[165,288],[165,454],[212,354],[212,66],[212,288],[212,454]]",2025-01-30T23:53:51.788468309Z,"[428,114,165,212]",2025-01-30T23:53:51.788468309Z,"{""contextSize"":4,""contextStructure"":""comp-between"",""feedbackDuration"":3,""maxTimeout"":5,""numRepetitionsWithPartner"":4,""playerCount"":2,""selectionDuration"":60,""showNegativeFeedback"":1}",2025-01-30T23:46:38.996137831Z,full-comp-between,2025-01-30T23:46:38.996137831Z
01JJWQM7TRXWKY9X7MEZG3PZQH,2,2025-01-30T23:21:26.163982344Z,01JJWQM7TM155FQQT963NJTQYH,2025-01-30T23:09:35.960879893Z,"[145,298,410,435]",2025-01-30T23:21:26.442849205Z,4,2025-01-30T23:21:26.191767809Z,comp-between,2025-01-30T23:21:26.191767809Z,true,2025-01-30T23:39:36.950150113Z,false,2025-01-30T23:21:26.191767809Z,end of game,2025-01-30T23:39:36.993227813Z,01JJWQM7V0D0G9YCRNR9XKY184,2025-01-30T23:09:35.969616381Z,false,2025-01-30T23:21:31.914551125Z,5,2025-01-30T23:21:26.191767809Z,0,2025-01-30T23:21:26.191767809Z,0,2025-01-30T23:21:26.191767809Z,63,2025-01-30T23:21:26.442849205Z,1,2025-01-30T23:21:26.191767809Z,null,2025-01-30T23:39:36.950150113Z,true,2025-01-30T23:21:26.163982344Z,true,2025-01-30T23:21:26.163982344Z,ended,2025-01-30T23:39:36.993227813Z,"[[364,145],[364,298],[364,410],[364,435],[243,145],[243,298],[243,410],[243,435],[1,145],[1,298],[1,410],[1,435],[172,145],[172,298],[172,410],[172,435]]",2025-01-30T23:21:26.442849205Z,"[364,243,1,172]",2025-01-30T23:21:26.442849205Z,"{""contextSize"":4,""contextStructure"":""comp-between"",""feedbackDuration"":3,""maxTimeout"":5,""numRepetitionsWithPartner"":4,""playerCount"":2,""selectionDuration"":60,""showNegativeFeedback"":1}",2025-01-30T23:09:35.960879893Z,full-comp-between,2025-01-30T23:09:35.960879893Z
01JJWQM844MK0XHZFTGEC09EQ6,2,2025-01-30T23:22:22.949890392Z,01JJWQM840Z0BG2FHG8QXR6DZ6,2025-01-30T23:09:36.2606418Z,"[112,179,279,417]",2025-01-30T23:22:23.250248175Z,4,2025-01-30T23:22:22.976396375Z,comp-between,2025-01-30T23:22:22.976396375Z,true,2025-01-30T23:45:21.562769977Z,true,2025-01-30T23:45:21.540317578Z,timeOut,2025-01-30T23:45:21.540317578Z,01JJWQM84BJZQC54NX369ZCDRQ,2025-01-30T23:09:36.268895132Z,false,2025-01-30T23:22:29.502446185Z,5,2025-01-30T23:22:22.976396375Z,5,2025-01-30T23:45:21.540317578Z,0,2025-01-30T23:22:22.976396375Z,63,2025-01-30T23:22:23.250248175Z,1,2025-01-30T23:22:22.976396375Z,null,2025-01-30T23:45:21.562769977Z,true,2025-01-30T23:22:22.949890392Z,true,2025-01-30T23:22:22.949890392Z,ended,2025-01-30T23:45:21.540317578Z,"[[25,112],[25,179],[25,279],[25,417],[14,112],[14,179],[14,279],[14,417],[42,112],[42,179],[42,279],[42,417],[249,112],[249,179],[249,279],[249,417]]",2025-01-30T23:22:23.250248175Z,"[25,14,42,249]",2025-01-30T23:22:23.250248175Z,"{""contextSize"":4,""contextStructure"":""comp-between"",""feedbackDuration"":3,""maxTimeout"":5,""numRepetitionsWithPartner"":4,""playerCount"":2,""selectionDuration"":60,""showNegativeFeedback"":1}",2025-01-30T23:09:36.2606418Z,full-comp-between,2025-01-30T23:09:36.2606418Z
01JJWQM9DAGFZKW8XR8W2D95AS,2,2025-01-30T23:25:52.751707697Z,01JJWQM9D5VN7Q32C6J5WJ5B57,2025-01-30T23:09:37.578357415Z,"[448,348,219,380]",2025-01-30T23:25:53.348805097Z,4,2025-01-30T23:25:52.799878755Z,comp-between,2025-01-30T23:25:52.799878755Z,true,2025-01-30T23:40:21.211248621Z,true,2025-01-30T23:40:21.189590423Z,timeOut,2025-01-30T23:40:21.189590423Z,01JJWQM9DKQKTA6WAH3J7SX60B,2025-01-30T23:09:37.588334073Z,false,2025-01-30T23:26:05.464271415Z,5,2025-01-30T23:25:52.799878755Z,5,2025-01-30T23:40:21.189590423Z,90,2025-01-30T23:25:52.799878755Z,63,2025-01-30T23:25:53.348805097Z,1,2025-01-30T23:25:52.799878755Z,null,2025-01-30T23:40:21.211248621Z,true,2025-01-30T23:25:52.751707697Z,true,2025-01-30T23:25:52.751707697Z,ended,2025-01-30T23:40:21.189590423Z,"[[53,448],[53,348],[53,219],[53,380],[7,448],[7,348],[7,219],[7,380],[458,448],[458,348],[458,219],[458,380],[192,448],[192,348],[192,219],[192,380]]",2025-01-30T23:25:53.348805097Z,"[53,7,458,192]",2025-01-30T23:25:53.348805097Z,"{""contextSize"":4,""contextStructure"":""comp-between"",""feedbackDuration"":3,""maxTimeout"":5,""numRepetitionsWithPartner"":4,""playerCount"":2,""selectionDuration"":60,""showNegativeFeedback"":1}",2025-01-30T23:09:37.578357415Z,full-comp-between,2025-01-30T23:09:37.578357415Z
01JJWQM9Z0665TE8FH60006TCE,2,2025-01-30T23:27:35.054340011Z,01JJWQM9YWPP8C5K4YWB2DE178,2025-01-30T23:09:38.144618223Z,"[448,147,440,59]",2025-01-30T23:27:35.870130625Z,4,2025-01-30T23:27:35.113445676Z,comp-between,2025-01-30T23:27:35.113445676Z,true,2025-01-30T23:37:19.585742481Z,true,2025-01-30T23:37:19.565541553Z,timeOut,2025-01-30T23:37:19.565541553Z,01JJWQM9Z82R195X17SJHF3E23,2025-01-30T23:09:38.153652115Z,false,2025-01-30T23:27:50.927371074Z,5,2025-01-30T23:27:35.113445676Z,5,2025-01-30T23:37:19.565541553Z,0,2025-01-30T23:27:35.113445676Z,63,2025-01-30T23:27:35.870130625Z,1,2025-01-30T23:27:35.113445676Z,null,2025-01-30T23:37:19.585742481Z,true,2025-01-30T23:27:35.054340011Z,true,2025-01-30T23:27:35.054340011Z,ended,2025-01-30T23:37:19.565541553Z,"[[190,448],[190,147],[190,440],[190,59],[313,448],[313,147],[313,440],[313,59],[417,448],[417,147],[417,440],[417,59],[78,448],[78,147],[78,440],[78,59]]",2025-01-30T23:27:35.870130625Z,"[190,313,417,78]",2025-01-30T23:27:35.870130625Z,"{""contextSize"":4,""contextStructure"":""comp-between"",""feedbackDuration"":3,""maxTimeout"":5,""numRepetitionsWithPartner"":4,""playerCount"":2,""selectionDuration"":60,""showNegativeFeedback"":1}",2025-01-30T23:09:38.144618223Z,full-comp-between,2025-01-30T23:09:38.144618223Z
01JJWSR5ABWPXVH4Y34GR2M9A0,2,2025-01-30T23:55:02.703193113Z,01JJWSR57GQ1C9BH6C4Y6XMT2H,2025-01-30T23:46:41.61122981Z,"[19,64,364,361]",2025-01-30T23:55:16.128793165Z,4,2025-01-30T23:55:14.23636744Z,comp-between,2025-01-30T23:55:14.23636744Z,true,2025-01-31T00:33:06.603515052Z,false,2025-01-30T23:55:14.23636744Z,end of game,2025-01-31T00:33:06.679368219Z,01JJWSR5ESMYZ4XWB9P05KKCG8,2025-01-30T23:46:41.757886554Z,false,2025-01-30T23:55:54.672621383Z,5,2025-01-30T23:55:14.23636744Z,0,2025-01-31T00:29:01.777172206Z,90,2025-01-30T23:55:14.23636744Z,63,2025-01-30T23:55:16.128793165Z,1,2025-01-30T23:55:14.23636744Z,null,2025-01-31T00:33:06.603515052Z,true,2025-01-30T23:55:02.703193113Z,true,2025-01-30T23:55:02.703193113Z,ended,2025-01-31T00:33:06.679368219Z,"[[197,19],[197,64],[197,364],[197,361],[119,19],[119,64],[119,364],[119,361],[15,19],[15,64],[15,364],[15,361],[220,19],[220,64],[220,364],[220,361]]",2025-01-30T23:55:16.128793165Z,"[197,119,15,220]",2025-01-30T23:55:16.128793165Z,"{""contextSize"":4,""contextStructure"":""comp-between"",""feedbackDuration"":3,""maxTimeout"":5,""numRepetitionsWithPartner"":4,""playerCount"":2,""selectionDuration"":60,""showNegativeFeedback"":1}",2025-01-30T23:46:41.61122981Z,full-comp-between,2025-01-30T23:46:41.61122981Z
01JJWSR6G9Z0CEPWXAMKJ8HE77,,,01JJWSR6D88YZR3Z7QH4C4HAXR,2025-01-30T23:46:42.825134043Z,,,,,,,false,2025-01-30T23:46:42.825134043Z,,,,,01JJWSR6MWG772TKT5EWJEQKF8,2025-01-30T23:46:42.976760803Z,,,,,,,,,,,,,,,false,2025-01-30T23:46:42.825134043Z,,,,,,,,,"{""contextSize"":4,""contextStructure"":""comp-between"",""feedbackDuration"":3,""maxTimeout"":5,""numRepetitionsWithPartner"":4,""playerCount"":2,""selectionDuration"":60,""showNegativeFeedback"":1}",2025-01-30T23:46:42.825134043Z,full-comp-between,2025-01-30T23:46:42.825134043Z
