id,batchID,batchIDLastChangedAt,gameID,gameIDLastChangedAt,playerID,playerIDLastChangedAt
01JJWR5NJHBK6VWM9066KEWNA0,01JJWQM7JQHKZG3542MKSHRW60,2025-01-30T23:19:07.08990075Z,01JJWQM7JYKRFWJQSYFADXG4VD,2025-01-30T23:19:07.08990075Z,01JJWQS3TH2KYGFDJXE937C6SG,2025-01-30T23:19:07.08990075Z
01JJWR9XD46PA7CZR3Z7NXYAES,01JJWQM7TM155FQQT963NJTQYH,2025-01-30T23:21:26.180151108Z,01JJWQM7TRXWKY9X7MEZG3PZQH,2025-01-30T23:21:26.180151108Z,01JJWQSTTZJ2MSZBK7K9MA36YQ,2025-01-30T23:21:26.180151108Z
01JJWRN5NHD309N2WHGTG6H3YM,01JJWQM9YWPP8C5K4YWB2DE178,2025-01-30T23:27:35.089758185Z,01JJWQM9Z0665TE8FH60006TCE,2025-01-30T23:27:35.089758185Z,01JJWRB9WG64CG27XBCC43EP3V,2025-01-30T23:27:35.089758185Z
01JJWRWJ1AXGX3YKPGAZ41KWB7,01JJWQMH0DG2DCZRDP5X88XZRX,2025-01-30T23:31:37.130505332Z,01JJWQMH0K69BPKF6J67JXHA4V,2025-01-30T23:31:37.130505332Z,01JJWR0R4E5XKWS7ZPR3EDVRBG,2025-01-30T23:31:37.130505332Z
01JJWT7SV7CC8Z1NXSF0T96CGH,01JJWSR57GQ1C9BH6C4Y6XMT2H,2025-01-30T23:55:14.151734965Z,01JJWSR5ABWPXVH4Y34GR2M9A0,2025-01-30T23:55:14.151734965Z,01JJWT109BAJ35J70YHSJGVX5V,2025-01-30T23:55:14.151734965Z
01JJWRN5N97YMQ4K1ABTA5W03G,01JJWQM9YWPP8C5K4YWB2DE178,2025-01-30T23:27:35.081393096Z,01JJWQM9Z0665TE8FH60006TCE,2025-01-30T23:27:35.081393096Z,01JJWRA8P00NRWVV7JQMKBQJJE,2025-01-30T23:27:35.081393096Z
01JJWR0YXVXTF0B4FDSYVRAQWA,01JJWQM46NB728GJ7TZB5C40R5,2025-01-30T23:16:32.827038773Z,01JJWQM46VZHKDRK29PCXJ8GQ3,2025-01-30T23:16:32.827038773Z,01JJWQSKBWP80JVE0ZW28BSM19,2025-01-30T23:16:32.827038773Z
01JJWR0YXVXTF0B4FDT79YE694,01JJWQM46NB728GJ7TZB5C40R5,2025-01-30T23:16:32.827801544Z,01JJWQM46VZHKDRK29PCXJ8GQ3,2025-01-30T23:16:32.827801544Z,01JJWQSP07CN8VJT9PQX1RFC4D,2025-01-30T23:16:32.827801544Z
01JJWR2VDDSZYKXW5P8JNQZ432,01JJWQM4EKDS1SF643D6Q2CW8J,2025-01-30T23:17:34.765334205Z,01JJWQM4ESCAKJV1KX886CJPAJ,2025-01-30T23:17:34.765334205Z,01JJWQS0RJWGHXVT4DCY7G6C9V,2025-01-30T23:17:34.765334205Z
01JJWRGA74YW1E280JJEJ2KP9N,01JJWQM94SH0NXTYFJFBWAKHBD,2025-01-30T23:24:55.908634406Z,01JJWQM94XQAQVWGZG992VCZZY,2025-01-30T23:24:55.908634406Z,01JJWR6YPRBYZDQS37TNVZ17DG,2025-01-30T23:24:55.908634406Z
01JJWRJ1RDB8N1N01S5YP7060Z,01JJWQM9D5VN7Q32C6J5WJ5B57,2025-01-30T23:25:52.78128331Z,01JJWQM9DAGFZKW8XR8W2D95AS,2025-01-30T23:25:52.78128331Z,01JJWR8PMT1SN2WP3VXZV12T09,2025-01-30T23:25:52.78128331Z
01JJWRKCTW5RZNT6T2ABXRNA9Z,01JJWQM9NG1PV1CS80DM74WVDR,2025-01-30T23:26:36.892244054Z,01JJWQM9NN31AH9EPQFG21TR1J,2025-01-30T23:26:36.892244054Z,01JJWQTAQZ7PRR9KCZDS80XQAT,2025-01-30T23:26:36.892244054Z
01JJWRKCV48MN7NATYFP09GVFZ,01JJWQM9NG1PV1CS80DM74WVDR,2025-01-30T23:26:36.900857708Z,01JJWQM9NN31AH9EPQFG21TR1J,2025-01-30T23:26:36.900857708Z,01JJWR6XK1CVES85T7PJJTVFR6,2025-01-30T23:26:36.900857708Z
01JJWT57JTX15P6XBRWMSBA32N,01JJWSR2PJAD62S5DSKVKPJWB1,2025-01-30T23:53:49.914537601Z,01JJWSR2RMXQ5JGXR7VBY26NTR,2025-01-30T23:53:49.914537601Z,01JJWT1R37X3T25GBD6TDVV3MY,2025-01-30T23:53:49.914537601Z
01JJWQYV4MHKM3HWQN4WZGM1TH,01JJWQM29RTEX8NVWBS5D5SREC,2025-01-30T23:15:23.412176487Z,01JJWQM2A5CEPTA6591NYPTA3G,2025-01-30T23:15:23.412176487Z,01JJWQS079KJJ1NMPBKT9GZENR,2025-01-30T23:15:23.412176487Z
01JJWQYV4MHKM3HWQN54TD3AJE,01JJWQM29RTEX8NVWBS5D5SREC,2025-01-30T23:15:23.412341156Z,01JJWQM2A5CEPTA6591NYPTA3G,2025-01-30T23:15:23.412341156Z,01JJWQSNZ02GB719AF6G807QS2,2025-01-30T23:15:23.412341156Z
01JJWR01RKEVKZ4H833636ZDKN,01JJWQM3P8EBAGR09H9MG2PS1N,2025-01-30T23:16:02.96384469Z,01JJWQM3PFQBZ8D8TSMQCH27Y7,2025-01-30T23:16:02.96384469Z,01JJWQRJMBSB61FHVSNY79RF1Y,2025-01-30T23:16:02.96384469Z
01JJWRCJJH1RMFPHSTZAJ7KEH5,01JJWQM8BPBXGY83RHRB9APS1Q,2025-01-30T23:22:53.393157383Z,01JJWQM8BVGK0ZH8GATDR81V9G,2025-01-30T23:22:53.393157383Z,01JJWQTXQM91R5N41GK9CWG50N,2025-01-30T23:22:53.393157383Z
01JJWRJ1R62FAMMTDQ42EEPQGR,01JJWQM9D5VN7Q32C6J5WJ5B57,2025-01-30T23:25:52.774355696Z,01JJWQM9DAGFZKW8XR8W2D95AS,2025-01-30T23:25:52.774355696Z,01JJWR4B3NQYDQQZFR048P98PH,2025-01-30T23:25:52.774355696Z
01JJWT2C9PB4VV22QVB0W70YEZ,01JJWRR8VYE36MQA5SCN8KGN3M,2025-01-30T23:52:16.438143238Z,01JJWRR8X7YC0AJHWDFXTMFZRB,2025-01-30T23:52:16.438143238Z,01JJWST72D8JMBPRE0MBSC2V01,2025-01-30T23:52:16.438143238Z
01JJWT40ZD7C38JEAEE26CWNC5,01JJWSR1AK9B2DTHZTRBMKZ4VD,2025-01-30T23:53:10.381538201Z,01JJWSR1D827TZNY0WBF4GACM0,2025-01-30T23:53:10.381538201Z,01JJWSZMFS9QSF0EA66JN9XQ6Q,2025-01-30T23:53:10.381538201Z
01JJWR01RMSKRA4MEPNBE9HQHN,01JJWQM3P8EBAGR09H9MG2PS1N,2025-01-30T23:16:02.964519196Z,01JJWQM3PFQBZ8D8TSMQCH27Y7,2025-01-30T23:16:02.964519196Z,01JJWQS1X8AXCZ1VYNG6Z378NS,2025-01-30T23:16:02.964519196Z
01JJWR5NJFC039KSEX90J2KVFF,01JJWQM7JQHKZG3542MKSHRW60,2025-01-30T23:19:07.08784971Z,01JJWQM7JYKRFWJQSYFADXG4VD,2025-01-30T23:19:07.08784971Z,01JJWQS2GVABVS7896RA49V4PP,2025-01-30T23:19:07.08784971Z
01JJWR9XD64WN1AA6BJ1R5CER5,01JJWQM7TM155FQQT963NJTQYH,2025-01-30T23:21:26.182322169Z,01JJWQM7TRXWKY9X7MEZG3PZQH,2025-01-30T23:21:26.182322169Z,01JJWQZ0K0VHSQ7ZK82E10VDV8,2025-01-30T23:21:26.182322169Z
01JJWRCSJ3A6V59Z6N2GVB99NZ,01JJWQM8M4ZDH8NRKTCBAQK267,2025-01-30T23:23:00.547673487Z,01JJWQM8M9FWZ1KWGP90BB79CV,2025-01-30T23:23:00.547673487Z,01JJWR5WVZP1PWZB3K4HMXJ9BV,2025-01-30T23:23:00.547673487Z
01JJWT40YKX6A3T9XGWCDVD8SX,01JJWSR1AK9B2DTHZTRBMKZ4VD,2025-01-30T23:53:10.355722213Z,01JJWSR1D827TZNY0WBF4GACM0,2025-01-30T23:53:10.355722213Z,01JJWSY17ZAFPAQCP2QDS1V3ZK,2025-01-30T23:53:10.355722213Z
01JJWT6N0FKNS6TKW8GDXPX1DM,01JJWSR3GYPFNVD635T9KYWPD0,2025-01-30T23:54:36.431273114Z,01JJWSR3KHW2NPN0R7H4WW39R7,2025-01-30T23:54:36.431273114Z,01JJWSWX3E2QYJW795A8F06CAH,2025-01-30T23:54:36.431273114Z
01JJWT7SW0NTCE19HKHJP1CH6H,01JJWSR57GQ1C9BH6C4Y6XMT2H,2025-01-30T23:55:14.17693823Z,01JJWSR5ABWPXVH4Y34GR2M9A0,2025-01-30T23:55:14.17693823Z,01JJWT1NKB57MDQMP2M2P3DZKN,2025-01-30T23:55:14.17693823Z
01JJWR2VDE077SW584Y4VFASRY,01JJWQM4EKDS1SF643D6Q2CW8J,2025-01-30T23:17:34.766435621Z,01JJWQM4ESCAKJV1KX886CJPAJ,2025-01-30T23:17:34.766435621Z,01JJWQXQKSZ2ZK2K09ZDQ521T6,2025-01-30T23:17:34.766435621Z
01JJWR3D8QJDGHTFMS0RBXZHT8,01JJWQM4SRBR39AABAXJX30JDM,2025-01-30T23:17:53.047036403Z,01JJWQM4SXYWDXPAAXPXF6RTWY,2025-01-30T23:17:53.047036403Z,01JJWQSQV9SPPYA5PX985YMZYW,2025-01-30T23:17:53.047036403Z
01JJWRBMVJ70N2W90VKDZN2YZW,01JJWQM840Z0BG2FHG8QXR6DZ6,2025-01-30T23:22:22.962611977Z,01JJWQM844MK0XHZFTGEC09EQ6,2025-01-30T23:22:22.962611977Z,01JJWQYAXFA06T43169FFGR53K,2025-01-30T23:22:22.962611977Z
01JJWRCJJ92N7KQA58PD4A0DBZ,01JJWQM8BPBXGY83RHRB9APS1Q,2025-01-30T23:22:53.385849378Z,01JJWQM8BVGK0ZH8GATDR81V9G,2025-01-30T23:22:53.385849378Z,01JJWQSZ3PH7J34ZEQJC6RD3WS,2025-01-30T23:22:53.385849378Z
01JJWRFMN4TD68QPSW38SPGYSE,01JJWQM8WB4YBRRV3APRJQ9E36,2025-01-30T23:24:33.828907044Z,01JJWQM8WGY44HHCQ0AQQ6RXGH,2025-01-30T23:24:33.828907044Z,01JJWQYD6ANY9ACM10DYW7CBSF,2025-01-30T23:24:33.828907044Z
01JJWRWJ0YMFBJRVV8FYV3D2TV,01JJWQMH0DG2DCZRDP5X88XZRX,2025-01-30T23:31:37.118296728Z,01JJWQMH0K69BPKF6J67JXHA4V,2025-01-30T23:31:37.118296728Z,01JJWQX6XCHAXPW1QCDP1A36BC,2025-01-30T23:31:37.118296728Z
01JJWRCSHZ6KQT2QDQM288Y8XP,01JJWQM8M4ZDH8NRKTCBAQK267,2025-01-30T23:23:00.54381308Z,01JJWQM8M9FWZ1KWGP90BB79CV,2025-01-30T23:23:00.54381308Z,01JJWR2B4PAZ29T7M54F94NG10,2025-01-30T23:23:00.54381308Z
01JJWT2CADQC28XN9JRN5B9XVP,01JJWRR8VYE36MQA5SCN8KGN3M,2025-01-30T23:52:16.461410566Z,01JJWRR8X7YC0AJHWDFXTMFZRB,2025-01-30T23:52:16.461410566Z,01JJWT0FH8RHRQM88PVVV8GQBQ,2025-01-30T23:52:16.461410566Z
01JJWRBMVNWTWW0TERY0H6S8ZG,01JJWQM840Z0BG2FHG8QXR6DZ6,2025-01-30T23:22:22.965795622Z,01JJWQM844MK0XHZFTGEC09EQ6,2025-01-30T23:22:22.965795622Z,01JJWR1ETS1JN3WY00GJSHKE7R,2025-01-30T23:22:22.965795622Z
01JJWT57J2HVG6Y5SS33QJ2C10,01JJWSR2PJAD62S5DSKVKPJWB1,2025-01-30T23:53:49.890108456Z,01JJWSR2RMXQ5JGXR7VBY26NTR,2025-01-30T23:53:49.890108456Z,01JJWSYBXDXFM32P6SABPF01YG,2025-01-30T23:53:49.890108456Z
01JJWT6N1AZ9D2R8NV3N4AKDD1,01JJWSR3GYPFNVD635T9KYWPD0,2025-01-30T23:54:36.458957116Z,01JJWSR3KHW2NPN0R7H4WW39R7,2025-01-30T23:54:36.458957116Z,01JJWT1E1ZYRXCAGZ20P4CJP3G,2025-01-30T23:54:36.458957116Z
01JJWR3D8R4VE6QXAZF66KNSJ1,01JJWQM4SRBR39AABAXJX30JDM,2025-01-30T23:17:53.048357792Z,01JJWQM4SXYWDXPAAXPXF6RTWY,2025-01-30T23:17:53.048357792Z,01JJWQV1TS0KZ44GYE1X0YSK72,2025-01-30T23:17:53.048357792Z
01JJWRFMNAXAH0NPW3VTSNVPNN,01JJWQM8WB4YBRRV3APRJQ9E36,2025-01-30T23:24:33.834218112Z,01JJWQM8WGY44HHCQ0AQQ6RXGH,2025-01-30T23:24:33.834218112Z,01JJWR0420CMA9MSBPY8QTX9E6,2025-01-30T23:24:33.834218112Z
01JJWRGA7AT3ZA4G6E8B080XFQ,01JJWQM94SH0NXTYFJFBWAKHBD,2025-01-30T23:24:55.914385436Z,01JJWQM94XQAQVWGZG992VCZZY,2025-01-30T23:24:55.914385436Z,01JJWR8KFVXWYDQ6YE1YR69PA7,2025-01-30T23:24:55.914385436Z
