id,batchID,batchIDLastChangedAt,gameID,gameIDLastChangedAt,playerID,playerIDLastChangedAt
01JH1G7BMKS2W3T0S53BPT5FGH,01JH1F2GWN9BRWEZHJG2Y9F7DZ,2025-01-07T23:05:02.355888796Z,01JH1F2GX7DR1ZQG7AGSN3KRT7,2025-01-07T23:05:02.355888796Z,01JH1G2K4Y4Y76VDGDG3R2VZNF,2025-01-07T23:05:02.355888796Z
01JH1GNR13VJ7PYNE23NHAXJP7,01JH1FPYRY2N1PAAP7WYQBA41J,2025-01-07T23:12:53.79532684Z,01JH1FPYSBXXZ6KPHKHW6Q97EB,2025-01-07T23:12:53.79532684Z,01JH1GB9JK8VBSNVGSTF4TDQFC,2025-01-07T23:12:53.79532684Z
01JH1G5PKR5Z7CRQDSGPT4CT8R,01JH1F0VV6DMN73981986B8RYJ,2025-01-07T23:04:08.056156677Z,01JH1F0VW7XB18ASJ0NKJ196TK,2025-01-07T23:04:08.056156677Z,01JH1FV7Z3BJ6SAT2Z6EXCSV2P,2025-01-07T23:04:08.056156677Z
01JH1G5PKSE88J2AT5E24EYEB6,01JH1F0VV6DMN73981986B8RYJ,2025-01-07T23:04:08.057076222Z,01JH1F0VW7XB18ASJ0NKJ196TK,2025-01-07T23:04:08.057076222Z,01JH1G2MSZ3J6DCAMVNV5RMHWN,2025-01-07T23:04:08.057076222Z
01JH1G7BMNVV5AFTP5EDBM89QQ,01JH1F2GWN9BRWEZHJG2Y9F7DZ,2025-01-07T23:05:02.35701921Z,01JH1F2GX7DR1ZQG7AGSN3KRT7,2025-01-07T23:05:02.35701921Z,01JH1G3JJ3BXQMGP4WP8VP19T2,2025-01-07T23:05:02.35701921Z
01JH1GFBPBHZK3NP8KBZ518771,01JH1F2GWN9BRWEZHJG2Y9F7DZ,2025-01-07T23:09:24.555595855Z,01JH1F2GX6BEVR4BAV8462G3EX,2025-01-07T23:09:24.555595855Z,01JH1G7M184NSQQVZ3KZXQD6F6,2025-01-07T23:09:24.555595855Z
01JH1GVR3V6KSKV40Q194NVNA5,01JH1FPYRY2N1PAAP7WYQBA41J,2025-01-07T23:16:10.491538547Z,01JH1FPYSBXXZ6KPHKJBRG98KY,2025-01-07T23:16:10.491538547Z,01JH1GP991AKWX71GS1CEY9R1N,2025-01-07T23:16:10.491538547Z
01JH1GW0R4GGX4RDK7SS7W125P,01JH1FPYRY2N1PAAP7WYQBA41J,2025-01-07T23:16:19.332928631Z,01JH1FPYSD6AFHHMZW70VZN68N,2025-01-07T23:16:19.332928631Z,01JH1GBNHJM7YQ13QAZ9FXAW07,2025-01-07T23:16:19.332928631Z
01JH1FWZ4VHTBQGGXC6V33WQ12,01JH1F0VV6DMN73981986B8RYJ,2025-01-07T22:59:21.883800065Z,01JH1F0VW6JT3H4WKEJFKRQGWC,2025-01-07T22:59:21.883800065Z,01JH1FSER67KXZ0KX7H6DWGGC3,2025-01-07T22:59:21.883800065Z
01JH1GFBPEEKF25AQK9D54HXGP,01JH1F2GWN9BRWEZHJG2Y9F7DZ,2025-01-07T23:09:24.559019813Z,01JH1F2GX6BEVR4BAV8462G3EX,2025-01-07T23:09:24.559019813Z,01JH1G7TJVSWCEYWVKJK1638VX,2025-01-07T23:09:24.559019813Z
01JH1GNR106TJ97EF1J5FQG6TE,01JH1FPYRY2N1PAAP7WYQBA41J,2025-01-07T23:12:53.792573471Z,01JH1FPYSBXXZ6KPHKHW6Q97EB,2025-01-07T23:12:53.792573471Z,01JH1G7TBAW0TJF4QY7G4XKC3K,2025-01-07T23:12:53.792573471Z
01JH1HD6DYSP7AZBYG1G949CRX,01JH1G90FVA7G9KNR2B5RQV60J,2025-01-07T23:25:42.206136992Z,01JH1G90GH3ZQX32Q109C1JCDD,2025-01-07T23:25:42.206136992Z,01JH1GNZ96JNK9MCJ953Q6ZS67,2025-01-07T23:25:42.206136992Z
01JH1J2703H34F7WH1D8R70DKH,01JH1G90FVA7G9KNR2B5RQV60J,2025-01-07T23:37:10.915170229Z,01JH1G90GCS7MK45RCXBYEJBCN,2025-01-07T23:37:10.915170229Z,01JH1HG392QEBSGHD5HDZVESB5,2025-01-07T23:37:10.915170229Z
01JH1HD6E43TVF6RSPGKH4CETV,01JH1G90FVA7G9KNR2B5RQV60J,2025-01-07T23:25:42.212636325Z,01JH1G90GH3ZQX32Q109C1JCDD,2025-01-07T23:25:42.212636325Z,01JH1H4WFRPY6W665M1HSWP7SW,2025-01-07T23:25:42.212636325Z
01JH1FTYZ8Z0PARJRE4BHCK8KW,01JH1F0VV6DMN73981986B8RYJ,2025-01-07T22:58:16.168158844Z,01JH1F0VW7XB18ASJ0P081ZZVT,2025-01-07T22:58:16.168158844Z,01JH1FD62ME2NE4MQZBQHN41G6,2025-01-07T22:58:16.168158844Z
01JH1FTYZ8Z0PARJRE4JEQYAMT,01JH1F0VV6DMN73981986B8RYJ,2025-01-07T22:58:16.168299047Z,01JH1F0VW7XB18ASJ0P081ZZVT,2025-01-07T22:58:16.168299047Z,01JH1FPHKPB5NF5G3K1BA1EMSZ,2025-01-07T22:58:16.168299047Z
01JH1FWZ4VHTBQGGXC6MYPJPNK,01JH1F0VV6DMN73981986B8RYJ,2025-01-07T22:59:21.883390625Z,01JH1F0VW6JT3H4WKEJFKRQGWC,2025-01-07T22:59:21.883390625Z,01JH1FC06GC630D30V7W87SGYR,2025-01-07T22:59:21.883390625Z
01JH1GEK8EP5CATGTKNGZ5NETY,01JH1F2GWN9BRWEZHJG2Y9F7DZ,2025-01-07T23:08:59.534629158Z,01JH1F2GX5K41HMV06X44CSAH5,2025-01-07T23:08:59.534629158Z,01JH1FPREF39YP71EGNKJGH49Q,2025-01-07T23:08:59.534629158Z
01JH1GEK8GG14XVZZDDD0F04BT,01JH1F2GWN9BRWEZHJG2Y9F7DZ,2025-01-07T23:08:59.536252165Z,01JH1F2GX5K41HMV06X44CSAH5,2025-01-07T23:08:59.536252165Z,01JH1GAWVS14DV5X2Y8EWRJHJA,2025-01-07T23:08:59.536252165Z
01JH1GVR3QZ1TKBFSC936SWF86,01JH1FPYRY2N1PAAP7WYQBA41J,2025-01-07T23:16:10.487311589Z,01JH1FPYSBXXZ6KPHKJBRG98KY,2025-01-07T23:16:10.487311589Z,01JH1FMXDPSY3S00G2CPNJGKQM,2025-01-07T23:16:10.487311589Z
01JH1GW0QZSCFG0N6W98JET81M,01JH1FPYRY2N1PAAP7WYQBA41J,2025-01-07T23:16:19.327534253Z,01JH1FPYSD6AFHHMZW70VZN68N,2025-01-07T23:16:19.327534253Z,01JH1GB0VR9YQNZXSBNQGGRBQW,2025-01-07T23:16:19.327534253Z
01JH1J26ZVD4SKGBF9DEJVYB6W,01JH1G90FVA7G9KNR2B5RQV60J,2025-01-07T23:37:10.90708809Z,01JH1G90GCS7MK45RCXBYEJBCN,2025-01-07T23:37:10.90708809Z,01JH1H6986TMHYXR5CF4YHBS1G,2025-01-07T23:37:10.90708809Z
