id,batchID,batchIDLastChangedAt,gameID,gameIDLastChangedAt,playerID,playerIDLastChangedAt
01JJX7C73ZFC3630SW3PE6V1DD,01JJX6YYF3W3CKAW870X7VG5WJ,2025-01-31T03:44:50.303774593Z,01JJX6YYF86VC98797SWBTV7RR,2025-01-31T03:44:50.303774593Z,01JJX72C5Y3FRSA3TDAJAMY6F4,2025-01-31T03:44:50.303774593Z
01JJX7C740V09856KAK8JA0K7M,01JJX6YYF3W3CKAW870X7VG5WJ,2025-01-31T03:44:50.304852764Z,01JJX6YYF86VC98797SWBTV7RR,2025-01-31T03:44:50.304852764Z,01JJX76TVGCMYD6TG24VGH3WTV,2025-01-31T03:44:50.304852764Z
01JJX7CTX29PQVMR31E8PZ1Z8X,01JJX6YYWXTFECH4A10BY1D23A,2025-01-31T03:45:10.562130322Z,01JJX6YYX2XESD3E4CEFK68XT1,2025-01-31T03:45:10.562130322Z,01JJX75Q1M7R99DS3H94J7QCNB,2025-01-31T03:45:10.562130322Z
01JJX7908TP5DEH0XK0Q81KWQE,01JJX6YWGWQ5N94EQQFB34YK2P,2025-01-31T03:43:04.987003021Z,01JJX6YWH2SWXT1ZBYS18XQNYP,2025-01-31T03:43:04.987003021Z,01JJX736CMGKF2CEMMAN91VZJB,2025-01-31T03:43:04.987003021Z
01JJX7A8X40XAJSVKX6CS3KDMC,01JJX6YXYDFD026ZXS49TVX64P,2025-01-31T03:43:46.596679507Z,01JJX6YXYK2TG8HZGE85R2VEV7,2025-01-31T03:43:46.596679507Z,01JJX737MP1408NNFB2NY61FEC,2025-01-31T03:43:46.596679507Z
01JJX7908TP5DEH0XK0F1QEQFS,01JJX6YWGWQ5N94EQQFB34YK2P,2025-01-31T03:43:04.986472082Z,01JJX6YWH2SWXT1ZBYS18XQNYP,2025-01-31T03:43:04.986472082Z,01JJX721MB4E6J9DNQ3HQKYJ3T,2025-01-31T03:43:04.986472082Z
01JJX7GJYGX3VXQ2KNZ8X02P0Z,01JJX6YZ8B1ZC6ZW6P0BXR5WQA,2025-01-31T03:47:13.488498795Z,01JJX6YZ8GH8JBP6WJP3ZZ4ER2,2025-01-31T03:47:13.488498795Z,01JJX72BRX78DQSKKNP3TV7PVF,2025-01-31T03:47:13.488498795Z
01JJX7GJYKBVCHDJBM04T1GJDQ,01JJX6YZ8B1ZC6ZW6P0BXR5WQA,2025-01-31T03:47:13.491581765Z,01JJX6YZ8GH8JBP6WJP3ZZ4ER2,2025-01-31T03:47:13.491581765Z,01JJX74EVMESRDN800QM5N39VT,2025-01-31T03:47:13.491581765Z
01JJX7K16P3JFCFFVMDNKEZRWQ,01JJX6YZP2EVZ3VM8HFNDAH2YN,2025-01-31T03:48:33.622663793Z,01JJX6YZP7Z3HS5ACZ90KMY414,2025-01-31T03:48:33.622663793Z,01JJX7988NG2JT48RB5HBX8KWY,2025-01-31T03:48:33.622663793Z
01JJX88SMX95FZP1VVDGQ9BT75,01JJX6Z0FZSX4N4HSCKNDZNNC1,2025-01-31T04:00:26.781112565Z,01JJX6Z0G4Z93DBYNMFDACJA51,2025-01-31T04:00:26.781112565Z,01JJX7QXH7FJE8X7A90R9YX5CG,2025-01-31T04:00:26.781112565Z
01JJX8935HBBDKF5YHGZ7CY5W2,01JJX6Z0Z6YC1E4VM05NYR91Q2,2025-01-31T04:00:36.529547743Z,01JJX6Z0ZAB2PZ13PT79622M0D,2025-01-31T04:00:36.529547743Z,01JJX744S2P63NSV5T8C804AXT,2025-01-31T04:00:36.529547743Z
01JJX77JA3VH1T1R06V4QH5MDX,01JJX6YSA4GP58KYQAQJRNQRH1,2025-01-31T03:42:17.923142311Z,01JJX6YSAHS8D1F3C65G127ZEB,2025-01-31T03:42:17.923142311Z,01JJX72CWEFDRWVC079SZZ3QVM,2025-01-31T03:42:17.923142311Z
01JJX78VJ5HY0R6FPW20V8HCWT,01JJX6YV255NSNXM2VPWJM6Q0H,2025-01-31T03:43:00.165366513Z,01JJX6YV2CQ98NT3R2YNS53P66,2025-01-31T03:43:00.165366513Z,01JJX72HCQ473EAJGHM3A7BKN7,2025-01-31T03:43:00.165366513Z
01JJX7A8X3YBTKQ57GDGF12175,01JJX6YXYDFD026ZXS49TVX64P,2025-01-31T03:43:46.595674673Z,01JJX6YXYK2TG8HZGE85R2VEV7,2025-01-31T03:43:46.595674673Z,01JJX7339ZR6JKP5KXJCWJFC1X,2025-01-31T03:43:46.595674673Z
01JJX7CTX0FS6C3XBAMGANAGS0,01JJX6YYWXTFECH4A10BY1D23A,2025-01-31T03:45:10.560481966Z,01JJX6YYX2XESD3E4CEFK68XT1,2025-01-31T03:45:10.560481966Z,01JJX75ACHNP8BTAHXG6MQAQEA,2025-01-31T03:45:10.560481966Z
01JJX7K16M3NDQGTGQ0CE5TB11,01JJX6YZP2EVZ3VM8HFNDAH2YN,2025-01-31T03:48:33.620241128Z,01JJX6YZP7Z3HS5ACZ90KMY414,2025-01-31T03:48:33.620241128Z,01JJX724N85FAY0PXG8DDNG7W8,2025-01-31T03:48:33.620241128Z
01JJX7QH9F7F728WVX30BQT3AG,01JJX6Z05BRSDQQB9VNVYWXHE2,2025-01-31T03:51:01.16777943Z,01JJX6Z05GMEP3WV5GFJB7Y0N5,2025-01-31T03:51:01.16777943Z,01JJX77Y2YY6APAJ8N7AKX7TM4,2025-01-31T03:51:01.16777943Z
01JJX7QH9JS2F26FSZXDEPG7F4,01JJX6Z05BRSDQQB9VNVYWXHE2,2025-01-31T03:51:01.171018279Z,01JJX6Z05GMEP3WV5GFJB7Y0N5,2025-01-31T03:51:01.171018279Z,01JJX7AXBECZQME3Q5NSBHMY5H,2025-01-31T03:51:01.171018279Z
01JJX88SN50WRG4TYJDGS27Q0Z,01JJX6Z0FZSX4N4HSCKNDZNNC1,2025-01-31T04:00:26.789407734Z,01JJX6Z0G4Z93DBYNMFDACJA51,2025-01-31T04:00:26.789407734Z,01JJX7VYMNWHPKRQYYDN8XDBZ4,2025-01-31T04:00:26.789407734Z
01JJX77JA3VH1T1R06TWN6AJAB,01JJX6YSA4GP58KYQAQJRNQRH1,2025-01-31T03:42:17.923016331Z,01JJX6YSAHS8D1F3C65G127ZEB,2025-01-31T03:42:17.923016331Z,01JJX728910MHPQ5Y206GQAN79,2025-01-31T03:42:17.923016331Z
01JJX78VJ5HY0R6FPW29YJ16GZ,01JJX6YV255NSNXM2VPWJM6Q0H,2025-01-31T03:43:00.165694135Z,01JJX6YV2CQ98NT3R2YNS53P66,2025-01-31T03:43:00.165694135Z,01JJX749W325WWGRBQEH3TD00J,2025-01-31T03:43:00.165694135Z
01JJX8935QP0Q44Q2999XB8CN7,01JJX6Z0Z6YC1E4VM05NYR91Q2,2025-01-31T04:00:36.535549566Z,01JJX6Z0ZAB2PZ13PT79622M0D,2025-01-31T04:00:36.535549566Z,01JJX7XKFYXH9AG0M2JGMV8W86,2025-01-31T04:00:36.535549566Z
